#pragma once
// Generated by design/ips10/encode_room.py. Do not edit.
// Blender source: design/ips10/room.py (5.2); input PNG SHA256:
// 0b4409538fbae12889f20f0e1ed7f5ff691eb4de58c000e6911e325363e4e649
#include <lvgl.h>
namespace IPS10Room {
// One shared flash image, 157.5 KiB; no runtime allocation or decompression.
alignas(4) static const uint8_t pixels[] = {
    0x00,0x00,0x00,0x00,0x00,0x00,0x00,0x00,0x00,0x00,0x00,0x00,0x00,0x00,0x00,0x00,0x00,0x00,0x00,0x00,0x00,0x00,0x00,0x00,
    0x00,0x00,0x00,0x00,0x00,0x00,0x00,0x00,0x00,0x00,0x00,0x00,0x00,0x00,0x00,0x00,0x00,0x00,0x00,0x00,0x00,0x00,0x00,0x00,
    0x00,0x00,0x00,0x00,0x00,0x00,0x00,0x00,0x00,0x00,0x00,0x00,0x00,0x00,0x00,0x00,0x00,0x00,0x00,0x00,0x00,0x00,0x00,0x00,
    0x00,0x00,0x00,0x00,0x00,0x00,0x00,0x00,0x00,0x00,0x00,0x00,0x00,0x00,0x00,0x00,0x00,0x00,0x00,0x00,0x00,0x00,0x00,0x00,
    0x00,0x00,0x00,0x00,0x00,0x00,0x00,0x00,0x00,0x00,0x00,0x00,0x00,0x00,0x00,0x00,0x00,0x00,0x00,0x00,0x00,0x00,0x00,0x00,
    0x00,0x00,0x00,0x00,0x00,0x00,0x00,0x00,0x00,0x00,0x00,0x00,0x00,0x00,0x00,0x00,0x00,0x00,0x00,0x00,0x00,0x00,0x00,0x00,
    0x00,0x00,0x00,0x00,0x00,0x00,0x00,0x00,0x00,0x00,0x00,0x00,0x00,0x00,0x00,0x00,0x00,0x00,0x00,0x00,0x00,0x00,0x00,0x00,
    0x00,0x00,0x00,0x00,0x00,0x00,0x00,0x00,0x00,0x00,0x00,0x00,0x00,0x00,0x00,0x00,0x00,0x00,0x00,0x00,0x00,0x00,0x00,0x00,
    0x00,0x00,0x00,0x00,0x00,0x00,0x00,0x00,0x00,0x00,0x00,0x00,0x00,0x00,0x00,0x00,0x00,0x00,0x00,0x00,0x00,0x00,0x00,0x00,
    0x00,0x00,0x00,0x00,0x00,0x00,0x00,0x00,0x00,0x00,0x00,0x00,0x00,0x00,0x00,0x00,0x00,0x00,0x00,0x00,0x00,0x00,0x00,0x00,
    0x00,0x00,0x00,0x00,0x00,0x00,0x00,0x00,0x00,0x00,0x00,0x00,0x00,0x00,0x00,0x00,0x00,0x00,0x00,0x00,0x00,0x00,0x00,0x00,
    0x00,0x00,0x00,0x00,0x00,0x00,0x00,0x00,0x00,0x00,0x00,0x00,0x00,0x00,0x00,0x00,0x00,0x00,0x00,0x00,0x00,0x00,0x00,0x00,
    0x00,0x00,0x00,0x00,0x00,0x00,0x00,0x00,0x00,0x00,0x00,0x00,0x00,0x00,0x00,0x00,0x00,0x00,0x00,0x00,0x00,0x00,0x00,0x00,
    0x00,0x00,0x00,0x00,0x00,0x00,0x00,0x00,0x00,0x00,0x00,0x00,0x00,0x00,0x00,0x00,0x00,0x00,0x00,0x00,0x00,0x00,0x00,0x00,
    0x00,0x00,0x00,0x00,0x00,0x00,0x00,0x00,0x00,0x00,0x00,0x00,0x00,0x00,0x00,0x00,0x00,0x00,0x00,0x00,0x00,0x00,0x00,0x00,
    0x00,0x00,0x00,0x00,0x00,0x00,0x00,0x00,0x00,0x00,0x00,0x00,0x00,0x00,0x00,0x00,0x00,0x00,0x00,0x00,0x00,0x00,0x00,0x00,
    0x00,0x00,0x00,0x00,0x00,0x00,0x00,0x00,0x00,0x00,0x00,0x00,0x00,0x00,0x00,0x00,0x00,0x00,0x00,0x00,0x00,0x00,0x00,0x00,
    0x00,0x00,0x00,0x00,0x00,0x00,0x00,0x00,0x00,0x00,0x00,0x00,0x00,0x00,0x00,0x00,0x00,0x00,0x00,0x00,0x00,0x00,0x00,0x00,
    0x00,0x00,0x00,0x00,0x00,0x00,0x00,0x00,0x00,0x00,0x00,0x00,0x00,0x00,0x00,0x00,0x00,0x00,0x00,0x00,0x00,0x00,0x00,0x00,
    0x00,0x00,0x00,0x00,0x00,0x00,0x00,0x00,0x00,0x00,0x00,0x00,0x00,0x00,0x00,0x00,0x00,0x00,0x00,0x00,0x00,0x00,0x00,0x00,
    0x00,0x00,0x00,0x00,0x00,0x00,0x00,0x00,0x00,0x00,0x00,0x00,0x00,0x00,0x00,0x00,0x00,0x00,0x00,0x00,0x00,0x00,0x00,0x00,
    0x00,0x00,0x00,0x00,0x00,0x00,0x00,0x00,0x00,0x00,0x00,0x00,0x00,0x00,0x00,0x00,0x00,0x00,0x00,0x00,0x00,0x00,0x00,0x00,
    0x00,0x00,0x00,0x00,0x00,0x00,0x00,0x00,0x00,0x00,0x00,0x00,0x00,0x00,0x00,0x00,0x00,0x00,0x00,0x00,0x00,0x00,0x00,0x00,
    0x00,0x00,0x00,0x00,0x00,0x00,0x00,0x00,0x00,0x00,0x00,0x00,0x00,0x00,0x00,0x00,0x00,0x00,0x00,0x00,0x00,0x00,0x00,0x00,
    0x00,0x00,0x00,0x00,0x00,0x00,0x00,0x00,0x00,0x00,0x00,0x00,0x00,0x00,0x00,0x00,0x00,0x00,0x00,0x00,0x00,0x00,0x00,0x00,
    0x00,0x00,0x00,0x00,0x00,0x00,0x00,0x00,0x00,0x00,0x00,0x00,0x00,0x00,0x00,0x00,0x00,0x00,0x00,0x00,0x00,0x00,0x00,0x00,
    0x00,0x00,0x00,0x00,0x00,0x00,0x00,0x00,0x00,0x00,0x00,0x00,0x00,0x00,0x00,0x00,0x00,0x00,0x00,0x00,0x00,0x00,0x00,0x00,
    0x00,0x00,0x00,0x00,0x00,0x00,0x00,0x00,0x00,0x00,0x00,0x00,0x00,0x00,0x00,0x00,0x00,0x00,0x00,0x00,0x00,0x00,0x00,0x00,
    0x00,0x00,0x00,0x00,0x00,0x00,0x00,0x00,0x00,0x00,0x00,0x00,0x00,0x00,0x00,0x00,0x00,0x00,0x00,0x00,0x00,0x00,0x00,0x00,
    0x00,0x00,0x00,0x00,0x00,0x00,0x00,0x00,0x00,0x00,0x00,0x00,0x00,0x00,0x00,0x00,0x00,0x00,0x00,0x00,0x00,0x00,0x00,0x00,
    0x00,0x00,0x00,0x00,0x00,0x00,0x00,0x00,0x00,0x00,0x00,0x00,0x00,0x00,0x00,0x00,0x00,0x00,0x00,0x00,0x00,0x00,0x00,0x00,
    0x00,0x00,0x00,0x00,0x00,0x00,0x00,0x00,0x00,0x00,0x00,0x00,0x00,0x00,0x00,0x00,0x00,0x00,0x00,0x00,0x00,0x00,0x00,0x00,
    0x00,0x00,0x00,0x00,0x00,0x00,0x00,0x00,0x00,0x00,0x00,0x00,0x00,0x00,0x00,0x00,0x00,0x00,0x00,0x00,0x00,0x00,0x00,0x00,
    0x00,0x00,0x00,0x00,0x00,0x00,0x00,0x00,0x00,0x00,0x00,0x00,0x00,0x00,0x00,0x00,0x00,0x00,0x00,0x00,0x00,0x00,0x00,0x00,
    0x00,0x00,0x00,0x00,0x00,0x00,0x00,0x00,0x00,0x00,0x00,0x00,0x00,0x00,0x00,0x00,0x00,0x00,0x00,0x00,0x00,0x00,0x00,0x00,
    0x00,0x00,0x00,0x00,0x00,0x00,0x00,0x00,0x00,0x00,0x00,0x00,0x00,0x00,0x00,0x00,0x00,0x00,0x00,0x00,0x00,0x00,0x00,0x00,
    0x00,0x00,0x00,0x00,0x00,0x00,0x00,0x00,0x00,0x00,0x00,0x00,0x00,0x00,0x00,0x00,0x00,0x00,0x00,0x00,0x00,0x00,0x00,0x00,
    0x00,0x00,0x00,0x00,0x00,0x00,0x00,0x00,0x00,0x00,0x00,0x00,0x00,0x00,0x00,0x00,0x00,0x00,0x00,0x00,0x00,0x00,0x00,0x00,
    0x00,0x00,0x00,0x00,0x00,0x00,0x00,0x00,0x00,0x00,0x00,0x00,0x00,0x00,0x00,0x00,0x00,0x00,0x00,0x00,0x00,0x00,0x00,0x00,
    0x00,0x00,0x00,0x00,0x00,0x00,0x00,0x00,0x00,0x00,0x00,0x00,0x00,0x00,0x00,0x00,0x00,0x00,0x00,0x00,0x00,0x00,0x00,0x00,
    0x00,0x00,0x00,0x00,0x00,0x00,0x00,0x00,0x00,0x00,0x00,0x00,0x00,0x00,0x00,0x00,0x00,0x00,0x00,0x00,0x00,0x00,0x00,0x00,
    0x00,0x00,0x00,0x00,0x00,0x00,0x00,0x00,0x00,0x00,0x00,0x00,0x00,0x00,0x00,0x00,0x00,0x00,0x00,0x00,0x00,0x00,0x00,0x00,
    0x00,0x00,0x00,0x00,0x00,0x00,0x00,0x00,0x00,0x00,0x00,0x00,0x00,0x00,0x00,0x00,0x00,0x00,0x00,0x00,0x00,0x00,0x00,0x00,
    0x00,0x00,0x00,0x00,0x00,0x00,0x00,0x00,0x00,0x00,0x00,0x00,0x00,0x00,0x00,0x00,0x00,0x00,0x00,0x00,0x00,0x00,0x00,0x00,
    0x00,0x00,0x00,0x00,0x00,0x00,0x00,0x00,0x00,0x00,0x00,0x00,0x00,0x00,0x00,0x00,0x00,0x00,0x00,0x00,0x00,0x00,0x00,0x00,
    0x00,0x00,0x00,0x00,0x00,0x00,0x00,0x00,0x00,0x00,0x00,0x00,0x00,0x00,0x00,0x00,0x00,0x00,0x00,0x00,0x00,0x00,0x00,0x00,
    0x00,0x00,0x00,0x00,0x00,0x00,0x00,0x00,0x00,0x00,0x00,0x00,0x00,0x00,0x00,0x00,0x00,0x00,0x00,0x00,0x00,0x00,0x00,0x00,
    0x00,0x00,0x00,0x00,0x00,0x00,0x00,0x00,0x00,0x00,0x00,0x00,0x00,0x00,0x00,0x00,0x00,0x00,0x00,0x00,0x00,0x00,0x00,0x00,
    0x00,0x00,0x00,0x00,0x00,0x00,0x00,0x00,0x00,0x00,0x00,0x00,0x00,0x00,0x00,0x00,0x00,0x00,0x00,0x00,0x00,0x00,0x00,0x00,
    0x00,0x00,0x00,0x00,0x00,0x00,0x00,0x00,0x00,0x00,0x00,0x00,0x00,0x00,0x00,0x00,0x00,0x00,0x00,0x00,0x00,0x00,0x00,0x00,
    0x00,0x00,0x00,0x00,0x00,0x00,0x00,0x00,0x00,0x00,0x00,0x00,0x00,0x00,0x00,0x00,0x00,0x00,0x00,0x00,0x00,0x00,0x00,0x00,
    0x00,0x00,0x00,0x00,0x00,0x00,0x00,0x00,0x00,0x00,0x00,0x00,0x00,0x00,0x00,0x00,0x00,0x00,0x00,0x00,0x00,0x00,0x00,0x00,
    0x00,0x00,0x00,0x00,0x00,0x00,0x00,0x00,0x00,0x00,0x00,0x00,0x00,0x00,0x00,0x00,0x00,0x00,0x00,0x00,0x00,0x00,0x00,0x00,
    0x00,0x00,0x00,0x00,0x00,0x00,0x00,0x00,0x00,0x00,0x00,0x00,0x00,0x00,0x00,0x00,0x00,0x00,0x00,0x00,0x00,0x00,0x00,0x00,
    0x00,0x00,0x00,0x00,0x00,0x00,0x00,0x00,0x00,0x00,0x00,0x00,0x00,0x00,0x00,0x00,0x00,0x00,0x00,0x00,0x00,0x00,0x00,0x00,
    0x00,0x00,0x00,0x00,0x00,0x00,0x00,0x00,0x00,0x00,0x00,0x00,0x00,0x00,0x00,0x00,0x00,0x00,0x00,0x00,0x00,0x00,0x00,0x00,
    0x00,0x00,0x00,0x00,0x00,0x00,0x00,0x00,0x00,0x00,0x00,0x00,0x00,0x00,0x00,0x00,0x00,0x00,0x00,0x00,0x00,0x00,0x00,0x00,
    0x00,0x00,0x00,0x00,0x00,0x00,0x00,0x00,0x00,0x00,0x00,0x00,0x00,0x00,0x00,0x00,0x00,0x00,0x00,0x00,0x00,0x00,0x00,0x00,
    0x00,0x00,0x00,0x00,0x00,0x00,0x00,0x00,0x00,0x00,0x00,0x00,0x00,0x00,0x00,0x00,0x00,0x00,0x00,0x00,0x00,0x00,0x00,0x00,
    0x00,0x00,0x00,0x00,0x00,0x00,0x00,0x00,0x00,0x00,0x00,0x00,0x00,0x00,0x00,0x00,0x00,0x00,0x00,0x00,0x00,0x00,0x00,0x00,
    0x00,0x00,0x00,0x00,0x00,0x00,0x00,0x00,0x00,0x00,0x00,0x00,0x00,0x00,0x00,0x00,0x00,0x00,0x00,0x00,0x00,0x00,0x00,0x00,
    0x00,0x00,0x00,0x00,0x00,0x00,0x00,0x00,0x00,0x00,0x00,0x00,0x00,0x00,0x00,0x00,0x00,0x00,0x00,0x00,0x00,0x00,0x00,0x00,
    0x00,0x00,0x00,0x00,0x00,0x00,0x00,0x00,0x00,0x00,0x00,0x00,0x00,0x00,0x00,0x00,0x00,0x00,0x00,0x00,0x00,0x00,0x00,0x00,
    0x00,0x00,0x00,0x00,0x00,0x00,0x00,0x00,0x00,0x00,0x00,0x00,0x00,0x00,0x00,0x00,0x00,0x00,0x00,0x00,0x00,0x00,0x00,0x00,
    0x00,0x00,0x00,0x00,0x00,0x00,0x00,0x00,0x00,0x00,0x00,0x00,0x00,0x00,0x00,0x00,0x00,0x00,0x00,0x00,0x00,0x00,0x00,0x00,
    0x00,0x00,0x00,0x00,0x00,0x00,0x00,0x00,0x00,0x00,0x00,0x00,0x00,0x00,0x00,0x00,0x00,0x00,0x00,0x00,0x00,0x00,0x00,0x00,
    0x00,0x00,0x00,0x00,0x00,0x00,0x00,0x00,0x00,0x00,0x00,0x00,0x00,0x00,0x00,0x00,0x00,0x00,0x00,0x00,0x00,0x00,0x00,0x00,
    0x00,0x00,0x00,0x00,0x00,0x00,0x00,0x00,0x00,0x00,0x00,0x00,0x00,0x00,0x00,0x00,0x00,0x00,0x00,0x00,0x00,0x00,0x00,0x00,
    0x00,0x00,0x00,0x00,0x00,0x00,0x00,0x00,0x00,0x00,0x00,0x00,0x00,0x00,0x00,0x00,0x00,0x00,0x00,0x00,0x00,0x00,0x00,0x00,
    0x00,0x00,0x00,0x00,0x00,0x00,0x00,0x00,0x00,0x00,0x00,0x00,0x00,0x00,0x00,0x00,0x00,0x00,0x00,0x00,0x00,0x00,0x00,0x00,
    0x00,0x00,0x00,0x00,0x00,0x00,0x00,0x00,0x00,0x00,0x00,0x00,0x00,0x00,0x00,0x00,0x00,0x00,0x00,0x00,0x00,0x00,0x00,0x00,
    0x00,0x00,0x00,0x00,0x00,0x00,0x00,0x00,0x00,0x00,0x00,0x00,0x00,0x00,0x00,0x00,0x00,0x00,0x00,0x00,0x00,0x00,0x00,0x00,
    0x00,0x00,0x00,0x00,0x00,0x00,0x00,0x00,0x00,0x00,0x00,0x00,0x00,0x00,0x00,0x00,0x00,0x00,0x00,0x00,0x00,0x00,0x00,0x00,
    0x00,0x00,0x00,0x00,0x00,0x00,0x00,0x00,0x00,0x00,0x00,0x00,0x00,0x00,0x00,0x00,0x00,0x00,0x00,0x00,0x00,0x00,0x00,0x00,
    0x00,0x00,0x00,0x00,0x00,0x00,0x00,0x00,0x00,0x00,0x00,0x00,0x00,0x00,0x00,0x00,0x00,0x00,0x00,0x00,0x00,0x00,0x00,0x00,
    0x00,0x00,0x00,0x00,0x00,0x00,0x00,0x00,0x00,0x00,0x00,0x00,0x00,0x00,0x00,0x00,0x00,0x00,0x00,0x00,0x00,0x00,0x00,0x00,
    0x00,0x00,0x00,0x00,0x00,0x00,0x00,0x00,0x00,0x00,0x00,0x00,0x00,0x00,0x00,0x00,0x00,0x00,0x00,0x00,0x00,0x00,0x00,0x00,
    0x00,0x00,0x00,0x00,0x00,0x00,0x00,0x00,0x00,0x00,0x00,0x00,0x00,0x00,0x00,0x00,0x00,0x00,0x00,0x00,0x00,0x00,0x00,0x00,
    0x00,0x00,0x00,0x00,0x00,0x00,0x00,0x00,0x00,0x00,0x00,0x00,0x00,0x00,0x00,0x00,0x00,0x00,0x00,0x00,0x00,0x00,0x00,0x00,
    0x00,0x00,0x00,0x00,0x00,0x00,0x00,0x00,0x00,0x00,0x00,0x00,0x00,0x00,0x00,0x00,0x00,0x00,0x00,0x00,0x00,0x00,0x00,0x00,
    0x00,0x00,0x00,0x00,0x00,0x00,0x00,0x00,0x00,0x00,0x00,0x00,0x00,0x00,0x00,0x00,0x00,0x00,0x00,0x00,0x00,0x00,0x00,0x00,
    0x00,0x00,0x00,0x00,0x00,0x00,0x00,0x00,0x00,0x00,0x00,0x00,0x00,0x00,0x00,0x00,0x00,0x00,0x00,0x00,0x00,0x00,0x00,0x00,
    0x00,0x00,0x00,0x00,0x00,0x00,0x00,0x00,0x00,0x00,0x00,0x00,0x00,0x00,0x00,0x00,0x00,0x00,0x00,0x00,0x00,0x00,0x00,0x00,
    0x00,0x00,0x00,0x00,0x00,0x00,0x00,0x00,0x00,0x00,0x00,0x00,0x00,0x00,0x00,0x00,0x00,0x00,0x00,0x00,0x00,0x00,0x00,0x00,
    0x00,0x00,0x00,0x00,0x00,0x00,0x00,0x00,0x00,0x00,0x00,0x00,0x00,0x00,0x00,0x00,0x00,0x00,0x00,0x00,0x00,0x00,0x00,0x00,
    0x00,0x00,0x00,0x00,0x00,0x00,0x00,0x00,0x00,0x00,0x00,0x00,0x00,0x00,0x00,0x00,0x00,0x00,0x00,0x00,0x00,0x00,0x00,0x00,
    0x00,0x00,0x00,0x00,0x00,0x00,0x00,0x00,0x00,0x00,0x00,0x00,0x00,0x00,0x00,0x00,0x00,0x00,0x00,0x00,0x00,0x00,0x00,0x00,
    0x00,0x00,0x00,0x00,0x00,0x00,0x00,0x00,0x00,0x00,0x00,0x00,0x00,0x00,0x00,0x00,0x00,0x00,0x00,0x00,0x00,0x00,0x00,0x00,
    0x00,0x00,0x00,0x00,0x00,0x00,0x00,0x00,0x00,0x00,0x00,0x00,0x00,0x00,0x00,0x00,0x00,0x00,0x00,0x00,0x00,0x00,0x00,0x00,
    0x00,0x00,0x00,0x00,0x00,0x00,0x00,0x00,0x00,0x00,0x00,0x00,0x00,0x00,0x00,0x00,0x00,0x00,0x00,0x00,0x00,0x00,0x00,0x00,
    0x00,0x00,0x00,0x00,0x00,0x00,0x00,0x00,0x00,0x00,0x00,0x00,0x00,0x00,0x00,0x00,0x00,0x00,0x00,0x00,0x00,0x00,0x00,0x00,
    0x00,0x00,0x00,0x00,0x00,0x00,0x00,0x00,0x00,0x00,0x00,0x00,0x00,0x00,0x00,0x00,0x00,0x00,0x00,0x00,0x00,0x00,0x00,0x00,
    0x00,0x00,0x00,0x00,0x00,0x00,0x00,0x00,0x00,0x00,0x00,0x00,0x00,0x00,0x00,0x00,0x00,0x00,0x00,0x00,0x00,0x00,0x00,0x00,
    0x00,0x00,0x00,0x00,0x00,0x00,0x00,0x00,0x00,0x00,0x00,0x00,0x00,0x00,0x00,0x00,0x00,0x00,0x00,0x00,0x00,0x00,0x00,0x00,
    0x00,0x00,0x00,0x00,0x00,0x00,0x00,0x00,0x00,0x00,0x00,0x00,0x00,0x00,0x00,0x00,0x00,0x00,0x00,0x00,0x00,0x00,0x00,0x00,
    0x00,0x00,0x00,0x00,0x00,0x00,0x00,0x00,0x00,0x00,0x00,0x00,0x00,0x00,0x00,0x00,0x00,0x00,0x00,0x00,0x00,0x00,0x00,0x00,
    0x00,0x00,0x00,0x00,0x00,0x00,0x00,0x00,0x00,0x00,0x00,0x00,0x00,0x00,0x00,0x00,0x00,0x00,0x00,0x00,0x00,0x00,0x00,0x00,
    0x00,0x00,0x00,0x00,0x00,0x00,0x00,0x00,0x00,0x00,0x00,0x00,0x00,0x00,0x00,0x00,0x00,0x00,0x00,0x00,0x00,0x00,0x00,0x00,
    0x00,0x00,0x00,0x00,0x00,0x00,0x00,0x00,0x00,0x00,0x00,0x00,0x00,0x00,0x00,0x00,0x00,0x00,0x00,0x00,0x00,0x00,0x00,0x00,
    0x00,0x00,0x00,0x00,0x00,0x00,0x00,0x00,0x00,0x00,0x00,0x00,0x00,0x00,0x00,0x00,0x00,0x00,0x00,0x00,0x00,0x00,0x00,0x00,
    0x00,0x00,0x00,0x00,0x00,0x00,0x00,0x00,0x00,0x00,0x00,0x00,0x00,0x00,0x00,0x00,0x00,0x00,0x00,0x00,0x00,0x00,0x00,0x00,
    0x00,0x00,0x00,0x00,0x00,0x00,0x00,0x00,0x00,0x00,0x00,0x00,0x00,0x00,0x00,0x00,0x00,0x00,0x00,0x00,0x00,0x00,0x00,0x00,
    0x00,0x00,0x00,0x00,0x00,0x00,0x00,0x00,0x00,0x00,0x00,0x00,0x00,0x00,0x00,0x00,0x00,0x00,0x00,0x00,0x00,0x00,0x00,0x00,
    0x00,0x00,0x00,0x00,0x00,0x00,0x00,0x00,0x00,0x00,0x00,0x00,0x00,0x00,0x00,0x00,0x00,0x00,0x00,0x00,0x00,0x00,0x00,0x00,
    0x00,0x00,0x00,0x00,0x00,0x00,0x00,0x00,0x00,0x00,0x00,0x00,0x00,0x00,0x00,0x00,0x00,0x00,0x00,0x00,0x00,0x00,0x00,0x00,
    0x00,0x00,0x00,0x00,0x00,0x00,0x00,0x00,0x00,0x00,0x00,0x00,0x00,0x00,0x00,0x00,0x00,0x00,0x00,0x00,0x00,0x00,0x00,0x00,
    0x00,0x00,0x00,0x00,0x00,0x00,0x00,0x00,0x00,0x00,0x00,0x00,0x00,0x00,0x00,0x00,0x00,0x00,0x00,0x00,0x00,0x00,0x00,0x00,
    0x00,0x00,0x00,0x00,0x00,0x00,0x00,0x00,0x00,0x00,0x00,0x00,0x00,0x00,0x00,0x00,0x00,0x00,0x00,0x00,0x00,0x00,0x00,0x00,
    0x00,0x00,0x00,0x00,0x00,0x00,0x00,0x00,0x00,0x00,0x00,0x00,0x00,0x00,0x00,0x00,0x00,0x00,0x00,0x00,0x00,0x00,0x00,0x00,
    0x00,0x00,0x00,0x00,0x00,0x00,0x00,0x00,0x00,0x00,0x00,0x00,0x00,0x00,0x00,0x00,0x00,0x00,0x00,0x00,0x00,0x00,0x00,0x00,
    0x00,0x00,0x00,0x00,0x00,0x00,0x00,0x00,0x00,0x00,0x00,0x00,0x00,0x00,0x00,0x00,0x00,0x00,0x00,0x00,0x00,0x00,0x00,0x00,
    0x00,0x00,0x00,0x00,0x00,0x00,0x00,0x00,0x00,0x00,0x00,0x00,0x00,0x00,0x00,0x00,0x00,0x00,0x00,0x00,0x00,0x00,0x00,0x00,
    0x00,0x00,0x00,0x00,0x00,0x00,0x00,0x00,0x00,0x00,0x00,0x00,0x00,0x00,0x00,0x00,0x00,0x00,0x00,0x00,0x00,0x00,0x00,0x00,
    0x00,0x00,0x00,0x00,0x00,0x00,0x00,0x00,0x00,0x00,0x00,0x00,0x00,0x00,0x00,0x00,0x00,0x00,0x00,0x00,0x00,0x00,0x00,0x00,
    0x00,0x00,0x00,0x00,0x00,0x00,0x00,0x00,0x00,0x00,0x00,0x00,0x00,0x00,0x00,0x00,0x00,0x00,0x00,0x00,0x00,0x00,0x00,0x00,
    0x00,0x00,0x00,0x00,0x00,0x00,0x00,0x00,0x00,0x00,0x00,0x00,0x00,0x00,0x00,0x00,0x00,0x00,0x00,0x00,0x00,0x00,0x00,0x00,
    0x00,0x00,0x00,0x00,0x00,0x00,0x00,0x00,0x00,0x00,0x00,0x00,0x00,0x00,0x00,0x00,0x00,0x00,0x00,0x00,0x00,0x00,0x00,0x00,
    0x00,0x00,0x00,0x00,0x00,0x00,0x00,0x00,0x00,0x00,0x00,0x00,0x00,0x00,0x00,0x00,0x00,0x00,0x00,0x00,0x00,0x00,0x00,0x00,
    0x00,0x00,0x00,0x00,0x00,0x00,0x00,0x00,0x00,0x00,0x00,0x00,0x00,0x00,0x00,0x00,0x00,0x00,0x00,0x00,0x00,0x00,0x00,0x00,
    0x00,0x00,0x00,0x00,0x00,0x00,0x00,0x00,0x00,0x00,0x00,0x00,0x00,0x00,0x00,0x00,0x00,0x00,0x00,0x00,0x00,0x00,0x00,0x00,
    0x00,0x00,0x00,0x00,0x00,0x00,0x00,0x00,0x00,0x00,0x00,0x00,0x00,0x00,0x00,0x00,0x00,0x00,0x00,0x00,0x00,0x00,0x00,0x00,
    0x00,0x00,0x00,0x00,0x00,0x00,0x00,0x00,0x00,0x00,0x00,0x00,0x00,0x00,0x00,0x00,0x00,0x00,0x00,0x00,0x00,0x00,0x00,0x00,
    0x00,0x00,0x00,0x00,0x00,0x00,0x00,0x00,0x00,0x00,0x00,0x00,0x00,0x00,0x00,0x00,0x00,0x00,0x00,0x00,0x00,0x00,0x00,0x00,
    0x00,0x00,0x00,0x00,0x00,0x00,0x00,0x00,0x00,0x00,0x00,0x00,0x00,0x00,0x00,0x00,0x00,0x00,0x00,0x00,0x00,0x00,0x00,0x00,
    0x00,0x00,0x00,0x00,0x00,0x00,0x00,0x00,0x00,0x00,0x00,0x00,0x00,0x00,0x00,0x00,0x00,0x00,0x00,0x00,0x00,0x00,0x00,0x00,
    0x00,0x00,0x00,0x00,0x00,0x00,0x00,0x00,0x00,0x00,0x00,0x00,0x00,0x00,0x00,0x00,0x00,0x00,0x00,0x00,0x00,0x00,0x00,0x00,
    0x00,0x00,0x00,0x00,0x00,0x00,0x00,0x00,0x00,0x00,0x00,0x00,0x00,0x00,0x00,0x00,0x00,0x00,0x00,0x00,0x00,0x00,0x00,0x00,
    0x00,0x00,0x00,0x00,0x00,0x00,0x00,0x00,0x00,0x00,0x00,0x00,0x00,0x00,0x00,0x00,0x00,0x00,0x00,0x00,0x00,0x00,0x00,0x00,
    0x00,0x00,0x00,0x00,0x00,0x00,0x00,0x00,0x00,0x00,0x00,0x00,0x00,0x00,0x00,0x00,0x00,0x00,0x00,0x00,0x00,0x00,0x00,0x00,
    0x00,0x00,0x00,0x00,0x00,0x00,0x00,0x00,0x00,0x00,0x00,0x00,0x00,0x00,0x00,0x00,0x00,0x00,0x00,0x00,0x00,0x00,0x00,0x00,
    0x00,0x00,0x00,0x00,0x00,0x00,0x00,0x00,0x00,0x00,0x00,0x00,0x00,0x00,0x00,0x00,0x00,0x00,0x00,0x00,0x00,0x00,0x00,0x00,
    0x00,0x00,0x00,0x00,0x00,0x00,0x00,0x00,0x00,0x00,0x00,0x00,0x00,0x00,0x00,0x00,0x00,0x00,0x00,0x00,0x00,0x00,0x00,0x00,
    0x00,0x00,0x00,0x00,0x00,0x00,0x00,0x00,0x00,0x00,0x00,0x00,0x00,0x00,0x00,0x00,0x00,0x00,0x00,0x00,0x00,0x00,0x00,0x00,
    0x00,0x00,0x00,0x00,0x00,0x00,0x00,0x00,0x00,0x00,0x00,0x00,0x00,0x00,0x00,0x00,0x00,0x00,0x00,0x00,0x00,0x00,0x00,0x00,
    0x00,0x00,0x00,0x00,0x00,0x00,0x00,0x00,0x00,0x00,0x00,0x00,0x00,0x00,0x00,0x00,0x00,0x00,0x00,0x00,0x00,0x00,0x00,0x00,
    0x00,0x00,0x00,0x00,0x00,0x00,0x00,0x00,0x00,0x00,0x00,0x00,0x00,0x00,0x00,0x00,0x00,0x00,0x00,0x00,0x00,0x00,0x00,0x00,
    0x00,0x00,0x00,0x00,0x00,0x00,0x00,0x00,0x00,0x00,0x00,0x00,0x00,0x00,0x00,0x00,0x00,0x00,0x00,0x00,0x00,0x00,0x00,0x00,
    0x00,0x00,0x00,0x00,0x00,0x00,0x00,0x00,0x00,0x00,0x00,0x00,0x00,0x00,0x00,0x00,0x00,0x00,0x00,0x00,0x00,0x00,0x00,0x00,
    0x00,0x00,0x00,0x00,0x00,0x00,0x00,0x00,0x00,0x00,0x00,0x00,0x00,0x00,0x00,0x00,0x00,0x00,0x00,0x00,0x00,0x00,0x00,0x00,
    0x00,0x00,0x00,0x00,0x00,0x00,0x00,0x00,0x00,0x00,0x00,0x00,0x00,0x00,0x00,0x00,0x00,0x00,0x00,0x00,0x00,0x00,0x00,0x00,
    0x00,0x00,0x00,0x00,0x00,0x00,0x00,0x00,0x00,0x00,0x00,0x00,0x00,0x00,0x00,0x00,0x00,0x00,0x00,0x00,0x00,0x00,0x00,0x00,
    0x00,0x00,0x00,0x00,0x00,0x00,0x00,0x00,0x00,0x00,0x00,0x00,0x00,0x00,0x00,0x00,0x00,0x00,0x00,0x00,0x00,0x00,0x00,0x00,
    0x00,0x00,0x00,0x00,0x00,0x00,0x00,0x00,0x00,0x00,0x00,0x00,0x00,0x00,0x00,0x00,0x00,0x00,0x00,0x00,0x00,0x00,0x00,0x00,
    0x00,0x00,0x00,0x00,0x00,0x00,0x00,0x00,0x00,0x00,0x00,0x00,0x00,0x00,0x00,0x00,0x00,0x00,0x00,0x00,0x00,0x00,0x00,0x00,
    0x00,0x00,0x00,0x00,0x00,0x00,0x00,0x00,0x00,0x00,0x00,0x00,0x00,0x00,0x00,0x00,0x00,0x00,0x00,0x00,0x00,0x00,0x00,0x00,
    0x00,0x00,0x00,0x00,0x00,0x00,0x00,0x00,0x00,0x00,0x00,0x00,0x00,0x00,0x00,0x00,0x00,0x00,0x00,0x00,0x00,0x00,0x00,0x00,
    0x00,0x00,0x00,0x00,0x00,0x00,0x00,0x00,0x00,0x00,0x00,0x00,0x00,0x00,0x00,0x00,0x00,0x00,0x00,0x00,0x00,0x00,0x00,0x00,
    0x00,0x00,0x00,0x00,0x00,0x00,0x00,0x00,0x00,0x00,0x00,0x00,0x00,0x00,0x00,0x00,0x00,0x00,0x00,0x00,0x00,0x00,0x00,0x00,
    0x00,0x00,0x00,0x00,0x00,0x00,0x00,0x00,0x00,0x00,0x00,0x00,0x00,0x00,0x00,0x00,0x00,0x00,0x00,0x00,0x00,0x00,0x00,0x00,
    0x00,0x00,0x00,0x00,0x00,0x00,0x00,0x00,0x00,0x00,0x00,0x00,0x00,0x00,0x00,0x00,0x00,0x00,0x00,0x00,0x00,0x00,0x00,0x00,
    0x00,0x00,0x00,0x00,0x00,0x00,0x00,0x00,0x00,0x00,0x00,0x00,0x00,0x00,0x00,0x00,0x00,0x00,0x00,0x00,0x00,0x00,0x00,0x00,
    0x00,0x00,0x00,0x00,0x00,0x00,0x00,0x00,0x00,0x00,0x00,0x00,0x00,0x00,0x00,0x00,0x00,0x00,0x00,0x00,0x00,0x00,0x00,0x00,
    0x00,0x00,0x00,0x00,0x00,0x00,0x00,0x00,0x00,0x00,0x00,0x00,0x00,0x00,0x00,0x00,0x00,0x00,0x00,0x00,0x00,0x00,0x00,0x00,
    0x00,0x00,0x00,0x00,0x00,0x00,0x00,0x00,0x00,0x00,0x00,0x00,0x00,0x00,0x00,0x00,0x00,0x00,0x00,0x00,0x00,0x00,0x00,0x00,
    0x00,0x00,0x00,0x00,0x00,0x00,0x00,0x00,0x00,0x00,0x00,0x00,0x00,0x00,0x00,0x00,0x00,0x00,0x00,0x00,0x00,0x00,0x00,0x00,
    0x00,0x00,0x00,0x00,0x00,0x00,0x00,0x00,0x00,0x00,0x00,0x00,0x00,0x00,0x00,0x00,0x00,0x00,0x00,0x00,0x00,0x00,0x00,0x00,
    0x00,0x00,0x00,0x00,0x00,0x00,0x00,0x00,0x00,0x00,0x00,0x00,0x00,0x00,0x00,0x00,0x00,0x00,0x00,0x00,0x00,0x00,0x00,0x00,
    0x00,0x00,0x00,0x00,0x00,0x00,0x00,0x00,0x00,0x00,0x00,0x00,0x00,0x00,0x00,0x00,0x00,0x00,0x00,0x00,0x00,0x00,0x00,0x00,
    0x00,0x00,0x00,0x00,0x00,0x00,0x00,0x00,0x00,0x00,0x00,0x00,0x00,0x00,0x00,0x00,0x00,0x00,0x00,0x00,0x00,0x00,0x00,0x00,
    0x00,0x00,0x00,0x00,0x00,0x00,0x00,0x00,0x00,0x00,0x00,0x00,0x00,0x00,0x00,0x00,0x00,0x00,0x00,0x00,0x00,0x00,0x00,0x00,
    0x00,0x00,0x00,0x00,0x00,0x00,0x00,0x00,0x00,0x00,0x00,0x00,0x00,0x00,0x00,0x00,0x00,0x00,0x00,0x00,0x00,0x00,0x00,0x00,
    0x00,0x00,0x00,0x00,0x00,0x00,0x00,0x00,0x00,0x00,0x00,0x00,0x00,0x00,0x00,0x00,0x00,0x00,0x00,0x00,0x00,0x00,0x00,0x00,
    0x00,0x00,0x00,0x00,0x00,0x00,0x00,0x00,0x00,0x00,0x00,0x00,0x00,0x00,0x00,0x00,0x00,0x00,0x00,0x00,0x00,0x00,0x00,0x00,
    0x00,0x00,0x00,0x00,0x00,0x00,0x00,0x00,0x00,0x00,0x00,0x00,0x00,0x00,0x00,0x00,0x00,0x00,0x00,0x00,0x00,0x00,0x00,0x00,
    0x00,0x00,0x00,0x00,0x00,0x00,0x00,0x00,0x00,0x00,0x00,0x00,0x00,0x00,0x00,0x00,0x00,0x00,0x00,0x00,0x00,0x00,0x00,0x00,
    0x00,0x00,0x00,0x00,0x00,0x00,0x00,0x00,0x00,0x00,0x00,0x00,0x00,0x00,0x00,0x00,0x00,0x00,0x00,0x00,0x00,0x00,0x00,0x00,
    0x00,0x00,0x00,0x00,0x00,0x00,0x00,0x00,0x00,0x00,0x00,0x00,0x00,0x00,0x00,0x00,0x00,0x00,0x00,0x00,0x00,0x00,0x00,0x00,
    0x00,0x00,0x00,0x00,0x00,0x00,0x00,0x00,0x00,0x00,0x00,0x00,0x00,0x00,0x00,0x00,0x00,0x00,0x00,0x00,0x00,0x00,0x00,0x00,
    0x00,0x00,0x00,0x00,0x00,0x00,0x00,0x00,0x00,0x00,0x00,0x00,0x00,0x00,0x00,0x00,0x00,0x00,0x00,0x00,0x00,0x00,0x00,0x00,
    0x00,0x00,0x00,0x00,0x00,0x00,0x00,0x00,0x00,0x00,0x00,0x00,0x00,0x00,0x00,0x00,0x00,0x00,0x00,0x00,0x00,0x00,0x00,0x00,
    0x00,0x00,0x00,0x00,0x00,0x00,0x00,0x00,0x00,0x00,0x00,0x00,0x00,0x00,0x00,0x00,0x00,0x00,0x00,0x00,0x00,0x00,0x00,0x00,
    0x00,0x00,0x00,0x00,0x00,0x00,0x00,0x00,0x00,0x00,0x00,0x00,0x00,0x00,0x00,0x00,0x00,0x00,0x00,0x00,0x00,0x00,0x00,0x00,
    0x00,0x00,0x00,0x00,0x00,0x00,0x00,0x00,0x00,0x00,0x00,0x00,0x00,0x00,0x00,0x00,0x00,0x00,0x00,0x00,0x00,0x00,0x00,0x00,
    0x00,0x00,0x00,0x00,0x00,0x00,0x00,0x00,0x00,0x00,0x00,0x00,0x00,0x00,0x00,0x00,0x00,0x00,0x00,0x00,0x00,0x00,0x00,0x00,
    0x00,0x00,0x00,0x00,0x00,0x00,0x00,0x00,0x00,0x00,0x00,0x00,0x00,0x00,0x00,0x00,0x00,0x00,0x00,0x00,0x00,0x00,0x00,0x00,
    0x00,0x00,0x00,0x00,0x00,0x00,0x00,0x00,0x00,0x00,0x00,0x00,0x00,0x00,0x00,0x00,0x00,0x00,0x00,0x00,0x00,0x00,0x00,0x00,
    0x00,0x00,0x00,0x00,0x00,0x00,0x00,0x00,0x00,0x00,0x00,0x00,0x00,0x00,0x00,0x00,0x00,0x00,0x00,0x00,0x00,0x00,0x00,0x00,
    0x00,0x00,0x00,0x00,0x00,0x00,0x00,0x00,0x00,0x00,0x00,0x00,0x00,0x00,0x00,0x00,0x00,0x00,0x00,0x00,0x00,0x00,0x00,0x00,
    0x00,0x00,0x00,0x00,0x00,0x00,0x00,0x00,0x00,0x00,0x00,0x00,0x00,0x00,0x00,0x00,0x00,0x00,0x00,0x00,0x00,0x00,0x00,0x00,
    0x00,0x00,0x00,0x00,0x00,0x00,0x00,0x00,0x00,0x00,0x00,0x00,0x00,0x00,0x00,0x00,0x00,0x00,0x00,0x00,0x00,0x00,0x00,0x00,
    0x00,0x00,0x00,0x00,0x00,0x00,0x00,0x00,0x00,0x00,0x00,0x00,0x00,0x00,0x00,0x00,0x00,0x00,0x00,0x00,0x00,0x00,0x00,0x00,
    0x00,0x00,0x00,0x00,0x00,0x00,0x00,0x00,0x00,0x00,0x00,0x00,0x00,0x00,0x00,0x00,0x00,0x00,0x00,0x00,0x00,0x00,0x00,0x00,
    0x00,0x00,0x00,0x00,0x00,0x00,0x00,0x00,0x00,0x00,0x00,0x00,0x00,0x00,0x00,0x00,0x00,0x00,0x00,0x00,0x00,0x00,0x00,0x00,
    0x00,0x00,0x00,0x00,0x00,0x00,0x00,0x00,0x00,0x00,0x00,0x00,0x00,0x00,0x00,0x00,0x00,0x00,0x00,0x00,0x00,0x00,0x00,0x00,
    0x00,0x00,0x00,0x00,0x00,0x00,0x00,0x00,0x00,0x00,0x00,0x00,0x00,0x00,0x00,0x00,0x00,0x00,0x00,0x00,0x00,0x00,0x00,0x00,
    0x00,0x00,0x00,0x00,0x00,0x00,0x00,0x00,0x00,0x00,0x00,0x00,0x00,0x00,0x00,0x00,0x00,0x00,0x00,0x00,0x00,0x00,0x00,0x00,
    0x00,0x00,0x00,0x00,0x00,0x00,0x00,0x00,0x00,0x00,0x00,0x00,0x00,0x00,0x00,0x00,0x00,0x00,0x00,0x00,0x00,0x00,0x00,0x00,
    0x00,0x00,0x00,0x00,0x00,0x00,0x00,0x00,0x00,0x00,0x00,0x00,0x00,0x00,0x00,0x00,0x00,0x00,0x00,0x00,0x00,0x00,0x00,0x00,
    0x00,0x00,0x00,0x00,0x00,0x00,0x00,0x00,0x00,0x00,0x00,0x00,0x00,0x00,0x00,0x00,0x00,0x00,0x00,0x00,0x00,0x00,0x00,0x00,
    0x00,0x00,0x00,0x00,0x00,0x00,0x00,0x00,0x00,0x00,0x00,0x00,0x00,0x00,0x00,0x00,0x00,0x00,0x00,0x00,0x00,0x00,0x00,0x00,
    0x00,0x00,0x00,0x00,0x00,0x00,0x00,0x00,0x00,0x00,0x00,0x00,0x00,0x00,0x00,0x00,0x00,0x00,0x00,0x00,0x00,0x00,0x00,0x00,
    0x00,0x00,0x00,0x00,0x00,0x00,0x00,0x00,0x00,0x00,0x00,0x00,0x00,0x00,0x00,0x00,0x00,0x00,0x00,0x00,0x00,0x00,0x00,0x00,
    0x00,0x00,0x00,0x00,0x00,0x00,0x00,0x00,0x00,0x00,0x00,0x00,0x00,0x00,0x00,0x00,0x00,0x00,0x00,0x00,0x00,0x00,0x00,0x00,
    0x00,0x00,0x00,0x00,0x00,0x00,0x00,0x00,0x00,0x00,0x00,0x00,0x00,0x00,0x00,0x00,0x00,0x00,0x00,0x00,0x00,0x00,0x00,0x00,
    0x00,0x00,0x00,0x00,0x00,0x00,0x00,0x00,0x00,0x00,0x00,0x00,0x00,0x00,0x00,0x00,0x00,0x00,0x00,0x00,0x00,0x00,0x00,0x00,
    0x00,0x00,0x00,0x00,0x00,0x00,0x00,0x00,0x00,0x00,0x00,0x00,0x00,0x00,0x00,0x00,0x00,0x00,0x00,0x00,0x00,0x00,0x00,0x00,
    0x00,0x00,0x00,0x00,0x00,0x00,0x00,0x00,0x00,0x00,0x00,0x00,0x00,0x00,0x00,0x00,0x00,0x00,0x00,0x00,0x00,0x00,0x00,0x00,
    0x00,0x00,0x00,0x00,0x00,0x00,0x00,0x00,0x00,0x00,0x00,0x00,0x00,0x00,0x00,0x00,0x00,0x00,0x00,0x00,0x00,0x00,0x00,0x00,
    0x00,0x00,0x00,0x00,0x00,0x00,0x00,0x00,0x00,0x00,0x00,0x00,0x00,0x00,0x00,0x00,0x00,0x00,0x00,0x00,0x00,0x00,0x00,0x00,
    0x00,0x00,0x00,0x00,0x00,0x00,0x00,0x00,0x00,0x00,0x00,0x00,0x00,0x00,0x00,0x00,0x00,0x00,0x00,0x00,0x00,0x00,0x00,0x00,
    0x00,0x00,0x00,0x00,0x00,0x00,0x00,0x00,0x00,0x00,0x00,0x00,0x00,0x00,0x00,0x00,0x00,0x00,0x00,0x00,0x00,0x00,0x00,0x00,
    0x00,0x00,0x00,0x00,0x00,0x00,0x00,0x00,0x00,0x00,0x00,0x00,0x00,0x00,0x00,0x00,0x00,0x00,0x00,0x00,0x00,0x00,0x00,0x00,
    0x00,0x00,0x00,0x00,0x00,0x00,0x00,0x00,0x00,0x00,0x00,0x00,0x00,0x00,0x00,0x00,0x00,0x00,0x00,0x00,0x00,0x00,0x00,0x00,
    0x00,0x00,0x00,0x00,0x00,0x00,0x00,0x00,0x00,0x00,0x00,0x00,0x00,0x00,0x00,0x00,0x00,0x00,0x00,0x00,0x00,0x00,0x00,0x00,
    0x00,0x00,0x00,0x00,0x00,0x00,0x00,0x00,0x00,0x00,0x00,0x00,0x00,0x00,0x00,0x00,0x00,0x00,0x00,0x00,0x00,0x00,0x00,0x00,
    0x00,0x00,0x00,0x00,0x00,0x00,0x00,0x00,0x00,0x00,0x00,0x00,0x00,0x00,0x00,0x00,0x00,0x00,0x00,0x00,0x00,0x00,0x00,0x00,
    0x00,0x00,0x00,0x00,0x00,0x00,0x00,0x00,0x00,0x00,0x00,0x00,0x00,0x00,0x00,0x00,0x00,0x00,0x00,0x00,0x00,0x00,0x00,0x00,
    0x00,0x00,0x00,0x00,0x00,0x00,0x00,0x00,0x00,0x00,0x00,0x00,0x00,0x00,0x00,0x00,0x00,0x00,0x00,0x00,0x00,0x00,0x00,0x00,
    0x00,0x00,0x00,0x00,0x00,0x00,0x00,0x00,0x00,0x00,0x00,0x00,0x00,0x00,0x00,0x00,0x00,0x00,0x00,0x00,0x00,0x00,0x00,0x00,
    0x00,0x00,0x00,0x00,0x00,0x00,0x00,0x00,0x00,0x00,0x00,0x00,0x00,0x00,0x00,0x00,0x00,0x00,0x00,0x00,0x00,0x00,0x00,0x00,
    0x00,0x00,0x00,0x00,0x00,0x00,0x00,0x00,0x00,0x00,0x00,0x00,0x00,0x00,0x00,0x00,0x00,0x00,0x00,0x00,0x00,0x00,0x00,0x00,
    0x00,0x00,0x00,0x00,0x00,0x00,0x00,0x00,0x00,0x00,0x00,0x00,0x00,0x00,0x00,0x00,0x00,0x00,0x00,0x00,0x00,0x00,0x00,0x00,
    0x00,0x00,0x00,0x00,0x00,0x00,0x00,0x00,0x00,0x00,0x00,0x00,0x00,0x00,0x00,0x00,0x00,0x00,0x00,0x00,0x00,0x00,0x00,0x00,
    0x00,0x00,0x00,0x00,0x00,0x00,0x00,0x00,0x00,0x00,0x00,0x00,0x00,0x00,0x00,0x00,0x00,0x00,0x00,0x00,0x00,0x00,0x00,0x00,
    0x00,0x00,0x00,0x00,0x00,0x00,0x00,0x00,0x00,0x00,0x00,0x00,0x00,0x00,0x00,0x00,0x00,0x00,0x00,0x00,0x00,0x00,0x00,0x00,
    0x00,0x00,0x00,0x00,0x00,0x00,0x00,0x00,0x00,0x00,0x00,0x00,0x00,0x00,0x00,0x00,0x00,0x00,0x00,0x00,0x00,0x00,0x00,0x00,
    0x00,0x00,0x00,0x00,0x00,0x00,0x00,0x00,0x00,0x00,0x00,0x00,0x00,0x00,0x00,0x00,0x00,0x00,0x00,0x00,0x00,0x00,0x00,0x00,
    0x00,0x00,0x00,0x00,0x00,0x00,0x00,0x00,0x00,0x00,0x00,0x00,0x00,0x00,0x00,0x00,0x00,0x00,0x00,0x00,0x00,0x00,0x00,0x00,
    0x00,0x00,0x00,0x00,0x00,0x00,0x00,0x00,0x00,0x00,0x00,0x00,0x00,0x00,0x00,0x00,0x00,0x00,0x00,0x00,0x00,0x00,0x00,0x00,
    0x00,0x00,0x00,0x00,0x00,0x00,0x00,0x00,0x00,0x00,0x00,0x00,0x00,0x00,0x00,0x00,0x00,0x00,0x00,0x00,0x00,0x00,0x00,0x00,
    0x00,0x00,0x00,0x00,0x00,0x00,0x00,0x00,0x00,0x00,0x00,0x00,0x00,0x00,0x00,0x00,0x00,0x00,0x00,0x00,0x00,0x00,0x00,0x00,
    0x00,0x00,0x00,0x00,0x00,0x00,0x00,0x00,0x00,0x00,0x00,0x00,0x00,0x00,0x00,0x00,0x00,0x00,0x00,0x00,0x00,0x00,0x00,0x00,
    0x00,0x00,0x00,0x00,0x00,0x00,0x00,0x00,0x00,0x00,0x00,0x00,0x00,0x00,0x00,0x00,0x00,0x00,0x00,0x00,0x00,0x00,0x00,0x00,
    0x00,0x00,0x00,0x00,0x00,0x00,0x00,0x00,0x00,0x00,0x00,0x00,0x00,0x00,0x00,0x00,0x00,0x00,0x00,0x00,0x00,0x00,0x00,0x00,
    0x00,0x00,0x00,0x00,0x00,0x00,0x00,0x00,0x00,0x00,0x00,0x00,0x00,0x00,0x00,0x00,0x00,0x00,0x00,0x00,0x00,0x00,0x00,0x00,
    0x00,0x00,0x00,0x00,0x00,0x00,0x00,0x00,0x00,0x00,0x00,0x00,0x00,0x00,0x00,0x00,0x00,0x00,0x00,0x00,0x00,0x00,0x00,0x00,
    0x00,0x00,0x00,0x00,0x00,0x00,0x00,0x00,0x00,0x00,0x00,0x00,0x00,0x00,0x00,0x00,0x00,0x00,0x00,0x00,0x00,0x00,0x00,0x00,
    0x00,0x00,0x00,0x00,0x00,0x00,0x00,0x00,0x00,0x00,0x00,0x00,0x00,0x00,0x00,0x00,0x00,0x00,0x00,0x00,0x00,0x00,0x00,0x00,
    0x00,0x00,0x00,0x00,0x00,0x00,0x00,0x00,0x00,0x00,0x00,0x00,0x00,0x00,0x00,0x00,0x00,0x00,0x00,0x00,0x00,0x00,0x00,0x00,
    0x00,0x00,0x00,0x00,0x00,0x00,0x00,0x00,0x00,0x00,0x00,0x00,0x00,0x00,0x00,0x00,0x00,0x00,0x00,0x00,0x00,0x00,0x00,0x00,
    0x00,0x00,0x00,0x00,0x00,0x00,0x00,0x00,0x00,0x00,0x00,0x00,0x00,0x00,0x00,0x00,0x00,0x00,0x00,0x00,0x00,0x00,0x00,0x00,
    0x00,0x00,0x00,0x00,0x00,0x00,0x00,0x00,0x00,0x00,0x00,0x00,0x00,0x00,0x00,0x00,0x00,0x00,0x00,0x00,0x00,0x00,0x00,0x00,
    0x00,0x00,0x00,0x00,0x00,0x00,0x00,0x00,0x00,0x00,0x00,0x00,0x00,0x00,0x00,0x00,0x00,0x00,0x00,0x00,0x00,0x00,0x00,0x00,
    0x00,0x00,0x00,0x00,0x00,0x00,0x00,0x00,0x00,0x00,0x00,0x00,0x00,0x00,0x00,0x00,0x00,0x00,0x00,0x00,0x00,0x00,0x00,0x00,
    0x00,0x00,0x00,0x00,0x00,0x00,0x00,0x00,0x00,0x00,0x00,0x00,0x00,0x00,0x00,0x00,0x00,0x00,0x00,0x00,0x00,0x00,0x00,0x00,
    0x00,0x00,0x00,0x00,0x00,0x00,0x00,0x00,0x00,0x00,0x00,0x00,0x00,0x00,0x00,0x00,0x00,0x00,0x00,0x00,0x00,0x00,0x00,0x00,
    0x00,0x00,0x00,0x00,0x00,0x00,0x00,0x00,0x00,0x00,0x00,0x00,0x00,0x00,0x00,0x00,0x00,0x00,0x00,0x00,0x00,0x00,0x00,0x00,
    0x00,0x00,0x00,0x00,0x00,0x00,0x00,0x00,0x00,0x00,0x00,0x00,0x00,0x00,0x00,0x00,0x00,0x00,0x00,0x00,0x00,0x00,0x00,0x00,
    0x00,0x00,0x00,0x00,0x00,0x00,0x00,0x00,0x00,0x00,0x00,0x00,0x00,0x00,0x00,0x00,0x00,0x00,0x00,0x00,0x00,0x00,0x00,0x00,
    0x00,0x00,0x00,0x00,0x00,0x00,0x00,0x00,0x00,0x00,0x00,0x00,0x00,0x00,0x00,0x00,0x00,0x00,0x00,0x00,0x00,0x00,0x00,0x00,
    0x00,0x00,0x00,0x00,0x00,0x00,0x00,0x00,0x00,0x00,0x00,0x00,0x00,0x00,0x00,0x00,0x00,0x00,0x00,0x00,0x00,0x00,0x00,0x00,
    0x00,0x00,0x00,0x00,0x00,0x00,0x00,0x00,0x00,0x00,0x00,0x00,0x00,0x00,0x00,0x00,0x00,0x00,0x00,0x00,0x00,0x00,0x00,0x00,
    0x00,0x00,0x00,0x00,0x00,0x00,0x00,0x00,0x00,0x00,0x00,0x00,0x00,0x00,0x00,0x00,0x00,0x00,0x00,0x00,0x00,0x00,0x00,0x00,
    0x00,0x00,0x00,0x00,0x00,0x00,0x00,0x00,0x00,0x00,0x00,0x00,0x00,0x00,0x00,0x00,0x00,0x00,0x00,0x00,0x00,0x00,0x00,0x00,
    0x00,0x00,0x00,0x00,0x00,0x00,0x00,0x00,0x00,0x00,0x00,0x00,0x00,0x00,0x00,0x00,0x00,0x00,0x00,0x00,0x00,0x00,0x00,0x00,
    0x00,0x00,0x00,0x00,0x00,0x00,0x00,0x00,0x00,0x00,0x00,0x00,0x00,0x00,0x00,0x00,0x00,0x00,0x00,0x00,0x00,0x00,0x00,0x00,
    0x00,0x00,0x00,0x00,0x00,0x00,0x00,0x00,0x00,0x00,0x00,0x00,0x00,0x00,0x00,0x00,0x00,0x00,0x00,0x00,0x00,0x00,0x00,0x00,
    0x00,0x00,0x00,0x00,0x00,0x00,0x00,0x00,0x00,0x00,0x00,0x00,0x00,0x00,0x00,0x00,0x00,0x00,0x00,0x00,0x00,0x00,0x00,0x00,
    0x00,0x00,0x00,0x00,0x00,0x00,0x00,0x00,0x00,0x00,0x00,0x00,0x00,0x00,0x00,0x00,0x00,0x00,0x00,0x00,0x00,0x00,0x00,0x00,
    0x00,0x00,0x00,0x00,0x00,0x00,0x00,0x00,0x00,0x00,0x00,0x00,0x00,0x00,0x00,0x00,0x00,0x00,0x00,0x00,0x00,0x00,0x00,0x00,
    0x00,0x00,0x00,0x00,0x00,0x00,0x00,0x00,0x00,0x00,0x00,0x00,0x00,0x00,0x00,0x00,0x00,0x00,0x00,0x00,0x00,0x00,0x00,0x00,
    0x00,0x00,0x00,0x00,0x00,0x00,0x00,0x00,0x00,0x00,0x00,0x00,0x00,0x00,0x00,0x00,0x00,0x00,0x00,0x00,0x00,0x00,0x00,0x00,
    0x00,0x00,0x00,0x00,0x00,0x00,0x00,0x00,0x00,0x00,0x00,0x00,0x00,0x00,0x00,0x00,0x00,0x00,0x00,0x00,0x00,0x00,0x00,0x00,
    0x00,0x00,0x00,0x00,0x00,0x00,0x00,0x00,0x00,0x00,0x00,0x00,0x00,0x00,0x00,0x00,0x00,0x00,0x00,0x00,0x00,0x00,0x00,0x00,
    0x00,0x00,0x00,0x00,0x00,0x00,0x00,0x00,0x00,0x00,0x00,0x00,0x00,0x00,0x00,0x00,0x00,0x00,0x00,0x00,0x00,0x00,0x00,0x00,
    0x00,0x00,0x00,0x00,0x00,0x00,0x00,0x00,0x00,0x00,0x00,0x00,0x00,0x00,0x00,0x00,0x00,0x00,0x00,0x00,0x00,0x00,0x00,0x00,
    0x00,0x00,0x00,0x00,0x00,0x00,0x00,0x00,0x00,0x00,0x00,0x00,0x00,0x00,0x00,0x00,0x00,0x00,0x00,0x00,0x00,0x00,0x00,0x00,
    0x00,0x00,0x00,0x00,0x00,0x00,0x00,0x00,0x00,0x00,0x00,0x00,0x00,0x00,0x00,0x00,0x00,0x00,0x00,0x00,0x00,0x00,0x00,0x00,
    0x00,0x00,0x00,0x00,0x00,0x00,0x00,0x00,0x00,0x00,0x00,0x00,0x00,0x00,0x00,0x00,0x00,0x00,0x00,0x00,0x00,0x00,0x00,0x00,
    0x00,0x00,0x00,0x00,0x00,0x00,0x00,0x00,0x00,0x00,0x00,0x00,0x00,0x00,0x00,0x00,0x00,0x00,0x00,0x00,0x00,0x00,0x00,0x00,
    0x00,0x00,0x00,0x00,0x00,0x00,0x00,0x00,0x00,0x00,0x00,0x00,0x00,0x00,0x00,0x00,0x00,0x00,0x00,0x00,0x00,0x00,0x00,0x00,
    0x00,0x00,0x00,0x00,0x00,0x00,0x00,0x00,0x00,0x00,0x00,0x00,0x00,0x00,0x00,0x00,0x00,0x00,0x00,0x00,0x00,0x00,0x00,0x00,
    0x00,0x00,0x00,0x00,0x00,0x00,0x00,0x00,0x00,0x00,0x00,0x00,0x00,0x00,0x00,0x00,0x00,0x00,0x00,0x00,0x00,0x00,0x00,0x00,
    0x00,0x00,0x00,0x00,0x00,0x00,0x00,0x00,0x00,0x00,0x00,0x00,0x00,0x00,0x00,0x00,0x00,0x00,0x00,0x00,0x00,0x00,0x00,0x00,
    0x00,0x00,0x00,0x00,0x00,0x00,0x00,0x00,0x00,0x00,0x00,0x00,0x00,0x00,0x00,0x00,0x00,0x00,0x00,0x00,0x00,0x00,0x00,0x00,
    0x00,0x00,0x00,0x00,0x00,0x00,0x00,0x00,0x00,0x00,0x00,0x00,0x00,0x00,0x00,0x00,0x00,0x00,0x00,0x00,0x00,0x00,0x00,0x00,
    0x00,0x00,0x00,0x00,0x00,0x00,0x00,0x00,0x00,0x00,0x00,0x00,0x00,0x00,0x00,0x00,0x00,0x00,0x00,0x00,0x00,0x00,0x00,0x00,
    0x00,0x00,0x00,0x00,0x00,0x00,0x00,0x00,0x00,0x00,0x00,0x00,0x00,0x00,0x00,0x00,0x00,0x00,0x00,0x00,0x00,0x00,0x00,0x00,
    0x00,0x00,0x00,0x00,0x00,0x00,0x00,0x00,0x00,0x00,0x00,0x00,0x00,0x00,0x00,0x00,0x00,0x00,0x00,0x00,0x00,0x00,0x00,0x00,
    0x00,0x00,0x00,0x00,0x00,0x00,0x00,0x00,0x00,0x00,0x00,0x00,0x00,0x00,0x00,0x00,0x00,0x00,0x00,0x00,0x00,0x00,0x00,0x00,
    0x00,0x00,0x00,0x00,0x00,0x00,0x00,0x00,0x00,0x00,0x00,0x00,0x00,0x00,0x00,0x00,0x00,0x00,0x00,0x00,0x00,0x00,0x00,0x00,
    0x00,0x00,0x00,0x00,0x00,0x00,0x00,0x00,0x00,0x00,0x00,0x00,0x00,0x00,0x00,0x00,0x00,0x00,0x00,0x00,0x00,0x00,0x00,0x00,
    0x00,0x00,0x00,0x00,0x00,0x00,0x00,0x00,0x00,0x00,0x00,0x00,0x00,0x00,0x00,0x00,0x00,0x00,0x00,0x00,0x00,0x00,0x00,0x00,
    0x00,0x00,0x00,0x00,0x00,0x00,0x00,0x00,0x00,0x00,0x00,0x00,0x00,0x00,0x00,0x00,0x00,0x00,0x00,0x00,0x00,0x00,0x00,0x00,
    0x00,0x00,0x00,0x00,0x00,0x00,0x00,0x00,0x00,0x00,0x00,0x00,0x00,0x00,0x00,0x00,0x00,0x00,0x00,0x00,0x00,0x00,0x00,0x00,
    0x00,0x00,0x00,0x00,0x00,0x00,0x00,0x00,0x00,0x00,0x00,0x00,0x00,0x00,0x00,0x00,0x00,0x00,0x00,0x00,0x00,0x00,0x00,0x00,
    0x00,0x00,0x00,0x00,0x00,0x00,0x00,0x00,0x00,0x00,0x00,0x00,0x00,0x00,0x00,0x00,0x00,0x00,0x00,0x00,0x00,0x00,0x00,0x00,
    0x00,0x00,0x00,0x00,0x00,0x00,0x00,0x00,0x00,0x00,0x00,0x00,0x00,0x00,0x00,0x00,0x00,0x00,0x00,0x00,0x00,0x00,0x00,0x00,
    0x00,0x00,0x00,0x00,0x00,0x00,0x00,0x00,0x00,0x00,0x00,0x00,0x00,0x00,0x00,0x00,0x00,0x00,0x00,0x00,0x00,0x00,0x00,0x00,
    0x00,0x00,0x00,0x00,0x00,0x00,0x00,0x00,0x00,0x00,0x00,0x00,0x00,0x00,0x00,0x00,0x00,0x00,0x00,0x00,0x00,0x00,0x00,0x00,
    0x00,0x00,0x00,0x00,0x00,0x00,0x00,0x00,0x00,0x00,0x00,0x00,0x00,0x00,0x00,0x00,0x00,0x00,0x00,0x00,0x00,0x00,0x00,0x00,
    0x00,0x00,0x00,0x00,0x00,0x00,0x00,0x00,0x00,0x00,0x00,0x00,0x00,0x00,0x00,0x00,0x00,0x00,0x00,0x00,0x00,0x00,0x00,0x00,
    0x00,0x00,0x00,0x00,0x00,0x00,0x00,0x00,0x00,0x00,0x00,0x00,0x00,0x00,0x00,0x00,0x00,0x00,0x00,0x00,0x00,0x00,0x00,0x00,
    0x00,0x00,0x00,0x00,0x00,0x00,0x00,0x00,0x00,0x00,0x00,0x00,0x00,0x00,0x00,0x00,0x00,0x00,0x00,0x00,0x00,0x00,0x00,0x00,
    0x00,0x00,0x00,0x00,0x00,0x00,0x00,0x00,0x00,0x00,0x00,0x00,0x00,0x00,0x00,0x00,0x00,0x00,0x00,0x00,0x00,0x00,0x00,0x00,
    0x00,0x00,0x00,0x00,0x00,0x00,0x00,0x00,0x00,0x00,0x00,0x00,0x00,0x00,0x00,0x00,0x00,0x00,0x00,0x00,0x00,0x00,0x00,0x00,
    0x00,0x00,0x00,0x00,0x00,0x00,0x00,0x00,0x00,0x00,0x00,0x00,0x00,0x00,0x00,0x00,0x00,0x00,0x00,0x00,0x00,0x00,0x00,0x00,
    0x00,0x00,0x00,0x00,0x00,0x00,0x00,0x00,0x00,0x00,0x00,0x00,0x00,0x00,0x00,0x00,0x00,0x00,0x00,0x00,0x00,0x00,0x00,0x00,
    0x00,0x00,0x00,0x00,0x00,0x00,0x00,0x00,0x00,0x00,0x00,0x00,0x00,0x00,0x00,0x00,0x00,0x00,0x00,0x00,0x00,0x00,0x00,0x00,
    0x00,0x00,0x00,0x00,0x00,0x00,0x00,0x00,0x00,0x00,0x00,0x00,0x00,0x00,0x00,0x00,0x00,0x00,0x00,0x00,0x00,0x00,0x00,0x00,
    0x00,0x00,0x00,0x00,0x00,0x00,0x00,0x00,0x00,0x00,0x00,0x00,0x00,0x00,0x00,0x00,0x00,0x00,0x00,0x00,0x00,0x00,0x00,0x00,
    0x00,0x00,0x00,0x00,0x00,0x00,0x00,0x00,0x00,0x00,0x00,0x00,0x00,0x00,0x00,0x00,0x00,0x00,0x00,0x00,0x00,0x00,0x00,0x00,
    0x00,0x00,0x00,0x00,0x00,0x00,0x00,0x00,0x00,0x00,0x00,0x00,0x00,0x00,0x00,0x00,0x00,0x00,0x00,0x00,0x00,0x00,0x00,0x00,
    0x00,0x00,0x00,0x00,0x00,0x00,0x00,0x00,0x00,0x00,0x00,0x00,0x00,0x00,0x00,0x00,0x00,0x00,0x00,0x00,0x00,0x00,0x00,0x00,
    0x00,0x00,0x00,0x00,0x00,0x00,0x00,0x00,0x00,0x00,0x00,0x00,0x00,0x00,0x00,0x00,0x00,0x00,0x00,0x00,0x00,0x00,0x00,0x00,
    0x00,0x00,0x00,0x00,0x00,0x00,0x00,0x00,0x00,0x00,0x00,0x00,0x00,0x00,0x00,0x00,0x00,0x00,0x00,0x00,0x00,0x00,0x00,0x00,
    0x00,0x00,0x00,0x00,0x00,0x00,0x00,0x00,0x00,0x00,0x00,0x00,0x00,0x00,0x00,0x00,0x00,0x00,0x00,0x00,0x00,0x00,0x00,0x00,
    0x00,0x00,0x00,0x00,0x00,0x00,0x00,0x00,0x00,0x00,0x00,0x00,0x00,0x00,0x00,0x00,0x00,0x00,0x00,0x00,0x00,0x00,0x00,0x00,
    0x00,0x00,0x00,0x00,0x00,0x00,0x00,0x00,0x00,0x00,0x00,0x00,0x00,0x00,0x00,0x00,0x00,0x00,0x00,0x00,0x00,0x00,0x00,0x00,
    0x00,0x00,0x00,0x00,0x00,0x00,0x00,0x00,0x00,0x00,0x00,0x00,0x00,0x00,0x00,0x00,0x00,0x00,0x00,0x00,0x00,0x00,0x00,0x00,
    0x00,0x00,0x00,0x00,0x00,0x00,0x00,0x00,0x00,0x00,0x00,0x00,0x00,0x00,0x00,0x00,0x00,0x00,0x00,0x00,0x00,0x00,0x00,0x00,
    0x00,0x00,0x00,0x00,0x00,0x00,0x00,0x00,0x00,0x00,0x00,0x00,0x00,0x00,0x00,0x00,0x00,0x00,0x00,0x00,0x00,0x00,0x00,0x00,
    0x00,0x00,0x00,0x00,0x00,0x00,0x00,0x00,0x00,0x00,0x00,0x00,0x00,0x00,0x00,0x00,0x00,0x00,0x00,0x00,0x00,0x00,0x00,0x00,
    0x00,0x00,0x00,0x00,0x00,0x00,0x00,0x00,0x00,0x00,0x00,0x00,0x00,0x00,0x00,0x00,0x00,0x00,0x00,0x00,0x00,0x00,0x00,0x00,
    0x00,0x00,0x00,0x00,0x00,0x00,0x00,0x00,0x00,0x00,0x00,0x00,0x00,0x00,0x00,0x00,0x00,0x00,0x00,0x00,0x00,0x00,0x00,0x00,
    0x00,0x00,0x00,0x00,0x00,0x00,0x00,0x00,0x00,0x00,0x00,0x00,0x00,0x00,0x00,0x00,0x00,0x00,0x00,0x00,0x00,0x00,0x00,0x00,
    0x00,0x00,0x00,0x00,0x00,0x00,0x00,0x00,0x00,0x00,0x00,0x00,0x00,0x00,0x00,0x00,0x00,0x00,0x00,0x00,0x00,0x00,0x00,0x00,
    0x00,0x00,0x00,0x00,0x00,0x00,0x00,0x00,0x00,0x00,0x00,0x00,0x00,0x00,0x00,0x00,0x00,0x00,0x00,0x00,0x00,0x00,0x00,0x00,
    0x00,0x00,0x00,0x00,0x00,0x00,0x00,0x00,0x00,0x00,0x00,0x00,0x00,0x00,0x00,0x00,0x00,0x00,0x00,0x00,0x00,0x00,0x00,0x00,
    0x00,0x00,0x00,0x00,0x00,0x00,0x00,0x00,0x00,0x00,0x00,0x00,0x00,0x00,0x00,0x00,0x00,0x00,0x00,0x00,0x00,0x00,0x00,0x00,
    0x00,0x00,0x00,0x00,0x00,0x00,0x00,0x00,0x00,0x00,0x00,0x00,0x00,0x00,0x00,0x00,0x00,0x00,0x00,0x00,0x00,0x00,0x00,0x00,
    0x00,0x00,0x00,0x00,0x00,0x00,0x00,0x00,0x00,0x00,0x00,0x00,0x00,0x00,0x00,0x00,0x00,0x00,0x00,0x00,0x00,0x00,0x00,0x00,
    0x00,0x00,0x00,0x00,0x00,0x00,0x00,0x00,0x00,0x00,0x00,0x00,0x00,0x00,0x00,0x00,0x00,0x00,0x00,0x00,0x00,0x00,0x00,0x00,
    0x00,0x00,0x00,0x00,0x00,0x00,0x00,0x00,0x00,0x00,0x00,0x00,0x00,0x00,0x00,0x00,0x00,0x00,0x00,0x00,0x00,0x00,0x00,0x00,
    0x00,0x00,0x00,0x00,0x00,0x00,0x00,0x00,0x00,0x00,0x00,0x00,0x00,0x00,0x00,0x00,0x00,0x00,0x00,0x00,0x00,0x00,0x00,0x00,
    0x00,0x00,0x00,0x00,0x00,0x00,0x00,0x00,0x00,0x00,0x00,0x00,0x00,0x00,0x00,0x00,0x00,0x00,0x00,0x00,0x00,0x00,0x00,0x00,
    0x00,0x00,0x00,0x00,0x00,0x00,0x00,0x00,0x00,0x00,0x00,0x00,0x00,0x00,0x00,0x00,0x00,0x00,0x00,0x00,0x00,0x00,0x00,0x00,
    0x00,0x00,0x00,0x00,0x00,0x00,0x00,0x00,0x00,0x00,0x00,0x00,0x00,0x00,0x00,0x00,0x00,0x00,0x00,0x00,0x00,0x00,0x00,0x00,
    0x00,0x00,0x00,0x00,0x00,0x00,0x00,0x00,0x00,0x00,0x00,0x00,0x00,0x00,0x00,0x00,0x00,0x00,0x00,0x00,0x00,0x00,0x00,0x00,
    0x00,0x00,0x00,0x00,0x00,0x00,0x00,0x00,0x00,0x00,0x00,0x00,0x00,0x00,0x00,0x00,0x00,0x00,0x00,0x00,0x00,0x00,0x00,0x00,
    0x00,0x00,0x00,0x00,0x00,0x00,0x00,0x00,0x00,0x00,0x00,0x00,0x00,0x00,0x00,0x00,0x00,0x00,0x00,0x00,0x00,0x00,0x00,0x00,
    0x00,0x00,0x00,0x00,0x00,0x00,0x00,0x00,0x00,0x00,0x00,0x00,0x00,0x00,0x00,0x00,0x00,0x00,0x00,0x00,0x00,0x00,0x00,0x00,
    0x00,0x00,0x00,0x00,0x00,0x00,0x00,0x00,0x00,0x00,0x00,0x00,0x00,0x00,0x00,0x00,0x00,0x00,0x00,0x00,0x00,0x00,0x00,0x00,
    0x00,0x00,0x00,0x00,0x00,0x00,0x00,0x00,0x00,0x00,0x00,0x00,0x00,0x00,0x00,0x00,0x00,0x00,0x00,0x00,0x00,0x00,0x00,0x00,
    0x00,0x00,0x00,0x00,0x00,0x00,0x00,0x00,0x00,0x00,0x00,0x00,0x00,0x00,0x00,0x00,0x00,0x00,0x00,0x00,0x00,0x00,0x00,0x00,
    0x00,0x00,0x00,0x00,0x00,0x00,0x00,0x00,0x00,0x00,0x00,0x00,0x00,0x00,0x00,0x00,0x00,0x00,0x00,0x00,0x00,0x00,0x00,0x00,
    0x00,0x00,0x00,0x00,0x00,0x00,0x00,0x00,0x00,0x00,0x00,0x00,0x00,0x00,0x00,0x00,0x00,0x00,0x00,0x00,0x00,0x00,0x00,0x00,
    0x00,0x00,0x00,0x00,0x00,0x00,0x00,0x00,0x00,0x00,0x00,0x00,0x00,0x00,0x00,0x00,0x00,0x00,0x00,0x00,0x00,0x00,0x00,0x00,
    0x00,0x00,0x00,0x00,0x00,0x00,0x00,0x00,0x00,0x00,0x00,0x00,0x00,0x00,0x00,0x00,0x00,0x00,0x00,0x00,0x00,0x00,0x00,0x00,
    0x00,0x00,0x00,0x00,0x00,0x00,0x00,0x00,0x00,0x00,0x00,0x00,0x00,0x00,0x00,0x00,0x00,0x00,0x00,0x00,0x00,0x00,0x00,0x00,
    0x00,0x00,0x00,0x00,0x00,0x00,0x00,0x00,0x00,0x00,0x00,0x00,0x00,0x00,0x00,0x00,0x00,0x00,0x00,0x00,0x00,0x00,0x00,0x00,
    0x00,0x00,0x00,0x00,0x00,0x00,0x00,0x00,0x00,0x00,0x00,0x00,0x00,0x00,0x00,0x00,0x00,0x00,0x00,0x00,0x00,0x00,0x00,0x00,
    0x00,0x00,0x00,0x00,0x00,0x00,0x00,0x00,0x00,0x00,0x00,0x00,0x00,0x00,0x00,0x00,0x00,0x00,0x00,0x00,0x00,0x00,0x00,0x00,
    0x00,0x00,0x00,0x00,0x00,0x00,0x00,0x00,0x00,0x00,0x00,0x00,0x00,0x00,0x00,0x00,0x00,0x00,0x00,0x00,0x00,0x00,0x00,0x00,
    0x00,0x00,0x00,0x00,0x00,0x00,0x00,0x00,0x00,0x00,0x00,0x00,0x00,0x00,0x00,0x00,0x00,0x00,0x00,0x00,0x00,0x00,0x00,0x00,
    0x00,0x00,0x00,0x00,0x00,0x00,0x00,0x00,0x00,0x00,0x00,0x00,0x00,0x00,0x00,0x00,0x00,0x00,0x00,0x00,0x00,0x00,0x00,0x00,
    0x00,0x00,0x00,0x00,0x00,0x00,0x00,0x00,0x00,0x00,0x00,0x00,0x00,0x00,0x00,0x00,0x00,0x00,0x00,0x00,0x00,0x00,0x00,0x00,
    0x00,0x00,0x00,0x00,0x00,0x00,0x00,0x00,0x00,0x00,0x00,0x00,0x00,0x00,0x00,0x00,0x00,0x00,0x00,0x00,0x00,0x00,0x00,0x00,
    0x00,0x00,0x00,0x00,0x00,0x00,0x00,0x00,0x00,0x00,0x00,0x00,0x00,0x00,0x00,0x00,0x00,0x00,0x00,0x00,0x00,0x00,0x00,0x00,
    0x00,0x00,0x00,0x00,0x00,0x00,0x00,0x00,0x00,0x00,0x00,0x00,0x00,0x00,0x00,0x00,0x00,0x00,0x00,0x00,0x00,0x00,0x00,0x00,
    0x00,0x00,0x00,0x00,0x00,0x00,0x00,0x00,0x00,0x00,0x00,0x00,0x00,0x00,0x00,0x00,0x00,0x00,0x00,0x00,0x00,0x00,0x00,0x00,
    0x00,0x00,0x00,0x00,0x00,0x00,0x00,0x00,0x00,0x00,0x00,0x00,0x00,0x00,0x00,0x00,0x00,0x00,0x00,0x00,0x00,0x00,0x00,0x00,
    0x00,0x00,0x00,0x00,0x00,0x00,0x00,0x00,0x00,0x00,0x00,0x00,0x00,0x00,0x00,0x00,0x00,0x00,0x00,0x00,0x00,0x00,0x00,0x00,
    0x00,0x00,0x00,0x00,0x00,0x00,0x00,0x00,0x00,0x00,0x00,0x00,0x00,0x00,0x00,0x00,0x00,0x00,0x00,0x00,0x00,0x00,0x00,0x00,
    0x00,0x00,0x00,0x00,0x00,0x00,0x00,0x00,0x00,0x00,0x00,0x00,0x00,0x00,0x00,0x00,0x00,0x00,0x00,0x00,0x00,0x00,0x00,0x00,
    0x00,0x00,0x00,0x00,0x00,0x00,0x00,0x00,0x00,0x00,0x00,0x00,0x00,0x00,0x00,0x00,0x00,0x00,0x00,0x00,0x00,0x00,0x00,0x00,
    0x00,0x00,0x00,0x00,0x00,0x00,0x00,0x00,0x00,0x00,0x00,0x00,0x00,0x00,0x00,0x00,0x00,0x00,0x00,0x00,0x00,0x00,0x00,0x00,
    0x00,0x00,0x00,0x00,0x00,0x00,0x00,0x00,0x00,0x00,0x00,0x00,0x00,0x00,0x00,0x00,0x00,0x00,0x00,0x00,0x00,0x00,0x00,0x00,
    0x00,0x00,0x00,0x00,0x00,0x00,0x00,0x00,0x00,0x00,0x00,0x00,0x00,0x00,0x00,0x00,0x00,0x00,0x00,0x00,0x00,0x00,0x00,0x00,
    0x00,0x00,0x00,0x00,0x00,0x00,0x00,0x00,0x00,0x00,0x00,0x00,0x00,0x00,0x00,0x00,0x00,0x00,0x00,0x00,0x00,0x00,0x00,0x00,
    0x00,0x00,0x00,0x00,0x00,0x00,0x00,0x00,0x00,0x00,0x00,0x00,0x00,0x00,0x00,0x00,0x00,0x00,0x00,0x00,0x00,0x00,0x00,0x00,
    0x00,0x00,0x00,0x00,0x00,0x00,0x00,0x00,0x00,0x00,0x00,0x00,0x00,0x00,0x00,0x00,0x00,0x00,0x00,0x00,0x00,0x00,0x00,0x00,
    0x00,0x00,0x00,0x00,0x00,0x00,0x00,0x00,0x00,0x00,0x00,0x00,0x00,0x00,0x00,0x00,0x00,0x00,0x00,0x00,0x00,0x00,0x00,0x00,
    0x00,0x00,0x00,0x00,0x00,0x00,0x00,0x00,0x00,0x00,0x00,0x00,0x00,0x00,0x00,0x00,0x00,0x00,0x00,0x00,0x00,0x00,0x00,0x00,
    0x00,0x00,0x00,0x00,0x00,0x00,0x00,0x00,0x00,0x00,0x00,0x00,0x00,0x00,0x00,0x00,0x00,0x00,0x00,0x00,0x00,0x00,0x00,0x00,
    0x00,0x00,0x00,0x00,0x00,0x00,0x00,0x00,0x00,0x00,0x00,0x00,0x00,0x00,0x00,0x00,0x00,0x00,0x00,0x00,0x00,0x00,0x00,0x00,
    0x00,0x00,0x00,0x00,0x00,0x00,0x00,0x00,0x00,0x00,0x00,0x00,0x00,0x00,0x00,0x00,0x00,0x00,0x00,0x00,0x00,0x00,0x00,0x00,
    0x00,0x00,0x00,0x00,0x00,0x00,0x00,0x00,0x00,0x00,0x00,0x00,0x00,0x00,0x00,0x00,0x00,0x00,0x00,0x00,0x00,0x00,0x00,0x00,
    0x00,0x00,0x00,0x00,0x00,0x00,0x00,0x00,0x00,0x00,0x00,0x00,0x00,0x00,0x00,0x00,0x00,0x00,0x00,0x00,0x00,0x00,0x00,0x00,
    0x00,0x00,0x00,0x00,0x00,0x00,0x00,0x00,0x00,0x00,0x00,0x00,0x00,0x00,0x00,0x00,0x00,0x00,0x00,0x00,0x00,0x00,0x00,0x00,
    0x00,0x00,0x00,0x00,0x00,0x00,0x00,0x00,0x00,0x00,0x00,0x00,0x00,0x00,0x00,0x00,0x00,0x00,0x00,0x00,0x00,0x00,0x00,0x00,
    0x00,0x00,0x00,0x00,0x00,0x00,0x00,0x00,0x00,0x00,0x00,0x00,0x00,0x00,0x00,0x00,0x00,0x00,0x00,0x00,0x00,0x00,0x00,0x00,
    0x00,0x00,0x00,0x00,0x00,0x00,0x00,0x00,0x00,0x00,0x00,0x00,0x00,0x00,0x00,0x00,0x00,0x00,0x00,0x00,0x00,0x00,0x00,0x00,
    0x00,0x00,0x00,0x00,0x00,0x00,0x00,0x00,0x00,0x00,0x00,0x00,0x00,0x00,0x00,0x00,0x00,0x00,0x00,0x00,0x00,0x00,0x00,0x00,
    0x00,0x00,0x00,0x00,0x00,0x00,0x00,0x00,0x00,0x00,0x00,0x00,0x00,0x00,0x00,0x00,0x00,0x00,0x00,0x00,0x00,0x00,0x00,0x00,
    0x00,0x00,0x00,0x00,0x00,0x00,0x00,0x00,0x00,0x00,0x00,0x00,0x00,0x00,0x00,0x00,0x00,0x00,0x00,0x00,0x00,0x00,0x00,0x00,
    0x00,0x00,0x00,0x00,0x00,0x00,0x00,0x00,0x00,0x00,0x00,0x00,0x00,0x00,0x00,0x00,0x00,0x00,0x00,0x00,0x00,0x00,0x00,0x00,
    0x00,0x00,0x00,0x00,0x00,0x00,0x00,0x00,0x00,0x00,0x00,0x00,0x00,0x00,0x00,0x00,0x00,0x00,0x00,0x00,0x00,0x00,0x00,0x00,
    0x00,0x00,0x00,0x00,0x00,0x00,0x00,0x00,0x00,0x00,0x00,0x00,0x00,0x00,0x00,0x00,0x00,0x00,0x00,0x00,0x00,0x00,0x00,0x00,
    0x00,0x00,0x00,0x00,0x00,0x00,0x00,0x00,0x00,0x00,0x00,0x00,0x00,0x00,0x00,0x00,0x00,0x00,0x00,0x00,0x00,0x00,0x00,0x00,
    0x00,0x00,0x00,0x00,0x00,0x00,0x00,0x00,0x00,0x00,0x00,0x00,0x00,0x00,0x00,0x00,0x00,0x00,0x00,0x00,0x00,0x00,0x00,0x00,
    0x00,0x00,0x00,0x00,0x00,0x00,0x00,0x00,0x00,0x00,0x00,0x00,0x00,0x00,0x00,0x00,0x00,0x00,0x00,0x00,0x00,0x00,0x00,0x00,
    0x00,0x00,0x00,0x00,0x00,0x00,0x00,0x00,0x00,0x00,0x00,0x00,0x00,0x00,0x00,0x00,0x00,0x00,0x00,0x00,0x00,0x00,0x00,0x00,
    0x00,0x00,0x00,0x00,0x00,0x00,0x00,0x00,0x00,0x00,0x00,0x00,0x00,0x00,0x00,0x00,0x00,0x00,0x00,0x00,0x00,0x00,0x00,0x00,
    0x00,0x00,0x00,0x00,0x00,0x00,0x00,0x00,0x00,0x00,0x00,0x00,0x00,0x00,0x00,0x00,0x00,0x00,0x00,0x00,0x00,0x00,0x00,0x00,
    0x00,0x00,0x00,0x00,0x00,0x00,0x00,0x00,0x00,0x00,0x00,0x00,0x00,0x00,0x00,0x00,0x00,0x00,0x00,0x00,0x00,0x00,0x00,0x00,
    0x00,0x00,0x00,0x00,0x00,0x00,0x00,0x00,0x00,0x00,0x00,0x00,0x00,0x00,0x00,0x00,0x00,0x00,0x00,0x00,0x00,0x00,0x00,0x00,
    0x00,0x00,0x00,0x00,0x00,0x00,0x00,0x00,0x00,0x00,0x00,0x00,0x00,0x00,0x00,0x00,0x00,0x00,0x00,0x00,0x00,0x00,0x00,0x00,
    0x00,0x00,0x00,0x00,0x00,0x00,0x00,0x00,0x00,0x00,0x00,0x00,0x00,0x00,0x00,0x00,0x00,0x00,0x00,0x00,0x00,0x00,0x00,0x00,
    0x00,0x00,0x00,0x00,0x00,0x00,0x00,0x00,0x00,0x00,0x00,0x00,0x00,0x00,0x00,0x00,0x00,0x00,0x00,0x00,0x00,0x00,0x00,0x00,
    0x00,0x00,0x00,0x00,0x00,0x00,0x00,0x00,0x00,0x00,0x00,0x00,0x00,0x00,0x00,0x00,0x00,0x00,0x00,0x00,0x00,0x00,0x00,0x00,
    0x00,0x00,0x00,0x00,0x00,0x00,0x00,0x00,0x00,0x00,0x00,0x00,0x00,0x00,0x00,0x00,0x00,0x00,0x00,0x00,0x00,0x00,0x00,0x00,
    0x00,0x00,0x00,0x00,0x00,0x00,0x00,0x00,0x00,0x00,0x00,0x00,0x00,0x00,0x00,0x00,0x00,0x00,0x00,0x00,0x00,0x00,0x00,0x00,
    0x00,0x00,0x00,0x00,0x00,0x00,0x00,0x00,0x00,0x00,0x00,0x00,0x00,0x00,0x00,0x00,0x00,0x00,0x00,0x00,0x00,0x00,0x00,0x00,
    0x00,0x00,0x00,0x00,0x00,0x00,0x00,0x00,0x00,0x00,0x00,0x00,0x00,0x00,0x00,0x00,0x00,0x00,0x00,0x00,0x00,0x00,0x00,0x00,
    0x00,0x00,0x00,0x00,0x00,0x00,0x00,0x00,0x00,0x00,0x00,0x00,0x00,0x00,0x00,0x00,0x00,0x00,0x00,0x00,0x00,0x00,0x00,0x00,
    0x00,0x00,0x00,0x00,0x00,0x00,0x00,0x00,0x00,0x00,0x00,0x00,0x00,0x00,0x00,0x00,0x00,0x00,0x00,0x00,0x00,0x00,0x00,0x00,
    0x00,0x00,0x00,0x00,0x00,0x00,0x00,0x00,0x00,0x00,0x00,0x00,0x00,0x00,0x00,0x00,0x00,0x00,0x00,0x00,0x00,0x00,0x00,0x00,
    0x00,0x00,0x00,0x00,0x00,0x00,0x00,0x00,0x00,0x00,0x00,0x00,0x00,0x00,0x00,0x00,0x00,0x00,0x00,0x00,0x00,0x00,0x00,0x00,
    0x00,0x00,0x00,0x00,0x00,0x00,0x00,0x00,0x00,0x00,0x00,0x00,0x00,0x00,0x00,0x00,0x00,0x00,0x00,0x00,0x00,0x00,0x00,0x00,
    0x00,0x00,0x00,0x00,0x00,0x00,0x00,0x00,0x00,0x00,0x00,0x00,0x00,0x00,0x00,0x00,0x00,0x00,0x00,0x00,0x00,0x00,0x00,0x00,
    0x00,0x00,0x00,0x00,0x00,0x00,0x00,0x00,0x00,0x00,0x00,0x00,0x00,0x00,0x00,0x00,0x00,0x00,0x00,0x00,0x00,0x00,0x00,0x00,
    0x00,0x00,0x00,0x00,0x00,0x00,0x00,0x00,0x00,0x00,0x00,0x00,0x00,0x00,0x00,0x00,0x00,0x00,0x00,0x00,0x00,0x00,0x00,0x00,
    0x00,0x00,0x00,0x00,0x00,0x00,0x00,0x00,0x00,0x00,0x00,0x00,0x00,0x00,0x00,0x00,0x00,0x00,0x00,0x00,0x00,0x00,0x00,0x00,
    0x00,0x00,0x00,0x00,0x00,0x00,0x00,0x00,0x00,0x00,0x00,0x00,0x00,0x00,0x00,0x00,0x00,0x00,0x00,0x00,0x00,0x00,0x00,0x00,
    0x00,0x00,0x00,0x00,0x00,0x00,0x00,0x00,0x00,0x00,0x00,0x00,0x00,0x00,0x00,0x00,0x00,0x00,0x00,0x00,0x00,0x00,0x00,0x00,
    0x00,0x00,0x00,0x00,0x00,0x00,0x00,0x00,0x00,0x00,0x00,0x00,0x00,0x00,0x00,0x00,0x00,0x00,0x00,0x00,0x00,0x00,0x00,0x00,
    0x00,0x00,0x00,0x00,0x00,0x00,0x00,0x00,0x00,0x00,0x00,0x00,0x00,0x00,0x00,0x00,0x00,0x00,0x00,0x00,0x00,0x00,0x00,0x00,
    0x00,0x00,0x00,0x00,0x00,0x00,0x00,0x00,0x00,0x00,0x00,0x00,0x00,0x00,0x00,0x00,0x00,0x00,0x00,0x00,0x00,0x00,0x00,0x00,
    0x00,0x00,0x00,0x00,0x00,0x00,0x00,0x00,0x00,0x00,0x00,0x00,0x00,0x00,0x00,0x00,0x00,0x00,0x00,0x00,0x00,0x00,0x00,0x00,
    0x00,0x00,0x00,0x00,0x00,0x00,0x00,0x00,0x00,0x00,0x00,0x00,0x00,0x00,0x00,0x00,0x00,0x00,0x00,0x00,0x00,0x00,0x00,0x00,
    0x00,0x00,0x00,0x00,0x00,0x00,0x00,0x00,0x00,0x00,0x00,0x00,0x00,0x00,0x00,0x00,0x00,0x00,0x00,0x00,0x00,0x00,0x00,0x00,
    0x00,0x00,0x00,0x00,0x00,0x00,0x00,0x00,0x00,0x00,0x00,0x00,0x00,0x00,0x00,0x00,0x00,0x00,0x00,0x00,0x00,0x00,0x00,0x00,
    0x00,0x00,0x00,0x00,0x00,0x00,0x00,0x00,0x00,0x00,0x00,0x00,0x00,0x00,0x00,0x00,0x00,0x00,0x00,0x00,0x00,0x00,0x00,0x00,
    0x00,0x00,0x00,0x00,0x00,0x00,0x00,0x00,0x00,0x00,0x00,0x00,0x00,0x00,0x00,0x00,0x00,0x00,0x00,0x00,0x00,0x00,0x00,0x00,
    0x00,0x00,0x00,0x00,0x00,0x00,0x00,0x00,0x00,0x00,0x00,0x00,0x00,0x00,0x00,0x00,0x00,0x00,0x00,0x00,0x00,0x00,0x00,0x00,
    0x00,0x00,0x00,0x00,0x00,0x00,0x00,0x00,0x00,0x00,0x00,0x00,0x00,0x00,0x00,0x00,0x00,0x00,0x00,0x00,0x00,0x00,0x00,0x00,
    0x00,0x00,0x00,0x00,0x00,0x00,0x00,0x00,0x00,0x00,0x00,0x00,0x00,0x00,0x00,0x00,0x00,0x00,0x00,0x00,0x00,0x00,0x00,0x00,
    0x00,0x00,0x00,0x00,0x00,0x00,0x00,0x00,0x00,0x00,0x00,0x00,0x00,0x00,0x00,0x00,0x00,0x00,0x00,0x00,0x00,0x00,0x00,0x00,
    0x00,0x00,0x00,0x00,0x00,0x00,0x00,0x00,0x00,0x00,0x00,0x00,0x00,0x00,0x00,0x00,0x00,0x00,0x00,0x00,0x00,0x00,0x00,0x00,
    0x00,0x00,0x00,0x00,0x00,0x00,0x00,0x00,0x00,0x00,0x00,0x00,0x00,0x00,0x00,0x00,0x00,0x00,0x00,0x00,0x00,0x00,0x00,0x00,
    0x00,0x00,0x00,0x00,0x00,0x00,0x00,0x00,0x00,0x00,0x00,0x00,0x00,0x00,0x00,0x00,0x00,0x00,0x00,0x00,0x00,0x00,0x00,0x00,
    0x00,0x00,0x00,0x00,0x00,0x00,0x00,0x00,0x00,0x00,0x00,0x00,0x00,0x00,0x00,0x00,0x00,0x00,0x00,0x00,0x00,0x00,0x00,0x00,
    0x00,0x00,0x00,0x00,0x00,0x00,0x00,0x00,0x00,0x00,0x00,0x00,0x00,0x00,0x00,0x00,0x00,0x00,0x00,0x00,0x00,0x00,0x00,0x00,
    0x00,0x00,0x00,0x00,0x00,0x00,0x00,0x00,0x00,0x00,0x00,0x00,0x00,0x00,0x00,0x00,0x00,0x00,0x00,0x00,0x00,0x00,0x00,0x00,
    0x00,0x00,0x00,0x00,0x00,0x00,0x00,0x00,0x00,0x00,0x00,0x00,0x00,0x00,0x00,0x00,0x00,0x00,0x00,0x00,0x00,0x00,0x00,0x00,
    0x00,0x00,0x00,0x00,0x00,0x00,0x00,0x00,0x00,0x00,0x00,0x00,0x00,0x00,0x00,0x00,0x00,0x00,0x00,0x00,0x00,0x00,0x00,0x00,
    0x00,0x00,0x00,0x00,0x00,0x00,0x00,0x00,0x00,0x00,0x00,0x00,0x00,0x00,0x00,0x00,0x00,0x00,0x00,0x00,0x00,0x00,0x00,0x00,
    0x00,0x00,0x00,0x00,0x00,0x00,0x00,0x00,0x00,0x00,0x00,0x00,0x00,0x00,0x00,0x00,0x00,0x00,0x00,0x00,0x00,0x00,0x00,0x00,
    0x00,0x00,0x00,0x00,0x00,0x00,0x00,0x00,0x00,0x00,0x00,0x00,0x00,0x00,0x00,0x00,0x00,0x00,0x00,0x00,0x00,0x00,0x00,0x00,
    0x00,0x00,0x00,0x00,0x00,0x00,0x00,0x00,0x00,0x00,0x00,0x00,0x00,0x00,0x00,0x00,0x00,0x00,0x00,0x00,0x00,0x00,0x00,0x00,
    0x00,0x00,0x00,0x00,0x00,0x00,0x00,0x00,0x00,0x00,0x00,0x00,0x00,0x00,0x00,0x00,0x00,0x00,0x00,0x00,0x00,0x00,0x00,0x00,
    0x00,0x00,0x00,0x00,0x00,0x00,0x00,0x00,0x00,0x00,0x00,0x00,0x00,0x00,0x00,0x00,0x00,0x00,0x00,0x00,0x00,0x00,0x00,0x00,
    0x00,0x00,0x00,0x00,0x00,0x00,0x00,0x00,0x00,0x00,0x00,0x00,0x00,0x00,0x00,0x00,0x00,0x00,0x00,0x00,0x00,0x00,0x00,0x00,
    0x00,0x00,0x00,0x00,0x00,0x00,0x00,0x00,0x00,0x00,0x00,0x00,0x00,0x00,0x00,0x00,0x00,0x00,0x00,0x00,0x00,0x00,0x00,0x00,
    0x00,0x00,0x00,0x00,0x00,0x00,0x00,0x00,0x00,0x00,0x00,0x00,0x00,0x00,0x00,0x00,0x00,0x00,0x00,0x00,0x00,0x00,0x00,0x00,
    0x00,0x00,0x00,0x00,0x00,0x00,0x00,0x00,0x00,0x00,0x00,0x00,0x00,0x00,0x00,0x00,0x00,0x00,0x00,0x00,0x00,0x00,0x00,0x00,
    0x00,0x00,0x00,0x00,0x00,0x00,0x00,0x00,0x00,0x00,0x00,0x00,0x00,0x00,0x00,0x00,0x00,0x00,0x00,0x00,0x00,0x00,0x00,0x00,
    0x00,0x00,0x00,0x00,0x00,0x00,0x00,0x00,0x00,0x00,0x00,0x00,0x00,0x00,0x00,0x00,0x00,0x00,0x00,0x00,0x00,0x00,0x00,0x00,
    0x00,0x00,0x00,0x00,0x00,0x00,0x00,0x00,0x00,0x00,0x00,0x00,0x00,0x00,0x00,0x00,0x00,0x00,0x00,0x00,0x00,0x00,0x00,0x00,
    0x00,0x00,0x00,0x00,0x00,0x00,0x00,0x00,0x00,0x00,0x00,0x00,0x00,0x00,0x00,0x00,0x00,0x00,0x00,0x00,0x00,0x00,0x00,0x00,
    0x00,0x00,0x00,0x00,0x00,0x00,0x00,0x00,0x00,0x00,0x00,0x00,0x00,0x00,0x00,0x00,0x00,0x00,0x00,0x00,0x00,0x00,0x00,0x00,
    0x00,0x00,0x00,0x00,0x00,0x00,0x00,0x00,0x00,0x00,0x00,0x00,0x00,0x00,0x00,0x00,0x00,0x00,0x00,0x00,0x00,0x00,0x00,0x00,
    0x00,0x00,0x00,0x00,0x00,0x00,0x00,0x00,0x00,0x00,0x00,0x00,0x00,0x00,0x00,0x00,0x00,0x00,0x00,0x00,0x00,0x00,0x00,0x00,
    0x00,0x00,0x00,0x00,0x00,0x00,0x00,0x00,0x00,0x00,0x00,0x00,0x00,0x00,0x00,0x00,0x00,0x00,0x00,0x00,0x00,0x00,0x00,0x00,
    0x00,0x00,0x00,0x00,0x00,0x00,0x00,0x00,0x00,0x00,0x00,0x00,0x00,0x00,0x00,0x00,0x00,0x00,0x00,0x00,0x00,0x00,0x00,0x00,
    0x00,0x00,0x00,0x00,0x00,0x00,0x00,0x00,0x00,0x00,0x00,0x00,0x00,0x00,0x00,0x00,0x00,0x00,0x00,0x00,0x00,0x00,0x00,0x00,
    0x00,0x00,0x00,0x00,0x00,0x00,0x00,0x00,0x00,0x00,0x00,0x00,0x00,0x00,0x00,0x00,0x00,0x00,0x00,0x00,0x00,0x00,0x00,0x00,
    0x00,0x00,0x00,0x00,0x00,0x00,0x00,0x00,0x00,0x00,0x00,0x00,0x00,0x00,0x00,0x00,0x00,0x00,0x00,0x00,0x00,0x00,0x00,0x00,
    0x00,0x00,0x00,0x00,0x00,0x00,0x00,0x00,0x00,0x00,0x00,0x00,0x00,0x00,0x00,0x00,0x00,0x00,0x00,0x00,0x00,0x00,0x00,0x00,
    0x00,0x00,0x00,0x00,0x00,0x00,0x00,0x00,0x00,0x00,0x00,0x00,0x00,0x00,0x00,0x00,0x00,0x00,0x00,0x00,0x00,0x00,0x00,0x00,
    0x00,0x00,0x00,0x00,0x00,0x00,0x00,0x00,0x00,0x00,0x00,0x00,0x00,0x00,0x00,0x00,0x00,0x00,0x00,0x00,0x00,0x00,0x00,0x00,
    0x00,0x00,0x00,0x00,0x00,0x00,0x00,0x00,0x00,0x00,0x00,0x00,0x00,0x00,0x00,0x00,0x00,0x00,0x00,0x00,0x00,0x00,0x00,0x00,
    0x00,0x00,0x00,0x00,0x00,0x00,0x00,0x00,0x00,0x00,0x00,0x00,0x00,0x00,0x00,0x00,0x00,0x00,0x00,0x00,0x00,0x00,0x00,0x00,
    0x00,0x00,0x00,0x00,0x00,0x00,0x00,0x00,0x00,0x00,0x00,0x00,0x00,0x00,0x00,0x00,0x00,0x00,0x00,0x00,0x00,0x00,0x00,0x00,
    0x00,0x00,0x00,0x00,0x00,0x00,0x00,0x00,0x00,0x00,0x00,0x00,0x00,0x00,0x00,0x00,0x00,0x00,0x00,0x00,0x00,0x00,0x00,0x00,
    0x00,0x00,0x00,0x00,0x00,0x00,0x00,0x00,0x00,0x00,0x00,0x00,0x00,0x00,0x00,0x00,0x00,0x00,0x00,0x00,0x00,0x00,0x00,0x00,
    0x00,0x00,0x00,0x00,0x00,0x00,0x00,0x00,0x00,0x00,0x00,0x00,0x00,0x00,0x00,0x00,0x00,0x00,0x00,0x00,0x00,0x00,0x00,0x00,
    0x00,0x00,0x00,0x00,0x00,0x00,0x00,0x00,0x00,0x00,0x00,0x00,0x00,0x00,0x00,0x00,0x00,0x00,0x00,0x00,0x00,0x00,0x00,0x00,
    0x00,0x00,0x00,0x00,0x00,0x00,0x00,0x00,0x00,0x00,0x00,0x00,0x00,0x00,0x00,0x00,0x00,0x00,0x00,0x00,0x00,0x00,0x00,0x00,
    0x00,0x00,0x00,0x00,0x00,0x00,0x00,0x00,0x00,0x00,0x00,0x00,0x00,0x00,0x00,0x00,0x00,0x00,0x00,0x00,0x00,0x00,0x00,0x00,
    0x00,0x00,0x00,0x00,0x00,0x00,0x00,0x00,0x00,0x00,0x00,0x00,0x00,0x00,0x00,0x00,0x00,0x00,0x00,0x00,0x00,0x00,0x00,0x00,
    0x00,0x00,0x00,0x00,0x00,0x00,0x00,0x00,0x00,0x00,0x00,0x00,0x00,0x00,0x00,0x00,0x00,0x00,0x00,0x00,0x00,0x00,0x00,0x00,
    0x00,0x00,0x00,0x00,0x00,0x00,0x00,0x00,0x00,0x00,0x00,0x00,0x00,0x00,0x00,0x00,0x00,0x00,0x00,0x00,0x00,0x00,0x00,0x00,
    0x00,0x00,0x00,0x00,0x00,0x00,0x00,0x00,0x00,0x00,0x00,0x00,0x00,0x00,0x00,0x00,0x00,0x00,0x00,0x00,0x00,0x00,0x00,0x00,
    0x00,0x00,0x00,0x00,0x00,0x00,0x00,0x00,0x00,0x00,0x00,0x00,0x00,0x00,0x00,0x00,0x00,0x00,0x00,0x00,0x00,0x00,0x00,0x00,
    0x00,0x00,0x00,0x00,0x00,0x00,0x00,0x00,0x00,0x00,0x00,0x00,0x00,0x00,0x00,0x00,0x00,0x00,0x00,0x00,0x00,0x00,0x00,0x00,
    0x00,0x00,0x00,0x00,0x00,0x00,0x00,0x00,0x00,0x00,0x00,0x00,0x00,0x00,0x00,0x00,0x00,0x00,0x00,0x00,0x00,0x00,0x00,0x00,
    0x00,0x00,0x00,0x00,0x00,0x00,0x00,0x00,0x00,0x00,0x00,0x00,0x00,0x00,0x00,0x00,0x00,0x00,0x00,0x00,0x00,0x00,0x00,0x00,
    0x00,0x00,0x00,0x00,0x00,0x00,0x00,0x00,0x00,0x00,0x00,0x00,0x00,0x00,0x00,0x00,0x00,0x00,0x00,0x00,0x00,0x00,0x00,0x00,
    0x00,0x00,0x00,0x00,0x00,0x00,0x00,0x00,0x00,0x00,0x00,0x00,0x00,0x00,0x00,0x00,0x00,0x00,0x00,0x00,0x00,0x00,0x00,0x00,
    0x00,0x00,0x00,0x00,0x00,0x00,0x00,0x00,0x00,0x00,0x00,0x00,0x00,0x00,0x00,0x00,0x00,0x00,0x00,0x00,0x00,0x00,0x00,0x00,
    0x00,0x00,0x00,0x00,0x00,0x00,0x00,0x00,0x00,0x00,0x00,0x00,0x00,0x00,0x00,0x00,0x00,0x00,0x00,0x00,0x00,0x00,0x00,0x00,
    0x00,0x00,0x00,0x00,0x00,0x00,0x00,0x00,0x00,0x00,0x00,0x00,0x00,0x00,0x00,0x00,0x00,0x00,0x00,0x00,0x00,0x00,0x00,0x00,
    0x00,0x00,0x00,0x00,0x00,0x00,0x00,0x00,0x00,0x00,0x00,0x00,0x00,0x00,0x00,0x00,0x00,0x00,0x00,0x00,0x00,0x00,0x00,0x00,
    0x00,0x00,0x00,0x00,0x00,0x00,0x00,0x00,0x00,0x00,0x00,0x00,0x00,0x00,0x00,0x00,0x00,0x00,0x00,0x00,0x00,0x00,0x00,0x00,
    0x00,0x00,0x00,0x00,0x00,0x00,0x00,0x00,0x00,0x00,0x00,0x00,0x00,0x00,0x00,0x00,0x00,0x00,0x00,0x00,0x00,0x00,0x00,0x00,
    0x00,0x00,0x00,0x00,0x00,0x00,0x00,0x00,0x00,0x00,0x00,0x00,0x00,0x00,0x00,0x00,0x00,0x00,0x00,0x00,0x00,0x00,0x00,0x00,
    0x00,0x00,0x00,0x00,0x00,0x00,0x00,0x00,0x00,0x00,0x00,0x00,0x00,0x00,0x00,0x00,0x00,0x00,0x00,0x00,0x00,0x00,0x00,0x00,
    0x00,0x00,0x00,0x00,0x00,0x00,0x00,0x00,0x00,0x00,0x00,0x00,0x00,0x00,0x00,0x00,0x00,0x00,0x00,0x00,0x00,0x00,0x00,0x00,
    0x00,0x00,0x00,0x00,0x00,0x00,0x00,0x00,0x00,0x00,0x00,0x00,0x00,0x00,0x00,0x00,0x00,0x00,0x00,0x00,0x00,0x00,0x00,0x00,
    0x00,0x00,0x00,0x00,0x00,0x00,0x00,0x00,0x00,0x00,0x00,0x00,0x00,0x00,0x00,0x00,0x00,0x00,0x00,0x00,0x00,0x00,0x00,0x00,
    0x00,0x00,0x00,0x00,0x00,0x00,0x00,0x00,0x00,0x00,0x00,0x00,0x00,0x00,0x00,0x00,0x00,0x00,0x00,0x00,0x00,0x00,0x00,0x00,
    0x00,0x00,0x00,0x00,0x00,0x00,0x00,0x00,0x00,0x00,0x00,0x00,0x00,0x00,0x00,0x00,0x00,0x00,0x00,0x00,0x00,0x00,0x00,0x00,
    0x00,0x00,0x00,0x00,0x00,0x00,0x00,0x00,0x00,0x00,0x00,0x00,0x00,0x00,0x00,0x00,0x00,0x00,0x00,0x00,0x00,0x00,0x00,0x00,
    0x00,0x00,0x00,0x00,0x00,0x00,0x00,0x00,0x00,0x00,0x00,0x00,0x00,0x00,0x00,0x00,0x00,0x00,0x00,0x00,0x00,0x00,0x00,0x00,
    0x00,0x00,0x00,0x00,0x00,0x00,0x00,0x00,0x00,0x00,0x00,0x00,0x00,0x00,0x00,0x00,0x00,0x00,0x00,0x00,0x00,0x00,0x00,0x00,
    0x00,0x00,0x00,0x00,0x00,0x00,0x00,0x00,0x00,0x00,0x00,0x00,0x00,0x00,0x00,0x00,0x00,0x00,0x00,0x00,0x00,0x00,0x00,0x00,
    0x00,0x00,0x00,0x00,0x00,0x00,0x00,0x00,0x00,0x00,0x00,0x00,0x00,0x00,0x00,0x00,0x00,0x00,0x00,0x00,0x00,0x00,0x00,0x00,
    0x00,0x00,0x00,0x00,0x00,0x00,0x00,0x00,0x00,0x00,0x00,0x00,0x00,0x00,0x00,0x00,0x00,0x00,0x00,0x00,0x00,0x00,0x00,0x00,
    0x00,0x00,0x00,0x00,0x00,0x00,0x00,0x00,0x00,0x00,0x00,0x00,0x00,0x00,0x00,0x00,0x00,0x00,0x00,0x00,0x00,0x00,0x00,0x00,
    0x00,0x00,0x00,0x00,0x00,0x00,0x00,0x00,0x00,0x00,0x00,0x00,0x00,0x00,0x00,0x00,0x00,0x00,0x00,0x00,0x00,0x00,0x00,0x00,
    0x00,0x00,0x00,0x00,0x00,0x00,0x00,0x00,0x00,0x00,0x00,0x00,0x00,0x00,0x00,0x00,0x00,0x00,0x00,0x00,0x00,0x00,0x00,0x00,
    0x00,0x00,0x00,0x00,0x00,0x00,0x00,0x00,0x00,0x00,0x00,0x00,0x00,0x00,0x00,0x00,0x00,0x00,0x00,0x00,0x00,0x00,0x00,0x00,
    0x00,0x00,0x00,0x00,0x00,0x00,0x00,0x00,0x00,0x00,0x00,0x00,0x00,0x00,0x00,0x00,0x00,0x00,0x00,0x00,0x00,0x00,0x00,0x00,
    0x00,0x00,0x00,0x00,0x00,0x00,0x00,0x00,0x00,0x00,0x00,0x00,0x00,0x00,0x00,0x00,0x00,0x00,0x00,0x00,0x00,0x00,0x00,0x00,
    0x00,0x00,0x00,0x00,0x00,0x00,0x00,0x00,0x00,0x00,0x00,0x00,0x00,0x00,0x00,0x00,0x00,0x00,0x00,0x00,0x00,0x00,0x00,0x00,
    0x00,0x00,0x00,0x00,0x00,0x00,0x00,0x00,0x00,0x00,0x00,0x00,0x00,0x00,0x00,0x00,0x00,0x00,0x00,0x00,0x00,0x00,0x00,0x00,
    0x00,0x00,0x00,0x00,0x00,0x00,0x00,0x00,0x00,0x00,0x00,0x00,0x00,0x00,0x00,0x00,0x00,0x00,0x00,0x00,0x00,0x00,0x00,0x00,
    0x00,0x00,0x00,0x00,0x00,0x00,0x00,0x00,0x00,0x00,0x00,0x00,0x00,0x00,0x00,0x00,0x00,0x00,0x00,0x00,0x00,0x00,0x00,0x00,
    0x00,0x00,0x00,0x00,0x00,0x00,0x00,0x00,0x00,0x00,0x00,0x00,0x00,0x00,0x00,0x00,0x00,0x00,0x00,0x00,0x00,0x00,0x00,0x00,
    0x00,0x00,0x00,0x00,0x00,0x00,0x00,0x00,0x00,0x00,0x00,0x00,0x00,0x00,0x00,0x00,0x00,0x00,0x00,0x00,0x00,0x00,0x00,0x00,
    0x00,0x00,0x00,0x00,0x00,0x00,0x00,0x00,0x00,0x00,0x00,0x00,0x00,0x00,0x00,0x00,0x00,0x00,0x00,0x00,0x00,0x00,0x00,0x00,
    0x00,0x00,0x00,0x00,0x00,0x00,0x00,0x00,0x00,0x00,0x00,0x00,0x00,0x00,0x00,0x00,0x00,0x00,0x00,0x00,0x00,0x00,0x00,0x00,
    0x00,0x00,0x00,0x00,0x00,0x00,0x00,0x00,0x00,0x00,0x00,0x00,0x00,0x00,0x00,0x00,0x00,0x00,0x00,0x00,0x00,0x00,0x00,0x00,
    0x00,0x00,0x00,0x00,0x00,0x00,0x00,0x00,0x00,0x00,0x00,0x00,0x00,0x00,0x00,0x00,0x00,0x00,0x00,0x00,0x00,0x00,0x00,0x00,
    0x00,0x00,0x00,0x00,0x00,0x00,0x00,0x00,0x00,0x00,0x00,0x00,0x00,0x00,0x00,0x00,0x00,0x00,0x00,0x00,0x00,0x00,0x00,0x00,
    0x00,0x00,0x00,0x00,0x00,0x00,0x00,0x00,0x00,0x00,0x00,0x00,0x00,0x00,0x00,0x00,0x00,0x00,0x00,0x00,0x00,0x00,0x00,0x00,
    0x00,0x00,0x00,0x00,0x00,0x00,0x00,0x00,0x00,0x00,0x00,0x00,0x00,0x00,0x00,0x00,0x00,0x00,0x00,0x00,0x00,0x00,0x00,0x00,
    0x00,0x00,0x00,0x00,0x00,0x00,0x00,0x00,0x00,0x00,0x00,0x00,0x00,0x00,0x00,0x00,0x00,0x00,0x00,0x00,0x00,0x00,0x00,0x00,
    0x00,0x00,0x00,0x00,0x00,0x00,0x00,0x00,0x00,0x00,0x00,0x00,0x00,0x00,0x00,0x00,0x00,0x00,0x00,0x00,0x00,0x00,0x00,0x00,
    0x00,0x00,0x00,0x00,0x00,0x00,0x00,0x00,0x00,0x00,0x00,0x00,0x00,0x00,0x00,0x00,0x00,0x00,0x00,0x00,0x00,0x00,0x00,0x00,
    0x00,0x00,0x00,0x00,0x00,0x00,0x00,0x00,0x00,0x00,0x00,0x00,0x00,0x00,0x00,0x00,0x00,0x00,0x00,0x00,0x00,0x00,0x00,0x00,
    0x00,0x00,0x00,0x00,0x00,0x00,0x00,0x00,0x00,0x00,0x00,0x00,0x00,0x00,0x00,0x00,0x00,0x00,0x00,0x00,0x00,0x00,0x00,0x00,
    0x00,0x00,0x00,0x00,0x00,0x00,0x00,0x00,0x00,0x00,0x00,0x00,0x00,0x00,0x00,0x00,0x00,0x00,0x00,0x00,0x00,0x00,0x00,0x00,
    0x00,0x00,0x00,0x00,0x00,0x00,0x00,0x00,0x00,0x00,0x00,0x00,0x00,0x00,0x00,0x00,0x00,0x00,0x00,0x00,0x00,0x00,0x00,0x00,
    0x00,0x00,0x00,0x00,0x00,0x00,0x00,0x00,0x00,0x00,0x00,0x00,0x00,0x00,0x00,0x00,0x00,0x00,0x00,0x00,0x00,0x00,0x00,0x00,
    0x00,0x00,0x00,0x00,0x00,0x00,0x00,0x00,0x00,0x00,0x00,0x00,0x00,0x00,0x00,0x00,0x00,0x00,0x00,0x00,0x00,0x00,0x00,0x00,
    0x00,0x00,0x00,0x00,0x00,0x00,0x00,0x00,0x00,0x00,0x00,0x00,0x00,0x00,0x00,0x00,0x00,0x00,0x00,0x00,0x00,0x00,0x00,0x00,
    0x00,0x00,0x00,0x00,0x00,0x00,0x00,0x00,0x00,0x00,0x00,0x00,0x00,0x00,0x00,0x00,0x00,0x00,0x00,0x00,0x00,0x00,0x00,0x00,
    0x00,0x00,0x00,0x00,0x00,0x00,0x00,0x00,0x00,0x00,0x00,0x00,0x00,0x00,0x00,0x00,0x00,0x00,0x00,0x00,0x00,0x00,0x00,0x00,
    0x00,0x00,0x00,0x00,0x00,0x00,0x00,0x00,0x00,0x00,0x00,0x00,0x00,0x00,0x00,0x00,0x00,0x00,0x00,0x00,0x00,0x00,0x00,0x00,
    0x00,0x00,0x00,0x00,0x00,0x00,0x00,0x00,0x00,0x00,0x00,0x00,0x00,0x00,0x00,0x00,0x00,0x00,0x00,0x00,0x00,0x00,0x00,0x00,
    0x00,0x00,0x00,0x00,0x00,0x00,0x00,0x00,0x00,0x00,0x00,0x00,0x00,0x00,0x00,0x00,0x00,0x00,0x00,0x00,0x00,0x00,0x00,0x00,
    0x00,0x00,0x00,0x00,0x00,0x00,0x00,0x00,0x00,0x00,0x00,0x00,0x00,0x00,0x00,0x00,0x00,0x00,0x00,0x00,0x00,0x00,0x00,0x00,
    0x00,0x00,0x00,0x00,0x00,0x00,0x00,0x00,0x00,0x00,0x00,0x00,0x00,0x00,0x00,0x00,0x00,0x00,0x00,0x00,0x00,0x00,0x00,0x00,
    0x00,0x00,0x00,0x00,0x00,0x00,0x00,0x00,0x00,0x00,0x00,0x00,0x00,0x00,0x00,0x00,0x00,0x00,0x00,0x00,0x00,0x00,0x00,0x00,
    0x00,0x00,0x00,0x00,0x00,0x00,0x00,0x00,0x00,0x00,0x00,0x00,0x00,0x00,0x00,0x00,0x00,0x00,0x00,0x00,0x00,0x00,0x00,0x00,
    0x00,0x00,0x00,0x00,0x00,0x00,0x00,0x00,0x00,0x00,0x00,0x00,0x00,0x00,0x00,0x00,0x00,0x00,0x00,0x00,0x00,0x00,0x00,0x00,
    0x00,0x00,0x00,0x00,0x00,0x00,0x00,0x00,0x00,0x00,0x00,0x00,0x00,0x00,0x00,0x00,0x00,0x00,0x00,0x00,0x00,0x00,0x00,0x00,
    0x00,0x00,0x00,0x00,0x00,0x00,0x00,0x00,0x00,0x00,0x00,0x00,0x00,0x00,0x00,0x00,0x00,0x00,0x00,0x00,0x00,0x00,0x00,0x00,
    0x00,0x00,0x00,0x00,0x00,0x00,0x00,0x00,0x00,0x00,0x00,0x00,0x00,0x00,0x00,0x00,0x00,0x00,0x00,0x00,0x00,0x00,0x00,0x00,
    0x00,0x00,0x00,0x00,0x00,0x00,0x00,0x00,0x00,0x00,0x00,0x00,0x00,0x00,0x00,0x00,0x00,0x00,0x00,0x00,0x00,0x00,0x00,0x00,
    0x00,0x00,0x00,0x00,0x00,0x00,0x00,0x00,0x00,0x00,0x00,0x00,0x00,0x00,0x00,0x00,0x00,0x00,0x00,0x00,0x00,0x00,0x00,0x00,
    0x00,0x00,0x00,0x00,0x00,0x00,0x00,0x00,0x00,0x00,0x00,0x00,0x00,0x00,0x00,0x00,0x00,0x00,0x00,0x00,0x00,0x00,0x00,0x00,
    0x00,0x00,0x00,0x00,0x00,0x00,0x00,0x00,0x00,0x00,0x00,0x00,0x00,0x00,0x00,0x00,0x00,0x00,0x00,0x00,0x00,0x00,0x00,0x00,
    0x00,0x00,0x00,0x00,0x00,0x00,0x00,0x00,0x00,0x00,0x00,0x00,0x00,0x00,0x00,0x00,0x00,0x00,0x00,0x00,0x00,0x00,0x00,0x00,
    0x00,0x00,0x00,0x00,0x00,0x00,0x00,0x00,0x00,0x00,0x00,0x00,0x00,0x00,0x00,0x00,0x00,0x00,0x00,0x00,0x00,0x00,0x00,0x00,
    0x00,0x00,0x00,0x00,0x00,0x00,0x00,0x00,0x00,0x00,0x00,0x00,0x00,0x00,0x00,0x00,0x00,0x00,0x00,0x00,0x00,0x00,0x00,0x00,
    0x00,0x00,0x00,0x00,0x00,0x00,0x00,0x00,0x00,0x00,0x00,0x00,0x00,0x00,0x00,0x00,0x00,0x00,0x00,0x00,0x00,0x00,0x00,0x00,
    0x00,0x00,0x00,0x00,0x00,0x00,0x00,0x00,0x00,0x00,0x00,0x00,0x00,0x00,0x00,0x00,0x00,0x00,0x00,0x00,0x00,0x00,0x00,0x00,
    0x00,0x00,0x00,0x00,0x00,0x00,0x00,0x00,0x00,0x00,0x00,0x00,0x00,0x00,0x00,0x00,0x00,0x00,0x00,0x00,0x00,0x00,0x00,0x00,
    0x00,0x00,0x00,0x00,0x00,0x00,0x00,0x00,0x00,0x00,0x00,0x00,0x00,0x00,0x00,0x00,0x00,0x00,0x00,0x00,0x00,0x00,0x00,0x00,
    0x00,0x00,0x00,0x00,0x00,0x00,0x00,0x00,0x00,0x00,0x00,0x00,0x00,0x00,0x00,0x00,0x00,0x00,0x00,0x00,0x00,0x00,0x00,0x00,
    0x00,0x00,0x00,0x00,0x00,0x00,0x00,0x00,0x00,0x00,0x00,0x00,0x00,0x00,0x00,0x00,0x00,0x00,0x00,0x00,0x00,0x00,0x00,0x00,
    0x00,0x00,0x00,0x00,0x00,0x00,0x00,0x00,0x00,0x00,0x00,0x00,0x00,0x00,0x00,0x00,0x00,0x00,0x00,0x00,0x00,0x00,0x00,0x00,
    0x00,0x00,0x00,0x00,0x00,0x00,0x00,0x00,0x00,0x00,0x00,0x00,0x00,0x00,0x00,0x00,0x00,0x00,0x00,0x00,0x00,0x00,0x00,0x00,
    0x00,0x00,0x00,0x00,0x00,0x00,0x00,0x00,0x00,0x00,0x00,0x00,0x00,0x00,0x00,0x00,0x00,0x00,0x00,0x00,0x00,0x00,0x00,0x00,
    0x00,0x00,0x00,0x00,0x00,0x00,0x00,0x00,0x00,0x00,0x00,0x00,0x00,0x00,0x00,0x00,0x00,0x00,0x00,0x00,0x00,0x00,0x00,0x00,
    0x00,0x00,0x00,0x00,0x00,0x00,0x00,0x00,0x00,0x00,0x00,0x00,0x00,0x00,0x00,0x00,0x00,0x00,0x00,0x00,0x00,0x00,0x00,0x00,
    0x00,0x00,0x00,0x00,0x00,0x00,0x00,0x00,0x00,0x00,0x00,0x00,0x00,0x00,0x00,0x00,0x00,0x00,0x00,0x00,0x00,0x00,0x00,0x00,
    0x00,0x00,0x00,0x00,0x00,0x00,0x00,0x00,0x00,0x00,0x00,0x00,0x00,0x00,0x00,0x00,0x00,0x00,0x00,0x00,0x00,0x00,0x00,0x00,
    0x00,0x00,0x00,0x00,0x00,0x00,0x00,0x00,0x00,0x00,0x00,0x00,0x00,0x00,0x00,0x00,0x00,0x00,0x00,0x00,0x00,0x00,0x00,0x00,
    0x00,0x00,0x00,0x00,0x00,0x00,0x00,0x00,0x00,0x00,0x00,0x00,0x00,0x00,0x00,0x00,0x00,0x00,0x00,0x00,0x00,0x00,0x00,0x00,
    0x00,0x00,0x00,0x00,0x00,0x00,0x00,0x00,0x00,0x00,0x00,0x00,0x00,0x00,0x00,0x00,0x00,0x00,0x00,0x00,0x00,0x00,0x00,0x00,
    0x00,0x00,0x00,0x00,0x00,0x00,0x00,0x00,0x00,0x00,0x00,0x00,0x00,0x00,0x00,0x00,0x00,0x00,0x00,0x00,0x00,0x00,0x00,0x00,
    0x00,0x00,0x00,0x00,0x00,0x00,0x00,0x00,0x00,0x00,0x00,0x00,0x00,0x00,0x00,0x00,0x00,0x00,0x00,0x00,0x00,0x00,0x00,0x00,
    0x00,0x00,0x00,0x00,0x00,0x00,0x00,0x00,0x00,0x00,0x00,0x00,0x00,0x00,0x00,0x00,0x00,0x00,0x00,0x00,0x00,0x00,0x00,0x00,
    0x00,0x00,0x00,0x00,0x00,0x00,0x00,0x00,0x00,0x00,0x00,0x00,0x00,0x00,0x00,0x00,0x00,0x00,0x00,0x00,0x00,0x00,0x00,0x00,
    0x00,0x00,0x00,0x00,0x00,0x00,0x00,0x00,0x00,0x00,0x00,0x00,0x00,0x00,0x00,0x00,0x00,0x00,0x00,0x00,0x00,0x00,0x00,0x00,
    0x00,0x00,0x00,0x00,0x00,0x00,0x00,0x00,0x00,0x00,0x00,0x00,0x00,0x00,0x00,0x00,0x00,0x00,0x00,0x00,0x00,0x00,0x00,0x00,
    0x00,0x00,0x00,0x00,0x00,0x00,0x00,0x00,0x00,0x00,0x00,0x00,0x00,0x00,0x00,0x00,0x00,0x00,0x00,0x00,0x00,0x00,0x00,0x00,
    0x00,0x00,0x00,0x00,0x00,0x00,0x00,0x00,0x00,0x00,0x00,0x00,0x00,0x00,0x00,0x00,0x00,0x00,0x00,0x00,0x00,0x00,0x00,0x00,
    0x00,0x00,0x00,0x00,0x00,0x00,0x00,0x00,0x00,0x00,0x00,0x00,0x00,0x00,0x00,0x00,0x00,0x00,0x00,0x00,0x00,0x00,0x00,0x00,
    0x00,0x00,0x00,0x00,0x00,0x00,0x00,0x00,0x00,0x00,0x00,0x00,0x00,0x00,0x00,0x00,0x00,0x00,0x00,0x00,0x00,0x00,0x00,0x00,
    0x00,0x00,0x00,0x00,0x00,0x00,0x00,0x00,0x00,0x00,0x00,0x00,0x00,0x00,0x00,0x00,0x00,0x00,0x00,0x00,0x00,0x00,0x00,0x00,
    0x00,0x00,0x00,0x00,0x00,0x00,0x00,0x00,0x00,0x00,0x00,0x00,0x00,0x00,0x00,0x00,0x00,0x00,0x00,0x00,0x00,0x00,0x00,0x00,
    0x00,0x00,0x00,0x00,0x00,0x00,0x00,0x00,0x00,0x00,0x00,0x00,0x00,0x00,0x00,0x00,0x00,0x00,0x00,0x00,0x00,0x00,0x00,0x00,
    0x00,0x00,0x00,0x00,0x00,0x00,0x00,0x00,0x00,0x00,0x00,0x00,0x00,0x00,0x00,0x00,0x00,0x00,0x00,0x00,0x00,0x00,0x00,0x00,
    0x00,0x00,0x00,0x00,0x00,0x00,0x00,0x00,0x00,0x00,0x00,0x00,0x00,0x00,0x00,0x00,0x00,0x00,0x00,0x00,0x00,0x00,0x00,0x00,
    0x00,0x00,0x00,0x00,0x00,0x00,0x00,0x00,0x00,0x00,0x00,0x00,0x00,0x00,0x00,0x00,0x00,0x00,0x00,0x00,0x00,0x00,0x00,0x00,
    0x00,0x00,0x00,0x00,0x00,0x00,0x00,0x00,0x00,0x00,0x00,0x00,0x00,0x00,0x00,0x00,0x00,0x00,0x00,0x00,0x00,0x00,0x00,0x00,
    0x00,0x00,0x00,0x00,0x00,0x00,0x00,0x00,0x00,0x00,0x00,0x00,0x00,0x00,0x00,0x00,0x00,0x00,0x00,0x00,0x00,0x00,0x00,0x00,
    0x00,0x00,0x00,0x00,0x00,0x00,0x00,0x00,0x00,0x00,0x00,0x00,0x00,0x00,0x00,0x00,0x00,0x00,0x00,0x00,0x00,0x00,0x00,0x00,
    0x00,0x00,0x00,0x00,0x00,0x00,0x00,0x00,0x00,0x00,0x00,0x00,0x00,0x00,0x00,0x00,0x00,0x00,0x00,0x00,0x00,0x00,0x00,0x00,
    0x00,0x00,0x00,0x00,0x00,0x00,0x00,0x00,0x00,0x00,0x00,0x00,0x00,0x00,0x00,0x00,0x00,0x00,0x00,0x00,0x00,0x00,0x00,0x00,
    0x00,0x00,0x00,0x00,0x00,0x00,0x00,0x00,0x00,0x00,0x00,0x00,0x00,0x00,0x00,0x00,0x00,0x00,0x00,0x00,0x00,0x00,0x00,0x00,
    0x00,0x00,0x00,0x00,0x00,0x00,0x00,0x00,0x00,0x00,0x00,0x00,0x00,0x00,0x00,0x00,0x00,0x00,0x00,0x00,0x00,0x00,0x00,0x00,
    0x00,0x00,0x00,0x00,0x00,0x00,0x00,0x00,0x00,0x00,0x00,0x00,0x00,0x00,0x00,0x00,0x00,0x00,0x00,0x00,0x00,0x00,0x00,0x00,
    0x00,0x00,0x00,0x00,0x00,0x00,0x00,0x00,0x00,0x00,0x00,0x00,0x00,0x00,0x00,0x00,0x00,0x00,0x00,0x00,0x00,0x00,0x00,0x00,
    0x00,0x00,0x00,0x00,0x00,0x00,0x00,0x00,0x00,0x00,0x00,0x00,0x00,0x00,0x00,0x00,0x00,0x00,0x00,0x00,0x00,0x00,0x00,0x00,
    0x00,0x00,0x00,0x00,0x00,0x00,0x00,0x00,0x00,0x00,0x00,0x00,0x00,0x00,0x00,0x00,0x00,0x00,0x00,0x00,0x00,0x00,0x00,0x00,
    0x00,0x00,0x00,0x00,0x00,0x00,0x00,0x00,0x00,0x00,0x00,0x00,0x00,0x00,0x00,0x00,0x00,0x00,0x00,0x00,0x00,0x00,0x00,0x00,
    0x00,0x00,0x00,0x00,0x00,0x00,0x00,0x00,0x00,0x00,0x00,0x00,0x00,0x00,0x00,0x00,0x00,0x00,0x00,0x00,0x00,0x00,0x00,0x00,
    0x00,0x00,0x00,0x00,0x00,0x00,0x00,0x00,0x00,0x00,0x00,0x00,0x00,0x00,0x00,0x00,0x00,0x00,0x00,0x00,0x00,0x00,0x00,0x00,
    0x00,0x00,0x00,0x00,0x00,0x00,0x00,0x00,0x00,0x00,0x00,0x00,0x00,0x00,0x00,0x00,0x00,0x00,0x00,0x00,0x00,0x00,0x00,0x00,
    0x00,0x00,0x00,0x00,0x00,0x00,0x00,0x00,0x00,0x00,0x00,0x00,0x00,0x00,0x00,0x00,0x00,0x00,0x00,0x00,0x00,0x00,0x00,0x00,
    0x00,0x00,0x00,0x00,0x00,0x00,0x00,0x00,0x00,0x00,0x00,0x00,0x00,0x00,0x00,0x00,0x00,0x00,0x00,0x00,0x00,0x00,0x00,0x00,
    0x00,0x00,0x00,0x00,0x00,0x00,0x00,0x00,0x00,0x00,0x00,0x00,0x00,0x00,0x00,0x00,0x00,0x00,0x00,0x00,0x00,0x00,0x00,0x00,
    0x00,0x00,0x00,0x00,0x00,0x00,0x00,0x00,0x00,0x00,0x00,0x00,0x00,0x00,0x00,0x00,0x00,0x00,0x00,0x00,0x00,0x00,0x00,0x00,
    0x00,0x00,0x00,0x00,0x00,0x00,0x00,0x00,0x00,0x00,0x00,0x00,0x00,0x00,0x00,0x00,0x00,0x00,0x00,0x00,0x00,0x00,0x00,0x00,
    0x00,0x00,0x00,0x00,0x00,0x00,0x00,0x00,0x00,0x00,0x00,0x00,0x00,0x00,0x00,0x00,0x00,0x00,0x00,0x00,0x00,0x00,0x00,0x00,
    0x00,0x00,0x00,0x00,0x00,0x00,0x00,0x00,0x00,0x00,0x00,0x00,0x00,0x00,0x00,0x00,0x00,0x00,0x00,0x00,0x00,0x00,0x00,0x00,
    0x00,0x00,0x00,0x00,0x00,0x00,0x00,0x00,0x00,0x00,0x00,0x00,0x00,0x00,0x00,0x00,0x00,0x00,0x00,0x00,0x00,0x00,0x00,0x00,
    0x00,0x00,0x00,0x00,0x00,0x00,0x00,0x00,0x00,0x00,0x00,0x00,0x00,0x00,0x00,0x00,0x00,0x00,0x00,0x00,0x00,0x00,0x00,0x00,
    0x00,0x00,0x00,0x00,0x00,0x00,0x00,0x00,0x00,0x00,0x00,0x00,0x00,0x00,0x00,0x00,0x00,0x00,0x00,0x00,0x00,0x00,0x00,0x00,
    0x00,0x00,0x00,0x00,0x00,0x00,0x00,0x00,0x00,0x00,0x00,0x00,0x00,0x00,0x00,0x00,0x00,0x00,0x00,0x00,0x00,0x00,0x00,0x00,
    0x00,0x00,0x00,0x00,0x00,0x00,0x00,0x00,0x00,0x00,0x00,0x00,0x00,0x00,0x00,0x00,0x00,0x00,0x00,0x00,0x00,0x00,0x00,0x00,
    0x00,0x00,0x00,0x00,0x00,0x00,0x00,0x00,0x00,0x00,0x00,0x00,0x00,0x00,0x00,0x00,0x00,0x00,0x00,0x00,0x00,0x00,0x00,0x00,
    0x00,0x00,0x00,0x00,0x00,0x00,0x00,0x00,0x00,0x00,0x00,0x00,0x00,0x00,0x00,0x00,0x00,0x00,0x00,0x00,0x00,0x00,0x00,0x00,
    0x00,0x00,0x00,0x00,0x00,0x00,0x00,0x00,0x00,0x00,0x00,0x00,0x00,0x00,0x00,0x00,0x00,0x00,0x00,0x00,0x00,0x00,0x00,0x00,
    0x00,0x00,0x00,0x00,0x00,0x00,0x00,0x00,0x00,0x00,0x00,0x00,0x00,0x00,0x00,0x00,0x00,0x00,0x00,0x00,0x00,0x00,0x00,0x00,
    0x00,0x00,0x00,0x00,0x00,0x00,0x00,0x00,0x00,0x00,0x00,0x00,0x00,0x00,0x00,0x00,0x00,0x00,0x00,0x00,0x00,0x00,0x00,0x00,
    0x00,0x00,0x00,0x00,0x00,0x00,0x00,0x00,0x00,0x00,0x00,0x00,0x00,0x00,0x00,0x00,0x00,0x00,0x00,0x00,0x00,0x00,0x00,0x00,
    0x00,0x00,0x00,0x00,0x00,0x00,0x00,0x00,0x00,0x00,0x00,0x00,0x00,0x00,0x00,0x00,0x00,0x00,0x00,0x00,0x00,0x00,0x00,0x00,
    0x00,0x00,0x00,0x00,0x00,0x00,0x00,0x00,0x00,0x00,0x00,0x00,0x00,0x00,0x00,0x00,0x00,0x00,0x00,0x00,0x00,0x00,0x00,0x00,
    0x00,0x00,0x00,0x00,0x00,0x00,0x00,0x00,0x00,0x00,0x00,0x00,0x00,0x00,0x00,0x00,0x00,0x00,0x00,0x00,0x00,0x00,0x00,0x00,
    0x00,0x00,0x00,0x00,0x00,0x00,0x00,0x00,0x00,0x00,0x00,0x00,0x00,0x00,0x00,0x00,0x00,0x00,0x00,0x00,0x00,0x00,0x00,0x00,
    0x00,0x00,0x00,0x00,0x00,0x00,0x00,0x00,0x00,0x00,0x00,0x00,0x00,0x00,0x00,0x00,0x00,0x00,0x00,0x00,0x00,0x00,0x00,0x00,
    0x00,0x00,0x00,0x00,0x00,0x00,0x00,0x00,0x00,0x00,0x00,0x00,0x00,0x00,0x00,0x00,0x00,0x00,0x00,0x00,0x00,0x00,0x00,0x00,
    0x00,0x00,0x00,0x00,0x00,0x00,0x00,0x00,0x00,0x00,0x00,0x00,0x00,0x00,0x00,0x00,0x00,0x00,0x00,0x00,0x00,0x00,0x00,0x00,
    0x00,0x00,0x00,0x00,0x00,0x00,0x00,0x00,0x00,0x00,0x00,0x00,0x00,0x00,0x00,0x00,0x00,0x00,0x00,0x00,0x00,0x00,0x00,0x00,
    0x00,0x00,0x00,0x00,0x00,0x00,0x00,0x00,0x00,0x00,0x00,0x00,0x00,0x00,0x00,0x00,0x00,0x00,0x00,0x00,0x00,0x00,0x00,0x00,
    0x00,0x00,0x00,0x00,0x00,0x00,0x00,0x00,0x00,0x00,0x00,0x00,0x00,0x00,0x00,0x00,0x00,0x00,0x00,0x00,0x00,0x00,0x00,0x00,
    0x00,0x00,0x00,0x00,0x00,0x00,0x00,0x00,0x00,0x00,0x00,0x00,0x00,0x00,0x00,0x00,0x00,0x00,0x00,0x00,0x00,0x00,0x00,0x00,
    0x00,0x00,0x00,0x00,0x00,0x00,0x00,0x00,0x00,0x00,0x00,0x00,0x00,0x00,0x00,0x00,0x00,0x00,0x00,0x00,0x00,0x00,0x00,0x00,
    0x00,0x00,0x00,0x00,0x00,0x00,0x00,0x00,0x00,0x00,0x00,0x00,0x00,0x00,0x00,0x00,0x00,0x00,0x00,0x00,0x00,0x00,0x00,0x00,
    0x00,0x00,0x00,0x00,0x00,0x00,0x00,0x00,0x00,0x00,0x00,0x00,0x00,0x00,0x00,0x00,0x00,0x00,0x00,0x00,0x00,0x00,0x00,0x00,
    0x00,0x00,0x00,0x00,0x00,0x00,0x00,0x00,0x00,0x00,0x00,0x00,0x00,0x00,0x00,0x00,0x00,0x00,0x00,0x00,0x00,0x00,0x00,0x00,
    0x00,0x00,0x00,0x00,0x00,0x00,0x00,0x00,0x00,0x00,0x00,0x00,0x00,0x00,0x00,0x00,0x00,0x00,0x00,0x00,0x00,0x00,0x00,0x00,
    0x00,0x00,0x00,0x00,0x00,0x00,0x00,0x00,0x00,0x00,0x00,0x00,0x00,0x00,0x00,0x00,0x00,0x00,0x00,0x00,0x00,0x00,0x00,0x00,
    0x00,0x00,0x00,0x00,0x00,0x00,0x00,0x00,0x00,0x00,0x00,0x00,0x00,0x00,0x00,0x00,0x00,0x00,0x00,0x00,0x00,0x00,0x00,0x00,
    0x00,0x00,0x00,0x00,0x00,0x00,0x00,0x00,0x00,0x00,0x00,0x00,0x00,0x00,0x00,0x00,0x00,0x00,0x00,0x00,0x00,0x00,0x00,0x00,
    0x00,0x00,0x00,0x00,0x00,0x00,0x00,0x00,0x00,0x00,0x00,0x00,0x00,0x00,0x00,0x00,0x00,0x00,0x00,0x00,0x00,0x00,0x00,0x00,
    0x00,0x00,0x00,0x00,0x00,0x00,0x00,0x00,0x00,0x00,0x00,0x00,0x00,0x00,0x00,0x00,0x00,0x00,0x00,0x00,0x00,0x00,0x00,0x00,
    0x00,0x00,0x00,0x00,0x00,0x00,0x00,0x00,0x00,0x00,0x00,0x00,0x00,0x00,0x00,0x00,0x00,0x00,0x00,0x00,0x00,0x00,0x00,0x00,
    0x00,0x00,0x00,0x00,0x00,0x00,0x00,0x00,0x00,0x00,0x00,0x00,0x00,0x00,0x00,0x00,0x00,0x00,0x00,0x00,0x00,0x00,0x00,0x00,
    0x00,0x00,0x00,0x00,0x00,0x00,0x00,0x00,0x00,0x00,0x00,0x00,0x00,0x00,0x00,0x00,0x00,0x00,0x00,0x00,0x00,0x00,0x00,0x00,
    0x00,0x00,0x00,0x00,0x00,0x00,0x00,0x00,0x00,0x00,0x00,0x00,0x00,0x00,0x00,0x00,0x00,0x00,0x00,0x00,0x00,0x00,0x00,0x00,
    0x00,0x00,0x00,0x00,0x00,0x00,0x00,0x00,0x00,0x00,0x00,0x00,0x00,0x00,0x00,0x00,0x00,0x00,0x00,0x00,0x00,0x00,0x00,0x00,
    0x00,0x00,0x00,0x00,0x00,0x00,0x00,0x00,0x00,0x00,0x00,0x00,0x00,0x00,0x00,0x00,0x00,0x00,0x00,0x00,0x00,0x00,0x00,0x00,
    0x00,0x00,0x00,0x00,0x00,0x00,0x00,0x00,0x00,0x00,0x00,0x00,0x00,0x00,0x00,0x00,0x00,0x00,0x00,0x00,0x00,0x00,0x00,0x00,
    0x00,0x00,0x00,0x00,0x00,0x00,0x00,0x00,0x00,0x00,0x00,0x00,0x00,0x00,0x00,0x00,0x00,0x00,0x00,0x00,0x00,0x00,0x00,0x00,
    0x00,0x00,0x00,0x00,0x00,0x00,0x00,0x00,0x00,0x00,0x00,0x00,0x00,0x00,0x00,0x00,0x00,0x00,0x00,0x00,0x00,0x00,0x00,0x00,
    0x00,0x00,0x00,0x00,0x00,0x00,0x00,0x00,0x00,0x00,0x00,0x00,0x00,0x00,0x00,0x00,0x00,0x00,0x00,0x00,0x00,0x00,0x00,0x00,
    0x00,0x00,0x00,0x00,0x00,0x00,0x00,0x00,0x00,0x00,0x00,0x00,0x00,0x00,0x00,0x00,0x00,0x00,0x00,0x00,0x00,0x00,0x00,0x00,
    0x00,0x00,0x00,0x00,0x00,0x00,0x00,0x00,0x00,0x00,0x00,0x00,0x00,0x00,0x00,0x00,0x00,0x00,0x00,0x00,0x00,0x00,0x00,0x00,
    0x00,0x00,0x00,0x00,0x00,0x00,0x00,0x00,0x00,0x00,0x00,0x00,0x00,0x00,0x00,0x00,0x00,0x00,0x00,0x00,0x00,0x00,0x00,0x00,
    0x00,0x00,0x00,0x00,0x00,0x00,0x00,0x00,0x00,0x00,0x00,0x00,0x00,0x00,0x00,0x00,0x00,0x00,0x00,0x00,0x00,0x00,0x00,0x00,
    0x00,0x00,0x00,0x00,0x00,0x00,0x00,0x00,0x00,0x00,0x00,0x00,0x00,0x00,0x00,0x00,0x00,0x00,0x00,0x00,0x00,0x00,0x00,0x00,
    0x00,0x00,0x00,0x00,0x00,0x00,0x00,0x00,0x00,0x00,0x00,0x00,0x00,0x00,0x00,0x00,0x00,0x00,0x00,0x00,0x00,0x00,0x00,0x00,
    0x00,0x00,0x00,0x00,0x00,0x00,0x00,0x00,0x00,0x00,0x00,0x00,0x00,0x00,0x00,0x00,0x00,0x00,0x00,0x00,0x00,0x00,0x00,0x00,
    0x00,0x00,0x00,0x00,0x00,0x00,0x00,0x00,0x00,0x00,0x00,0x00,0x00,0x00,0x00,0x00,0x00,0x00,0x00,0x00,0x00,0x00,0x00,0x00,
    0x00,0x00,0x00,0x00,0x00,0x00,0x00,0x00,0x00,0x00,0x00,0x00,0x00,0x00,0x00,0x00,0x00,0x00,0x00,0x00,0x00,0x00,0x00,0x00,
    0x00,0x00,0x00,0x00,0x00,0x00,0x00,0x00,0x00,0x00,0x00,0x00,0x00,0x00,0x00,0x00,0x00,0x00,0x00,0x00,0x00,0x00,0x00,0x00,
    0x00,0x00,0x00,0x00,0x00,0x00,0x00,0x00,0x00,0x00,0x00,0x00,0x00,0x00,0x00,0x00,0x00,0x00,0x00,0x00,0x00,0x00,0x00,0x00,
    0x00,0x00,0x00,0x00,0x00,0x00,0x00,0x00,0x00,0x00,0x00,0x00,0x00,0x00,0x00,0x00,0x00,0x00,0x00,0x00,0x00,0x00,0x00,0x00,
    0x00,0x00,0x00,0x00,0x00,0x00,0x00,0x00,0x00,0x00,0x00,0x00,0x00,0x00,0x00,0x00,0x00,0x00,0x00,0x00,0x00,0x00,0x00,0x00,
    0x00,0x00,0x00,0x00,0x00,0x00,0x00,0x00,0x00,0x00,0x00,0x00,0x00,0x00,0x00,0x00,0x00,0x00,0x00,0x00,0x00,0x00,0x00,0x00,
    0x00,0x00,0x00,0x00,0x00,0x00,0x00,0x00,0x00,0x00,0x00,0x00,0x00,0x00,0x00,0x00,0x00,0x00,0x00,0x00,0x00,0x00,0x00,0x00,
    0x00,0x00,0x00,0x00,0x00,0x00,0x00,0x00,0x00,0x00,0x00,0x00,0x00,0x00,0x00,0x00,0x00,0x00,0x00,0x00,0x00,0x00,0x00,0x00,
    0x00,0x00,0x00,0x00,0x00,0x00,0x00,0x00,0x00,0x00,0x00,0x00,0x00,0x00,0x00,0x00,0x00,0x00,0x00,0x00,0x00,0x00,0x00,0x00,
    0x00,0x00,0x00,0x00,0x00,0x00,0x00,0x00,0x00,0x00,0x00,0x00,0x00,0x00,0x00,0x00,0x00,0x00,0x00,0x00,0x00,0x00,0x00,0x00,
    0x00,0x00,0x00,0x00,0x00,0x00,0x00,0x00,0x00,0x00,0x00,0x00,0x00,0x00,0x00,0x00,0x00,0x00,0x00,0x00,0x00,0x00,0x00,0x00,
    0x00,0x00,0x00,0x00,0x00,0x00,0x00,0x00,0x00,0x00,0x00,0x00,0x00,0x00,0x00,0x00,0x00,0x00,0x00,0x00,0x00,0x00,0x00,0x00,
    0x00,0x00,0x00,0x00,0x00,0x00,0x00,0x00,0x00,0x00,0x00,0x00,0x00,0x00,0x00,0x00,0x00,0x00,0x00,0x00,0x00,0x00,0x00,0x00,
    0x00,0x00,0x00,0x00,0x00,0x00,0x00,0x00,0x00,0x00,0x00,0x00,0x00,0x00,0x00,0x00,0x00,0x00,0x00,0x00,0x00,0x00,0x00,0x00,
    0x00,0x00,0x00,0x00,0x00,0x00,0x00,0x00,0x00,0x00,0x00,0x00,0x00,0x00,0x00,0x00,0x00,0x00,0x00,0x00,0x00,0x00,0x00,0x00,
    0x00,0x00,0x00,0x00,0x00,0x00,0x00,0x00,0x00,0x00,0x00,0x00,0x00,0x00,0x00,0x00,0x00,0x00,0x00,0x00,0x00,0x00,0x00,0x00,
    0x00,0x00,0x00,0x00,0x00,0x00,0x00,0x00,0x00,0x00,0x00,0x00,0x00,0x00,0x00,0x00,0x00,0x00,0x00,0x00,0x00,0x00,0x00,0x00,
    0x00,0x00,0x00,0x00,0x00,0x00,0x00,0x00,0x00,0x00,0x00,0x00,0x00,0x00,0x00,0x00,0x00,0x00,0x00,0x00,0x00,0x00,0x00,0x00,
    0x00,0x00,0x00,0x00,0x00,0x00,0x00,0x00,0x00,0x00,0x00,0x00,0x00,0x00,0x00,0x00,0x00,0x00,0x00,0x00,0x00,0x00,0x00,0x00,
    0x00,0x00,0x00,0x00,0x00,0x00,0x00,0x00,0x00,0x00,0x00,0x00,0x00,0x00,0x00,0x00,0x00,0x00,0x00,0x00,0x00,0x00,0x00,0x00,
    0x00,0x00,0x00,0x00,0x00,0x00,0x00,0x00,0x00,0x00,0x00,0x00,0x00,0x00,0x00,0x00,0x00,0x00,0x00,0x00,0x00,0x00,0x00,0x00,
    0x00,0x00,0x00,0x00,0x00,0x00,0x00,0x00,0x00,0x00,0x00,0x00,0x00,0x00,0x00,0x00,0x00,0x00,0x00,0x00,0x00,0x00,0x00,0x00,
    0x00,0x00,0x00,0x00,0x00,0x00,0x00,0x00,0x00,0x00,0x00,0x00,0x00,0x00,0x00,0x00,0x00,0x00,0x00,0x00,0x00,0x00,0x00,0x00,
    0x00,0x00,0x00,0x00,0x00,0x00,0x00,0x00,0x00,0x00,0x00,0x00,0x00,0x00,0x00,0x00,0x00,0x00,0x00,0x00,0x00,0x00,0x00,0x00,
    0x00,0x00,0x00,0x00,0x00,0x00,0x00,0x00,0x00,0x00,0x00,0x00,0x00,0x00,0x00,0x00,0x00,0x00,0x00,0x00,0x00,0x00,0x00,0x00,
    0x00,0x00,0x00,0x00,0x00,0x00,0x00,0x00,0x00,0x00,0x00,0x00,0x00,0x00,0x00,0x00,0x00,0x00,0x00,0x00,0x00,0x00,0x00,0x00,
    0x00,0x00,0x00,0x00,0x00,0x00,0x00,0x00,0x00,0x00,0x00,0x00,0x00,0x00,0x00,0x00,0x00,0x00,0x00,0x00,0x00,0x00,0x00,0x00,
    0x00,0x00,0x00,0x00,0x00,0x00,0x00,0x00,0x00,0x00,0x00,0x00,0x00,0x00,0x00,0x00,0x00,0x00,0x00,0x00,0x00,0x00,0x00,0x00,
    0x00,0x00,0x00,0x00,0x00,0x00,0x00,0x00,0x00,0x00,0x00,0x00,0x00,0x00,0x00,0x00,0x00,0x00,0x00,0x00,0x00,0x00,0x00,0x00,
    0x00,0x00,0x00,0x00,0x00,0x00,0x00,0x00,0x00,0x00,0x00,0x00,0x00,0x00,0x00,0x00,0x00,0x00,0x00,0x00,0x00,0x00,0x00,0x00,
    0x00,0x00,0x00,0x00,0x00,0x00,0x00,0x00,0x00,0x00,0x00,0x00,0x00,0x00,0x00,0x00,0x00,0x00,0x00,0x00,0x00,0x00,0x00,0x00,
    0x00,0x00,0x00,0x00,0x00,0x00,0x00,0x00,0x00,0x00,0x00,0x00,0x00,0x00,0x00,0x00,0x00,0x00,0x00,0x00,0x00,0x00,0x00,0x00,
    0x00,0x00,0x00,0x00,0x00,0x00,0x00,0x00,0x00,0x00,0x00,0x00,0x00,0x00,0x00,0x00,0x00,0x00,0x00,0x00,0x00,0x00,0x00,0x00,
    0x00,0x00,0x00,0x00,0x00,0x00,0x00,0x00,0x00,0x00,0x00,0x00,0x00,0x00,0x00,0x00,0x00,0x00,0x00,0x00,0x00,0x00,0x00,0x00,
    0x00,0x00,0x00,0x00,0x00,0x00,0x00,0x00,0x00,0x00,0x00,0x00,0x00,0x00,0x00,0x00,0x00,0x00,0x00,0x00,0x00,0x00,0x00,0x00,
    0x00,0x00,0x00,0x00,0x00,0x00,0x00,0x00,0x00,0x00,0x00,0x00,0x00,0x00,0x00,0x00,0x00,0x00,0x00,0x00,0x00,0x00,0x00,0x00,
    0x00,0x00,0x00,0x00,0x00,0x00,0x00,0x00,0x00,0x00,0x00,0x00,0x00,0x00,0x00,0x00,0x00,0x00,0x00,0x00,0x00,0x00,0x00,0x00,
    0x00,0x00,0x00,0x00,0x00,0x00,0x00,0x00,0x00,0x00,0x00,0x00,0x00,0x00,0x00,0x00,0x00,0x00,0x00,0x00,0x00,0x00,0x00,0x00,
    0x00,0x00,0x00,0x00,0x00,0x00,0x00,0x00,0x00,0x00,0x00,0x00,0x00,0x00,0x00,0x00,0x00,0x00,0x00,0x00,0x00,0x00,0x00,0x00,
    0x00,0x00,0x00,0x00,0x00,0x00,0x00,0x00,0x00,0x00,0x00,0x00,0x00,0x00,0x00,0x00,0x00,0x00,0x00,0x00,0x00,0x00,0x00,0x00,
    0x00,0x00,0x00,0x00,0x00,0x00,0x00,0x00,0x00,0x00,0x00,0x00,0x00,0x00,0x00,0x00,0x00,0x00,0x00,0x00,0x00,0x00,0x00,0x00,
    0x00,0x00,0x00,0x00,0x00,0x00,0x00,0x00,0x00,0x00,0x00,0x00,0x00,0x00,0x00,0x00,0x00,0x00,0x00,0x00,0x00,0x00,0x00,0x00,
    0x00,0x00,0x00,0x00,0x00,0x00,0x00,0x00,0x00,0x00,0x00,0x00,0x00,0x00,0x00,0x00,0x00,0x00,0x00,0x00,0x00,0x00,0x00,0x00,
    0x00,0x00,0x00,0x00,0x00,0x00,0x00,0x00,0x00,0x00,0x00,0x00,0x00,0x00,0x00,0x00,0x00,0x00,0x00,0x00,0x00,0x00,0x00,0x00,
    0x00,0x00,0x00,0x00,0x00,0x00,0x00,0x00,0x00,0x00,0x00,0x00,0x00,0x00,0x00,0x00,0x00,0x00,0x00,0x00,0x00,0x00,0x00,0x00,
    0x00,0x00,0x00,0x00,0x00,0x00,0x00,0x00,0x00,0x00,0x00,0x00,0x00,0x00,0x00,0x00,0x00,0x00,0x00,0x00,0x00,0x00,0x00,0x00,
    0x00,0x00,0x00,0x00,0x00,0x00,0x00,0x00,0x00,0x00,0x00,0x00,0x00,0x00,0x00,0x00,0x00,0x00,0x00,0x00,0x00,0x00,0x00,0x00,
    0x00,0x00,0x00,0x00,0x00,0x00,0x00,0x00,0x00,0x00,0x00,0x00,0x00,0x00,0x00,0x00,0x00,0x00,0x00,0x00,0x00,0x00,0x00,0x00,
    0x00,0x00,0x00,0x00,0x00,0x00,0x00,0x00,0x00,0x00,0x00,0x00,0x00,0x00,0x00,0x00,0x00,0x00,0x00,0x00,0x00,0x00,0x00,0x00,
    0x00,0x00,0x00,0x00,0x00,0x00,0x00,0x00,0x00,0x00,0x00,0x00,0x00,0x00,0x00,0x00,0x00,0x00,0x00,0x00,0x00,0x00,0x00,0x00,
    0x00,0x00,0x00,0x00,0x00,0x00,0x00,0x00,0x00,0x00,0x00,0x00,0x00,0x00,0x00,0x00,0x00,0x00,0x00,0x00,0x00,0x00,0x00,0x00,
    0x00,0x00,0x00,0x00,0x00,0x00,0x00,0x00,0x00,0x00,0x00,0x00,0x00,0x00,0x00,0x00,0x00,0x00,0x00,0x00,0x00,0x00,0x00,0x00,
    0x00,0x00,0x00,0x00,0x00,0x00,0x00,0x00,0x00,0x00,0x00,0x00,0x00,0x00,0x00,0x00,0x00,0x00,0x00,0x00,0x00,0x00,0x00,0x00,
    0x00,0x00,0x00,0x00,0x00,0x00,0x00,0x00,0x00,0x00,0x00,0x00,0x00,0x00,0x00,0x00,0x00,0x00,0x00,0x00,0x00,0x00,0x00,0x00,
    0x00,0x00,0x00,0x00,0x00,0x00,0x00,0x00,0x00,0x00,0x00,0x00,0x00,0x00,0x00,0x00,0x00,0x00,0x00,0x00,0x00,0x00,0x00,0x00,
    0x00,0x00,0x00,0x00,0x00,0x00,0x00,0x00,0x00,0x00,0x00,0x00,0x00,0x00,0x00,0x00,0x00,0x00,0x00,0x00,0x00,0x00,0x00,0x00,
    0x00,0x00,0x00,0x00,0x00,0x00,0x00,0x00,0x00,0x00,0x00,0x00,0x00,0x00,0x00,0x00,0x00,0x00,0x00,0x00,0x00,0x00,0x00,0x00,
    0x00,0x00,0x00,0x00,0x00,0x00,0x00,0x00,0x00,0x00,0x00,0x00,0x00,0x00,0x00,0x00,0x00,0x00,0x00,0x00,0x00,0x00,0x00,0x00,
    0x00,0x00,0x00,0x00,0x00,0x00,0x00,0x00,0x00,0x00,0x00,0x00,0x00,0x00,0x00,0x00,0x00,0x00,0x00,0x00,0x00,0x00,0x00,0x00,
    0x00,0x00,0x00,0x00,0x00,0x00,0x00,0x00,0x00,0x00,0x00,0x00,0x00,0x00,0x00,0x00,0x00,0x00,0x00,0x00,0x00,0x00,0x00,0x00,
    0x00,0x00,0x00,0x00,0x00,0x00,0x00,0x00,0x00,0x00,0x00,0x00,0x00,0x00,0x00,0x00,0x00,0x00,0x00,0x00,0x00,0x00,0x00,0x00,
    0x00,0x00,0x00,0x00,0x00,0x00,0x00,0x00,0x00,0x00,0x00,0x00,0x00,0x00,0x00,0x00,0x00,0x00,0x00,0x00,0x00,0x00,0x00,0x00,
    0x00,0x00,0x00,0x00,0x00,0x00,0x00,0x00,0x00,0x00,0x00,0x00,0x00,0x00,0x00,0x00,0x00,0x00,0x00,0x00,0x00,0x00,0x00,0x00,
    0x00,0x00,0x00,0x00,0x00,0x00,0x00,0x00,0x00,0x00,0x00,0x00,0x00,0x00,0x00,0x00,0x00,0x00,0x00,0x00,0x00,0x00,0x00,0x00,
    0x00,0x00,0x00,0x00,0x00,0x00,0x00,0x00,0x00,0x00,0x00,0x00,0x00,0x00,0x00,0x00,0x00,0x00,0x00,0x00,0x00,0x00,0x00,0x00,
    0x00,0x00,0x00,0x00,0x00,0x00,0x00,0x00,0x00,0x00,0x00,0x00,0x00,0x00,0x00,0x00,0x00,0x00,0x00,0x00,0x00,0x00,0x00,0x00,
    0x00,0x00,0x00,0x00,0x00,0x00,0x00,0x00,0x00,0x00,0x00,0x00,0x00,0x00,0x00,0x00,0x00,0x00,0x00,0x00,0x00,0x00,0x00,0x00,
    0x00,0x00,0x00,0x00,0x00,0x00,0x00,0x00,0x00,0x00,0x00,0x00,0x00,0x00,0x00,0x00,0x00,0x00,0x00,0x00,0x00,0x00,0x00,0x00,
    0x00,0x00,0x00,0x00,0x00,0x00,0x00,0x00,0x00,0x00,0x00,0x00,0x00,0x00,0x00,0x00,0x00,0x00,0x00,0x00,0x00,0x00,0x00,0x00,
    0x00,0x00,0x00,0x00,0x00,0x00,0x00,0x00,0x00,0x00,0x00,0x00,0x00,0x00,0x00,0x00,0x00,0x00,0x00,0x00,0x00,0x00,0x00,0x00,
    0x00,0x00,0x00,0x00,0x00,0x00,0x00,0x00,0x00,0x00,0x00,0x00,0x00,0x00,0x00,0x00,0x00,0x00,0x00,0x00,0x00,0x00,0x00,0x00,
    0x00,0x00,0x00,0x00,0x00,0x00,0x00,0x00,0x00,0x00,0x00,0x00,0x00,0x00,0x00,0x00,0x00,0x00,0x00,0x00,0x00,0x00,0x00,0x00,
    0x00,0x00,0x00,0x00,0x00,0x00,0x00,0x00,0x00,0x00,0x00,0x00,0x00,0x00,0x00,0x00,0x00,0x00,0x00,0x00,0x00,0x00,0x00,0x00,
    0x00,0x00,0x00,0x00,0x00,0x00,0x00,0x00,0x00,0x00,0x00,0x00,0x00,0x00,0x00,0x00,0x00,0x00,0x00,0x00,0x00,0x00,0x00,0x00,
    0x00,0x00,0x00,0x00,0x00,0x00,0x00,0x00,0x00,0x00,0x00,0x00,0x00,0x00,0x00,0x00,0x00,0x00,0x00,0x00,0x00,0x00,0x00,0x00,
    0x00,0x00,0x00,0x00,0x00,0x00,0x00,0x00,0x00,0x00,0x00,0x00,0x00,0x00,0x00,0x00,0x00,0x00,0x00,0x00,0x00,0x00,0x00,0x00,
    0x00,0x00,0x00,0x00,0x00,0x00,0x00,0x00,0x00,0x00,0x00,0x00,0x00,0x00,0x00,0x00,0x00,0x00,0x00,0x00,0x00,0x00,0x00,0x00,
    0x00,0x00,0x00,0x00,0x00,0x00,0x00,0x00,0x00,0x00,0x00,0x00,0x00,0x00,0x00,0x00,0x00,0x00,0x00,0x00,0x00,0x00,0x00,0x00,
    0x00,0x00,0x00,0x00,0x00,0x00,0x00,0x00,0x00,0x00,0x00,0x00,0x00,0x00,0x00,0x00,0x00,0x00,0x00,0x00,0x00,0x00,0x00,0x00,
    0x00,0x00,0x00,0x00,0x00,0x00,0x00,0x00,0x00,0x00,0x00,0x00,0x00,0x00,0x00,0x00,0x00,0x00,0x00,0x00,0x00,0x00,0x00,0x00,
    0x00,0x00,0x00,0x00,0x00,0x00,0x00,0x00,0x00,0x00,0x00,0x00,0x00,0x00,0x00,0x00,0x00,0x00,0x00,0x00,0x00,0x00,0x00,0x00,
    0x00,0x00,0x00,0x00,0x00,0x00,0x00,0x00,0x00,0x00,0x00,0x00,0x00,0x00,0x00,0x00,0x00,0x00,0x00,0x00,0x00,0x00,0x00,0x00,
    0x00,0x00,0x00,0x00,0x00,0x00,0x00,0x00,0x00,0x00,0x00,0x00,0x00,0x00,0x00,0x00,0x00,0x00,0x00,0x00,0x00,0x00,0x00,0x00,
    0x00,0x00,0x00,0x00,0x00,0x00,0x00,0x00,0x00,0x00,0x00,0x00,0x00,0x00,0x00,0x00,0x00,0x00,0x00,0x00,0x00,0x00,0x00,0x00,
    0x00,0x00,0x00,0x00,0x00,0x00,0x00,0x00,0x00,0x00,0x00,0x00,0x00,0x00,0x00,0x00,0x00,0x00,0x00,0x00,0x00,0x00,0x00,0x00,
    0x00,0x00,0x00,0x00,0x00,0x00,0x00,0x00,0x00,0x00,0x00,0x00,0x00,0x00,0x00,0x00,0x00,0x00,0x00,0x00,0x00,0x00,0x00,0x00,
    0x00,0x00,0x00,0x00,0x00,0x00,0x00,0x00,0x00,0x00,0x00,0x00,0x00,0x00,0x00,0x00,0x00,0x00,0x00,0x00,0x00,0x00,0x00,0x00,
    0x00,0x00,0x00,0x00,0x00,0x00,0x00,0x00,0x00,0x00,0x00,0x00,0x00,0x00,0x00,0x00,0x00,0x00,0x00,0x00,0x00,0x00,0x00,0x00,
    0x00,0x00,0x00,0x00,0x00,0x00,0x00,0x00,0x00,0x00,0x00,0x00,0x00,0x00,0x00,0x00,0x00,0x00,0x00,0x00,0x00,0x00,0x00,0x00,
    0x00,0x00,0x00,0x00,0x00,0x00,0x00,0x00,0x00,0x00,0x00,0x00,0x00,0x00,0x00,0x00,0x00,0x00,0x00,0x00,0x00,0x00,0x00,0x00,
    0x00,0x00,0x00,0x00,0x00,0x00,0x00,0x00,0x00,0x00,0x00,0x00,0x00,0x00,0x00,0x00,0x00,0x00,0x00,0x00,0x00,0x00,0x00,0x00,
    0x00,0x00,0x00,0x00,0x00,0x00,0x00,0x00,0x00,0x00,0x00,0x00,0x00,0x00,0x00,0x00,0x00,0x00,0x00,0x00,0x00,0x00,0x00,0x00,
    0x00,0x00,0x00,0x00,0x00,0x00,0x00,0x00,0x00,0x00,0x00,0x00,0x00,0x00,0x00,0x00,0x00,0x00,0x00,0x00,0x00,0x00,0x00,0x00,
    0x00,0x00,0x00,0x00,0x00,0x00,0x00,0x00,0x00,0x00,0x00,0x00,0x00,0x00,0x00,0x00,0x00,0x00,0x00,0x00,0x00,0x00,0x00,0x00,
    0x00,0x00,0x00,0x00,0x00,0x00,0x00,0x00,0x00,0x00,0x00,0x00,0x00,0x00,0x00,0x00,0x00,0x00,0x00,0x00,0x00,0x00,0x00,0x00,
    0x00,0x00,0x00,0x00,0x00,0x00,0x00,0x00,0x00,0x00,0x00,0x00,0x00,0x00,0x00,0x00,0x00,0x00,0x00,0x00,0x00,0x00,0x00,0x00,
    0x00,0x00,0x00,0x00,0x00,0x00,0x00,0x00,0x00,0x00,0x00,0x00,0x00,0x00,0x00,0x00,0x00,0x00,0x00,0x00,0x00,0x00,0x00,0x00,
    0x00,0x00,0x00,0x00,0x00,0x00,0x00,0x00,0x00,0x00,0x00,0x00,0x00,0x00,0x00,0x00,0x00,0x00,0x00,0x00,0x00,0x00,0x00,0x00,
    0x00,0x00,0x00,0x00,0x00,0x00,0x00,0x00,0x00,0x00,0x00,0x00,0x00,0x00,0x00,0x00,0x00,0x00,0x00,0x00,0x00,0x00,0x00,0x00,
    0x00,0x00,0x00,0x00,0x00,0x00,0x00,0x00,0x00,0x00,0x00,0x00,0x00,0x00,0x00,0x00,0x00,0x00,0x00,0x00,0x00,0x00,0x00,0x00,
    0x00,0x00,0x00,0x00,0x00,0x00,0x00,0x00,0x00,0x00,0x00,0x00,0x00,0x00,0x00,0x00,0x00,0x00,0x00,0x00,0x00,0x00,0x00,0x00,
    0x00,0x00,0x00,0x00,0x00,0x00,0x00,0x00,0x00,0x00,0x00,0x00,0x00,0x00,0x00,0x00,0x00,0x00,0x00,0x00,0x00,0x00,0x00,0x00,
    0x00,0x00,0x00,0x00,0x00,0x00,0x00,0x00,0x00,0x00,0x00,0x00,0x00,0x00,0x00,0x00,0x00,0x00,0x00,0x00,0x00,0x00,0x00,0x00,
    0x00,0x00,0x00,0x00,0x00,0x00,0x00,0x00,0x00,0x00,0x00,0x00,0x00,0x00,0x00,0x00,0x00,0x00,0x00,0x00,0x00,0x00,0x00,0x00,
    0x00,0x00,0x00,0x00,0x00,0x00,0x00,0x00,0x00,0x00,0x00,0x00,0x00,0x00,0x00,0x00,0x00,0x00,0x00,0x00,0x00,0x00,0x00,0x00,
    0x00,0x00,0x00,0x00,0x00,0x00,0x00,0x00,0x00,0x00,0x00,0x00,0x00,0x00,0x00,0x00,0x00,0x00,0x00,0x00,0x00,0x00,0x00,0x00,
    0x00,0x00,0x00,0x00,0x00,0x00,0x00,0x00,0x00,0x00,0x00,0x00,0x00,0x00,0x00,0x00,0x00,0x00,0x00,0x00,0x00,0x00,0x00,0x00,
    0x00,0x00,0x00,0x00,0x00,0x00,0x00,0x00,0x00,0x00,0x00,0x00,0x00,0x00,0x00,0x00,0x00,0x00,0x00,0x00,0x00,0x00,0x00,0x00,
    0x00,0x00,0x00,0x00,0x00,0x00,0x00,0x00,0x00,0x00,0x00,0x00,0x00,0x00,0x00,0x00,0x00,0x00,0x00,0x00,0x00,0x00,0x00,0x00,
    0x00,0x00,0x00,0x00,0x00,0x00,0x00,0x00,0x00,0x00,0x00,0x00,0x00,0x00,0x00,0x00,0x00,0x00,0x00,0x00,0x00,0x00,0x00,0x00,
    0x00,0x00,0x00,0x00,0x00,0x00,0x00,0x00,0x00,0x00,0x00,0x00,0x00,0x00,0x00,0x00,0x00,0x00,0x00,0x00,0x00,0x00,0x00,0x00,
    0x00,0x00,0x00,0x00,0x00,0x00,0x00,0x00,0x00,0x00,0x00,0x00,0x00,0x00,0x00,0x00,0x00,0x00,0x00,0x00,0x00,0x00,0x00,0x00,
    0x00,0x00,0x00,0x00,0x00,0x00,0x00,0x00,0x00,0x00,0x00,0x00,0x00,0x00,0x00,0x00,0x00,0x00,0x00,0x00,0x00,0x00,0x00,0x00,
    0x00,0x00,0x00,0x00,0x00,0x00,0x00,0x00,0x00,0x00,0x00,0x00,0x00,0x00,0x00,0x00,0x00,0x00,0x00,0x00,0x00,0x00,0x00,0x00,
    0x00,0x00,0x00,0x00,0x00,0x00,0x00,0x00,0x00,0x00,0x00,0x00,0x00,0x00,0x00,0x00,0x00,0x00,0x00,0x00,0x00,0x00,0x00,0x00,
    0x00,0x00,0x00,0x00,0x00,0x00,0x00,0x00,0x00,0x00,0x00,0x00,0x00,0x00,0x00,0x00,0x00,0x00,0x00,0x00,0x00,0x00,0x00,0x00,
    0x00,0x00,0x00,0x00,0x00,0x00,0x00,0x00,0x00,0x00,0x00,0x00,0x00,0x00,0x00,0x00,0x00,0x00,0x00,0x00,0x00,0x00,0x00,0x00,
    0x00,0x00,0x00,0x00,0x00,0x00,0x00,0x00,0x00,0x00,0x00,0x00,0x00,0x00,0x00,0x00,0x00,0x00,0x00,0x00,0x00,0x00,0x00,0x00,
    0x00,0x00,0x00,0x00,0x00,0x00,0x00,0x00,0x00,0x00,0x00,0x00,0x00,0x00,0x00,0x00,0x00,0x00,0x00,0x00,0x00,0x00,0x00,0x00,
    0x00,0x00,0x00,0x00,0x00,0x00,0x00,0x00,0x00,0x00,0x00,0x00,0x00,0x00,0x00,0x00,0x00,0x00,0x00,0x00,0x00,0x00,0x00,0x00,
    0x00,0x00,0x00,0x00,0x00,0x00,0x00,0x00,0x00,0x00,0x00,0x00,0x00,0x00,0x00,0x00,0x00,0x00,0x00,0x00,0x00,0x00,0x00,0x00,
    0x00,0x00,0x00,0x00,0x00,0x00,0x00,0x00,0x00,0x00,0x00,0x00,0x00,0x00,0x00,0x00,0x00,0x00,0x00,0x00,0x00,0x00,0x00,0x00,
    0x00,0x00,0x00,0x00,0x00,0x00,0x00,0x00,0x00,0x00,0x00,0x00,0x00,0x00,0x00,0x00,0x00,0x00,0x00,0x00,0x00,0x00,0x00,0x00,
    0x00,0x00,0x00,0x00,0x00,0x00,0x00,0x00,0x00,0x00,0x00,0x00,0x00,0x00,0x00,0x00,0x00,0x00,0x00,0x00,0x00,0x00,0x00,0x00,
    0x00,0x00,0x00,0x00,0x00,0x00,0x00,0x00,0x00,0x00,0x00,0x00,0x00,0x00,0x00,0x00,0x00,0x00,0x00,0x00,0x00,0x00,0x00,0x00,
    0x00,0x00,0x00,0x00,0x00,0x00,0x00,0x00,0x00,0x00,0x00,0x00,0x00,0x00,0x00,0x00,0x00,0x00,0x00,0x00,0x00,0x00,0x00,0x00,
    0x00,0x00,0x00,0x00,0x00,0x00,0x00,0x00,0x00,0x00,0x00,0x00,0x00,0x00,0x00,0x00,0x00,0x00,0x00,0x00,0x00,0x00,0x00,0x00,
    0x00,0x00,0x00,0x00,0x00,0x00,0x00,0x00,0x00,0x00,0x00,0x00,0x00,0x00,0x00,0x00,0x00,0x00,0x00,0x00,0x00,0x00,0x00,0x00,
    0x00,0x00,0x00,0x00,0x00,0x00,0x00,0x00,0x00,0x00,0x00,0x00,0x00,0x00,0x00,0x00,0x00,0x00,0x00,0x00,0x00,0x00,0x00,0x00,
    0x00,0x00,0x00,0x00,0x00,0x00,0x00,0x00,0x00,0x00,0x00,0x00,0x00,0x00,0x00,0x00,0x00,0x00,0x00,0x00,0x00,0x00,0x00,0x00,
    0x00,0x00,0x00,0x00,0x00,0x00,0x00,0x00,0x00,0x00,0x00,0x00,0x00,0x00,0x00,0x00,0x00,0x00,0x00,0x00,0x00,0x00,0x00,0x00,
    0x00,0x00,0x00,0x00,0x00,0x00,0x00,0x00,0x00,0x00,0x00,0x00,0x00,0x00,0x00,0x00,0x00,0x00,0x00,0x00,0x00,0x00,0x00,0x00,
    0x00,0x00,0x00,0x00,0x00,0x00,0x00,0x00,0x00,0x00,0x00,0x00,0x00,0x00,0x00,0x00,0x00,0x00,0x00,0x00,0x00,0x00,0x00,0x00,
    0x00,0x00,0x00,0x00,0x00,0x00,0x00,0x00,0x00,0x00,0x00,0x00,0x00,0x00,0x00,0x00,0x00,0x00,0x00,0x00,0x00,0x00,0x00,0x00,
    0x00,0x00,0x00,0x00,0x00,0x00,0x00,0x00,0x00,0x00,0x00,0x00,0x00,0x00,0x00,0x00,0x00,0x00,0x00,0x00,0x00,0x00,0x00,0x00,
    0x00,0x00,0x00,0x00,0x00,0x00,0x00,0x00,0x00,0x00,0x00,0x00,0x00,0x00,0x00,0x00,0x00,0x00,0x00,0x00,0x00,0x00,0x00,0x00,
    0x00,0x00,0x00,0x00,0x00,0x00,0x00,0x00,0x00,0x00,0x00,0x00,0x00,0x00,0x00,0x00,0x00,0x00,0x00,0x00,0x00,0x00,0x00,0x00,
    0x00,0x00,0x00,0x00,0x00,0x00,0x00,0x00,0x00,0x00,0x00,0x00,0x00,0x00,0x00,0x00,0x00,0x00,0x00,0x00,0x00,0x00,0x00,0x00,
    0x00,0x00,0x00,0x00,0x00,0x00,0x00,0x00,0x00,0x00,0x00,0x00,0x00,0x00,0x00,0x00,0x00,0x00,0x00,0x00,0x00,0x00,0x00,0x00,
    0x00,0x00,0x00,0x00,0x00,0x00,0x00,0x00,0x00,0x00,0x00,0x00,0x00,0x00,0x00,0x00,0x00,0x00,0x00,0x00,0x00,0x00,0x00,0x00,
    0x00,0x00,0x00,0x00,0x00,0x00,0x00,0x00,0x00,0x00,0x00,0x00,0x00,0x00,0x00,0x00,0x00,0x00,0x00,0x00,0x00,0x00,0x00,0x00,
    0x00,0x00,0x00,0x00,0x00,0x00,0x00,0x00,0x00,0x00,0x00,0x00,0x00,0x00,0x00,0x00,0x00,0x00,0x00,0x00,0x00,0x00,0x00,0x00,
    0x00,0x00,0x00,0x00,0x00,0x00,0x00,0x00,0x00,0x00,0x00,0x00,0x00,0x00,0x00,0x00,0x00,0x00,0x00,0x00,0x00,0x00,0x00,0x00,
    0x00,0x00,0x00,0x00,0x00,0x00,0x00,0x00,0x00,0x00,0x00,0x00,0x00,0x00,0x00,0x00,0x00,0x00,0x00,0x00,0x00,0x00,0x00,0x00,
    0x00,0x00,0x00,0x00,0x00,0x00,0x00,0x00,0x00,0x00,0x00,0x00,0x00,0x00,0x00,0x00,0x00,0x00,0x00,0x00,0x00,0x00,0x00,0x00,
    0x00,0x00,0x00,0x00,0x00,0x00,0x00,0x00,0x00,0x00,0x00,0x00,0x00,0x00,0x00,0x00,0x00,0x00,0x00,0x00,0x00,0x00,0x00,0x00,
    0x00,0x00,0x00,0x00,0x00,0x00,0x00,0x00,0x00,0x00,0x00,0x00,0x00,0x00,0x00,0x00,0x00,0x00,0x00,0x00,0x00,0x00,0x00,0x00,
    0x00,0x00,0x00,0x00,0x00,0x00,0x00,0x00,0x00,0x00,0x00,0x00,0x00,0x00,0x00,0x00,0x00,0x00,0x00,0x00,0x00,0x00,0x00,0x00,
    0x00,0x00,0x00,0x00,0x00,0x00,0x00,0x00,0x00,0x00,0x00,0x00,0x00,0x00,0x00,0x00,0x00,0x00,0x00,0x00,0x00,0x00,0x00,0x00,
    0x00,0x00,0x00,0x00,0x00,0x00,0x00,0x00,0x00,0x00,0x00,0x00,0x00,0x00,0x00,0x00,0x00,0x00,0x00,0x00,0x00,0x00,0x00,0x00,
    0x00,0x00,0x00,0x00,0x00,0x00,0x00,0x00,0x00,0x00,0x00,0x00,0x00,0x00,0x00,0x00,0x00,0x00,0x00,0x00,0x00,0x00,0x00,0x00,
    0x00,0x00,0x00,0x00,0x00,0x00,0x00,0x00,0x00,0x00,0x00,0x00,0x00,0x00,0x00,0x00,0x00,0x00,0x00,0x00,0x00,0x00,0x00,0x00,
    0x00,0x00,0x00,0x00,0x00,0x00,0x00,0x00,0x00,0x00,0x00,0x00,0x00,0x00,0x00,0x00,0x00,0x00,0x00,0x00,0x00,0x00,0x00,0x00,
    0x00,0x00,0x00,0x00,0x00,0x00,0x00,0x00,0x00,0x00,0x00,0x00,0x00,0x00,0x00,0x00,0x00,0x00,0x00,0x00,0x00,0x00,0x00,0x00,
    0x00,0x00,0x00,0x00,0x00,0x00,0x00,0x00,0x00,0x00,0x00,0x00,0x00,0x00,0x00,0x00,0x00,0x00,0x00,0x00,0x00,0x00,0x00,0x00,
    0x00,0x00,0x00,0x00,0x00,0x00,0x00,0x00,0x00,0x00,0x00,0x00,0x00,0x00,0x00,0x00,0x00,0x00,0x00,0x00,0x00,0x00,0x00,0x00,
    0x00,0x00,0x00,0x00,0x00,0x00,0x00,0x00,0x00,0x00,0x00,0x00,0x00,0x00,0x00,0x00,0x00,0x00,0x00,0x00,0x00,0x00,0x00,0x00,
    0x00,0x00,0x00,0x00,0x00,0x00,0x00,0x00,0x00,0x00,0x00,0x00,0x00,0x00,0x00,0x00,0x00,0x00,0x00,0x00,0x00,0x00,0x00,0x00,
    0x00,0x00,0x00,0x00,0x00,0x00,0x00,0x00,0x00,0x00,0x00,0x00,0x00,0x00,0x00,0x00,0x00,0x00,0x00,0x00,0x00,0x00,0x00,0x00,
    0x00,0x00,0x00,0x00,0x00,0x00,0x00,0x00,0x00,0x00,0x00,0x00,0x00,0x00,0x00,0x00,0x00,0x00,0x00,0x00,0x00,0x00,0x00,0x00,
    0x00,0x00,0x00,0x00,0x00,0x00,0x00,0x00,0x00,0x00,0x00,0x00,0x00,0x00,0x00,0x00,0x00,0x00,0x00,0x00,0x00,0x00,0x00,0x00,
    0x00,0x00,0x00,0x00,0x00,0x00,0x00,0x00,0x00,0x00,0x00,0x00,0x00,0x00,0x00,0x00,0x00,0x00,0x00,0x00,0x00,0x00,0x00,0x00,
    0x00,0x00,0x00,0x00,0x00,0x00,0x00,0x00,0x00,0x00,0x00,0x00,0x00,0x00,0x00,0x00,0x00,0x00,0x00,0x00,0x00,0x00,0x00,0x00,
    0x00,0x00,0x00,0x00,0x00,0x00,0x00,0x00,0x00,0x00,0x00,0x00,0x00,0x00,0x00,0x00,0x00,0x00,0x00,0x00,0x00,0x00,0x00,0x00,
    0x00,0x00,0x00,0x00,0x00,0x00,0x00,0x00,0x00,0x00,0x00,0x00,0x00,0x00,0x00,0x00,0x00,0x00,0x00,0x00,0x00,0x00,0x00,0x00,
    0x00,0x00,0x00,0x00,0x00,0x00,0x00,0x00,0x00,0x00,0x00,0x00,0x00,0x00,0x00,0x00,0x00,0x00,0x00,0x00,0x00,0x00,0x00,0x00,
    0x00,0x00,0x00,0x00,0x00,0x00,0x00,0x00,0x00,0x00,0x00,0x00,0x00,0x00,0x00,0x00,0x00,0x00,0x00,0x00,0x00,0x00,0x00,0x00,
    0x00,0x00,0x00,0x00,0x00,0x00,0x00,0x00,0x00,0x00,0x00,0x00,0x00,0x00,0x00,0x00,0x00,0x00,0x00,0x00,0x00,0x00,0x00,0x00,
    0x00,0x00,0x00,0x00,0x00,0x00,0x00,0x00,0x00,0x00,0x00,0x00,0x00,0x00,0x00,0x00,0x00,0x00,0x00,0x00,0x00,0x00,0x00,0x00,
    0x00,0x00,0x00,0x00,0x00,0x00,0x00,0x00,0x00,0x00,0x00,0x00,0x00,0x00,0x00,0x00,0x00,0x00,0x00,0x00,0x00,0x00,0x00,0x00,
    0x00,0x00,0x00,0x00,0x00,0x00,0x00,0x00,0x00,0x00,0x00,0x00,0x00,0x00,0x00,0x00,0x00,0x00,0x00,0x00,0x00,0x00,0x00,0x00,
    0x00,0x00,0x00,0x00,0x00,0x00,0x00,0x00,0x00,0x00,0x00,0x00,0x00,0x00,0x00,0x00,0x00,0x00,0x00,0x00,0x00,0x00,0x00,0x00,
    0x00,0x00,0x00,0x00,0x00,0x00,0x00,0x00,0x00,0x00,0x00,0x00,0x00,0x00,0x00,0x00,0x00,0x00,0x00,0x00,0x00,0x00,0x00,0x00,
    0x00,0x00,0x00,0x00,0x00,0x00,0x00,0x00,0x00,0x00,0x00,0x00,0x00,0x00,0x00,0x00,0x00,0x00,0x00,0x00,0x00,0x00,0x00,0x00,
    0x00,0x00,0x00,0x00,0x00,0x00,0x00,0x00,0x00,0x00,0x00,0x00,0x00,0x00,0x00,0x00,0x00,0x00,0x00,0x00,0x00,0x00,0x00,0x00,
    0x00,0x00,0x00,0x00,0x00,0x00,0x00,0x00,0x00,0x00,0x00,0x00,0x00,0x00,0x00,0x00,0x00,0x00,0x00,0x00,0x00,0x00,0x00,0x00,
    0x00,0x00,0x00,0x00,0x00,0x00,0x00,0x00,0x00,0x00,0x00,0x00,0x00,0x00,0x00,0x00,0x00,0x00,0x00,0x00,0x00,0x00,0x00,0x00,
    0x00,0x00,0x00,0x00,0x00,0x00,0x00,0x00,0x00,0x00,0x00,0x00,0x00,0x00,0x00,0x00,0x00,0x00,0x00,0x00,0x00,0x00,0x00,0x00,
    0x00,0x00,0x00,0x00,0x00,0x00,0x00,0x00,0x00,0x00,0x00,0x00,0x00,0x00,0x00,0x00,0x00,0x00,0x00,0x00,0x00,0x00,0x00,0x00,
    0x00,0x00,0x00,0x00,0x00,0x00,0x00,0x00,0x00,0x00,0x00,0x00,0x00,0x00,0x00,0x00,0x00,0x00,0x00,0x00,0x00,0x00,0x00,0x00,
    0x00,0x00,0x00,0x00,0x00,0x00,0x00,0x00,0x00,0x00,0x00,0x00,0x00,0x00,0x00,0x00,0x00,0x00,0x00,0x00,0x00,0x00,0x00,0x00,
    0x00,0x00,0x00,0x00,0x00,0x00,0x00,0x00,0x00,0x00,0x00,0x00,0x00,0x00,0x00,0x00,0x00,0x00,0x00,0x00,0x00,0x00,0x00,0x00,
    0x00,0x00,0x00,0x00,0x00,0x00,0x00,0x00,0x00,0x00,0x00,0x00,0x00,0x00,0x00,0x00,0x00,0x00,0x00,0x00,0x00,0x00,0x00,0x00,
    0x00,0x00,0x00,0x00,0x00,0x00,0x00,0x00,0x00,0x00,0x00,0x00,0x00,0x00,0x00,0x00,0x00,0x00,0x00,0x00,0x00,0x00,0x00,0x00,
    0x00,0x00,0x00,0x00,0x00,0x00,0x00,0x00,0x00,0x00,0x00,0x00,0x00,0x00,0x00,0x00,0x00,0x00,0x00,0x00,0x00,0x00,0x00,0x00,
    0x00,0x00,0x00,0x00,0x00,0x00,0x00,0x00,0x00,0x00,0x00,0x00,0x00,0x00,0x00,0x00,0x00,0x00,0x00,0x00,0x00,0x00,0x00,0x00,
    0x00,0x00,0x00,0x00,0x00,0x00,0x00,0x00,0x00,0x00,0x00,0x00,0x00,0x00,0x00,0x00,0x00,0x00,0x00,0x00,0x00,0x00,0x00,0x00,
    0x00,0x00,0x00,0x00,0x00,0x00,0x00,0x00,0x00,0x00,0x00,0x00,0x00,0x00,0x00,0x00,0x00,0x00,0x00,0x00,0x00,0x00,0x00,0x00,
    0x00,0x00,0x00,0x00,0x00,0x00,0x00,0x00,0x00,0x00,0x00,0x00,0x00,0x00,0x00,0x00,0x00,0x00,0x00,0x00,0x00,0x00,0x00,0x00,
    0x00,0x00,0x00,0x00,0x00,0x00,0x00,0x00,0x00,0x00,0x00,0x00,0x00,0x00,0x00,0x00,0x00,0x00,0x00,0x00,0x00,0x00,0x00,0x00,
    0x00,0x00,0x00,0x00,0x00,0x00,0x00,0x00,0x00,0x00,0x00,0x00,0x00,0x00,0x00,0x00,0x00,0x00,0x00,0x00,0x00,0x00,0x00,0x00,
    0x00,0x00,0x00,0x00,0x00,0x00,0x00,0x00,0x00,0x00,0x00,0x00,0x00,0x00,0x00,0x00,0x00,0x00,0x00,0x00,0x00,0x00,0x00,0x00,
    0x00,0x00,0x00,0x00,0x00,0x00,0x00,0x00,0x00,0x00,0x00,0x00,0x00,0x00,0x00,0x00,0x00,0x00,0x00,0x00,0x00,0x00,0x00,0x00,
    0x00,0x00,0x00,0x00,0x00,0x00,0x00,0x00,0x00,0x00,0x00,0x00,0x00,0x00,0x00,0x00,0x00,0x00,0x00,0x00,0x00,0x00,0x00,0x00,
    0x00,0x00,0x00,0x00,0x00,0x00,0x00,0x00,0x00,0x00,0x00,0x00,0x00,0x00,0x00,0x00,0x00,0x00,0x00,0x00,0x00,0x00,0x00,0x00,
    0x00,0x00,0x00,0x00,0x00,0x00,0x00,0x00,0x00,0x00,0x00,0x00,0x00,0x00,0x00,0x00,0x00,0x00,0x00,0x00,0x00,0x00,0x00,0x00,
    0x00,0x00,0x00,0x00,0x00,0x00,0x00,0x00,0x00,0x00,0x00,0x00,0x00,0x00,0x00,0x00,0x00,0x00,0x00,0x00,0x00,0x00,0x00,0x00,
    0x00,0x00,0x00,0x00,0x00,0x00,0x00,0x00,0x00,0x00,0x00,0x00,0x00,0x00,0x00,0x00,0x00,0x00,0x00,0x00,0x00,0x00,0x00,0x00,
    0x00,0x00,0x00,0x00,0x00,0x00,0x00,0x00,0x00,0x00,0x00,0x00,0x00,0x00,0x00,0x00,0x00,0x00,0x00,0x00,0x00,0x00,0x00,0x00,
    0x00,0x00,0x00,0x00,0x00,0x00,0x00,0x00,0x00,0x00,0x00,0x00,0x00,0x00,0x00,0x00,0x00,0x00,0x00,0x00,0x00,0x00,0x00,0x00,
    0x00,0x00,0x00,0x00,0x00,0x00,0x00,0x00,0x00,0x00,0x00,0x00,0x00,0x00,0x00,0x00,0x00,0x00,0x00,0x00,0x00,0x00,0x00,0x00,
    0x00,0x00,0x00,0x00,0x00,0x00,0x00,0x00,0x00,0x00,0x00,0x00,0x00,0x00,0x00,0x00,0x00,0x00,0x00,0x00,0x00,0x00,0x00,0x00,
    0x00,0x00,0x00,0x00,0x00,0x00,0x00,0x00,0x00,0x00,0x00,0x00,0x00,0x00,0x00,0x00,0x00,0x00,0x00,0x00,0x00,0x00,0x00,0x00,
    0x00,0x00,0x00,0x00,0x00,0x00,0x00,0x00,0x00,0x00,0x00,0x00,0x00,0x00,0x00,0x00,0x00,0x00,0x00,0x00,0x00,0x00,0x00,0x00,
    0x00,0x00,0x00,0x00,0x00,0x00,0x00,0x00,0x00,0x00,0x00,0x00,0x00,0x00,0x00,0x00,0x00,0x00,0x00,0x00,0x00,0x00,0x00,0x00,
    0x00,0x00,0x00,0x00,0x00,0x00,0x00,0x00,0x00,0x00,0x00,0x00,0x00,0x00,0x00,0x00,0x00,0x00,0x00,0x00,0x00,0x00,0x00,0x00,
    0x00,0x00,0x00,0x00,0x00,0x00,0x00,0x00,0x00,0x00,0x00,0x00,0x00,0x00,0x00,0x00,0x00,0x00,0x00,0x00,0x00,0x00,0x00,0x00,
    0x00,0x00,0x00,0x00,0x00,0x00,0x00,0x00,0x00,0x00,0x00,0x00,0x00,0x00,0x00,0x00,0x00,0x00,0x00,0x00,0x00,0x00,0x00,0x00,
    0x00,0x00,0x00,0x00,0x00,0x00,0x00,0x00,0x00,0x00,0x00,0x00,0x00,0x00,0x00,0x00,0x00,0x00,0x00,0x00,0x00,0x00,0x00,0x00,
    0x00,0x00,0x00,0x00,0x00,0x00,0x00,0x00,0x00,0x00,0x00,0x00,0x00,0x00,0x00,0x00,0x00,0x00,0x00,0x00,0x00,0x00,0x00,0x00,
    0x00,0x00,0x00,0x00,0x00,0x00,0x00,0x00,0x00,0x00,0x00,0x00,0x00,0x00,0x00,0x00,0x00,0x00,0x00,0x00,0x00,0x00,0x00,0x00,
    0x00,0x00,0x00,0x00,0x00,0x00,0x00,0x00,0x00,0x00,0x00,0x00,0x00,0x00,0x00,0x00,0x00,0x00,0x00,0x00,0x00,0x00,0x00,0x00,
    0x00,0x00,0x00,0x00,0x00,0x00,0x00,0x00,0x00,0x00,0x00,0x00,0x00,0x00,0x00,0x00,0x00,0x00,0x00,0x00,0x00,0x00,0x00,0x00,
    0x00,0x00,0x00,0x00,0x00,0x00,0x00,0x00,0x00,0x00,0x00,0x00,0x00,0x00,0x00,0x00,0x00,0x00,0x00,0x00,0x00,0x00,0x00,0x00,
    0x00,0x00,0x00,0x00,0x00,0x00,0x00,0x00,0x00,0x00,0x00,0x00,0x00,0x00,0x00,0x00,0x00,0x00,0x00,0x00,0x00,0x00,0x00,0x00,
    0x00,0x00,0x00,0x00,0x00,0x00,0x00,0x00,0x00,0x00,0x00,0x00,0x00,0x00,0x00,0x00,0x00,0x00,0x00,0x00,0x00,0x00,0x00,0x00,
    0x00,0x00,0x00,0x00,0x00,0x00,0x00,0x00,0x00,0x00,0x00,0x00,0x00,0x00,0x00,0x00,0x00,0x00,0x00,0x00,0x00,0x00,0x00,0x00,
    0x00,0x00,0x00,0x00,0x00,0x00,0x00,0x00,0x00,0x00,0x00,0x00,0x00,0x00,0x00,0x00,0x00,0x00,0x00,0x00,0x00,0x00,0x00,0x00,
    0x00,0x00,0x00,0x00,0x00,0x00,0x00,0x00,0x00,0x00,0x00,0x00,0x00,0x00,0x00,0x00,0x00,0x00,0x00,0x00,0x00,0x00,0x00,0x00,
    0x00,0x00,0x00,0x00,0x00,0x00,0x00,0x00,0x00,0x00,0x00,0x00,0x00,0x00,0x00,0x00,0x00,0x00,0x00,0x00,0x00,0x00,0x00,0x00,
    0x00,0x00,0x00,0x00,0x00,0x00,0x00,0x00,0x00,0x00,0x00,0x00,0x00,0x00,0x00,0x00,0x00,0x00,0x00,0x00,0x00,0x00,0x00,0x00,
    0x00,0x00,0x00,0x00,0x00,0x00,0x00,0x00,0x00,0x00,0x00,0x00,0x00,0x00,0x00,0x00,0x00,0x00,0x00,0x00,0x00,0x00,0x00,0x00,
    0x00,0x00,0x00,0x00,0x00,0x00,0x00,0x00,0x00,0x00,0x00,0x00,0x00,0x00,0x00,0x00,0x00,0x00,0x00,0x00,0x00,0x00,0x00,0x00,
    0x00,0x00,0x00,0x00,0x00,0x00,0x00,0x00,0x00,0x00,0x00,0x00,0x00,0x00,0x00,0x00,0x00,0x00,0x00,0x00,0x00,0x00,0x00,0x00,
    0x00,0x00,0x00,0x00,0x00,0x00,0x00,0x00,0x00,0x00,0x00,0x00,0x00,0x00,0x00,0x00,0x00,0x00,0x00,0x00,0x00,0x00,0x00,0x00,
    0x00,0x00,0x00,0x00,0x00,0x00,0x00,0x00,0x00,0x00,0x00,0x00,0x00,0x00,0x00,0x00,0x00,0x00,0x00,0x00,0x00,0x00,0x00,0x00,
    0x00,0x00,0x00,0x00,0x00,0x00,0x00,0x00,0x00,0x00,0x00,0x00,0x00,0x00,0x00,0x00,0x00,0x00,0x00,0x00,0x00,0x00,0x00,0x00,
    0x00,0x00,0x00,0x00,0x00,0x00,0x00,0x00,0x00,0x00,0x00,0x00,0x00,0x00,0x00,0x00,0x00,0x00,0x00,0x00,0x00,0x00,0x00,0x00,
    0x00,0x00,0x00,0x00,0x00,0x00,0x00,0x00,0x00,0x00,0x00,0x00,0x00,0x00,0x00,0x00,0x00,0x00,0x00,0x00,0x00,0x00,0x00,0x00,
    0x00,0x00,0x00,0x00,0x00,0x00,0x00,0x00,0x00,0x00,0x00,0x00,0x00,0x00,0x00,0x00,0x00,0x00,0x00,0x00,0x00,0x00,0x00,0x00,
    0x00,0x00,0x00,0x00,0x00,0x00,0x00,0x00,0x00,0x00,0x00,0x00,0x00,0x00,0x00,0x00,0x00,0x00,0x00,0x00,0x00,0x00,0x00,0x00,
    0x00,0x00,0x00,0x00,0x00,0x00,0x00,0x00,0x00,0x00,0x00,0x00,0x00,0x00,0x00,0x00,0x00,0x00,0x00,0x00,0x00,0x00,0x00,0x00,
    0x00,0x00,0x00,0x00,0x00,0x00,0x00,0x00,0x00,0x00,0x00,0x00,0x00,0x00,0x00,0x00,0x00,0x00,0x00,0x00,0x00,0x00,0x00,0x00,
    0x00,0x00,0x00,0x00,0x00,0x00,0x00,0x00,0x00,0x00,0x00,0x00,0x00,0x00,0x00,0x00,0x00,0x00,0x00,0x00,0x00,0x00,0x00,0x00,
    0x00,0x00,0x00,0x00,0x00,0x00,0x00,0x00,0x00,0x00,0x00,0x00,0x00,0x00,0x00,0x00,0x00,0x00,0x00,0x00,0x00,0x00,0x00,0x00,
    0x00,0x00,0x00,0x00,0x00,0x00,0x00,0x00,0x00,0x00,0x00,0x00,0x00,0x00,0x00,0x00,0x00,0x00,0x00,0x00,0x00,0x00,0x00,0x00,
    0x00,0x00,0x00,0x00,0x00,0x00,0x00,0x00,0x00,0x00,0x00,0x00,0x00,0x00,0x00,0x00,0x00,0x00,0x00,0x00,0x00,0x00,0x00,0x00,
    0x00,0x00,0x00,0x00,0x00,0x00,0x00,0x00,0x00,0x00,0x00,0x00,0x00,0x00,0x00,0x00,0x00,0x00,0x00,0x00,0x00,0x00,0x00,0x00,
    0x00,0x00,0x00,0x00,0x00,0x00,0x00,0x00,0x00,0x00,0x00,0x00,0x00,0x00,0x00,0x00,0x00,0x00,0x00,0x00,0x00,0x00,0x00,0x00,
    0x00,0x00,0x00,0x00,0x00,0x00,0x00,0x00,0x00,0x00,0x00,0x00,0x00,0x00,0x00,0x00,0x00,0x00,0x00,0x00,0x00,0x00,0x00,0x00,
    0x00,0x00,0x00,0x00,0x00,0x00,0x00,0x00,0x00,0x00,0x00,0x00,0x00,0x00,0x00,0x00,0x00,0x00,0x00,0x00,0x00,0x00,0x00,0x00,
    0x00,0x00,0x00,0x00,0x00,0x00,0x00,0x00,0x00,0x00,0x00,0x00,0x00,0x00,0x00,0x00,0x00,0x00,0x00,0x00,0x00,0x00,0x00,0x00,
    0x00,0x00,0x00,0x00,0x00,0x00,0x00,0x00,0x00,0x00,0x00,0x00,0x00,0x00,0x00,0x00,0x00,0x00,0x00,0x00,0x00,0x00,0x00,0x00,
    0x00,0x00,0x00,0x00,0x00,0x00,0x00,0x00,0x00,0x00,0x00,0x00,0x00,0x00,0x00,0x00,0x00,0x00,0x00,0x00,0x00,0x00,0x00,0x00,
    0x00,0x00,0x00,0x00,0x00,0x00,0x00,0x00,0x00,0x00,0x00,0x00,0x00,0x00,0x00,0x00,0x00,0x00,0x00,0x00,0x00,0x00,0x00,0x00,
    0x00,0x00,0x00,0x00,0x00,0x00,0x00,0x00,0x00,0x00,0x00,0x00,0x00,0x00,0x00,0x00,0x00,0x00,0x00,0x00,0x00,0x00,0x00,0x00,
    0x00,0x00,0x00,0x00,0x00,0x00,0x00,0x00,0x00,0x00,0x00,0x00,0x00,0x00,0x00,0x00,0x00,0x00,0x00,0x00,0x00,0x00,0x00,0x00,
    0x00,0x00,0x00,0x00,0x00,0x00,0x00,0x00,0x00,0x00,0x00,0x00,0x00,0x00,0x00,0x00,0x00,0x00,0x00,0x00,0x00,0x00,0x00,0x00,
    0x00,0x00,0x00,0x00,0x00,0x00,0x00,0x00,0x00,0x00,0x00,0x00,0x00,0x00,0x00,0x00,0x00,0x00,0x00,0x00,0x00,0x00,0x00,0x00,
    0x00,0x00,0x00,0x00,0x00,0x00,0x00,0x00,0x00,0x00,0x00,0x00,0x00,0x00,0x00,0x00,0x00,0x00,0x00,0x00,0x00,0x00,0x00,0x00,
    0x00,0x00,0x00,0x00,0x00,0x00,0x00,0x00,0x00,0x00,0x00,0x00,0x00,0x00,0x00,0x00,0x00,0x00,0x00,0x00,0x00,0x00,0x00,0x00,
    0x00,0x00,0x00,0x00,0x00,0x00,0x00,0x00,0x00,0x00,0x00,0x00,0x00,0x00,0x00,0x00,0x00,0x00,0x00,0x00,0x00,0x00,0x00,0x00,
    0x00,0x00,0x00,0x00,0x00,0x00,0x00,0x00,0x00,0x00,0x00,0x00,0x00,0x00,0x00,0x00,0x00,0x00,0x00,0x00,0x00,0x00,0x00,0x00,
    0x00,0x00,0x00,0x00,0x00,0x00,0x00,0x00,0x00,0x00,0x00,0x00,0x00,0x00,0x00,0x00,0x00,0x00,0x00,0x00,0x00,0x00,0x00,0x00,
    0x00,0x00,0x00,0x00,0x00,0x00,0x00,0x00,0x00,0x00,0x00,0x00,0x00,0x00,0x00,0x00,0x00,0x00,0x00,0x00,0x00,0x00,0x00,0x00,
    0x00,0x00,0x00,0x00,0x00,0x00,0x00,0x00,0x00,0x00,0x00,0x00,0x00,0x00,0x00,0x00,0x00,0x00,0x00,0x00,0x00,0x00,0x00,0x00,
    0x00,0x00,0x00,0x00,0x00,0x00,0x00,0x00,0x00,0x00,0x00,0x00,0x00,0x00,0x00,0x00,0x00,0x00,0x00,0x00,0x00,0x00,0x00,0x00,
    0x00,0x00,0x00,0x00,0x00,0x00,0x00,0x00,0x00,0x00,0x00,0x00,0x00,0x00,0x00,0x00,0x00,0x00,0x00,0x00,0x00,0x00,0x00,0x00,
    0x00,0x00,0x00,0x00,0x00,0x00,0x00,0x00,0x00,0x00,0x00,0x00,0x00,0x00,0x00,0x00,0x00,0x00,0x00,0x00,0x00,0x00,0x00,0x00,
    0x00,0x00,0x00,0x00,0x00,0x00,0x00,0x00,0x00,0x00,0x00,0x00,0x00,0x00,0x00,0x00,0x00,0x00,0x00,0x00,0x00,0x00,0x00,0x00,
    0x00,0x00,0x00,0x00,0x00,0x00,0x00,0x00,0x00,0x00,0x00,0x00,0x00,0x00,0x00,0x00,0x00,0x00,0x00,0x00,0x00,0x00,0x00,0x00,
    0x00,0x00,0x00,0x00,0x00,0x00,0x00,0x00,0x00,0x00,0x00,0x00,0x00,0x00,0x00,0x00,0x00,0x00,0x00,0x00,0x00,0x00,0x00,0x00,
    0x00,0x00,0x00,0x00,0x00,0x00,0x00,0x00,0x00,0x00,0x00,0x00,0x00,0x00,0x00,0x00,0x00,0x00,0x00,0x00,0x00,0x00,0x00,0x00,
    0x00,0x00,0x00,0x00,0x00,0x00,0x00,0x00,0x00,0x00,0x00,0x00,0x00,0x00,0x00,0x00,0x00,0x00,0x00,0x00,0x00,0x00,0x00,0x00,
    0x00,0x00,0x00,0x00,0x00,0x00,0x00,0x00,0x00,0x00,0x00,0x00,0x00,0x00,0x00,0x00,0x00,0x00,0x00,0x00,0x00,0x00,0x00,0x00,
    0x00,0x00,0x00,0x00,0x00,0x00,0x00,0x00,0x00,0x00,0x00,0x00,0x00,0x00,0x00,0x00,0x00,0x00,0x00,0x00,0x00,0x00,0x00,0x00,
    0x00,0x00,0x00,0x00,0x00,0x00,0x00,0x00,0x00,0x00,0x00,0x00,0x00,0x00,0x00,0x00,0x00,0x00,0x00,0x00,0x00,0x00,0x00,0x00,
    0x00,0x00,0x00,0x00,0x00,0x00,0x00,0x00,0x00,0x00,0x00,0x00,0x00,0x00,0x00,0x00,0x00,0x00,0x00,0x00,0x00,0x00,0x00,0x00,
    0x00,0x00,0x00,0x00,0x00,0x00,0x00,0x00,0x00,0x00,0x00,0x00,0x00,0x00,0x00,0x00,0x00,0x00,0x00,0x00,0x00,0x00,0x00,0x00,
    0x00,0x00,0x00,0x00,0x00,0x00,0x00,0x00,0x00,0x00,0x00,0x00,0x00,0x00,0x00,0x00,0x00,0x00,0x00,0x00,0x00,0x00,0x00,0x00,
    0x00,0x00,0x00,0x00,0x00,0x00,0x00,0x00,0x00,0x00,0x00,0x00,0x00,0x00,0x00,0x00,0x00,0x00,0x00,0x00,0x00,0x00,0x00,0x00,
    0x00,0x00,0x00,0x00,0x00,0x00,0x00,0x00,0x00,0x00,0x00,0x00,0x00,0x00,0x00,0x00,0x00,0x00,0x00,0x00,0x00,0x00,0x00,0x00,
    0x00,0x00,0x00,0x00,0x00,0x00,0x00,0x00,0x00,0x00,0x00,0x00,0x00,0x00,0x00,0x00,0x00,0x00,0x00,0x00,0x00,0x00,0x00,0x00,
    0x00,0x00,0x00,0x00,0x00,0x00,0x00,0x00,0x00,0x00,0x00,0x00,0x00,0x00,0x00,0x00,0x00,0x00,0x00,0x00,0x00,0x00,0x00,0x00,
    0x00,0x00,0x00,0x00,0x00,0x00,0x00,0x00,0x00,0x00,0x00,0x00,0x00,0x00,0x00,0x00,0x00,0x00,0x00,0x00,0x00,0x00,0x00,0x00,
    0x00,0x00,0x00,0x00,0x00,0x00,0x00,0x00,0x00,0x00,0x00,0x00,0x00,0x00,0x00,0x00,0x00,0x00,0x00,0x00,0x00,0x00,0x00,0x00,
    0x00,0x00,0x00,0x00,0x00,0x00,0x00,0x00,0x00,0x00,0x00,0x00,0x00,0x00,0x00,0x00,0x00,0x00,0x00,0x00,0x00,0x00,0x00,0x00,
    0x00,0x00,0x00,0x00,0x00,0x00,0x00,0x00,0x00,0x00,0x00,0x00,0x00,0x00,0x00,0x00,0x00,0x00,0x00,0x00,0x00,0x00,0x00,0x00,
    0x00,0x00,0x00,0x00,0x00,0x00,0x00,0x00,0x00,0x00,0x00,0x00,0x00,0x00,0x00,0x00,0x00,0x00,0x00,0x00,0x00,0x00,0x00,0x00,
    0x00,0x00,0x00,0x00,0x00,0x00,0x00,0x00,0x00,0x00,0x00,0x00,0x00,0x00,0x00,0x00,0x00,0x00,0x00,0x00,0x00,0x00,0x00,0x00,
    0x00,0x00,0x00,0x00,0x00,0x00,0x00,0x00,0x00,0x00,0x00,0x00,0x00,0x00,0x00,0x00,0x00,0x00,0x00,0x00,0x00,0x00,0x00,0x00,
    0x00,0x00,0x00,0x00,0x00,0x00,0x00,0x00,0x00,0x00,0x00,0x00,0x00,0x00,0x00,0x00,0x00,0x00,0x00,0x00,0x00,0x00,0x00,0x00,
    0x00,0x00,0x00,0x00,0x00,0x00,0x00,0x00,0x00,0x00,0x00,0x00,0x00,0x00,0x00,0x00,0x00,0x00,0x00,0x00,0x00,0x00,0x00,0x00,
    0x00,0x00,0x00,0x00,0x00,0x00,0x00,0x00,0x00,0x00,0x00,0x00,0x00,0x00,0x00,0x00,0x00,0x00,0x00,0x00,0x00,0x00,0x00,0x00,
    0x00,0x00,0x00,0x00,0x00,0x00,0x00,0x00,0x00,0x00,0x00,0x00,0x00,0x00,0x00,0x00,0x00,0x00,0x00,0x00,0x00,0x00,0x00,0x00,
    0x00,0x00,0x00,0x00,0x00,0x00,0x00,0x00,0x00,0x00,0x00,0x00,0x00,0x00,0x00,0x00,0x00,0x00,0x00,0x00,0x00,0x00,0x00,0x00,
    0x00,0x00,0x00,0x00,0x00,0x00,0x00,0x00,0x00,0x00,0x00,0x00,0x00,0x00,0x00,0x00,0x00,0x00,0x00,0x00,0x00,0x00,0x00,0x00,
    0x00,0x00,0x00,0x00,0x00,0x00,0x00,0x00,0x00,0x00,0x00,0x00,0x00,0x00,0x00,0x00,0x00,0x00,0x00,0x00,0x00,0x00,0x00,0x00,
    0x00,0x00,0x00,0x00,0x00,0x00,0x00,0x00,0x00,0x00,0x00,0x00,0x00,0x00,0x00,0x00,0x00,0x00,0x00,0x00,0x00,0x00,0x00,0x00,
    0x00,0x00,0x00,0x00,0x00,0x00,0x00,0x00,0x00,0x00,0x00,0x00,0x00,0x00,0x00,0x00,0x00,0x00,0x00,0x00,0x00,0x00,0x00,0x00,
    0x00,0x00,0x00,0x00,0x00,0x00,0x00,0x00,0x00,0x00,0x00,0x00,0x00,0x00,0x00,0x00,0x00,0x00,0x00,0x00,0x00,0x00,0x00,0x00,
    0x00,0x00,0x00,0x00,0x00,0x00,0x00,0x00,0x00,0x00,0x00,0x00,0x00,0x00,0x00,0x00,0x00,0x00,0x00,0x00,0x00,0x00,0x00,0x00,
    0x00,0x00,0x00,0x00,0x00,0x00,0x00,0x00,0x00,0x00,0x00,0x00,0x00,0x00,0x00,0x00,0x00,0x00,0x00,0x00,0x00,0x00,0x00,0x00,
    0x00,0x00,0x00,0x00,0x00,0x00,0x00,0x00,0x00,0x00,0x00,0x00,0x00,0x00,0x00,0x00,0x00,0x00,0x00,0x00,0x00,0x00,0x00,0x00,
    0x00,0x00,0x00,0x00,0x00,0x00,0x00,0x00,0x00,0x00,0x00,0x00,0x00,0x00,0x00,0x00,0x00,0x00,0x00,0x00,0x00,0x00,0x00,0x00,
    0x00,0x00,0x00,0x00,0x00,0x00,0x00,0x00,0x00,0x00,0x00,0x00,0x00,0x00,0x00,0x00,0x00,0x00,0x00,0x00,0x00,0x00,0x00,0x00,
    0x00,0x00,0x00,0x00,0x00,0x00,0x00,0x00,0x00,0x00,0x00,0x00,0x00,0x00,0x00,0x00,0x00,0x00,0x00,0x00,0x00,0x00,0x00,0x00,
    0x00,0x00,0x00,0x00,0x00,0x00,0x00,0x00,0x00,0x00,0x00,0x00,0x00,0x00,0x00,0x00,0x00,0x00,0x00,0x00,0x00,0x00,0x00,0x00,
    0x00,0x00,0x00,0x00,0x00,0x00,0x00,0x00,0x00,0x00,0x00,0x00,0x00,0x00,0x00,0x00,0x00,0x00,0x00,0x00,0x00,0x00,0x00,0x00,
    0x00,0x00,0x00,0x00,0x00,0x00,0x00,0x00,0x00,0x00,0x00,0x00,0x00,0x00,0x00,0x00,0x00,0x00,0x00,0x00,0x00,0x00,0x00,0x00,
    0x00,0x00,0x00,0x00,0x00,0x00,0x00,0x00,0x00,0x00,0x00,0x00,0x00,0x00,0x00,0x00,0x00,0x00,0x00,0x00,0x00,0x00,0x00,0x00,
    0x00,0x00,0x00,0x00,0x00,0x00,0x00,0x00,0x00,0x00,0x00,0x00,0x00,0x00,0x00,0x00,0x00,0x00,0x00,0x00,0x00,0x00,0x00,0x00,
    0x00,0x00,0x00,0x00,0x00,0x00,0x00,0x00,0x00,0x00,0x00,0x00,0x00,0x00,0x00,0x00,0x00,0x00,0x00,0x00,0x00,0x00,0x00,0x00,
    0x00,0x00,0x00,0x00,0x00,0x00,0x00,0x00,0x00,0x00,0x00,0x00,0x00,0x00,0x00,0x00,0x00,0x00,0x00,0x00,0x00,0x00,0x00,0x00,
    0x00,0x00,0x00,0x00,0x00,0x00,0x00,0x00,0x00,0x00,0x00,0x00,0x00,0x00,0x00,0x00,0x00,0x00,0x00,0x00,0x00,0x00,0x00,0x00,
    0x00,0x00,0x00,0x00,0x00,0x00,0x00,0x00,0x00,0x00,0x00,0x00,0x00,0x00,0x00,0x00,0x00,0x00,0x00,0x00,0x00,0x00,0x00,0x00,
    0x00,0x00,0x00,0x00,0x00,0x00,0x00,0x00,0x00,0x00,0x00,0x00,0x00,0x00,0x00,0x00,0x00,0x00,0x00,0x00,0x00,0x00,0x00,0x00,
    0x00,0x00,0x00,0x00,0x00,0x00,0x00,0x00,0x00,0x00,0x00,0x00,0x00,0x00,0x00,0x00,0x00,0x00,0x00,0x00,0x00,0x00,0x00,0x00,
    0x00,0x00,0x00,0x00,0x00,0x00,0x00,0x00,0x00,0x00,0x00,0x00,0x00,0x00,0x00,0x00,0x00,0x00,0x00,0x00,0x00,0x00,0x00,0x00,
    0x00,0x00,0x00,0x00,0x00,0x00,0x00,0x00,0x00,0x00,0x00,0x00,0x00,0x00,0x00,0x00,0x00,0x00,0x00,0x00,0x00,0x00,0x00,0x00,
    0x00,0x00,0x00,0x00,0x00,0x00,0x00,0x00,0x00,0x00,0x00,0x00,0x00,0x00,0x00,0x00,0x00,0x00,0x00,0x00,0x00,0x00,0x00,0x00,
    0x00,0x00,0x00,0x00,0x00,0x00,0x00,0x00,0x00,0x00,0x00,0x00,0x00,0x00,0x00,0x00,0x00,0x00,0x00,0x00,0x00,0x00,0x00,0x00,
    0x00,0x00,0x00,0x00,0x00,0x00,0x00,0x00,0x00,0x00,0x00,0x00,0x00,0x00,0x00,0x00,0x00,0x00,0x00,0x00,0x00,0x00,0x00,0x00,
    0x00,0x00,0x00,0x00,0x00,0x00,0x00,0x00,0x00,0x00,0x00,0x00,0x00,0x00,0x00,0x00,0x00,0x00,0x00,0x00,0x00,0x00,0x00,0x00,
    0x00,0x00,0x00,0x00,0x00,0x00,0x00,0x00,0x00,0x00,0x00,0x00,0x00,0x00,0x00,0x00,0x00,0x00,0x00,0x00,0x00,0x00,0x00,0x00,
    0x00,0x00,0x00,0x00,0x00,0x00,0x00,0x00,0x00,0x00,0x00,0x00,0x00,0x00,0x00,0x00,0x00,0x00,0x00,0x00,0x00,0x00,0x00,0x00,
    0x00,0x00,0x00,0x00,0x00,0x00,0x00,0x00,0x00,0x00,0x00,0x00,0x00,0x00,0x00,0x00,0x00,0x00,0x00,0x00,0x00,0x00,0x00,0x00,
    0x00,0x00,0x00,0x00,0x00,0x00,0x00,0x00,0x00,0x00,0x00,0x00,0x00,0x00,0x00,0x00,0x00,0x00,0x00,0x00,0x00,0x00,0x00,0x00,
    0x00,0x00,0x00,0x00,0x00,0x00,0x00,0x00,0x00,0x00,0x00,0x00,0x00,0x00,0x00,0x00,0x00,0x00,0x00,0x00,0x00,0x00,0x00,0x00,
    0x00,0x00,0x00,0x00,0x00,0x00,0x00,0x00,0x00,0x00,0x00,0x00,0x00,0x00,0x00,0x00,0x00,0x00,0x00,0x00,0x00,0x00,0x00,0x00,
    0x00,0x00,0x00,0x00,0x00,0x00,0x00,0x00,0x00,0x00,0x00,0x00,0x00,0x00,0x00,0x00,0x00,0x00,0x00,0x00,0x00,0x00,0x00,0x00,
    0x00,0x00,0x00,0x00,0x00,0x00,0x00,0x00,0x00,0x00,0x00,0x00,0x00,0x00,0x00,0x00,0x00,0x00,0x00,0x00,0x00,0x00,0x00,0x00,
    0x00,0x00,0x00,0x00,0x00,0x00,0x00,0x00,0x00,0x00,0x00,0x00,0x00,0x00,0x00,0x00,0x00,0x00,0x00,0x00,0x00,0x00,0x00,0x00,
    0x00,0x00,0x00,0x00,0x00,0x00,0x00,0x00,0x00,0x00,0x00,0x00,0x00,0x00,0x00,0x00,0x00,0x00,0x00,0x00,0x00,0x00,0x00,0x00,
    0x00,0x00,0x00,0x00,0x00,0x00,0x00,0x00,0x00,0x00,0x00,0x00,0x00,0x00,0x00,0x00,0x00,0x00,0x00,0x00,0x00,0x00,0x00,0x00,
    0x00,0x00,0x00,0x00,0x00,0x00,0x00,0x00,0x00,0x00,0x00,0x00,0x00,0x00,0x00,0x00,0x00,0x00,0x00,0x00,0x00,0x00,0x00,0x00,
    0x00,0x00,0x00,0x00,0x00,0x00,0x00,0x00,0x00,0x00,0x00,0x00,0x00,0x00,0x00,0x00,0x00,0x00,0x00,0x00,0x00,0x00,0x00,0x00,
    0x00,0x00,0x00,0x00,0x00,0x00,0x00,0x00,0x00,0x00,0x00,0x00,0x00,0x00,0x00,0x00,0x00,0x00,0x00,0x00,0x00,0x00,0x00,0x00,
    0x00,0x00,0x00,0x00,0x00,0x00,0x00,0x00,0x00,0x00,0x00,0x00,0x00,0x00,0x00,0x00,0x00,0x00,0x00,0x00,0x00,0x00,0x00,0x00,
    0x00,0x00,0x00,0x00,0x00,0x00,0x00,0x00,0x00,0x00,0x00,0x00,0x00,0x00,0x00,0x00,0x00,0x00,0x00,0x00,0x00,0x00,0x00,0x00,
    0x00,0x00,0x00,0x00,0x00,0x00,0x00,0x00,0x00,0x00,0x00,0x00,0x00,0x00,0x00,0x00,0x00,0x00,0x00,0x00,0x00,0x00,0x00,0x00,
    0x00,0x00,0x00,0x00,0x00,0x00,0x00,0x00,0x00,0x00,0x00,0x00,0x00,0x00,0x00,0x00,0x00,0x00,0x00,0x00,0x00,0x00,0x00,0x00,
    0x00,0x00,0x00,0x00,0x00,0x00,0x00,0x00,0x00,0x00,0x00,0x00,0x00,0x00,0x00,0x00,0x00,0x00,0x00,0x00,0x00,0x00,0x00,0x00,
    0x00,0x00,0x00,0x00,0x00,0x00,0x00,0x00,0x00,0x00,0x00,0x00,0x00,0x00,0x00,0x00,0x00,0x00,0x00,0x00,0x00,0x00,0x00,0x00,
    0x00,0x00,0x00,0x00,0x00,0x00,0x00,0x00,0x00,0x00,0x00,0x00,0x00,0x00,0x00,0x00,0x00,0x00,0x00,0x00,0x00,0x00,0x00,0x00,
    0x00,0x00,0x00,0x00,0x00,0x00,0x00,0x00,0x00,0x00,0x00,0x00,0x00,0x00,0x00,0x00,0x00,0x00,0x00,0x00,0x00,0x00,0x00,0x00,
    0x00,0x00,0x00,0x00,0x00,0x00,0x00,0x00,0x00,0x00,0x00,0x00,0x00,0x00,0x00,0x00,0x00,0x00,0x00,0x00,0x00,0x00,0x00,0x00,
    0x00,0x00,0x00,0x00,0x00,0x00,0x00,0x00,0x00,0x00,0x00,0x00,0x00,0x00,0x00,0x00,0x00,0x00,0x00,0x00,0x00,0x00,0x00,0x00,
    0x00,0x00,0x00,0x00,0x00,0x00,0x00,0x00,0x00,0x00,0x00,0x00,0x00,0x00,0x00,0x00,0x00,0x00,0x00,0x00,0x00,0x00,0x00,0x00,
    0x00,0x00,0x00,0x00,0x00,0x00,0x00,0x00,0x00,0x00,0x00,0x00,0x00,0x00,0x00,0x00,0x00,0x00,0x00,0x00,0x00,0x00,0x00,0x00,
    0x00,0x00,0x00,0x00,0x00,0x00,0x00,0x00,0x00,0x00,0x00,0x00,0x00,0x00,0x00,0x00,0x00,0x00,0x00,0x00,0x00,0x00,0x00,0x00,
    0x00,0x00,0x00,0x00,0x00,0x00,0x00,0x00,0x00,0x00,0x00,0x00,0x00,0x00,0x00,0x00,0x00,0x00,0x00,0x00,0x00,0x00,0x00,0x00,
    0x00,0x00,0x00,0x00,0x00,0x00,0x00,0x00,0x00,0x00,0x00,0x00,0x00,0x00,0x00,0x00,0x00,0x00,0x00,0x00,0x00,0x00,0x00,0x00,
    0x00,0x00,0x00,0x00,0x00,0x00,0x00,0x00,0x00,0x00,0x00,0x00,0x00,0x00,0x00,0x00,0x00,0x00,0x00,0x00,0x00,0x00,0x00,0x00,
    0x00,0x00,0x00,0x00,0x00,0x00,0x00,0x00,0x00,0x00,0x00,0x00,0x00,0x00,0x00,0x00,0x00,0x00,0x00,0x00,0x00,0x00,0x00,0x00,
    0x00,0x00,0x00,0x00,0x00,0x00,0x00,0x00,0x00,0x00,0x00,0x00,0x00,0x00,0x00,0x00,0x00,0x00,0x00,0x00,0x00,0x00,0x00,0x00,
    0x00,0x00,0x00,0x00,0x00,0x00,0x00,0x00,0x00,0x00,0x00,0x00,0x00,0x00,0x00,0x00,0x00,0x00,0x00,0x00,0x00,0x00,0x00,0x00,
    0x00,0x00,0x00,0x00,0x00,0x00,0x00,0x00,0x00,0x00,0x00,0x00,0x00,0x00,0x00,0x00,0x00,0x00,0x00,0x00,0x00,0x00,0x00,0x00,
    0x00,0x00,0x00,0x00,0x00,0x00,0x00,0x00,0x00,0x00,0x00,0x00,0x00,0x00,0x00,0x00,0x00,0x00,0x00,0x00,0x00,0x00,0x00,0x00,
    0x00,0x00,0x00,0x00,0x00,0x00,0x00,0x00,0x00,0x00,0x00,0x00,0x00,0x00,0x00,0x00,0x00,0x00,0x00,0x00,0x00,0x00,0x00,0x00,
    0x00,0x00,0x00,0x00,0x00,0x00,0x00,0x00,0x00,0x00,0x00,0x00,0x00,0x00,0x00,0x00,0x00,0x00,0x00,0x00,0x00,0x00,0x00,0x00,
    0x00,0x00,0x00,0x00,0x00,0x00,0x00,0x00,0x00,0x00,0x00,0x00,0x00,0x00,0x00,0x00,0x00,0x00,0x00,0x00,0x00,0x00,0x00,0x00,
    0x00,0x00,0x00,0x00,0x00,0x00,0x00,0x00,0x00,0x00,0x00,0x00,0x00,0x00,0x00,0x00,0x00,0x00,0x00,0x00,0x00,0x00,0x00,0x00,
    0x00,0x00,0x00,0x00,0x00,0x00,0x00,0x00,0x00,0x00,0x00,0x00,0x00,0x00,0x00,0x00,0x00,0x00,0x00,0x00,0x00,0x00,0x00,0x00,
    0x00,0x00,0x00,0x00,0x00,0x00,0x00,0x00,0x00,0x00,0x00,0x00,0x00,0x00,0x00,0x00,0x00,0x00,0x00,0x00,0x00,0x00,0x00,0x00,
    0x00,0x00,0x00,0x00,0x00,0x00,0x00,0x00,0x00,0x00,0x00,0x00,0x00,0x00,0x00,0x00,0x00,0x00,0x00,0x00,0x00,0x00,0x00,0x00,
    0x00,0x00,0x00,0x00,0x00,0x00,0x00,0x00,0x00,0x00,0x00,0x00,0x00,0x00,0x00,0x00,0x00,0x00,0x00,0x00,0x00,0x00,0x00,0x00,
    0x00,0x00,0x00,0x00,0x00,0x00,0x00,0x00,0x00,0x00,0x00,0x00,0x00,0x00,0x00,0x00,0x00,0x00,0x00,0x00,0x00,0x00,0x00,0x00,
    0x00,0x00,0x00,0x00,0x00,0x00,0x00,0x00,0x00,0x00,0x00,0x00,0x00,0x00,0x00,0x00,0x00,0x00,0x00,0x00,0x00,0x00,0x00,0x00,
    0x00,0x00,0x00,0x00,0x00,0x00,0x00,0x00,0x00,0x00,0x00,0x00,0x00,0x00,0x00,0x00,0x00,0x00,0x00,0x00,0x00,0x00,0x00,0x00,
    0x00,0x00,0x00,0x00,0x00,0x00,0x00,0x00,0x00,0x00,0x00,0x00,0x00,0x00,0x00,0x00,0x00,0x00,0x00,0x00,0x00,0x00,0x00,0x00,
    0x00,0x00,0x00,0x00,0x00,0x00,0x00,0x00,0x00,0x00,0x00,0x00,0x00,0x00,0x00,0x00,0x00,0x00,0x00,0x00,0x00,0x00,0x00,0x00,
    0x00,0x00,0x00,0x00,0x00,0x00,0x00,0x00,0x00,0x00,0x00,0x00,0x00,0x00,0x00,0x00,0x00,0x00,0x00,0x00,0x00,0x00,0x00,0x00,
    0x00,0x00,0x00,0x00,0x00,0x00,0x00,0x00,0x00,0x00,0x00,0x00,0x00,0x00,0x00,0x00,0x00,0x00,0x00,0x00,0x00,0x00,0x00,0x00,
    0x00,0x00,0x00,0x00,0x00,0x00,0x00,0x00,0x00,0x00,0x00,0x00,0x00,0x00,0x00,0x00,0x00,0x00,0x00,0x00,0x00,0x00,0x00,0x00,
    0x00,0x00,0x00,0x00,0x00,0x00,0x00,0x00,0x00,0x00,0x00,0x00,0x00,0x00,0x00,0x00,0x00,0x00,0x00,0x00,0x00,0x00,0x00,0x00,
    0x00,0x00,0x00,0x00,0x00,0x00,0x00,0x00,0x00,0x00,0x00,0x00,0x00,0x00,0x00,0x00,0x00,0x00,0x00,0x00,0x00,0x00,0x00,0x00,
    0x00,0x00,0x00,0x00,0x00,0x00,0x00,0x00,0x00,0x00,0x00,0x00,0x00,0x00,0x00,0x00,0x00,0x00,0x00,0x00,0x00,0x00,0x00,0x00,
    0x00,0x00,0x00,0x00,0x00,0x00,0x00,0x00,0x00,0x00,0x00,0x00,0x00,0x00,0x00,0x00,0x00,0x00,0x00,0x00,0x00,0x00,0x00,0x00,
    0x00,0x00,0x00,0x00,0x00,0x00,0x00,0x00,0x00,0x00,0x00,0x00,0x00,0x00,0x00,0x00,0x00,0x00,0x00,0x00,0x00,0x00,0x00,0x00,
    0x00,0x00,0x00,0x00,0x00,0x00,0x00,0x00,0x00,0x00,0x00,0x00,0x00,0x00,0x00,0x00,0x00,0x00,0x00,0x00,0x00,0x00,0x00,0x00,
    0x00,0x00,0x00,0x00,0x00,0x00,0x00,0x00,0x00,0x00,0x00,0x00,0x00,0x00,0x00,0x00,0x00,0x00,0x00,0x00,0x00,0x00,0x00,0x00,
    0x00,0x00,0x00,0x00,0x00,0x00,0x00,0x00,0x00,0x00,0x00,0x00,0x00,0x00,0x00,0x00,0x00,0x00,0x00,0x00,0x00,0x00,0x00,0x00,
    0x00,0x00,0x00,0x00,0x00,0x00,0x00,0x00,0x00,0x00,0x00,0x00,0x00,0x00,0x00,0x00,0x00,0x00,0x00,0x00,0x00,0x00,0x00,0x00,
    0x00,0x00,0x00,0x00,0x00,0x00,0x00,0x00,0x00,0x00,0x00,0x00,0x00,0x00,0x00,0x00,0x00,0x00,0x00,0x00,0x00,0x00,0x00,0x00,
    0x00,0x00,0x00,0x00,0x00,0x00,0x00,0x00,0x00,0x00,0x00,0x00,0x00,0x00,0x00,0x00,0x00,0x00,0x00,0x00,0x00,0x00,0x00,0x00,
    0x00,0x00,0x00,0x00,0x00,0x00,0x00,0x00,0x00,0x00,0x00,0x00,0x00,0x00,0x00,0x00,0x00,0x00,0x00,0x00,0x00,0x00,0x00,0x00,
    0x00,0x00,0x00,0x00,0x00,0x00,0x00,0x00,0x00,0x00,0x00,0x00,0x00,0x00,0x00,0x00,0x00,0x00,0x00,0x00,0x00,0x00,0x00,0x00,
    0x00,0x00,0x00,0x00,0x00,0x00,0x00,0x00,0x00,0x00,0x00,0x00,0x00,0x00,0x00,0x00,0x00,0x00,0x00,0x00,0x00,0x00,0x00,0x00,
    0x00,0x00,0x00,0x00,0x00,0x00,0x00,0x00,0x00,0x00,0x00,0x00,0x00,0x00,0x00,0x00,0x00,0x00,0x00,0x00,0x00,0x00,0x00,0x00,
    0x00,0x00,0x00,0x00,0x00,0x00,0x00,0x00,0x00,0x00,0x00,0x00,0x00,0x00,0x00,0x00,0x00,0x00,0x00,0x00,0x00,0x00,0x00,0x00,
    0x00,0x00,0x00,0x00,0x00,0x00,0x00,0x00,0x00,0x00,0x00,0x00,0x00,0x00,0x00,0x00,0x00,0x00,0x00,0x00,0x00,0x00,0x00,0x00,
    0x00,0x00,0x00,0x00,0x00,0x00,0x00,0x00,0x00,0x00,0x00,0x00,0x00,0x00,0x00,0x00,0x00,0x00,0x00,0x00,0x00,0x00,0x00,0x00,
    0x00,0x00,0x00,0x00,0x00,0x00,0x00,0x00,0x00,0x00,0x00,0x00,0x00,0x00,0x00,0x00,0x00,0x00,0x00,0x00,0x00,0x00,0x00,0x00,
    0x00,0x00,0x00,0x00,0x00,0x00,0x00,0x00,0x00,0x00,0x00,0x00,0x00,0x00,0x00,0x00,0x00,0x00,0x00,0x00,0x00,0x00,0x00,0x00,
    0x00,0x00,0x00,0x00,0x00,0x00,0x00,0x00,0x00,0x00,0x00,0x00,0x00,0x00,0x00,0x00,0x00,0x00,0x00,0x00,0x00,0x00,0x00,0x00,
    0x00,0x00,0x00,0x00,0x00,0x00,0x00,0x00,0x00,0x00,0x00,0x00,0x00,0x00,0x00,0x00,0x00,0x00,0x00,0x00,0x00,0x00,0x00,0x00,
    0x00,0x00,0x00,0x00,0x00,0x00,0x00,0x00,0x00,0x00,0x00,0x00,0x00,0x00,0x00,0x00,0x00,0x00,0x00,0x00,0x00,0x00,0x00,0x00,
    0x00,0x00,0x00,0x00,0x00,0x00,0x00,0x00,0x00,0x00,0x00,0x00,0x00,0x00,0x00,0x00,0x00,0x00,0x00,0x00,0x00,0x00,0x00,0x00,
    0x00,0x00,0x00,0x00,0x00,0x00,0x00,0x00,0x00,0x00,0x00,0x00,0x00,0x00,0x00,0x00,0x00,0x00,0x00,0x00,0x00,0x00,0x00,0x00,
    0x00,0x00,0x00,0x00,0x00,0x00,0x00,0x00,0x00,0x00,0x00,0x00,0x00,0x00,0x00,0x00,0x00,0x00,0x00,0x00,0x00,0x00,0x00,0x00,
    0x00,0x00,0x00,0x00,0x00,0x00,0x00,0x00,0x00,0x00,0x00,0x00,0x00,0x00,0x00,0x00,0x00,0x00,0x00,0x00,0x00,0x00,0x00,0x00,
    0x00,0x00,0x00,0x00,0x00,0x00,0x00,0x00,0x00,0x00,0x00,0x00,0x00,0x00,0x00,0x00,0x00,0x00,0x00,0x00,0x00,0x00,0x00,0x00,
    0x00,0x00,0x00,0x00,0x00,0x00,0x00,0x00,0x00,0x00,0x00,0x00,0x00,0x00,0x00,0x00,0x00,0x00,0x00,0x00,0x00,0x00,0x00,0x00,
    0x00,0x00,0x00,0x00,0x00,0x00,0x00,0x00,0x00,0x00,0x00,0x00,0x00,0x00,0x00,0x00,0x00,0x00,0x00,0x00,0x00,0x00,0x00,0x00,
    0x00,0x00,0x00,0x00,0x00,0x00,0x00,0x00,0x00,0x00,0x00,0x00,0x00,0x00,0x00,0x00,0x00,0x00,0x00,0x00,0x00,0x00,0x00,0x00,
    0x00,0x00,0x00,0x00,0x00,0x00,0x00,0x00,0x00,0x00,0x00,0x00,0x00,0x00,0x00,0x00,0x00,0x00,0x00,0x00,0x00,0x00,0x00,0x00,
    0x00,0x00,0x00,0x00,0x00,0x00,0x00,0x00,0x00,0x00,0x00,0x00,0x00,0x00,0x00,0x00,0x00,0x00,0x00,0x00,0x00,0x00,0x00,0x00,
    0x00,0x00,0x00,0x00,0x00,0x00,0x00,0x00,0x00,0x00,0x00,0x00,0x00,0x00,0x00,0x00,0x00,0x00,0x00,0x00,0x00,0x00,0x00,0x00,
    0x00,0x00,0x00,0x00,0x00,0x00,0x00,0x00,0x00,0x00,0x00,0x00,0x00,0x00,0x00,0x00,0x00,0x00,0x00,0x00,0x00,0x00,0x00,0x00,
    0x00,0x00,0x00,0x00,0x00,0x00,0x00,0x00,0x00,0x00,0x00,0x00,0x00,0x00,0x00,0x00,0x00,0x00,0x00,0x00,0x00,0x00,0x00,0x00,
    0x00,0x00,0x00,0x00,0x00,0x00,0x00,0x00,0x00,0x00,0x00,0x00,0x00,0x00,0x00,0x00,0x00,0x00,0x00,0x00,0x00,0x00,0x00,0x00,
    0x00,0x00,0x00,0x00,0x00,0x00,0x00,0x00,0x00,0x00,0x00,0x00,0x00,0x00,0x00,0x00,0x00,0x00,0x00,0x00,0x00,0x00,0x00,0x00,
    0x00,0x00,0x00,0x00,0x00,0x00,0x00,0x00,0x00,0x00,0x00,0x00,0x00,0x00,0x00,0x00,0x00,0x00,0x00,0x00,0x00,0x00,0x00,0x00,
    0x00,0x00,0x00,0x00,0x00,0x00,0x00,0x00,0x00,0x00,0x00,0x00,0x00,0x00,0x00,0x00,0x00,0x00,0x00,0x00,0x00,0x00,0x00,0x00,
    0x00,0x00,0x00,0x00,0x00,0x00,0x00,0x00,0x00,0x00,0x00,0x00,0x00,0x00,0x00,0x00,0x00,0x00,0x00,0x00,0x00,0x00,0x00,0x00,
    0x00,0x00,0x00,0x00,0x00,0x00,0x00,0x00,0x00,0x00,0x00,0x00,0x00,0x00,0x00,0x00,0x00,0x00,0x00,0x00,0x00,0x00,0x00,0x00,
    0x00,0x00,0x00,0x00,0x00,0x00,0x00,0x00,0x00,0x00,0x00,0x00,0x00,0x00,0x00,0x00,0x00,0x00,0x00,0x00,0x00,0x00,0x00,0x00,
    0x00,0x00,0x00,0x00,0x00,0x00,0x00,0x00,0x00,0x00,0x00,0x00,0x00,0x00,0x00,0x00,0x00,0x00,0x00,0x00,0x00,0x00,0x00,0x00,
    0x00,0x00,0x00,0x00,0x00,0x00,0x00,0x00,0x00,0x00,0x00,0x00,0x00,0x00,0x00,0x00,0x00,0x00,0x00,0x00,0x00,0x00,0x00,0x00,
    0x00,0x00,0x00,0x00,0x00,0x00,0x00,0x00,0x00,0x00,0x00,0x00,0x00,0x00,0x00,0x00,0x00,0x00,0x00,0x00,0x00,0x00,0x00,0x00,
    0x00,0x00,0x00,0x00,0x00,0x00,0x00,0x00,0x00,0x00,0x00,0x00,0x00,0x00,0x00,0x00,0x00,0x00,0x00,0x00,0x00,0x00,0x00,0x00,
    0x00,0x00,0x00,0x00,0x00,0x00,0x00,0x00,0x00,0x00,0x00,0x00,0x00,0x00,0x00,0x00,0x00,0x00,0x00,0x00,0x00,0x00,0x00,0x00,
    0x00,0x00,0x00,0x00,0x00,0x00,0x00,0x00,0x00,0x00,0x00,0x00,0x00,0x00,0x00,0x00,0x00,0x00,0x00,0x00,0x00,0x00,0x00,0x00,
    0x00,0x00,0x00,0x00,0x00,0x00,0x00,0x00,0x00,0x00,0x00,0x00,0x00,0x00,0x00,0x00,0x00,0x00,0x00,0x00,0x00,0x00,0x00,0x00,
    0x00,0x00,0x00,0x00,0x00,0x00,0x00,0x00,0x00,0x00,0x00,0x00,0x00,0x00,0x00,0x00,0x00,0x00,0x00,0x00,0x00,0x00,0x00,0x00,
    0x00,0x00,0x00,0x00,0x00,0x00,0x00,0x00,0x00,0x00,0x00,0x00,0x00,0x00,0x00,0x00,0x00,0x00,0x00,0x00,0x00,0x00,0x00,0x00,
    0x00,0x00,0x00,0x00,0x00,0x00,0x00,0x00,0x00,0x00,0x00,0x00,0x00,0x00,0x00,0x00,0x00,0x00,0x00,0x00,0x00,0x00,0x00,0x00,
    0x00,0x00,0x00,0x00,0x00,0x00,0x00,0x00,0x00,0x00,0x00,0x00,0x00,0x00,0x00,0x00,0x00,0x00,0x00,0x00,0x00,0x00,0x00,0x00,
    0x00,0x00,0x00,0x00,0x00,0x00,0x00,0x00,0x00,0x00,0x00,0x00,0x00,0x00,0x00,0x00,0x00,0x00,0x00,0x00,0x00,0x00,0x00,0x00,
    0x00,0x00,0x00,0x00,0x00,0x00,0x00,0x00,0x00,0x00,0x00,0x00,0x00,0x00,0x00,0x00,0x00,0x00,0x00,0x00,0x00,0x00,0x00,0x00,
    0x00,0x00,0x00,0x00,0x00,0x00,0x00,0x00,0x00,0x00,0x00,0x00,0x00,0x00,0x00,0x00,0x00,0x00,0x00,0x00,0x00,0x00,0x00,0x00,
    0x00,0x00,0x00,0x00,0x00,0x00,0x00,0x00,0x00,0x00,0x00,0x00,0x00,0x00,0x00,0x00,0x00,0x00,0x00,0x00,0x00,0x00,0x00,0x00,
    0x00,0x00,0x00,0x00,0x00,0x00,0x00,0x00,0x00,0x00,0x00,0x00,0x00,0x00,0x00,0x00,0x00,0x00,0x00,0x00,0x00,0x00,0x00,0x00,
    0x00,0x00,0x00,0x00,0x00,0x00,0x00,0x00,0x00,0x00,0x00,0x00,0x00,0x00,0x00,0x00,0x00,0x00,0x00,0x00,0x00,0x00,0x00,0x00,
    0x00,0x00,0x00,0x00,0x00,0x00,0x00,0x00,0x00,0x00,0x00,0x00,0x00,0x00,0x00,0x00,0x00,0x00,0x00,0x00,0x00,0x00,0x00,0x00,
    0x00,0x00,0x00,0x00,0x00,0x00,0x00,0x00,0x00,0x00,0x00,0x00,0x00,0x00,0x00,0x00,0x00,0x00,0x00,0x00,0x00,0x00,0x00,0x00,
    0x00,0x00,0x00,0x00,0x00,0x00,0x00,0x00,0x00,0x00,0x00,0x00,0x00,0x00,0x00,0x00,0x00,0x00,0x00,0x00,0x00,0x00,0x00,0x00,
    0x00,0x00,0x00,0x00,0x00,0x00,0x00,0x00,0x00,0x00,0x00,0x00,0x00,0x00,0x00,0x00,0x00,0x00,0x00,0x00,0x00,0x00,0x00,0x00,
    0x00,0x00,0x00,0x00,0x00,0x00,0x00,0x00,0x00,0x00,0x00,0x00,0x00,0x00,0x00,0x00,0x00,0x00,0x00,0x00,0x00,0x00,0x00,0x00,
    0x00,0x00,0x00,0x00,0x00,0x00,0x00,0x00,0x00,0x00,0x00,0x00,0x00,0x00,0x00,0x00,0x00,0x00,0x00,0x00,0x00,0x00,0x00,0x00,
    0x00,0x00,0x00,0x00,0x00,0x00,0x00,0x00,0x00,0x00,0x00,0x00,0x00,0x00,0x00,0x00,0x00,0x00,0x00,0x00,0x00,0x00,0x00,0x00,
    0x00,0x00,0x00,0x00,0x00,0x00,0x00,0x00,0x00,0x00,0x00,0x00,0x00,0x00,0x00,0x00,0x00,0x00,0x00,0x00,0x00,0x00,0x00,0x00,
    0x00,0x00,0x00,0x00,0x00,0x00,0x00,0x00,0x00,0x00,0x00,0x00,0x00,0x00,0x00,0x00,0x00,0x00,0x00,0x00,0x00,0x00,0x00,0x00,
    0x00,0x00,0x00,0x00,0x00,0x00,0x00,0x00,0x00,0x00,0x00,0x00,0x00,0x00,0x00,0x00,0x00,0x00,0x00,0x00,0x00,0x00,0x00,0x00,
    0x00,0x00,0x00,0x00,0x00,0x00,0x00,0x00,0x00,0x00,0x00,0x00,0x00,0x00,0x00,0x00,0x00,0x00,0x00,0x00,0x00,0x00,0x00,0x00,
    0x00,0x00,0x00,0x00,0x00,0x00,0x00,0x00,0x00,0x00,0x00,0x00,0x00,0x00,0x00,0x00,0x00,0x00,0x00,0x00,0x00,0x00,0x00,0x00,
    0x00,0x00,0x00,0x00,0x00,0x00,0x00,0x00,0x00,0x00,0x00,0x00,0x00,0x00,0x00,0x00,0x00,0x00,0x00,0x00,0x00,0x00,0x00,0x00,
    0x00,0x00,0x00,0x00,0x00,0x00,0x00,0x00,0x00,0x00,0x00,0x00,0x00,0x00,0x00,0x00,0x00,0x00,0x00,0x00,0x00,0x00,0x00,0x00,
    0x00,0x00,0x00,0x00,0x00,0x00,0x00,0x00,0x00,0x00,0x00,0x00,0x00,0x00,0x00,0x00,0x00,0x00,0x00,0x00,0x00,0x00,0x00,0x00,
    0x00,0x00,0x00,0x00,0x00,0x00,0x00,0x00,0x00,0x00,0x00,0x00,0x00,0x00,0x00,0x00,0x00,0x00,0x00,0x00,0x00,0x00,0x00,0x00,
    0x00,0x00,0x00,0x00,0x00,0x00,0x00,0x00,0x00,0x00,0x00,0x00,0x00,0x00,0x00,0x00,0x00,0x00,0x00,0x00,0x00,0x00,0x00,0x00,
    0x00,0x00,0x00,0x00,0x00,0x00,0x00,0x00,0x00,0x00,0x00,0x00,0x00,0x00,0x00,0x00,0x00,0x00,0x00,0x00,0x00,0x00,0x00,0x00,
    0x00,0x00,0x00,0x00,0x00,0x00,0x00,0x00,0x00,0x00,0x00,0x00,0x00,0x00,0x00,0x00,0x00,0x00,0x00,0x00,0x00,0x00,0x00,0x00,
    0x00,0x00,0x00,0x00,0x00,0x00,0x00,0x00,0x00,0x00,0x00,0x00,0x00,0x00,0x00,0x00,0x00,0x00,0x00,0x00,0x00,0x00,0x00,0x00,
    0x00,0x00,0x00,0x00,0x00,0x00,0x00,0x00,0x00,0x00,0x00,0x00,0x00,0x00,0x00,0x00,0x00,0x00,0x00,0x00,0x00,0x00,0x00,0x00,
    0x00,0x00,0x00,0x00,0x00,0x00,0x00,0x00,0x00,0x00,0x00,0x00,0x00,0x00,0x00,0x00,0x00,0x00,0x00,0x00,0x00,0x00,0x00,0x00,
    0x00,0x00,0x00,0x00,0x00,0x00,0x00,0x00,0x00,0x00,0x00,0x00,0x00,0x00,0x00,0x00,0x00,0x00,0x00,0x00,0x00,0x00,0x00,0x00,
    0x00,0x00,0x00,0x00,0x00,0x00,0x00,0x00,0x00,0x00,0x00,0x00,0x00,0x00,0x00,0x00,0x00,0x00,0x00,0x00,0x00,0x00,0x00,0x00,
    0x00,0x00,0x00,0x00,0x00,0x00,0x00,0x00,0x00,0x00,0x00,0x00,0x00,0x00,0x00,0x00,0x00,0x00,0x00,0x00,0x00,0x00,0x00,0x00,
    0x00,0x00,0x00,0x00,0x00,0x00,0x00,0x00,0x00,0x00,0x00,0x00,0x00,0x00,0x00,0x00,0x00,0x00,0x00,0x00,0x00,0x00,0x00,0x00,
    0x00,0x00,0x00,0x00,0x00,0x00,0x00,0x00,0x00,0x00,0x00,0x00,0x00,0x00,0x00,0x00,0x00,0x00,0x00,0x00,0x00,0x00,0x00,0x00,
    0x00,0x00,0x00,0x00,0x00,0x00,0x00,0x00,0x00,0x00,0x00,0x00,0x00,0x00,0x00,0x00,0x00,0x00,0x00,0x00,0x00,0x00,0x00,0x00,
    0x00,0x00,0x00,0x00,0x00,0x00,0x00,0x00,0x00,0x00,0x00,0x00,0x00,0x00,0x00,0x00,0x00,0x00,0x00,0x00,0x00,0x00,0x00,0x00,
    0x00,0x00,0x00,0x00,0x00,0x00,0x00,0x00,0x00,0x00,0x00,0x00,0x00,0x00,0x00,0x00,0x00,0x00,0x00,0x00,0x00,0x00,0x00,0x00,
    0x00,0x00,0x00,0x00,0x00,0x00,0x00,0x00,0x00,0x00,0x00,0x00,0x00,0x00,0x00,0x00,0x00,0x00,0x00,0x00,0x00,0x00,0x00,0x00,
    0x00,0x00,0x00,0x00,0x00,0x00,0x00,0x00,0x00,0x00,0x00,0x00,0x00,0x00,0x00,0x00,0x00,0x00,0x00,0x00,0x00,0x00,0x00,0x00,
    0x00,0x00,0x00,0x00,0x00,0x00,0x00,0x00,0x00,0x00,0x00,0x00,0x00,0x00,0x00,0x00,0x00,0x00,0x00,0x00,0x00,0x00,0x00,0x00,
    0x00,0x00,0x00,0x00,0x00,0x00,0x00,0x00,0x00,0x00,0x00,0x00,0x00,0x00,0x00,0x00,0x00,0x00,0x00,0x00,0x00,0x00,0x00,0x00,
    0x00,0x00,0x00,0x00,0x00,0x00,0x00,0x00,0x00,0x00,0x00,0x00,0x00,0x00,0x00,0x00,0x00,0x00,0x00,0x00,0x00,0x00,0x00,0x00,
    0x00,0x00,0x00,0x00,0x00,0x00,0x00,0x00,0x00,0x00,0x00,0x00,0x00,0x00,0x00,0x00,0x00,0x00,0x00,0x00,0x00,0x00,0x00,0x00,
    0x00,0x00,0x00,0x00,0x00,0x00,0x00,0x00,0x00,0x00,0x00,0x00,0x00,0x00,0x00,0x00,0x00,0x00,0x00,0x00,0x00,0x00,0x00,0x00,
    0x00,0x00,0x00,0x00,0x00,0x00,0x00,0x00,0x00,0x00,0x00,0x00,0x00,0x00,0x00,0x00,0x00,0x00,0x00,0x00,0x00,0x00,0x00,0x00,
    0x00,0x00,0x00,0x00,0x00,0x00,0x00,0x00,0x00,0x00,0x00,0x00,0x00,0x00,0x00,0x00,0x00,0x00,0x00,0x00,0x00,0x00,0x00,0x00,
    0x00,0x00,0x00,0x00,0x00,0x00,0x00,0x00,0x00,0x00,0x00,0x00,0x00,0x00,0x00,0x00,0x00,0x00,0x00,0x00,0x00,0x00,0x00,0x00,
    0x00,0x00,0x00,0x00,0x00,0x00,0x00,0x00,0x00,0x00,0x00,0x00,0x00,0x00,0x00,0x00,0x00,0x00,0x00,0x00,0x00,0x00,0x00,0x00,
    0x00,0x00,0x00,0x00,0x00,0x00,0x00,0x00,0x00,0x00,0x00,0x00,0x00,0x00,0x00,0x00,0x00,0x00,0x00,0x00,0x00,0x00,0x00,0x00,
    0x00,0x00,0x00,0x00,0x00,0x00,0x00,0x00,0x00,0x00,0x00,0x00,0x00,0x00,0x00,0x00,0x00,0x00,0x00,0x00,0x00,0x00,0x00,0x00,
    0x00,0x00,0x00,0x00,0x00,0x00,0x00,0x00,0x00,0x00,0x00,0x00,0x00,0x00,0x00,0x00,0x00,0x00,0x00,0x00,0x00,0x00,0x00,0x00,
    0x00,0x00,0x00,0x00,0x00,0x00,0x00,0x00,0x00,0x00,0x00,0x00,0x00,0x00,0x00,0x00,0x00,0x00,0x00,0x00,0x00,0x00,0x00,0x00,
    0x00,0x00,0x00,0x00,0x00,0x00,0x00,0x00,0x00,0x00,0x00,0x00,0x00,0x00,0x00,0x00,0x00,0x00,0x00,0x00,0x00,0x00,0x00,0x00,
    0x00,0x00,0x00,0x00,0x00,0x00,0x00,0x00,0x00,0x00,0x00,0x00,0x00,0x00,0x00,0x00,0x00,0x00,0x00,0x00,0x00,0x00,0x00,0x00,
    0x00,0x00,0x00,0x00,0x00,0x00,0x00,0x00,0x00,0x00,0x00,0x00,0x00,0x00,0x00,0x00,0x00,0x00,0x00,0x00,0x00,0x00,0x00,0x00,
    0x00,0x00,0x00,0x00,0x00,0x00,0x00,0x00,0x00,0x00,0x00,0x00,0x00,0x00,0x00,0x00,0x00,0x00,0x00,0x00,0x00,0x00,0x00,0x00,
    0x00,0x00,0x00,0x00,0x00,0x00,0x00,0x00,0x00,0x00,0x00,0x00,0x00,0x00,0x00,0x00,0x00,0x00,0x00,0x00,0x00,0x00,0x00,0x00,
    0x00,0x00,0x00,0x00,0x00,0x00,0x00,0x00,0x00,0x00,0x00,0x00,0x00,0x00,0x00,0x00,0x00,0x00,0x00,0x00,0x00,0x00,0x00,0x00,
    0x00,0x00,0x00,0x00,0x00,0x00,0x00,0x00,0x00,0x00,0x00,0x00,0x00,0x00,0x00,0x00,0x00,0x00,0x00,0x00,0x00,0x00,0x00,0x00,
    0x00,0x00,0x00,0x00,0x00,0x00,0x00,0x00,0x00,0x00,0x00,0x00,0x00,0x00,0x00,0x00,0x00,0x00,0x00,0x00,0x00,0x00,0x00,0x00,
    0x00,0x00,0x00,0x00,0x00,0x00,0x00,0x00,0x00,0x00,0x00,0x00,0x00,0x00,0x00,0x00,0x00,0x00,0x00,0x00,0x00,0x00,0x00,0x00,
    0x00,0x00,0x00,0x00,0x00,0x00,0x00,0x00,0x00,0x00,0x00,0x00,0x00,0x00,0x00,0x00,0x00,0x00,0x00,0x00,0x00,0x00,0x00,0x00,
    0x00,0x00,0x00,0x00,0x00,0x00,0x00,0x00,0x00,0x00,0x00,0x00,0x00,0x00,0x00,0x00,0x00,0x00,0x00,0x00,0x00,0x00,0x00,0x00,
    0x00,0x00,0x00,0x00,0x00,0x00,0x00,0x00,0x00,0x00,0x00,0x00,0x00,0x00,0x00,0x00,0x00,0x00,0x00,0x00,0x00,0x00,0x00,0x00,
    0x00,0x00,0x00,0x00,0x00,0x00,0x00,0x00,0x00,0x00,0x00,0x00,0x00,0x00,0x00,0x00,0x00,0x00,0x00,0x00,0x00,0x00,0x00,0x00,
    0x00,0x00,0x00,0x00,0x00,0x00,0x00,0x00,0x00,0x00,0x00,0x00,0x00,0x00,0x00,0x00,0x00,0x00,0x00,0x00,0x00,0x00,0x00,0x00,
    0x00,0x00,0x00,0x00,0x00,0x00,0x00,0x00,0x00,0x00,0x00,0x00,0x00,0x00,0x00,0x00,0x00,0x00,0x00,0x00,0x00,0x00,0x00,0x00,
    0x00,0x00,0x00,0x00,0x00,0x00,0x00,0x00,0x00,0x00,0x00,0x00,0x00,0x00,0x00,0x00,0x00,0x00,0x00,0x00,0x00,0x00,0x00,0x00,
    0x00,0x00,0x00,0x00,0x00,0x00,0x00,0x00,0x00,0x00,0x00,0x00,0x00,0x00,0x00,0x00,0x00,0x00,0x00,0x00,0x00,0x00,0x00,0x00,
    0x00,0x00,0x00,0x00,0x00,0x00,0x00,0x00,0x00,0x00,0x00,0x00,0x00,0x00,0x00,0x00,0x00,0x00,0x00,0x00,0x00,0x00,0x00,0x00,
    0x00,0x00,0x00,0x00,0x00,0x00,0x00,0x00,0x00,0x00,0x00,0x00,0x00,0x00,0x00,0x00,0x00,0x00,0x00,0x00,0x00,0x00,0x00,0x00,
    0x00,0x00,0x00,0x00,0x00,0x00,0x00,0x00,0x00,0x00,0x00,0x00,0x00,0x00,0x00,0x00,0x00,0x00,0x00,0x00,0x00,0x00,0x00,0x00,
    0x00,0x00,0x00,0x00,0x00,0x00,0x00,0x00,0x00,0x00,0x00,0x00,0x00,0x00,0x00,0x00,0x00,0x00,0x00,0x00,0x00,0x00,0x00,0x00,
    0x00,0x00,0x00,0x00,0x00,0x00,0x00,0x00,0x00,0x00,0x00,0x00,0x00,0x00,0x00,0x00,0x00,0x00,0x00,0x00,0x00,0x00,0x00,0x00,
    0x00,0x00,0x00,0x00,0x00,0x00,0x00,0x00,0x00,0x00,0x00,0x00,0x00,0x00,0x00,0x00,0x00,0x00,0x00,0x00,0x00,0x00,0x00,0x00,
    0x00,0x00,0x00,0x00,0x00,0x00,0x00,0x00,0x00,0x00,0x00,0x00,0x00,0x00,0x00,0x00,0x00,0x00,0x00,0x00,0x00,0x00,0x00,0x00,
    0x00,0x00,0x00,0x00,0x00,0x00,0x00,0x00,0x00,0x00,0x00,0x00,0x00,0x00,0x00,0x00,0x00,0x00,0x00,0x00,0x00,0x00,0x00,0x00,
    0x00,0x00,0x00,0x00,0x00,0x00,0x00,0x00,0x00,0x00,0x00,0x00,0x00,0x00,0x00,0x00,0x00,0x00,0x00,0x00,0x00,0x00,0x00,0x00,
    0x00,0x00,0x00,0x00,0x00,0x00,0x00,0x00,0x00,0x00,0x00,0x00,0x00,0x00,0x00,0x00,0x00,0x00,0x00,0x00,0x00,0x00,0x00,0x00,
    0x00,0x00,0x00,0x00,0x00,0x00,0x00,0x00,0x00,0x00,0x00,0x00,0x00,0x00,0x00,0x00,0x00,0x00,0x00,0x00,0x00,0x00,0x00,0x00,
    0x00,0x00,0x00,0x00,0x00,0x00,0x00,0x00,0x00,0x00,0x00,0x00,0x00,0x00,0x00,0x00,0x00,0x00,0x00,0x00,0x00,0x00,0x00,0x00,
    0x00,0x00,0x00,0x00,0x00,0x00,0x00,0x00,0x00,0x00,0x00,0x00,0x00,0x00,0x00,0x00,0x00,0x00,0x00,0x00,0x00,0x00,0x00,0x00,
    0x00,0x00,0x00,0x00,0x00,0x00,0x00,0x00,0x00,0x00,0x00,0x00,0x00,0x00,0x00,0x00,0x00,0x00,0x00,0x00,0x00,0x00,0x00,0x00,
    0x00,0x00,0x00,0x00,0x00,0x00,0x00,0x00,0x00,0x00,0x00,0x00,0x00,0x00,0x00,0x00,0x00,0x00,0x00,0x00,0x00,0x00,0x00,0x00,
    0x00,0x00,0x00,0x00,0x00,0x00,0x00,0x00,0x00,0x00,0x00,0x00,0x00,0x00,0x00,0x00,0x00,0x00,0x00,0x00,0x00,0x00,0x00,0x00,
    0x00,0x00,0x00,0x00,0x00,0x00,0x00,0x00,0x00,0x00,0x00,0x00,0x00,0x00,0x00,0x00,0x00,0x00,0x00,0x00,0x00,0x00,0x00,0x00,
    0x00,0x00,0x00,0x00,0x00,0x00,0x00,0x00,0x00,0x00,0x00,0x00,0x00,0x00,0x00,0x00,0x00,0x00,0x00,0x00,0x00,0x00,0x00,0x00,
    0x00,0x00,0x00,0x00,0x00,0x00,0x00,0x00,0x00,0x00,0x00,0x00,0x00,0x00,0x00,0x00,0x00,0x00,0x00,0x00,0x00,0x00,0x00,0x00,
    0x00,0x00,0x00,0x00,0x00,0x00,0x00,0x00,0x00,0x00,0x00,0x00,0x00,0x00,0x00,0x00,0x00,0x00,0x00,0x00,0x00,0x00,0x00,0x00,
    0x00,0x00,0x00,0x00,0x00,0x00,0x00,0x00,0x00,0x00,0x00,0x00,0x00,0x00,0x00,0x00,0x00,0x00,0x00,0x00,0x00,0x00,0x00,0x00,
    0x00,0x00,0x00,0x00,0x00,0x00,0x00,0x00,0x00,0x00,0x00,0x00,0x00,0x00,0x00,0x00,0x00,0x00,0x00,0x00,0x00,0x00,0x00,0x00,
    0x00,0x00,0x00,0x00,0x00,0x00,0x00,0x00,0x00,0x00,0x00,0x00,0x00,0x00,0x00,0x00,0x00,0x00,0x00,0x00,0x00,0x00,0x00,0x00,
    0x00,0x00,0x00,0x00,0x00,0x00,0x00,0x00,0x00,0x00,0x00,0x00,0x00,0x00,0x00,0x00,0x00,0x00,0x00,0x00,0x00,0x00,0x00,0x00,
    0x00,0x00,0x00,0x00,0x00,0x00,0x00,0x00,0x00,0x00,0x00,0x00,0x00,0x00,0x00,0x00,0x00,0x00,0x00,0x00,0x00,0x00,0x00,0x00,
    0x00,0x00,0x00,0x00,0x00,0x00,0x00,0x00,0x00,0x00,0x00,0x00,0x00,0x00,0x00,0x00,0x00,0x00,0x00,0x00,0x00,0x00,0x00,0x00,
    0x00,0x00,0x00,0x00,0x00,0x00,0x00,0x00,0x00,0x00,0x00,0x00,0x00,0x00,0x00,0x00,0x00,0x00,0x00,0x00,0x00,0x00,0x00,0x00,
    0x00,0x00,0x00,0x00,0x00,0x00,0x00,0x00,0x00,0x00,0x00,0x00,0x00,0x00,0x00,0x00,0x00,0x00,0x00,0x00,0x00,0x00,0x00,0x00,
    0x00,0x00,0x00,0x00,0x00,0x00,0x00,0x00,0x00,0x00,0x00,0x00,0x00,0x00,0x00,0x00,0x00,0x00,0x00,0x00,0x00,0x00,0x00,0x00,
    0x00,0x00,0x00,0x00,0x00,0x00,0x00,0x00,0x00,0x00,0x00,0x00,0x00,0x00,0x00,0x00,0x00,0x00,0x00,0x00,0x00,0x00,0x00,0x00,
    0x00,0x00,0x00,0x00,0x00,0x00,0x00,0x00,0x00,0x00,0x00,0x00,0x00,0x00,0x00,0x00,0x00,0x00,0x00,0x00,0x00,0x00,0x00,0x00,
    0x00,0x00,0x00,0x00,0x00,0x00,0x00,0x00,0x00,0x00,0x00,0x00,0x00,0x00,0x00,0x00,0x00,0x00,0x00,0x00,0x00,0x00,0x00,0x00,
    0x00,0x00,0x00,0x00,0x00,0x00,0x00,0x00,0x00,0x00,0x00,0x00,0x00,0x00,0x00,0x00,0x00,0x00,0x00,0x00,0x00,0x00,0x00,0x00,
    0x00,0x00,0x00,0x00,0x00,0x00,0x00,0x00,0x00,0x00,0x00,0x00,0x00,0x00,0x00,0x00,0x00,0x00,0x00,0x00,0x00,0x00,0x00,0x00,
    0x00,0x00,0x00,0x00,0x00,0x00,0x00,0x00,0x00,0x00,0x00,0x00,0x00,0x00,0x00,0x00,0x00,0x00,0x00,0x00,0x00,0x00,0x00,0x00,
    0x00,0x00,0x00,0x00,0x00,0x00,0x00,0x00,0x00,0x00,0x00,0x00,0x00,0x00,0x00,0x00,0x00,0x00,0x00,0x00,0x00,0x00,0x00,0x00,
    0x00,0x00,0x00,0x00,0x00,0x00,0x00,0x00,0x00,0x00,0x00,0x00,0x00,0x00,0x00,0x00,0x00,0x00,0x00,0x00,0x00,0x00,0x00,0x00,
    0x00,0x00,0x00,0x00,0x00,0x00,0x00,0x00,0x00,0x00,0x00,0x00,0x00,0x00,0x00,0x00,0x00,0x00,0x00,0x00,0x00,0x00,0x00,0x00,
    0x00,0x00,0x00,0x00,0x00,0x00,0x00,0x00,0x00,0x00,0x00,0x00,0x00,0x00,0x00,0x00,0x00,0x00,0x00,0x00,0x00,0x00,0x00,0x00,
    0x00,0x00,0x00,0x00,0x00,0x00,0x00,0x00,0x00,0x00,0x00,0x00,0x00,0x00,0x00,0x00,0x00,0x00,0x00,0x00,0x00,0x00,0x00,0x00,
    0x00,0x00,0x00,0x00,0x00,0x00,0x00,0x00,0x00,0x00,0x00,0x00,0x00,0x00,0x00,0x00,0x00,0x00,0x00,0x00,0x00,0x00,0x00,0x00,
    0x00,0x00,0x00,0x00,0x00,0x00,0x00,0x00,0x00,0x00,0x00,0x00,0x00,0x00,0x00,0x00,0x00,0x00,0x00,0x00,0x00,0x00,0x00,0x00,
    0x00,0x00,0x00,0x00,0x00,0x00,0x00,0x00,0x00,0x00,0x00,0x00,0x00,0x00,0x00,0x00,0x00,0x00,0x00,0x00,0x00,0x00,0x00,0x00,
    0x00,0x00,0x00,0x00,0x00,0x00,0x00,0x00,0x00,0x00,0x00,0x00,0x00,0x00,0x00,0x00,0x00,0x00,0x00,0x00,0x00,0x00,0x00,0x00,
    0x00,0x00,0x00,0x00,0x00,0x00,0x00,0x00,0x00,0x00,0x00,0x00,0x00,0x00,0x00,0x00,0x00,0x00,0x00,0x00,0x00,0x00,0x00,0x00,
    0x00,0x00,0x00,0x00,0x00,0x00,0x00,0x00,0x00,0x00,0x00,0x00,0x00,0x00,0x00,0x00,0x00,0x00,0x00,0x00,0x00,0x00,0x00,0x00,
    0x00,0x00,0x00,0x00,0x00,0x00,0x00,0x00,0x00,0x00,0x00,0x00,0x00,0x00,0x00,0x00,0x00,0x00,0x00,0x00,0x00,0x00,0x00,0x00,
    0x00,0x00,0x00,0x00,0x00,0x00,0x00,0x00,0x00,0x00,0x00,0x00,0x00,0x00,0x00,0x00,0x00,0x00,0x00,0x00,0x00,0x00,0x00,0x00,
    0x00,0x00,0x00,0x00,0x00,0x00,0x00,0x00,0x00,0x00,0x00,0x00,0x00,0x00,0x00,0x00,0x00,0x00,0x00,0x00,0x00,0x00,0x00,0x00,
    0x00,0x00,0x00,0x00,0x00,0x00,0x00,0x00,0x00,0x00,0x00,0x00,0x00,0x00,0x00,0x00,0x00,0x00,0x00,0x00,0x00,0x00,0x00,0x00,
    0x00,0x00,0x00,0x00,0x00,0x00,0x00,0x00,0x00,0x00,0x00,0x00,0x00,0x00,0x00,0x00,0x00,0x00,0x00,0x00,0x00,0x00,0x00,0x00,
    0x00,0x00,0x00,0x00,0x00,0x00,0x00,0x00,0x00,0x00,0x00,0x00,0x00,0x00,0x00,0x00,0x00,0x00,0x00,0x00,0x00,0x00,0x00,0x00,
    0x00,0x00,0x00,0x00,0x00,0x00,0x00,0x00,0x00,0x00,0x00,0x00,0x00,0x00,0x00,0x00,0x00,0x00,0x00,0x00,0x00,0x00,0x00,0x00,
    0x00,0x00,0x00,0x00,0x00,0x00,0x00,0x00,0x00,0x00,0x00,0x00,0x00,0x00,0x00,0x00,0x00,0x00,0x00,0x00,0x00,0x00,0x00,0x00,
    0x00,0x00,0x00,0x00,0x00,0x00,0x00,0x00,0x00,0x00,0x00,0x00,0x00,0x00,0x00,0x00,0x00,0x00,0x00,0x00,0x00,0x00,0x00,0x00,
    0x00,0x00,0x00,0x00,0x00,0x00,0x00,0x00,0x00,0x00,0x00,0x00,0x00,0x00,0x00,0x00,0x00,0x00,0x00,0x00,0x00,0x00,0x00,0x00,
    0x00,0x00,0x00,0x00,0x00,0x00,0x00,0x00,0x00,0x00,0x00,0x00,0x00,0x00,0x00,0x00,0x00,0x00,0x00,0x00,0x00,0x00,0x00,0x00,
    0x00,0x00,0x00,0x00,0x00,0x00,0x00,0x00,0x00,0x00,0x00,0x00,0x00,0x00,0x00,0x00,0x00,0x00,0x00,0x00,0x00,0x00,0x00,0x00,
    0x00,0x00,0x00,0x00,0x00,0x00,0x00,0x00,0x00,0x00,0x00,0x00,0x00,0x00,0x00,0x00,0x00,0x00,0x00,0x00,0x00,0x00,0x00,0x00,
    0x00,0x00,0x00,0x00,0x00,0x00,0x00,0x00,0x00,0x00,0x00,0x00,0x00,0x00,0x00,0x00,0x00,0x00,0x00,0x00,0x00,0x00,0x00,0x00,
    0x00,0x00,0x00,0x00,0x00,0x00,0x00,0x00,0x00,0x00,0x00,0x00,0x00,0x00,0x00,0x00,0x00,0x00,0x00,0x00,0x00,0x00,0x00,0x00,
    0x00,0x00,0x00,0x00,0x00,0x00,0x00,0x00,0x00,0x00,0x00,0x00,0x00,0x00,0x00,0x00,0x00,0x00,0x00,0x00,0x00,0x00,0x00,0x00,
    0x00,0x00,0x00,0x00,0x00,0x00,0x00,0x00,0x00,0x00,0x00,0x00,0x00,0x00,0x00,0x00,0x00,0x00,0x00,0x00,0x00,0x00,0x00,0x00,
    0x00,0x00,0x00,0x00,0x00,0x00,0x00,0x00,0x00,0x00,0x00,0x00,0x00,0x00,0x00,0x00,0x00,0x00,0x00,0x00,0x00,0x00,0x00,0x00,
    0x00,0x00,0x00,0x00,0x00,0x00,0x00,0x00,0x00,0x00,0x00,0x00,0x00,0x00,0x00,0x00,0x00,0x00,0x00,0x00,0x00,0x00,0x00,0x00,
    0x00,0x00,0x00,0x00,0x00,0x00,0x00,0x00,0x00,0x00,0x00,0x00,0x00,0x00,0x00,0x00,0x00,0x00,0x00,0x00,0x00,0x00,0x00,0x00,
    0x00,0x00,0x00,0x00,0x00,0x00,0x00,0x00,0x00,0x00,0x00,0x00,0x00,0x00,0x00,0x00,0x00,0x00,0x00,0x00,0x00,0x00,0x00,0x00,
    0x00,0x00,0x00,0x00,0x00,0x00,0x00,0x00,0x00,0x00,0x00,0x00,0x00,0x00,0x00,0x00,0x00,0x00,0x00,0x00,0x00,0x00,0x00,0x00,
    0x00,0x00,0x00,0x00,0x00,0x00,0x00,0x00,0x00,0x00,0x00,0x00,0x00,0x00,0x00,0x00,0x00,0x00,0x00,0x00,0x00,0x00,0x00,0x00,
    0x00,0x00,0x00,0x00,0x00,0x00,0x00,0x00,0x00,0x00,0x00,0x00,0x00,0x00,0x00,0x00,0x00,0x00,0x00,0x00,0x00,0x00,0x00,0x00,
    0x00,0x00,0x00,0x00,0x00,0x00,0x00,0x00,0x00,0x00,0x00,0x00,0x00,0x00,0x00,0x00,0x00,0x00,0x00,0x00,0x00,0x00,0x00,0x00,
    0x00,0x00,0x00,0x00,0x00,0x00,0x00,0x00,0x00,0x00,0x00,0x00,0x00,0x00,0x00,0x00,0x00,0x00,0x00,0x00,0x00,0x00,0x00,0x00,
    0x00,0x00,0x00,0x00,0x00,0x00,0x00,0x00,0x00,0x00,0x00,0x00,0x00,0x00,0x00,0x00,0x00,0x00,0x00,0x00,0x00,0x00,0x00,0x00,
    0x00,0x00,0x00,0x00,0x00,0x00,0x00,0x00,0x00,0x00,0x00,0x00,0x00,0x00,0x00,0x00,0x00,0x00,0x00,0x00,0x00,0x00,0x00,0x00,
    0x00,0x00,0x00,0x00,0x00,0x00,0x00,0x00,0x00,0x00,0x00,0x00,0x00,0x00,0x00,0x00,0x00,0x00,0x00,0x00,0x00,0x00,0x00,0x00,
    0x00,0x00,0x00,0x00,0x00,0x00,0x00,0x00,0x00,0x00,0x00,0x00,0x00,0x00,0x00,0x00,0x00,0x00,0x00,0x00,0x00,0x00,0x00,0x00,
    0x00,0x00,0x00,0x00,0x00,0x00,0x00,0x00,0x00,0x00,0x00,0x00,0x00,0x00,0x00,0x00,0x00,0x00,0x00,0x00,0x00,0x00,0x00,0x00,
    0x00,0x00,0x00,0x00,0x00,0x00,0x00,0x00,0x00,0x00,0x00,0x00,0x00,0x00,0x00,0x00,0x00,0x00,0x00,0x00,0x00,0x00,0x00,0x00,
    0x00,0x00,0x00,0x00,0x00,0x00,0x00,0x00,0x00,0x00,0x00,0x00,0x00,0x00,0x00,0x00,0x00,0x00,0x00,0x00,0x00,0x00,0x00,0x00,
    0x00,0x00,0x00,0x00,0x00,0x00,0x00,0x00,0x00,0x00,0x00,0x00,0x00,0x00,0x00,0x00,0x00,0x00,0x00,0x00,0x00,0x00,0x00,0x00,
    0x00,0x00,0x00,0x00,0x00,0x00,0x00,0x00,0x00,0x00,0x00,0x00,0x00,0x00,0x00,0x00,0x00,0x00,0x00,0x00,0x00,0x00,0x00,0x00,
    0x00,0x00,0x00,0x00,0x00,0x00,0x00,0x00,0x00,0x00,0x00,0x00,0x00,0x00,0x00,0x00,0x00,0x00,0x00,0x00,0x00,0x00,0x00,0x00,
    0x00,0x00,0x00,0x00,0x00,0x00,0x00,0x00,0x00,0x00,0x00,0x00,0x00,0x00,0x00,0x00,0x00,0x00,0x00,0x00,0x00,0x00,0x00,0x00,
    0x00,0x00,0x00,0x00,0x00,0x00,0x00,0x00,0x00,0x00,0x00,0x00,0x00,0x00,0x00,0x00,0x00,0x00,0x00,0x00,0x00,0x00,0x00,0x00,
    0x00,0x00,0x00,0x00,0x00,0x00,0x00,0x00,0x00,0x00,0x00,0x00,0x00,0x00,0x00,0x00,0x00,0x00,0x00,0x00,0x00,0x00,0x00,0x00,
    0x00,0x00,0x00,0x00,0x00,0x00,0x00,0x00,0x00,0x00,0x00,0x00,0x00,0x00,0x00,0x00,0x00,0x00,0x00,0x00,0x00,0x00,0x00,0x00,
    0x00,0x00,0x00,0x00,0x00,0x00,0x00,0x00,0x00,0x00,0x00,0x00,0x00,0x00,0x00,0x00,0x00,0x00,0x00,0x00,0x00,0x00,0x00,0x00,
    0x00,0x00,0x00,0x00,0x00,0x00,0x00,0x00,0x00,0x00,0x00,0x00,0x00,0x00,0x00,0x00,0x00,0x00,0x00,0x00,0x00,0x00,0x00,0x00,
    0x00,0x00,0x00,0x00,0x00,0x00,0x00,0x00,0x00,0x00,0x00,0x00,0x00,0x00,0x00,0x00,0x00,0x00,0x00,0x00,0x00,0x00,0x00,0x00,
    0x00,0x00,0x00,0x00,0x00,0x00,0x00,0x00,0x00,0x00,0x00,0x00,0x00,0x00,0x00,0x00,0x00,0x00,0x00,0x00,0x00,0x00,0x00,0x00,
    0x00,0x00,0x00,0x00,0x00,0x00,0x00,0x00,0x00,0x00,0x00,0x00,0x00,0x00,0x00,0x00,0x00,0x00,0x00,0x00,0x00,0x00,0x00,0x00,
    0x00,0x00,0x00,0x00,0x00,0x00,0x00,0x00,0x00,0x00,0x00,0x00,0x00,0x00,0x00,0x00,0x00,0x00,0x00,0x00,0x00,0x00,0x00,0x00,
    0x00,0x00,0x00,0x00,0x00,0x00,0x00,0x00,0x00,0x00,0x00,0x00,0x00,0x00,0x00,0x00,0x00,0x00,0x00,0x00,0x00,0x00,0x00,0x00,
    0x00,0x00,0x00,0x00,0x00,0x00,0x00,0x00,0x00,0x00,0x00,0x00,0x00,0x00,0x00,0x00,0x00,0x00,0x00,0x00,0x00,0x00,0x00,0x00,
    0x00,0x00,0x00,0x00,0x00,0x00,0x00,0x00,0x00,0x00,0x00,0x00,0x00,0x00,0x00,0x00,0x00,0x00,0x00,0x00,0x00,0x00,0x00,0x00,
    0x00,0x00,0x00,0x00,0x00,0x00,0x00,0x00,0x00,0x00,0x00,0x00,0x00,0x00,0x00,0x00,0x00,0x00,0x00,0x00,0x00,0x00,0x00,0x00,
    0x00,0x00,0x00,0x00,0x00,0x00,0x00,0x00,0x00,0x00,0x00,0x00,0x00,0x00,0x00,0x00,0x00,0x00,0x00,0x00,0x00,0x00,0x00,0x00,
    0x00,0x00,0x00,0x00,0x00,0x00,0x00,0x00,0x00,0x00,0x00,0x00,0x00,0x00,0x00,0x00,0x00,0x00,0x00,0x00,0x00,0x00,0x00,0x00,
    0x00,0x00,0x00,0x00,0x00,0x00,0x00,0x00,0x00,0x00,0x00,0x00,0x00,0x00,0x00,0x00,0x00,0x00,0x00,0x00,0x00,0x00,0x00,0x00,
    0x00,0x00,0x00,0x00,0x00,0x00,0x00,0x00,0x00,0x00,0x00,0x00,0x00,0x00,0x00,0x00,0x00,0x00,0x00,0x00,0x00,0x00,0x00,0x00,
    0x00,0x00,0x00,0x00,0x00,0x00,0x00,0x00,0x00,0x00,0x00,0x00,0x00,0x00,0x00,0x00,0x00,0x00,0x00,0x00,0x00,0x00,0x00,0x00,
    0x00,0x00,0x00,0x00,0x00,0x00,0x00,0x00,0x00,0x00,0x00,0x00,0x00,0x00,0x00,0x00,0x00,0x00,0x00,0x00,0x00,0x00,0x00,0x00,
    0x00,0x00,0x00,0x00,0x00,0x00,0x00,0x00,0x00,0x00,0x00,0x00,0x00,0x00,0x00,0x00,0x00,0x00,0x00,0x00,0x00,0x00,0x00,0x00,
    0x00,0x00,0x00,0x00,0x00,0x00,0x00,0x00,0x00,0x00,0x00,0x00,0x00,0x00,0x00,0x00,0x00,0x00,0x00,0x00,0x00,0x00,0x00,0x00,
    0x00,0x00,0x00,0x00,0x00,0x00,0x00,0x00,0x00,0x00,0x00,0x00,0x00,0x00,0x00,0x00,0x00,0x00,0x00,0x00,0x00,0x00,0x00,0x00,
    0x00,0x00,0x00,0x00,0x00,0x00,0x00,0x00,0x00,0x00,0x00,0x00,0x00,0x00,0x00,0x00,0x00,0x00,0x00,0x00,0x00,0x00,0x00,0x00,
    0x00,0x00,0x00,0x00,0x00,0x00,0x00,0x00,0x00,0x00,0x00,0x00,0x00,0x00,0x00,0x00,0x00,0x00,0x00,0x00,0x00,0x00,0x00,0x00,
    0x00,0x00,0x00,0x00,0x00,0x00,0x00,0x00,0x00,0x00,0x00,0x00,0x00,0x00,0x00,0x00,0x00,0x00,0x00,0x00,0x00,0x00,0x00,0x00,
    0x00,0x00,0x00,0x00,0x00,0x00,0x00,0x00,0x00,0x00,0x00,0x00,0x00,0x00,0x00,0x00,0x00,0x00,0x00,0x00,0x00,0x00,0x00,0x00,
    0x00,0x00,0x00,0x00,0x00,0x00,0x00,0x00,0x00,0x00,0x00,0x00,0x00,0x00,0x00,0x00,0x00,0x00,0x00,0x00,0x00,0x00,0x00,0x00,
    0x00,0x00,0x00,0x00,0x00,0x00,0x00,0x00,0x00,0x00,0x00,0x00,0x00,0x00,0x00,0x00,0x00,0x00,0x00,0x00,0x00,0x00,0x00,0x00,
    0x00,0x00,0x00,0x00,0x00,0x00,0x00,0x00,0x00,0x00,0x00,0x00,0x00,0x00,0x00,0x00,0x00,0x00,0x00,0x00,0x00,0x00,0x00,0x00,
    0x00,0x00,0x00,0x00,0x00,0x00,0x00,0x00,0x00,0x00,0x00,0x00,0x00,0x00,0x00,0x00,0x00,0x00,0x00,0x00,0x00,0x00,0x00,0x00,
    0x00,0x00,0x00,0x00,0x00,0x00,0x00,0x00,0x00,0x00,0x00,0x00,0x00,0x00,0x00,0x00,0x00,0x00,0x00,0x00,0x00,0x00,0x00,0x00,
    0x00,0x00,0x00,0x00,0x00,0x00,0x00,0x00,0x00,0x00,0x00,0x00,0x00,0x00,0x00,0x00,0x00,0x00,0x00,0x00,0x00,0x00,0x00,0x00,
    0x00,0x00,0x00,0x00,0x00,0x00,0x00,0x00,0x00,0x00,0x00,0x00,0x00,0x00,0x00,0x00,0x00,0x00,0x00,0x00,0x00,0x00,0x00,0x00,
    0x00,0x00,0x00,0x00,0x00,0x00,0x00,0x00,0x00,0x00,0x00,0x00,0x00,0x00,0x00,0x00,0x00,0x00,0x00,0x00,0x00,0x00,0x00,0x00,
    0x00,0x00,0x00,0x00,0x00,0x00,0x00,0x00,0x00,0x00,0x00,0x00,0x00,0x00,0x00,0x00,0x00,0x00,0x00,0x00,0x00,0x00,0x00,0x00,
    0x00,0x00,0x00,0x00,0x00,0x00,0x00,0x00,0x00,0x00,0x00,0x00,0x00,0x00,0x00,0x00,0x00,0x00,0x00,0x00,0x00,0x00,0x00,0x00,
    0x00,0x00,0x00,0x00,0x00,0x00,0x00,0x00,0x00,0x00,0x00,0x00,0x00,0x00,0x00,0x00,0x00,0x00,0x00,0x00,0x00,0x00,0x00,0x00,
    0x00,0x00,0x00,0x00,0x00,0x00,0x00,0x00,0x00,0x00,0x00,0x00,0x00,0x00,0x00,0x00,0x00,0x00,0x00,0x00,0x00,0x00,0x00,0x00,
    0x00,0x00,0x00,0x00,0x00,0x00,0x00,0x00,0x00,0x00,0x00,0x00,0x00,0x00,0x00,0x00,0x00,0x00,0x00,0x00,0x00,0x00,0x00,0x00,
    0x00,0x00,0x00,0x00,0x00,0x00,0x00,0x00,0x00,0x00,0x00,0x00,0x00,0x00,0x00,0x00,0x00,0x00,0x00,0x00,0x00,0x00,0x00,0x00,
    0x00,0x00,0x00,0x00,0x00,0x00,0x00,0x00,0x00,0x00,0x00,0x00,0x00,0x00,0x00,0x00,0x00,0x00,0x00,0x00,0x00,0x00,0x00,0x00,
    0x00,0x00,0x00,0x00,0x00,0x00,0x00,0x00,0x00,0x00,0x00,0x00,0x00,0x00,0x00,0x00,0x00,0x00,0x00,0x00,0x00,0x00,0x00,0x00,
    0x00,0x00,0x00,0x00,0x00,0x00,0x00,0x00,0x00,0x00,0x00,0x00,0x00,0x00,0x00,0x00,0x00,0x00,0x00,0x00,0x00,0x00,0x00,0x00,
    0x00,0x00,0x00,0x00,0x00,0x00,0x00,0x00,0x00,0x00,0x00,0x00,0x00,0x00,0x00,0x00,0x00,0x00,0x00,0x00,0x00,0x00,0x00,0x00,
    0x00,0x00,0x00,0x00,0x00,0x00,0x00,0x00,0x00,0x00,0x00,0x00,0x00,0x00,0x00,0x00,0x00,0x00,0x00,0x00,0x00,0x00,0x00,0x00,
    0x00,0x00,0x00,0x00,0x00,0x00,0x00,0x00,0x00,0x00,0x00,0x00,0x00,0x00,0x00,0x00,0x00,0x00,0x00,0x00,0x00,0x00,0x00,0x00,
    0x00,0x00,0x00,0x00,0x00,0x00,0x00,0x00,0x00,0x00,0x00,0x00,0x00,0x00,0x00,0x00,0x00,0x00,0x00,0x00,0x00,0x00,0x00,0x00,
    0x00,0x00,0x00,0x00,0x00,0x00,0x00,0x00,0x00,0x00,0x00,0x00,0x00,0x00,0x00,0x00,0x00,0x00,0x00,0x00,0x00,0x00,0x00,0x00,
    0x00,0x00,0x00,0x00,0x00,0x00,0x00,0x00,0x00,0x00,0x00,0x00,0x00,0x00,0x00,0x00,0x00,0x00,0x00,0x00,0x00,0x00,0x00,0x00,
    0x00,0x00,0x00,0x00,0x00,0x00,0x00,0x00,0x00,0x00,0x00,0x00,0x00,0x00,0x00,0x00,0x00,0x00,0x00,0x00,0x00,0x00,0x00,0x00,
    0x00,0x00,0x00,0x00,0x00,0x00,0x00,0x00,0x00,0x00,0x00,0x00,0x00,0x00,0x00,0x00,0x00,0x00,0x00,0x00,0x00,0x00,0x00,0x00,
    0x00,0x00,0x00,0x00,0x00,0x00,0x00,0x00,0x00,0x00,0x00,0x00,0x00,0x00,0x00,0x00,0x00,0x00,0x00,0x00,0x00,0x00,0x00,0x00,
    0x00,0x00,0x00,0x00,0x00,0x00,0x00,0x00,0x00,0x00,0x00,0x00,0x00,0x00,0x00,0x00,0x00,0x00,0x00,0x00,0x00,0x00,0x00,0x00,
    0x00,0x00,0x00,0x00,0x00,0x00,0x00,0x00,0x00,0x00,0x00,0x00,0x00,0x00,0x00,0x00,0x00,0x00,0x00,0x00,0x00,0x00,0x00,0x00,
    0x00,0x00,0x00,0x00,0x00,0x00,0x00,0x00,0x00,0x00,0x00,0x00,0x00,0x00,0x00,0x00,0x00,0x00,0x00,0x00,0x00,0x00,0x00,0x00,
    0x00,0x00,0x00,0x00,0x00,0x00,0x00,0x00,0x00,0x00,0x00,0x00,0x00,0x00,0x00,0x00,0x00,0x00,0x00,0x00,0x00,0x00,0x00,0x00,
    0x00,0x00,0x00,0x00,0x00,0x00,0x00,0x00,0x00,0x00,0x00,0x00,0x00,0x00,0x00,0x00,0x00,0x00,0x00,0x00,0x00,0x00,0x00,0x00,
    0x00,0x00,0x00,0x00,0x00,0x00,0x00,0x00,0x00,0x00,0x00,0x00,0x00,0x00,0x00,0x00,0x00,0x00,0x00,0x00,0x00,0x00,0x00,0x00,
    0x00,0x00,0x00,0x00,0x00,0x00,0x00,0x00,0x00,0x00,0x00,0x00,0x00,0x00,0x00,0x00,0x00,0x00,0x00,0x00,0x00,0x00,0x00,0x00,
    0x00,0x00,0x00,0x00,0x00,0x00,0x00,0x00,0x00,0x00,0x00,0x00,0x00,0x00,0x00,0x00,0x00,0x00,0x00,0x00,0x00,0x00,0x00,0x00,
    0x00,0x00,0x00,0x00,0x00,0x00,0x00,0x00,0x00,0x00,0x00,0x00,0x00,0x00,0x00,0x00,0x00,0x00,0x00,0x00,0x00,0x00,0x00,0x00,
    0x00,0x00,0x00,0x00,0x00,0x00,0x00,0x00,0x00,0x00,0x00,0x00,0x00,0x00,0x00,0x00,0x00,0x00,0x00,0x00,0x00,0x00,0x00,0x00,
    0x00,0x00,0x00,0x00,0x00,0x00,0x00,0x00,0x00,0x00,0x00,0x00,0x00,0x00,0x00,0x00,0x00,0x00,0x00,0x00,0x00,0x00,0x00,0x00,
    0x00,0x00,0x00,0x00,0x00,0x00,0x00,0x00,0x00,0x00,0x00,0x00,0x00,0x00,0x00,0x00,0x00,0x00,0x00,0x00,0x00,0x00,0x00,0x00,
    0x00,0x00,0x00,0x00,0x00,0x00,0x00,0x00,0x00,0x00,0x00,0x00,0x00,0x00,0x00,0x00,0x00,0x00,0x00,0x00,0x00,0x00,0x00,0x00,
    0x00,0x00,0x00,0x00,0x00,0x00,0x00,0x00,0x00,0x00,0x00,0x00,0x00,0x00,0x00,0x00,0x00,0x00,0x00,0x00,0x00,0x00,0x00,0x00,
    0x00,0x00,0x00,0x00,0x00,0x00,0x00,0x00,0x00,0x00,0x00,0x00,0x00,0x00,0x00,0x00,0x00,0x00,0x00,0x00,0x00,0x00,0x00,0x00,
    0x00,0x00,0x00,0x00,0x00,0x00,0x00,0x00,0x00,0x00,0x00,0x00,0x00,0x00,0x00,0x00,0x00,0x00,0x00,0x00,0x00,0x00,0x00,0x00,
    0x00,0x00,0x00,0x00,0x00,0x00,0x00,0x00,0x00,0x00,0x00,0x00,0x00,0x00,0x00,0x00,0x00,0x00,0x00,0x00,0x00,0x00,0x00,0x00,
    0x00,0x00,0x00,0x00,0x00,0x00,0x00,0x00,0x00,0x00,0x00,0x00,0x00,0x00,0x00,0x00,0x00,0x00,0x00,0x00,0x00,0x00,0x00,0x00,
    0x00,0x00,0x00,0x00,0x00,0x00,0x00,0x00,0x00,0x00,0x00,0x00,0x00,0x00,0x00,0x00,0x00,0x00,0x00,0x00,0x00,0x00,0x00,0x00,
    0x00,0x00,0x00,0x00,0x00,0x00,0x00,0x00,0x00,0x00,0x00,0x00,0x00,0x00,0x00,0x00,0x00,0x00,0x00,0x00,0x00,0x00,0x00,0x00,
    0x00,0x00,0x00,0x00,0x00,0x00,0x00,0x00,0x00,0x00,0x00,0x00,0x00,0x00,0x00,0x00,0x00,0x00,0x00,0x00,0x00,0x00,0x00,0x00,
    0x00,0x00,0x00,0x00,0x00,0x00,0x00,0x00,0x00,0x00,0x00,0x00,0x00,0x00,0x00,0x00,0x00,0x00,0x00,0x00,0x00,0x00,0x00,0x00,
    0x00,0x00,0x00,0x00,0x00,0x00,0x00,0x00,0x00,0x00,0x00,0x00,0x00,0x00,0x00,0x00,0x00,0x00,0x00,0x00,0x00,0x00,0x00,0x00,
    0x00,0x00,0x00,0x00,0x00,0x00,0x00,0x00,0x00,0x00,0x00,0x00,0x00,0x00,0x00,0x00,0x00,0x00,0x00,0x00,0x00,0x00,0x00,0x00,
    0x00,0x00,0x00,0x00,0x00,0x00,0x00,0x00,0x00,0x00,0x00,0x00,0x00,0x00,0x00,0x00,0x00,0x00,0x00,0x00,0x00,0x00,0x00,0x00,
    0x00,0x00,0x00,0x00,0x00,0x00,0x00,0x00,0x00,0x00,0x00,0x00,0x00,0x00,0x00,0x00,0x00,0x00,0x00,0x00,0x00,0x00,0x00,0x00,
    0x00,0x00,0x00,0x00,0x00,0x00,0x00,0x00,0x00,0x00,0x00,0x00,0x00,0x00,0x00,0x00,0x00,0x00,0x00,0x00,0x00,0x00,0x00,0x00,
    0x00,0x00,0x00,0x00,0x00,0x00,0x00,0x00,0x00,0x00,0x00,0x00,0x00,0x00,0x00,0x00,0x00,0x00,0x00,0x00,0x00,0x00,0x00,0x00,
    0x00,0x00,0x00,0x00,0x00,0x00,0x00,0x00,0x00,0x00,0x00,0x00,0x00,0x00,0x00,0x00,0x00,0x00,0x00,0x00,0x00,0x00,0x00,0x00,
    0x00,0x00,0x00,0x00,0x00,0x00,0x00,0x00,0x00,0x00,0x00,0x00,0x00,0x00,0x00,0x00,0x00,0x00,0x00,0x00,0x00,0x00,0x00,0x00,
    0x00,0x00,0x00,0x00,0x00,0x00,0x00,0x00,0x00,0x00,0x00,0x00,0x00,0x00,0x00,0x00,0x00,0x00,0x00,0x00,0x00,0x00,0x00,0x00,
    0x00,0x00,0x00,0x00,0x00,0x00,0x00,0x00,0x00,0x00,0x00,0x00,0x00,0x00,0x00,0x00,0x00,0x00,0x00,0x00,0x00,0x00,0x00,0x00,
    0x00,0x00,0x00,0x00,0x00,0x00,0x00,0x00,0x00,0x00,0x00,0x00,0x00,0x00,0x00,0x00,0x00,0x00,0x00,0x00,0x00,0x00,0x00,0x00,
    0x00,0x00,0x00,0x00,0x00,0x00,0x00,0x00,0x00,0x00,0x00,0x00,0x00,0x00,0x00,0x00,0x00,0x00,0x00,0x00,0x00,0x00,0x00,0x00,
    0x00,0x00,0x00,0x00,0x00,0x00,0x00,0x00,0x00,0x00,0x00,0x00,0x00,0x00,0x00,0x00,0x00,0x00,0x00,0x00,0x00,0x00,0x00,0x00,
    0x00,0x00,0x00,0x00,0x00,0x00,0x00,0x00,0x00,0x00,0x00,0x00,0x00,0x00,0x00,0x00,0x00,0x00,0x00,0x00,0x00,0x00,0x00,0x00,
    0x00,0x00,0x00,0x00,0x00,0x00,0x00,0x00,0x00,0x00,0x00,0x00,0x00,0x00,0x00,0x00,0x00,0x00,0x00,0x00,0x00,0x00,0x00,0x00,
    0x00,0x00,0x00,0x00,0x00,0x00,0x00,0x00,0x00,0x00,0x00,0x00,0x00,0x00,0x00,0x00,0x00,0x00,0x00,0x00,0x00,0x00,0x00,0x00,
    0x00,0x00,0x00,0x00,0x00,0x00,0x00,0x00,0x00,0x00,0x00,0x00,0x00,0x00,0x00,0x00,0x00,0x00,0x00,0x00,0x00,0x00,0x00,0x00,
    0x00,0x00,0x00,0x00,0x00,0x00,0x00,0x00,0x00,0x00,0x00,0x00,0x00,0x00,0x00,0x00,0x00,0x00,0x00,0x00,0x00,0x00,0x00,0x00,
    0x00,0x00,0x00,0x00,0x00,0x00,0x00,0x00,0x00,0x00,0x00,0x00,0x00,0x00,0x00,0x00,0x00,0x00,0x00,0x00,0x00,0x00,0x00,0x00,
    0x00,0x00,0x00,0x00,0x00,0x00,0x00,0x00,0x00,0x00,0x00,0x00,0x00,0x00,0x00,0x00,0x00,0x00,0x00,0x00,0x00,0x00,0x00,0x00,
    0x00,0x00,0x00,0x00,0x00,0x00,0x00,0x00,0x00,0x00,0x00,0x00,0x00,0x00,0x00,0x00,0x00,0x00,0x00,0x00,0x00,0x00,0x00,0x00,
    0x00,0x00,0x00,0x00,0x00,0x00,0x00,0x00,0x00,0x00,0x00,0x00,0x00,0x00,0x00,0x00,0x00,0x00,0x00,0x00,0x00,0x00,0x00,0x00,
    0x00,0x00,0x00,0x00,0x00,0x00,0x00,0x00,0x00,0x00,0x00,0x00,0x00,0x00,0x00,0x00,0x00,0x00,0x00,0x00,0x00,0x00,0x00,0x00,
    0x00,0x00,0x00,0x00,0x00,0x00,0x00,0x00,0x00,0x00,0x00,0x00,0x00,0x00,0x00,0x00,0x00,0x00,0x00,0x00,0x00,0x00,0x00,0x00,
    0x00,0x00,0x00,0x00,0x00,0x00,0x00,0x00,0x00,0x00,0x00,0x00,0x00,0x00,0x00,0x00,0x00,0x00,0x00,0x00,0x00,0x00,0x00,0x00,
    0x00,0x00,0x00,0x00,0x00,0x00,0x00,0x00,0x00,0x00,0x00,0x00,0x00,0x00,0x00,0x00,0x00,0x00,0x00,0x00,0x00,0x00,0x00,0x00,
    0x00,0x00,0x00,0x00,0x00,0x00,0x00,0x00,0x00,0x00,0x00,0x00,0x00,0x00,0x00,0x00,0x00,0x00,0x00,0x00,0x00,0x00,0x00,0x00,
    0x00,0x00,0x00,0x00,0x00,0x00,0x00,0x00,0x00,0x00,0x00,0x00,0x00,0x00,0x00,0x00,0x00,0x00,0x00,0x00,0x00,0x00,0x00,0x00,
    0x00,0x00,0x00,0x00,0x00,0x00,0x00,0x00,0x00,0x00,0x00,0x00,0x00,0x00,0x00,0x00,0x00,0x00,0x00,0x00,0x00,0x00,0x00,0x00,
    0x00,0x00,0x00,0x00,0x00,0x00,0x00,0x00,0x00,0x00,0x00,0x00,0x00,0x00,0x00,0x00,0x00,0x00,0x00,0x00,0x00,0x00,0x00,0x00,
    0x00,0x00,0x00,0x00,0x00,0x00,0x00,0x00,0x00,0x00,0x00,0x00,0x00,0x00,0x00,0x00,0x00,0x00,0x00,0x00,0x00,0x00,0x00,0x00,
    0x00,0x00,0x00,0x00,0x00,0x00,0x00,0x00,0x00,0x00,0x00,0x00,0x00,0x00,0x00,0x00,0x00,0x00,0x00,0x00,0x00,0x00,0x00,0x00,
    0x00,0x00,0x00,0x00,0x00,0x00,0x00,0x00,0x00,0x00,0x00,0x00,0x00,0x00,0x00,0x00,0x00,0x00,0x00,0x00,0x00,0x00,0x00,0x00,
    0x00,0x00,0x00,0x00,0x00,0x00,0x00,0x00,0x00,0x00,0x00,0x00,0x00,0x00,0x00,0x00,0x00,0x00,0x00,0x00,0x00,0x00,0x00,0x00,
    0x00,0x00,0x00,0x00,0x00,0x00,0x00,0x00,0x00,0x00,0x00,0x00,0x00,0x00,0x00,0x00,0x00,0x00,0x00,0x00,0x00,0x00,0x00,0x00,
    0x00,0x00,0x00,0x00,0x00,0x00,0x00,0x00,0x00,0x00,0x00,0x00,0x00,0x00,0x00,0x00,0x00,0x00,0x00,0x00,0x00,0x00,0x00,0x00,
    0x00,0x00,0x00,0x00,0x00,0x00,0x00,0x00,0x00,0x00,0x00,0x00,0x00,0x00,0x00,0x00,0x00,0x00,0x00,0x00,0x00,0x00,0x00,0x00,
    0x00,0x00,0x00,0x00,0x00,0x00,0x00,0x00,0x00,0x00,0x00,0x00,0x00,0x00,0x00,0x00,0x00,0x00,0x00,0x00,0x00,0x00,0x00,0x00,
    0x00,0x00,0x00,0x00,0x00,0x00,0x00,0x00,0x00,0x00,0x00,0x00,0x00,0x00,0x00,0x00,0x00,0x00,0x00,0x00,0x00,0x00,0x00,0x00,
    0x00,0x00,0x00,0x00,0x00,0x00,0x00,0x00,0x00,0x00,0x00,0x00,0x00,0x00,0x00,0x00,0x00,0x00,0x00,0x00,0x00,0x00,0x00,0x00,
    0x00,0x00,0x00,0x00,0x00,0x00,0x00,0x00,0x00,0x00,0x00,0x00,0x00,0x00,0x00,0x00,0x00,0x00,0x00,0x00,0x00,0x00,0x00,0x00,
    0x00,0x00,0x00,0x00,0x00,0x00,0x00,0x00,0x00,0x00,0x00,0x00,0x00,0x00,0x00,0x00,0x00,0x00,0x00,0x00,0x00,0x00,0x00,0x00,
    0x00,0x00,0x00,0x00,0x00,0x00,0x00,0x00,0x00,0x00,0x00,0x00,0x00,0x00,0x00,0x00,0x00,0x00,0x00,0x00,0x00,0x00,0x00,0x00,
    0x00,0x00,0x00,0x00,0x00,0x00,0x00,0x00,0x00,0x00,0x00,0x00,0x00,0x00,0x00,0x00,0x00,0x00,0x00,0x00,0x00,0x00,0x00,0x00,
    0x00,0x00,0x00,0x00,0x00,0x00,0x00,0x00,0x00,0x00,0x00,0x00,0x00,0x00,0x00,0x00,0x00,0x00,0x00,0x00,0x00,0x00,0x00,0x00,
    0x00,0x00,0x00,0x00,0x00,0x00,0x00,0x00,0x00,0x00,0x00,0x00,0x00,0x00,0x00,0x00,0x00,0x00,0x00,0x00,0x00,0x00,0x00,0x00,
    0x00,0x00,0x00,0x00,0x00,0x00,0x00,0x00,0x00,0x00,0x00,0x00,0x00,0x00,0x00,0x00,0x00,0x00,0x00,0x00,0x00,0x00,0x00,0x00,
    0x00,0x00,0x00,0x00,0x00,0x00,0x00,0x00,0x00,0x00,0x00,0x00,0x00,0x00,0x00,0x00,0x00,0x00,0x00,0x00,0x00,0x00,0x00,0x00,
    0x00,0x00,0x00,0x00,0x00,0x00,0x00,0x00,0x00,0x00,0x00,0x00,0x00,0x00,0x00,0x00,0x00,0x00,0x00,0x00,0x00,0x00,0x00,0x00,
    0x00,0x00,0x00,0x00,0x00,0x00,0x00,0x00,0x00,0x00,0x00,0x00,0x00,0x00,0x00,0x00,0x00,0x00,0x00,0x00,0x00,0x00,0x00,0x00,
    0x00,0x00,0x00,0x00,0x00,0x00,0x00,0x00,0x00,0x00,0x00,0x00,0x00,0x00,0x00,0x00,0x00,0x00,0x00,0x00,0x00,0x00,0x00,0x00,
    0x00,0x00,0x00,0x00,0x00,0x00,0x00,0x00,0x00,0x00,0x00,0x00,0x00,0x00,0x00,0x00,0x00,0x00,0x00,0x00,0x00,0x00,0x00,0x00,
    0x00,0x00,0x00,0x00,0x00,0x00,0x00,0x00,0x00,0x00,0x00,0x00,0x00,0x00,0x00,0x00,0x00,0x00,0x00,0x00,0x00,0x00,0x00,0x00,
    0x00,0x00,0x00,0x00,0x00,0x00,0x00,0x00,0x00,0x00,0x00,0x00,0x00,0x00,0x00,0x00,0x00,0x00,0x00,0x00,0x00,0x00,0x00,0x00,
    0x00,0x00,0x00,0x00,0x00,0x00,0x00,0x00,0x00,0x00,0x00,0x00,0x00,0x00,0x00,0x00,0x00,0x00,0x00,0x00,0x00,0x00,0x00,0x00,
    0x00,0x00,0x00,0x00,0x00,0x00,0x00,0x00,0x00,0x00,0x00,0x00,0x00,0x00,0x00,0x00,0x00,0x00,0x00,0x00,0x00,0x00,0x00,0x00,
    0x00,0x00,0x00,0x00,0x00,0x00,0x00,0x00,0x00,0x00,0x00,0x00,0x00,0x00,0x00,0x00,0x00,0x00,0x00,0x00,0x00,0x00,0x00,0x00,
    0x00,0x00,0x00,0x00,0x00,0x00,0x00,0x00,0x00,0x00,0x00,0x00,0x00,0x00,0x00,0x00,0x00,0x00,0x00,0x00,0x00,0x00,0x00,0x00,
    0x00,0x00,0x00,0x00,0x00,0x00,0x00,0x00,0x00,0x00,0x00,0x00,0x00,0x00,0x00,0x00,0x00,0x00,0x00,0x00,0x00,0x00,0x00,0x00,
    0x00,0x00,0x00,0x00,0x00,0x00,0x00,0x00,0x00,0x00,0x00,0x00,0x00,0x00,0x00,0x00,0x00,0x00,0x00,0x00,0x00,0x00,0x00,0x00,
    0x00,0x00,0x00,0x00,0x00,0x00,0x00,0x00,0x00,0x00,0x00,0x00,0x00,0x00,0x00,0x00,0x00,0x00,0x00,0x00,0x00,0x00,0x00,0x00,
    0x00,0x00,0x00,0x00,0x00,0x00,0x00,0x00,0x00,0x00,0x00,0x00,0x00,0x00,0x00,0x00,0x00,0x00,0x00,0x00,0x00,0x00,0x00,0x00,
    0x00,0x00,0x00,0x00,0x00,0x00,0x00,0x00,0x00,0x00,0x00,0x00,0x00,0x00,0x00,0x00,0x00,0x00,0x00,0x00,0x00,0x00,0x00,0x00,
    0x00,0x00,0x00,0x00,0x00,0x00,0x00,0x00,0x00,0x00,0x00,0x00,0x00,0x00,0x00,0x00,0x00,0x00,0x00,0x00,0x00,0x00,0x00,0x00,
    0x00,0x00,0x00,0x00,0x00,0x00,0x00,0x00,0x00,0x00,0x00,0x00,0x00,0x00,0x00,0x00,0x00,0x00,0x00,0x00,0x00,0x00,0x00,0x00,
    0x00,0x00,0x00,0x00,0x00,0x00,0x00,0x00,0x00,0x00,0x00,0x00,0x00,0x00,0x00,0x00,0x00,0x00,0x00,0x00,0x00,0x00,0x00,0x00,
    0x00,0x00,0x00,0x00,0x00,0x00,0x00,0x00,0x00,0x00,0x00,0x00,0x00,0x00,0x00,0x00,0x00,0x00,0x00,0x00,0x00,0x00,0x00,0x00,
    0x00,0x00,0x00,0x00,0x00,0x00,0x00,0x00,0x00,0x00,0x00,0x00,0x00,0x00,0x00,0x00,0x00,0x00,0x00,0x00,0x00,0x00,0x00,0x00,
    0x00,0x00,0x00,0x00,0x00,0x00,0x00,0x00,0x00,0x00,0x00,0x00,0x00,0x00,0x00,0x00,0x00,0x00,0x00,0x00,0x00,0x00,0x00,0x00,
    0x00,0x00,0x00,0x00,0x00,0x00,0x00,0x00,0x00,0x00,0x00,0x00,0x00,0x00,0x00,0x00,0x00,0x00,0x00,0x00,0x00,0x00,0x00,0x00,
    0x00,0x00,0x00,0x00,0x00,0x00,0x00,0x00,0x00,0x00,0x00,0x00,0x00,0x00,0x00,0x00,0x00,0x00,0x00,0x00,0x00,0x00,0x00,0x00,
    0x00,0x00,0x00,0x00,0x00,0x00,0x00,0x00,0x00,0x00,0x00,0x00,0x00,0x00,0x00,0x00,0x00,0x00,0x00,0x00,0x00,0x00,0x00,0x00,
    0x00,0x00,0x00,0x00,0x00,0x00,0x00,0x00,0x00,0x00,0x00,0x00,0x00,0x00,0x00,0x00,0x00,0x00,0x00,0x00,0x00,0x00,0x00,0x00,
    0x00,0x00,0x00,0x00,0x00,0x00,0x00,0x00,0x00,0x00,0x00,0x00,0x00,0x00,0x00,0x00,0x00,0x00,0x00,0x00,0x00,0x00,0x00,0x00,
    0x00,0x00,0x00,0x00,0x00,0x00,0x00,0x00,0x00,0x00,0x00,0x00,0x00,0x00,0x00,0x00,0x00,0x00,0x00,0x00,0x00,0x00,0x00,0x00,
    0x00,0x00,0x00,0x00,0x00,0x00,0x00,0x00,0x00,0x00,0x00,0x00,0x00,0x00,0x00,0x00,0x00,0x00,0x00,0x00,0x00,0x00,0x00,0x00,
    0x00,0x00,0x00,0x00,0x00,0x00,0x00,0x00,0x00,0x00,0x00,0x00,0x00,0x00,0x00,0x00,0x00,0x00,0x00,0x00,0x00,0x00,0x00,0x00,
    0x00,0x00,0x00,0x00,0x00,0x00,0x00,0x00,0x00,0x00,0x00,0x00,0x00,0x00,0x00,0x00,0x00,0x00,0x00,0x00,0x00,0x00,0x00,0x00,
    0x00,0x00,0x00,0x00,0x00,0x00,0x00,0x00,0x00,0x00,0x00,0x00,0x00,0x00,0x00,0x00,0x00,0x00,0x00,0x00,0x00,0x00,0x00,0x00,
    0x00,0x00,0x00,0x00,0x00,0x00,0x00,0x00,0x00,0x00,0x00,0x00,0x00,0x00,0x00,0x00,0x00,0x00,0x00,0x00,0x00,0x00,0x00,0x00,
    0x00,0x00,0x00,0x00,0x00,0x00,0x00,0x00,0x00,0x00,0x00,0x00,0x00,0x00,0x00,0x00,0x00,0x00,0x00,0x00,0x00,0x00,0x00,0x00,
    0x00,0x00,0x00,0x00,0x00,0x00,0x00,0x00,0x00,0x00,0x00,0x00,0x00,0x00,0x00,0x00,0x00,0x00,0x00,0x00,0x00,0x00,0x00,0x00,
    0x00,0x00,0x00,0x00,0x00,0x00,0x00,0x00,0x00,0x00,0x00,0x00,0x00,0x00,0x00,0x00,0x00,0x00,0x00,0x00,0x00,0x00,0x00,0x00,
    0x00,0x00,0x00,0x00,0x00,0x00,0x00,0x00,0x00,0x00,0x00,0x00,0x00,0x00,0x00,0x00,0x00,0x00,0x00,0x00,0x00,0x00,0x00,0x00,
    0x00,0x00,0x00,0x00,0x00,0x00,0x00,0x00,0x00,0x00,0x00,0x00,0x00,0x00,0x00,0x00,0x00,0x00,0x00,0x00,0x00,0x00,0x00,0x00,
    0x00,0x00,0x00,0x00,0x00,0x00,0x00,0x00,0x00,0x00,0x00,0x00,0x00,0x00,0x00,0x00,0x00,0x00,0x00,0x00,0x00,0x00,0x00,0x00,
    0x00,0x00,0x00,0x00,0x00,0x00,0x00,0x00,0x00,0x00,0x00,0x00,0x00,0x00,0x00,0x00,0x00,0x00,0x00,0x00,0x00,0x00,0x00,0x00,
    0x00,0x00,0x00,0x00,0x00,0x00,0x00,0x00,0x00,0x00,0x00,0x00,0x00,0x00,0x00,0x00,0x00,0x00,0x00,0x00,0x00,0x00,0x00,0x00,
    0x00,0x00,0x00,0x00,0x00,0x00,0x00,0x00,0x00,0x00,0x00,0x00,0x00,0x00,0x00,0x00,0x00,0x00,0x00,0x00,0x00,0x00,0x00,0x00,
    0x00,0x00,0x00,0x00,0x00,0x00,0x00,0x00,0x00,0x00,0x00,0x00,0x00,0x00,0x00,0x00,0x00,0x00,0x00,0x00,0x00,0x00,0x00,0x00,
    0x00,0x00,0x00,0x00,0x00,0x00,0x00,0x00,0x00,0x00,0x00,0x00,0x00,0x00,0x00,0x00,0x00,0x00,0x00,0x00,0x00,0x00,0x00,0x00,
    0x00,0x00,0x00,0x00,0x00,0x00,0x00,0x00,0x00,0x00,0x00,0x00,0x00,0x00,0x00,0x00,0x00,0x00,0x00,0x00,0x00,0x00,0x00,0x00,
    0x00,0x00,0x00,0x00,0x00,0x00,0x00,0x00,0x00,0x00,0x00,0x00,0x00,0x00,0x00,0x00,0x00,0x00,0x00,0x00,0x00,0x00,0x00,0x00,
    0x00,0x00,0x00,0x00,0x00,0x00,0x00,0x00,0x00,0x00,0x00,0x00,0x00,0x00,0x00,0x00,0x00,0x00,0x00,0x00,0x00,0x00,0x00,0x00,
    0x00,0x00,0x00,0x00,0x00,0x00,0x00,0x00,0x00,0x00,0x00,0x00,0x00,0x00,0x00,0x00,0x00,0x00,0x00,0x00,0x00,0x00,0x00,0x00,
    0x00,0x00,0x00,0x00,0x00,0x00,0x00,0x00,0x00,0x00,0x00,0x00,0x00,0x00,0x00,0x00,0x00,0x00,0x00,0x00,0x00,0x00,0x00,0x00,
    0x00,0x00,0x00,0x00,0x00,0x00,0x00,0x00,0x00,0x00,0x00,0x00,0x00,0x00,0x00,0x00,0x00,0x00,0x00,0x00,0x00,0x00,0x00,0x00,
    0x00,0x00,0x00,0x00,0x00,0x00,0x00,0x00,0x00,0x00,0x00,0x00,0x00,0x00,0x00,0x00,0x00,0x00,0x00,0x00,0x00,0x00,0x00,0x00,
    0x00,0x00,0x00,0x00,0x00,0x00,0x00,0x00,0x00,0x00,0x00,0x00,0x00,0x00,0x00,0x00,0x00,0x00,0x00,0x00,0x00,0x00,0x00,0x00,
    0x00,0x00,0x00,0x00,0x00,0x00,0x00,0x00,0x00,0x00,0x00,0x00,0x00,0x00,0x00,0x00,0x00,0x00,0x00,0x00,0x00,0x00,0x00,0x00,
    0x00,0x00,0x00,0x00,0x00,0x00,0x00,0x00,0x00,0x00,0x00,0x00,0x00,0x00,0x00,0x00,0x00,0x00,0x00,0x00,0x00,0x00,0x00,0x00,
    0x00,0x00,0x00,0x00,0x00,0x00,0x00,0x00,0x00,0x00,0x00,0x00,0x00,0x00,0x00,0x00,0x00,0x00,0x00,0x00,0x00,0x00,0x00,0x00,
    0x00,0x00,0x00,0x00,0x00,0x00,0x00,0x00,0x00,0x00,0x00,0x00,0x00,0x00,0x00,0x00,0x00,0x00,0x00,0x00,0x00,0x00,0x00,0x00,
    0x00,0x00,0x00,0x00,0x00,0x00,0x00,0x00,0x00,0x00,0x00,0x00,0x00,0x00,0x00,0x00,0x00,0x00,0x00,0x00,0x00,0x00,0x00,0x00,
    0x00,0x00,0x00,0x00,0x00,0x00,0x00,0x00,0x00,0x00,0x00,0x00,0x00,0x00,0x00,0x00,0x00,0x00,0x00,0x00,0x00,0x00,0x00,0x00,
    0x00,0x00,0x00,0x00,0x00,0x00,0x00,0x00,0x00,0x00,0x00,0x00,0x00,0x00,0x00,0x00,0x00,0x00,0x00,0x00,0x00,0x00,0x00,0x00,
    0x00,0x00,0x00,0x00,0x00,0x00,0x00,0x00,0x00,0x00,0x00,0x00,0x00,0x00,0x00,0x00,0x00,0x00,0x00,0x00,0x00,0x00,0x00,0x00,
    0x00,0x00,0x00,0x00,0x00,0x00,0x00,0x00,0x00,0x00,0x00,0x00,0x00,0x00,0x00,0x00,0x00,0x00,0x00,0x00,0x00,0x00,0x00,0x00,
    0x00,0x00,0x00,0x00,0x00,0x00,0x00,0x00,0x00,0x00,0x00,0x00,0x00,0x00,0x00,0x00,0x00,0x00,0x00,0x00,0x00,0x00,0x00,0x00,
    0x00,0x00,0x00,0x00,0x00,0x00,0x00,0x00,0x00,0x00,0x00,0x00,0x00,0x00,0x00,0x00,0x00,0x00,0x00,0x00,0x00,0x00,0x00,0x00,
    0x00,0x00,0x00,0x00,0x00,0x00,0x00,0x00,0x00,0x00,0x00,0x00,0x00,0x00,0x00,0x00,0x00,0x00,0x00,0x00,0x00,0x00,0x00,0x00,
    0x00,0x00,0x00,0x00,0x00,0x00,0x00,0x00,0x00,0x00,0x00,0x00,0x00,0x00,0x00,0x00,0x00,0x00,0x00,0x00,0x00,0x00,0x00,0x00,
    0x00,0x00,0x00,0x00,0x00,0x00,0x00,0x00,0x00,0x00,0x00,0x00,0x00,0x00,0x00,0x00,0x00,0x00,0x00,0x00,0x00,0x00,0x00,0x00,
    0x00,0x00,0x00,0x00,0x41,0x00,0x00,0x00,0x00,0x00,0x00,0x00,0x00,0x00,0x00,0x00,0x00,0x00,0x00,0x00,0x00,0x00,0x41,0x00,
    0x00,0x00,0x00,0x00,0x00,0x00,0x00,0x00,0x00,0x00,0x00,0x00,0x00,0x00,0x00,0x00,0x00,0x00,0x00,0x00,0x00,0x00,0x00,0x00,
    0x00,0x00,0x00,0x00,0x00,0x00,0x00,0x00,0x00,0x00,0x00,0x00,0x00,0x00,0x00,0x00,0x00,0x00,0x00,0x00,0x00,0x00,0x00,0x00,
    0x00,0x00,0x00,0x00,0x00,0x00,0x00,0x00,0x00,0x00,0x00,0x00,0x00,0x00,0x00,0x00,0x00,0x00,0x00,0x00,0x00,0x00,0x00,0x00,
    0x00,0x00,0x00,0x00,0x00,0x00,0x00,0x00,0x00,0x00,0x00,0x00,0x00,0x00,0x00,0x00,0x00,0x00,0x00,0x00,0x00,0x00,0x00,0x00,
    0x00,0x00,0x00,0x00,0x00,0x00,0x00,0x00,0x00,0x00,0x00,0x00,0x00,0x00,0x00,0x00,0x00,0x00,0x00,0x00,0x00,0x00,0x00,0x00,
    0x00,0x00,0x00,0x00,0x00,0x00,0x00,0x00,0x00,0x00,0x00,0x00,0x00,0x00,0x00,0x00,0x00,0x00,0x00,0x00,0x00,0x00,0x00,0x00,
    0x00,0x00,0x00,0x00,0x00,0x00,0x00,0x00,0x00,0x00,0x00,0x00,0x00,0x00,0x00,0x00,0x00,0x00,0x00,0x00,0x00,0x00,0x00,0x00,
    0x00,0x00,0x00,0x00,0x00,0x00,0x00,0x00,0x00,0x00,0x00,0x00,0x00,0x00,0x00,0x00,0x00,0x00,0x00,0x00,0x00,0x00,0x00,0x00,
    0x00,0x00,0x00,0x00,0x00,0x00,0x00,0x00,0x00,0x00,0x00,0x00,0x00,0x00,0x00,0x00,0x00,0x00,0x00,0x00,0x00,0x00,0x00,0x00,
    0x00,0x00,0x00,0x00,0x00,0x00,0x00,0x00,0x00,0x00,0x00,0x00,0x00,0x00,0x00,0x00,0x00,0x00,0x00,0x00,0x00,0x00,0x00,0x00,
    0x00,0x00,0x00,0x00,0x00,0x00,0x00,0x00,0x00,0x00,0x00,0x00,0x00,0x00,0x00,0x00,0x00,0x00,0x00,0x00,0x00,0x00,0x00,0x00,
    0x00,0x00,0x00,0x00,0x00,0x00,0x00,0x00,0x00,0x00,0x00,0x00,0x00,0x00,0x00,0x00,0x00,0x00,0x00,0x00,0x00,0x00,0x00,0x00,
    0x00,0x00,0x00,0x00,0x00,0x00,0x00,0x00,0x00,0x00,0x00,0x00,0x00,0x00,0x00,0x00,0x00,0x00,0x00,0x00,0x00,0x00,0x00,0x00,
    0x00,0x00,0x00,0x00,0x00,0x00,0x00,0x00,0x00,0x00,0x00,0x00,0x00,0x00,0x00,0x00,0x00,0x00,0x00,0x00,0x00,0x00,0x00,0x00,
    0x00,0x00,0x00,0x00,0x00,0x00,0x00,0x00,0x00,0x00,0x00,0x00,0x00,0x00,0x41,0x00,0x00,0x00,0x00,0x00,0x00,0x00,0x00,0x00,
    0x00,0x00,0x00,0x00,0x00,0x00,0x00,0x00,0x00,0x00,0x00,0x00,0x00,0x00,0x00,0x00,0x00,0x00,0x00,0x00,0x00,0x00,0x00,0x00,
    0x00,0x00,0x00,0x00,0x00,0x00,0x00,0x00,0x00,0x00,0x00,0x00,0x00,0x00,0x00,0x00,0x00,0x00,0x00,0x00,0x00,0x00,0x00,0x00,
    0x00,0x00,0x00,0x00,0x00,0x00,0x00,0x00,0x00,0x00,0x00,0x00,0x00,0x00,0x00,0x00,0x00,0x00,0x00,0x00,0x00,0x00,0x00,0x00,
    0x00,0x00,0x00,0x00,0x00,0x00,0x00,0x00,0x00,0x00,0x00,0x00,0x00,0x00,0x00,0x00,0x00,0x00,0x00,0x00,0x00,0x00,0x00,0x00,
    0x00,0x00,0x00,0x00,0x00,0x00,0x00,0x00,0x00,0x00,0x00,0x00,0x00,0x00,0x00,0x00,0x00,0x00,0x00,0x00,0x00,0x00,0x00,0x00,
    0x00,0x00,0x00,0x00,0x00,0x00,0x00,0x00,0x00,0x00,0x00,0x00,0x00,0x00,0x00,0x00,0x00,0x00,0x00,0x00,0x00,0x00,0x00,0x00,
    0x00,0x00,0x00,0x00,0x00,0x00,0x00,0x00,0x00,0x00,0x00,0x00,0x00,0x00,0x00,0x00,0x00,0x00,0x00,0x00,0x00,0x00,0x00,0x00,
    0x00,0x00,0x00,0x00,0x00,0x00,0x00,0x00,0x00,0x00,0x00,0x00,0x00,0x00,0x00,0x00,0x00,0x00,0x00,0x00,0x00,0x00,0x00,0x00,
    0x00,0x00,0x00,0x00,0x00,0x00,0x00,0x00,0x00,0x00,0x00,0x00,0x00,0x00,0x00,0x00,0x00,0x00,0x00,0x00,0x00,0x00,0x00,0x00,
    0x00,0x00,0x00,0x00,0x00,0x00,0x00,0x00,0x00,0x00,0x00,0x00,0x00,0x00,0x00,0x00,0x00,0x00,0x00,0x00,0x00,0x00,0x00,0x00,
    0x00,0x00,0x00,0x00,0x00,0x00,0x00,0x00,0x00,0x00,0x00,0x00,0x00,0x00,0x00,0x00,0x00,0x00,0x00,0x00,0x00,0x00,0x00,0x00,
    0x00,0x00,0x00,0x00,0x00,0x00,0x00,0x00,0x00,0x00,0x00,0x00,0x00,0x00,0x00,0x00,0x00,0x00,0x00,0x00,0x00,0x00,0x00,0x00,
    0x00,0x00,0x00,0x00,0x00,0x00,0x00,0x00,0x00,0x00,0x00,0x00,0x00,0x00,0x00,0x00,0x00,0x00,0x00,0x00,0x00,0x00,0x00,0x00,
    0x00,0x00,0x00,0x00,0x00,0x00,0x00,0x00,0x00,0x00,0x00,0x00,0x00,0x00,0x00,0x00,0x00,0x00,0x00,0x00,0x00,0x00,0x00,0x00,
    0x00,0x00,0x00,0x00,0x00,0x00,0x00,0x00,0x00,0x00,0xa6,0x29,0xa6,0x29,0xc7,0x29,0xc6,0x29,0xa6,0x29,0x65,0x21,0x65,0x21,
    0x65,0x21,0x65,0x21,0x65,0x21,0x65,0x21,0x85,0x21,0x65,0x21,0x86,0x29,0x65,0x21,0x85,0x29,0x45,0x21,0x65,0x21,0x65,0x21,
    0x45,0x21,0x65,0x21,0x65,0x21,0x65,0x21,0x45,0x21,0x86,0x21,0x65,0x21,0x86,0x29,0x85,0x21,0x65,0x21,0x65,0x21,0x86,0x29,
    0x65,0x21,0x65,0x21,0x86,0x21,0x65,0x21,0x85,0x21,0xa6,0x29,0x86,0x21,0x65,0x21,0x85,0x21,0x65,0x21,0x65,0x21,0x65,0x21,
    0x65,0x21,0x65,0x21,0xa6,0x29,0x85,0x21,0x65,0x21,0x65,0x21,0x86,0x21,0x65,0x21,0x85,0x21,0x65,0x21,0x65,0x21,0x85,0x21,
    0x86,0x21,0x65,0x21,0x85,0x21,0x86,0x21,0x65,0x21,0x65,0x21,0x65,0x21,0x65,0x21,0x65,0x21,0x45,0x21,0x86,0x21,0x65,0x21,
    0x65,0x21,0x86,0x21,0x85,0x21,0x65,0x21,0x65,0x21,0x65,0x21,0x86,0x29,0x65,0x21,0x45,0x21,0x86,0x21,0x65,0x21,0x86,0x29,
    0x65,0x21,0x65,0x21,0x86,0x29,0x65,0x21,0x86,0x21,0x65,0x21,0x86,0x21,0x45,0x19,0x45,0x19,0x65,0x21,0x65,0x21,0x65,0x21,
    0x65,0x21,0x85,0x21,0x86,0x21,0x86,0x21,0x85,0x21,0x65,0x21,0x65,0x21,0x65,0x21,0x65,0x21,0x86,0x29,0x65,0x21,0x65,0x21,
    0x85,0x21,0x45,0x21,0x86,0x21,0x65,0x21,0x65,0x21,0x65,0x21,0x65,0x21,0x65,0x21,0x65,0x21,0x86,0x21,0x85,0x21,0xa6,0x29,
    0x45,0x21,0x65,0x21,0x65,0x21,0x65,0x21,0x86,0x21,0x65,0x21,0x65,0x21,0x65,0x21,0x65,0x21,0x65,0x21,0x65,0x21,0x65,0x21,
    0x65,0x21,0x65,0x21,0x65,0x21,0x65,0x21,0x65,0x21,0x65,0x21,0x45,0x21,0x65,0x21,0x65,0x21,0x65,0x21,0x65,0x21,0x65,0x21,
    0x65,0x21,0x65,0x21,0x65,0x21,0x65,0x21,0x45,0x21,0x45,0x19,0x45,0x19,0x45,0x21,0x65,0x21,0x65,0x21,0x45,0x21,0x65,0x21,
    0x45,0x21,0x65,0x19,0x45,0x19,0x65,0x21,0x65,0x21,0x65,0x21,0x45,0x21,0x85,0x21,0x85,0x21,0x85,0x21,0x65,0x21,0x85,0x21,
    0x65,0x21,0x65,0x21,0x86,0x21,0x65,0x21,0x65,0x21,0x86,0x21,0x65,0x21,0x86,0x29,0x65,0x21,0x86,0x21,0x65,0x21,0x65,0x21,
    0x65,0x21,0x65,0x21,0x85,0x21,0x65,0x21,0x45,0x21,0x65,0x21,0x65,0x21,0x86,0x21,0x65,0x21,0x65,0x21,0x65,0x21,0x85,0x21,
    0x65,0x21,0x65,0x21,0x65,0x21,0x65,0x21,0x65,0x21,0x86,0x21,0x86,0x21,0x65,0x21,0x65,0x21,0x65,0x21,0x65,0x21,0x45,0x21,
    0x86,0x21,0x65,0x21,0x86,0x29,0x85,0x21,0x65,0x21,0x86,0x29,0x65,0x21,0x45,0x21,0x45,0x21,0x65,0x21,0x65,0x21,0x85,0x21,
    0x45,0x21,0x65,0x21,0x65,0x21,0x85,0x21,0x45,0x21,0x85,0x21,0x85,0x21,0x45,0x21,0x45,0x21,0x65,0x21,0x65,0x21,0x65,0x21,
    0x65,0x21,0x65,0x21,0x45,0x21,0x65,0x21,0x45,0x21,0x65,0x21,0x45,0x21,0x44,0x19,0x65,0x21,0x45,0x21,0x65,0x21,0x45,0x21,
    0x86,0x29,0x65,0x21,0x65,0x21,0x65,0x21,0x65,0x21,0x65,0x21,0x65,0x21,0x45,0x21,0x85,0x21,0x45,0x21,0x45,0x21,0x45,0x21,
    0x65,0x21,0x45,0x21,0x65,0x21,0x45,0x21,0x45,0x21,0x65,0x21,0x44,0x21,0x45,0x21,0x45,0x21,0x65,0x21,0x45,0x21,0x45,0x21,
    0x65,0x21,0x65,0x21,0x85,0x29,0x65,0x21,0x65,0x21,0x65,0x21,0x45,0x21,0x65,0x21,0x45,0x21,0x45,0x21,0x45,0x21,0x45,0x21,
    0x24,0x19,0x65,0x21,0x85,0x29,0x45,0x21,0x65,0x21,0x65,0x21,0x65,0x21,0x45,0x21,0x65,0x21,0x45,0x21,0x45,0x21,0x65,0x21,
    0x85,0x29,0x65,0x21,0x65,0x21,0x45,0x21,0x65,0x21,0x45,0x21,0x65,0x21,0x65,0x21,0x45,0x21,0x65,0x21,0x45,0x21,0x45,0x21,
    0x45,0x21,0x45,0x21,0x65,0x21,0x85,0x21,0x45,0x21,0x86,0x29,0x45,0x21,0x65,0x21,0x65,0x21,0x45,0x21,0x65,0x21,0x45,0x21,
    0x65,0x21,0x45,0x21,0x44,0x19,0x65,0x21,0x45,0x21,0x45,0x21,0x65,0x21,0x45,0x21,0x65,0x21,0x45,0x21,0x65,0x21,0x45,0x21,
    0x65,0x21,0x65,0x21,0x24,0x19,0x24,0x21,0x65,0x21,0x45,0x21,0x45,0x21,0x45,0x21,0x65,0x21,0x45,0x21,0x65,0x21,0x45,0x21,
    0x85,0x21,0x45,0x21,0x85,0x29,0x45,0x21,0x45,0x21,0x45,0x21,0x45,0x21,0x45,0x21,0x65,0x21,0x45,0x21,0x45,0x21,0x45,0x21,
    0x44,0x19,0x24,0x19,0x45,0x21,0x45,0x21,0x45,0x21,0x24,0x21,0x65,0x21,0x45,0x21,0x45,0x21,0x45,0x21,0x45,0x21,0x65,0x21,
    0x45,0x21,0x65,0x21,0x45,0x21,0x45,0x21,0x44,0x19,0x65,0x21,0x65,0x21,0x45,0x21,0x45,0x21,0x45,0x21,0x45,0x21,0x45,0x21,
    0x45,0x21,0x44,0x21,0x45,0x21,0x45,0x21,0x45,0x21,0x45,0x21,0x24,0x21,0x45,0x21,0x45,0x21,0x45,0x21,0x65,0x21,0x45,0x21,
    0x45,0x21,0x45,0x21,0x24,0x21,0x45,0x21,0x45,0x21,0x45,0x21,0x45,0x21,0x45,0x21,0x24,0x21,0x45,0x21,0x24,0x21,0x45,0x21,
    0x24,0x19,0x45,0x21,0x24,0x21,0x45,0x21,0x45,0x21,0x45,0x21,0x45,0x21,0x45,0x21,0x45,0x21,0x45,0x21,0x65,0x29,0x65,0x21,
    0x65,0x21,0x65,0x21,0x00,0x00,0x00,0x00,0x00,0x00,0x00,0x00,0x00,0x00,0x00,0x00,0x00,0x00,0x00,0x00,0x00,0x00,0x00,0x00,
    0x00,0x00,0x00,0x00,0x00,0x00,0x00,0x00,0x00,0x00,0x00,0x00,0x00,0x00,0x00,0x00,0x00,0x00,0x00,0x00,0x00,0x00,0x00,0x00,
    0x00,0x00,0x00,0x00,0x00,0x00,0x00,0x00,0x00,0x00,0x00,0x00,0x00,0x00,0x00,0x00,0x00,0x00,0x00,0x00,0x00,0x00,0x00,0x00,
    0x00,0x00,0x00,0x00,0x00,0x00,0x00,0x00,0x00,0x00,0x00,0x00,0x00,0x00,0x00,0x00,0xa6,0x29,0xa6,0x21,0xc7,0x29,0xa6,0x21,
    0xa6,0x21,0x86,0x21,0x45,0x19,0x45,0x19,0x65,0x19,0x65,0x19,0x65,0x19,0x65,0x19,0x65,0x19,0x45,0x19,0x45,0x19,0x65,0x19,
    0x65,0x19,0x65,0x19,0x65,0x19,0x45,0x19,0x45,0x19,0x45,0x19,0x65,0x19,0x65,0x19,0x65,0x19,0x65,0x19,0x65,0x19,0x65,0x19,
    0x65,0x19,0x65,0x19,0x65,0x19,0x65,0x19,0x65,0x19,0x65,0x19,0x65,0x19,0x65,0x19,0x65,0x19,0x65,0x19,0x65,0x19,0x65,0x19,
    0x65,0x19,0x65,0x19,0x65,0x19,0x65,0x19,0x65,0x19,0x65,0x19,0x65,0x19,0x65,0x19,0x65,0x19,0x65,0x19,0x65,0x19,0x65,0x19,
    0x65,0x19,0x65,0x19,0x65,0x19,0x65,0x19,0x65,0x19,0x65,0x19,0x65,0x19,0x65,0x19,0x65,0x19,0x65,0x19,0x65,0x19,0x65,0x19,
    0x65,0x19,0x65,0x19,0x65,0x19,0x65,0x19,0x85,0x19,0x65,0x19,0x65,0x19,0x65,0x19,0x65,0x19,0x65,0x19,0x65,0x19,0x65,0x19,
    0x65,0x19,0x65,0x19,0x65,0x19,0x65,0x19,0x65,0x19,0x65,0x19,0x65,0x19,0x65,0x19,0x65,0x19,0x65,0x19,0x65,0x19,0x65,0x19,
    0x65,0x19,0x65,0x19,0x65,0x19,0x65,0x19,0x65,0x19,0x65,0x19,0x65,0x19,0x65,0x19,0x65,0x19,0x65,0x19,0x65,0x19,0x65,0x19,
    0x65,0x19,0x65,0x19,0x65,0x19,0x65,0x19,0x65,0x19,0x65,0x19,0x65,0x19,0x65,0x19,0x65,0x19,0x65,0x19,0x65,0x19,0x65,0x19,
    0x65,0x19,0x65,0x19,0x65,0x19,0x65,0x19,0x65,0x19,0x65,0x19,0x65,0x19,0x65,0x19,0x65,0x19,0x65,0x19,0x65,0x19,0x65,0x19,
    0x65,0x19,0x65,0x19,0x65,0x19,0x65,0x19,0x65,0x19,0x65,0x19,0x65,0x19,0x65,0x19,0x65,0x19,0x65,0x19,0x65,0x19,0x65,0x19,
    0x65,0x19,0x65,0x19,0x65,0x19,0x65,0x19,0x65,0x19,0x65,0x19,0x65,0x19,0x65,0x19,0x65,0x19,0x65,0x19,0x65,0x19,0x65,0x19,
    0x65,0x19,0x65,0x19,0x65,0x19,0x65,0x19,0x65,0x19,0x65,0x19,0x65,0x19,0x65,0x19,0x65,0x19,0x65,0x19,0x65,0x19,0x65,0x19,
    0x65,0x19,0x65,0x19,0x65,0x19,0x65,0x19,0x65,0x19,0x65,0x19,0x65,0x19,0x65,0x19,0x65,0x19,0x65,0x19,0x65,0x19,0x65,0x19,
    0x65,0x19,0x65,0x19,0x65,0x19,0x65,0x19,0x65,0x19,0x65,0x19,0x65,0x19,0x65,0x19,0x65,0x19,0x65,0x19,0x65,0x19,0x65,0x19,
    0x65,0x19,0x65,0x19,0x65,0x19,0x65,0x19,0x65,0x19,0x65,0x19,0x65,0x19,0x65,0x19,0x65,0x19,0x65,0x19,0x65,0x19,0x65,0x19,
    0x65,0x19,0x65,0x19,0x65,0x19,0x65,0x19,0x65,0x19,0x65,0x19,0x45,0x19,0x65,0x19,0x45,0x19,0x65,0x19,0x45,0x19,0x65,0x19,
    0x65,0x19,0x65,0x19,0x65,0x19,0x65,0x19,0x65,0x19,0x65,0x19,0x45,0x19,0x65,0x19,0x65,0x19,0x65,0x19,0x45,0x19,0x45,0x19,
    0x45,0x19,0x45,0x19,0x45,0x19,0x45,0x19,0x65,0x19,0x45,0x19,0x45,0x19,0x45,0x19,0x45,0x19,0x45,0x19,0x45,0x19,0x45,0x19,
    0x45,0x19,0x45,0x19,0x45,0x19,0x45,0x19,0x45,0x19,0x45,0x19,0x45,0x19,0x45,0x19,0x45,0x19,0x45,0x19,0x45,0x19,0x45,0x19,
    0x45,0x19,0x45,0x19,0x45,0x19,0x45,0x19,0x45,0x19,0x45,0x19,0x45,0x19,0x45,0x19,0x45,0x19,0x45,0x19,0x45,0x19,0x45,0x19,
    0x45,0x19,0x45,0x19,0x45,0x19,0x45,0x19,0x45,0x19,0x45,0x19,0x45,0x19,0x45,0x19,0x45,0x19,0x45,0x19,0x45,0x19,0x45,0x19,
    0x45,0x19,0x45,0x19,0x45,0x19,0x45,0x19,0x45,0x19,0x45,0x19,0x45,0x19,0x45,0x19,0x45,0x19,0x45,0x19,0x45,0x19,0x45,0x19,
    0x45,0x19,0x45,0x19,0x45,0x19,0x45,0x19,0x45,0x19,0x45,0x19,0x45,0x19,0x45,0x19,0x45,0x19,0x45,0x19,0x45,0x19,0x45,0x19,
    0x45,0x19,0x45,0x19,0x45,0x19,0x45,0x19,0x45,0x19,0x45,0x19,0x45,0x19,0x45,0x19,0x45,0x19,0x44,0x19,0x45,0x19,0x45,0x19,
    0x44,0x19,0x44,0x19,0x45,0x19,0x24,0x19,0x45,0x19,0x45,0x19,0x45,0x19,0x45,0x19,0x45,0x19,0x44,0x19,0x44,0x19,0x45,0x19,
    0x24,0x19,0x24,0x19,0x44,0x19,0x44,0x19,0x44,0x19,0x44,0x19,0x44,0x19,0x44,0x19,0x24,0x19,0x24,0x19,0x24,0x19,0x24,0x19,
    0x24,0x19,0x44,0x19,0x44,0x19,0x24,0x19,0x44,0x19,0x44,0x19,0x24,0x19,0x24,0x19,0x24,0x19,0x24,0x19,0x24,0x19,0x24,0x19,
    0x24,0x19,0x24,0x19,0x24,0x19,0x24,0x19,0x24,0x19,0x44,0x19,0x44,0x19,0x24,0x19,0x44,0x19,0x44,0x19,0x24,0x19,0x44,0x19,
    0x24,0x19,0x24,0x19,0x24,0x19,0x24,0x19,0x24,0x19,0x24,0x19,0x24,0x19,0x24,0x19,0x24,0x19,0x24,0x19,0x24,0x19,0x24,0x19,
    0x24,0x19,0x24,0x19,0x24,0x19,0x24,0x19,0x24,0x19,0x24,0x19,0x24,0x19,0x24,0x19,0x24,0x19,0x24,0x19,0x24,0x19,0x24,0x19,
    0x24,0x19,0x24,0x19,0x24,0x19,0x24,0x19,0x24,0x19,0x24,0x19,0x24,0x19,0x24,0x19,0x24,0x19,0x24,0x19,0x24,0x19,0x24,0x19,
    0x24,0x19,0x24,0x19,0x24,0x19,0x24,0x19,0x24,0x19,0x24,0x19,0x24,0x19,0x24,0x19,0x24,0x19,0x24,0x19,0x24,0x19,0x24,0x19,
    0x24,0x19,0x24,0x19,0x45,0x21,0x24,0x19,0x45,0x19,0x65,0x21,0x85,0x21,0x86,0x29,0x00,0x00,0x00,0x00,0x00,0x00,0x00,0x00,
    0x00,0x00,0x00,0x00,0x00,0x00,0x00,0x00,0x00,0x00,0x00,0x00,0x00,0x00,0x00,0x00,0x00,0x00,0x00,0x00,0x00,0x00,0x00,0x00,
    0x00,0x00,0x00,0x00,0x00,0x00,0x00,0x00,0x00,0x00,0x00,0x00,0x00,0x00,0x00,0x00,0x00,0x00,0x00,0x00,0x00,0x00,0x00,0x00,
    0x00,0x00,0x00,0x00,0x00,0x00,0x00,0x00,0x00,0x00,0x00,0x00,0x00,0x00,0x00,0x00,0x00,0x00,0x00,0x00,0x00,0x00,0xc7,0x31,
    0xc7,0x21,0xc7,0x21,0xc7,0x21,0xc7,0x19,0xa6,0x19,0x65,0x19,0x45,0x19,0xa6,0x21,0x68,0x2a,0x4c,0x43,0x8d,0x4b,0xad,0x4b,
    0x8d,0x43,0x8d,0x4b,0x8d,0x4b,0x6d,0x43,0x6c,0x43,0x8d,0x4b,0x8d,0x43,0xca,0x3a,0xc6,0x21,0x45,0x19,0x45,0x19,0x45,0x19,
    0x45,0x19,0x65,0x19,0x65,0x19,0x65,0x19,0x65,0x19,0x65,0x19,0x65,0x19,0x65,0x19,0x65,0x19,0x65,0x19,0x65,0x19,0x65,0x19,
    0x65,0x19,0x65,0x19,0x65,0x19,0x65,0x19,0x65,0x19,0x65,0x19,0x65,0x19,0x65,0x19,0x65,0x19,0x65,0x19,0x65,0x19,0x65,0x19,
    0x65,0x19,0x65,0x19,0x65,0x19,0x65,0x19,0x65,0x19,0x65,0x19,0x65,0x19,0x65,0x19,0x65,0x19,0x65,0x19,0x65,0x19,0x65,0x19,
    0x65,0x19,0x65,0x19,0x65,0x19,0x65,0x19,0x65,0x19,0x65,0x19,0x65,0x19,0x65,0x19,0x65,0x19,0x65,0x19,0x65,0x19,0x65,0x19,
    0x65,0x19,0x65,0x19,0x65,0x19,0x65,0x19,0x65,0x19,0x65,0x19,0x65,0x19,0x65,0x19,0x65,0x19,0x65,0x19,0x65,0x19,0x65,0x19,
    0x65,0x19,0x65,0x19,0x65,0x19,0x65,0x19,0x65,0x19,0x65,0x19,0x65,0x19,0x65,0x19,0x65,0x19,0x65,0x19,0x65,0x19,0x65,0x19,
    0x65,0x19,0x65,0x19,0x65,0x19,0x65,0x19,0x65,0x19,0x65,0x19,0x65,0x19,0x65,0x19,0x65,0x19,0x65,0x19,0x65,0x19,0x65,0x19,
    0x65,0x19,0x65,0x19,0x65,0x19,0x65,0x19,0x65,0x19,0x65,0x19,0x65,0x19,0x65,0x19,0x65,0x19,0x65,0x19,0x65,0x19,0x65,0x19,
    0x65,0x19,0x65,0x19,0x65,0x19,0x65,0x19,0x65,0x19,0x65,0x19,0x65,0x19,0x65,0x19,0x65,0x19,0x65,0x19,0x65,0x19,0x65,0x19,
    0x65,0x19,0x65,0x19,0x65,0x19,0x65,0x19,0x65,0x19,0x65,0x19,0x65,0x19,0x65,0x19,0x65,0x19,0x65,0x19,0x65,0x19,0x65,0x19,
    0x65,0x19,0x65,0x19,0x65,0x19,0x65,0x19,0x65,0x19,0x65,0x19,0x65,0x19,0x65,0x19,0x65,0x19,0x65,0x19,0x65,0x19,0x65,0x19,
    0x65,0x19,0x65,0x19,0x65,0x19,0x65,0x19,0x65,0x19,0x65,0x19,0x65,0x19,0x65,0x19,0x65,0x19,0x65,0x19,0x65,0x19,0x65,0x19,
    0x65,0x19,0x65,0x19,0x65,0x19,0x65,0x19,0x65,0x19,0x65,0x19,0x65,0x19,0x65,0x19,0x65,0x19,0x65,0x19,0x65,0x19,0x65,0x19,
    0x65,0x19,0x65,0x19,0x45,0x19,0x65,0x19,0x65,0x19,0x65,0x19,0x65,0x19,0x65,0x19,0x65,0x19,0x65,0x19,0x65,0x19,0x65,0x19,
    0x65,0x19,0x65,0x19,0x65,0x19,0x45,0x19,0x65,0x19,0x65,0x19,0x65,0x19,0x65,0x19,0x65,0x19,0x65,0x19,0x65,0x19,0x65,0x19,
    0x65,0x19,0x45,0x19,0x65,0x19,0x65,0x19,0x45,0x19,0x65,0x19,0x65,0x19,0x45,0x19,0x65,0x19,0x45,0x19,0x65,0x19,0x65,0x19,
    0x65,0x19,0x45,0x19,0x65,0x19,0x45,0x19,0x65,0x19,0x45,0x19,0x45,0x19,0x45,0x19,0x45,0x19,0x45,0x19,0x65,0x19,0x45,0x19,
    0x45,0x19,0x45,0x19,0x45,0x19,0x45,0x19,0x45,0x19,0x65,0x19,0x45,0x19,0x45,0x19,0x45,0x19,0x45,0x19,0x45,0x19,0x45,0x19,
    0x45,0x19,0x45,0x19,0x45,0x19,0x45,0x19,0x45,0x19,0x45,0x19,0x45,0x19,0x45,0x19,0x45,0x19,0x45,0x19,0x45,0x19,0x45,0x19,
    0x45,0x19,0x45,0x19,0x45,0x19,0x45,0x19,0x45,0x19,0x45,0x19,0x45,0x19,0x45,0x19,0x45,0x19,0x45,0x19,0x45,0x19,0x45,0x19,
    0x45,0x19,0x45,0x19,0x45,0x19,0x45,0x19,0x45,0x19,0x45,0x19,0x45,0x19,0x45,0x19,0x45,0x19,0x45,0x19,0x45,0x19,0x45,0x19,
    0x45,0x19,0x45,0x19,0x45,0x19,0x45,0x19,0x45,0x19,0x45,0x19,0x45,0x19,0x45,0x19,0x45,0x19,0x45,0x19,0x45,0x19,0x45,0x19,
    0x45,0x19,0x45,0x19,0x44,0x19,0x45,0x19,0x45,0x19,0x45,0x19,0x45,0x19,0x45,0x19,0x44,0x19,0x45,0x19,0x45,0x19,0x45,0x19,
    0x45,0x19,0x45,0x19,0x45,0x19,0x44,0x19,0x45,0x19,0x44,0x19,0x44,0x19,0x45,0x19,0x45,0x19,0x44,0x19,0x44,0x19,0x44,0x19,
    0x44,0x19,0x45,0x19,0x44,0x19,0x44,0x19,0x44,0x19,0x24,0x19,0x44,0x19,0x44,0x19,0x45,0x19,0x44,0x19,0x44,0x19,0x44,0x19,
    0x24,0x19,0x24,0x19,0x44,0x19,0x24,0x19,0x24,0x19,0x24,0x19,0x24,0x19,0x44,0x19,0x24,0x19,0x44,0x19,0x24,0x19,0x24,0x19,
    0x24,0x19,0x24,0x19,0x24,0x19,0x24,0x19,0x24,0x19,0x24,0x19,0x24,0x19,0x24,0x19,0x24,0x19,0x24,0x19,0x24,0x19,0x24,0x19,
    0x24,0x19,0x24,0x19,0x24,0x19,0x24,0x19,0x24,0x19,0x24,0x19,0x24,0x19,0x24,0x19,0x24,0x19,0x24,0x19,0x24,0x19,0x24,0x19,
    0x24,0x19,0x24,0x19,0x24,0x19,0x24,0x19,0x24,0x19,0x24,0x19,0x24,0x19,0x24,0x19,0x24,0x19,0x24,0x19,0x24,0x19,0x24,0x19,
    0x24,0x19,0x24,0x19,0x24,0x19,0x24,0x19,0x24,0x19,0x24,0x19,0x24,0x19,0x24,0x19,0x24,0x19,0x24,0x19,0x24,0x19,0x24,0x19,
    0x24,0x19,0x24,0x19,0x24,0x19,0xe7,0x29,0x89,0x32,0xca,0x3a,0xea,0x3a,0xca,0x3a,0xca,0x3a,0xca,0x3a,0xaa,0x3a,0xea,0x3a,
    0xea,0x3a,0xca,0x3a,0x89,0x32,0xe7,0x21,0x24,0x19,0x04,0x11,0x24,0x19,0xe3,0x10,0x03,0x11,0x24,0x19,0x24,0x19,0x45,0x21,
    0x65,0x29,0x00,0x00,0x00,0x00,0x00,0x00,0x00,0x00,0x00,0x00,0x00,0x00,0x00,0x00,0x00,0x00,0x00,0x00,0x00,0x00,0x00,0x00,
    0x00,0x00,0x00,0x00,0x00,0x00,0x00,0x00,0x00,0x00,0x00,0x00,0x00,0x00,0x00,0x00,0x00,0x00,0x00,0x00,0x00,0x00,0x00,0x00,
    0x00,0x00,0x00,0x00,0x00,0x00,0x00,0x00,0x00,0x00,0x00,0x00,0x00,0x00,0x00,0x00,0x00,0x00,0x00,0x00,0x00,0x00,0x00,0x00,
    0x00,0x00,0x00,0x00,0xc7,0x31,0xe7,0x29,0xa6,0x21,0xc7,0x21,0xe7,0x21,0xc7,0x21,0xa6,0x21,0x65,0x19,0x65,0x19,0x2b,0x43,
    0xb1,0x5c,0x12,0x65,0x12,0x65,0x32,0x65,0x12,0x65,0x12,0x65,0x12,0x65,0x33,0x65,0x12,0x65,0x12,0x65,0x12,0x65,0xf2,0x64,
    0xee,0x4b,0xc7,0x21,0x65,0x19,0x45,0x19,0x65,0x19,0x65,0x19,0x65,0x19,0x65,0x19,0x65,0x19,0x65,0x19,0x65,0x19,0x65,0x19,
    0x65,0x19,0x65,0x19,0x65,0x19,0x65,0x19,0x65,0x19,0x65,0x19,0x65,0x19,0x65,0x19,0x65,0x19,0x65,0x19,0x65,0x19,0x65,0x19,
    0x65,0x19,0x65,0x19,0x65,0x19,0x65,0x19,0x65,0x19,0x65,0x19,0x65,0x19,0x65,0x19,0x65,0x19,0x65,0x19,0x65,0x19,0x65,0x19,
    0x65,0x19,0x65,0x19,0x65,0x19,0x65,0x19,0x65,0x19,0x65,0x19,0x65,0x19,0x65,0x19,0x65,0x19,0x65,0x19,0x65,0x19,0x65,0x19,
    0x65,0x19,0x65,0x19,0x65,0x19,0x65,0x19,0x65,0x19,0x65,0x19,0x65,0x19,0x65,0x19,0x65,0x19,0x65,0x19,0x65,0x19,0x65,0x19,
    0x65,0x19,0x65,0x19,0x65,0x19,0x65,0x19,0x65,0x19,0x65,0x19,0x65,0x19,0x65,0x19,0x65,0x19,0x65,0x19,0x65,0x19,0x65,0x19,
    0x65,0x19,0x65,0x19,0x65,0x19,0x65,0x19,0x65,0x19,0x65,0x19,0x65,0x19,0x65,0x19,0x65,0x19,0x65,0x19,0x65,0x19,0x65,0x19,
    0x65,0x19,0x65,0x19,0x65,0x19,0x65,0x19,0x65,0x19,0x65,0x19,0x65,0x19,0x65,0x19,0x65,0x19,0x65,0x19,0x65,0x19,0x65,0x19,
    0x65,0x19,0x65,0x19,0x65,0x19,0x65,0x19,0x65,0x19,0x65,0x19,0x65,0x19,0x65,0x19,0x65,0x19,0x65,0x19,0x65,0x19,0x65,0x19,
    0x65,0x19,0x65,0x19,0x65,0x19,0x65,0x19,0x65,0x19,0x65,0x19,0x65,0x19,0x65,0x19,0x65,0x19,0x65,0x19,0x65,0x19,0x65,0x19,
    0x65,0x19,0x65,0x19,0x65,0x19,0x65,0x19,0x65,0x19,0x65,0x19,0x65,0x19,0x65,0x19,0x65,0x19,0x65,0x19,0x65,0x19,0x65,0x19,
    0x65,0x19,0x65,0x19,0x65,0x19,0x65,0x19,0x65,0x19,0x65,0x19,0x65,0x19,0x65,0x19,0x65,0x19,0x65,0x19,0x65,0x19,0x65,0x19,
    0x65,0x19,0x65,0x19,0x65,0x19,0x65,0x19,0x65,0x19,0x65,0x19,0x65,0x19,0x65,0x19,0x65,0x19,0x65,0x19,0x65,0x19,0x65,0x19,
    0x65,0x19,0x65,0x19,0x65,0x19,0x65,0x19,0x65,0x19,0x65,0x19,0x65,0x19,0x65,0x19,0x65,0x19,0x65,0x19,0x65,0x19,0x65,0x19,
    0x65,0x19,0x65,0x19,0x65,0x19,0x65,0x19,0x65,0x19,0x65,0x19,0x65,0x19,0x65,0x19,0x65,0x19,0x65,0x19,0x65,0x19,0x65,0x19,
    0x65,0x19,0x65,0x19,0x65,0x19,0x45,0x19,0x65,0x19,0x65,0x19,0x65,0x19,0x65,0x19,0x65,0x19,0x65,0x19,0x65,0x19,0x65,0x19,
    0x45,0x19,0x65,0x19,0x65,0x19,0x45,0x19,0x65,0x19,0x45,0x19,0x65,0x19,0x65,0x19,0x65,0x19,0x45,0x19,0x45,0x19,0x45,0x19,
    0x45,0x19,0x45,0x19,0x45,0x19,0x45,0x19,0x45,0x19,0x45,0x19,0x45,0x19,0x45,0x19,0x45,0x19,0x45,0x19,0x45,0x19,0x45,0x19,
    0x45,0x19,0x45,0x19,0x45,0x19,0x45,0x19,0x45,0x19,0x45,0x19,0x45,0x19,0x45,0x19,0x45,0x19,0x45,0x19,0x45,0x19,0x45,0x19,
    0x45,0x19,0x45,0x19,0x45,0x19,0x45,0x19,0x45,0x19,0x45,0x19,0x45,0x19,0x45,0x19,0x45,0x19,0x45,0x19,0x45,0x19,0x45,0x19,
    0x45,0x19,0x45,0x19,0x45,0x19,0x45,0x19,0x45,0x19,0x45,0x19,0x45,0x19,0x45,0x19,0x45,0x19,0x45,0x19,0x45,0x19,0x45,0x19,
    0x45,0x19,0x45,0x19,0x45,0x19,0x45,0x19,0x45,0x19,0x45,0x19,0x45,0x19,0x45,0x19,0x45,0x19,0x45,0x19,0x45,0x19,0x45,0x19,
    0x45,0x19,0x45,0x19,0x45,0x19,0x45,0x19,0x45,0x19,0x45,0x19,0x45,0x19,0x45,0x19,0x45,0x19,0x45,0x19,0x45,0x19,0x44,0x19,
    0x44,0x19,0x44,0x19,0x45,0x19,0x45,0x19,0x45,0x19,0x45,0x19,0x45,0x19,0x44,0x19,0x44,0x19,0x45,0x19,0x45,0x19,0x44,0x19,
    0x44,0x19,0x45,0x19,0x45,0x19,0x44,0x19,0x44,0x19,0x24,0x19,0x44,0x19,0x44,0x19,0x44,0x19,0x24,0x19,0x24,0x19,0x24,0x19,
    0x44,0x19,0x24,0x19,0x44,0x19,0x44,0x19,0x24,0x19,0x24,0x19,0x44,0x19,0x24,0x19,0x44,0x19,0x24,0x19,0x44,0x19,0x24,0x19,
    0x24,0x19,0x24,0x19,0x24,0x19,0x24,0x19,0x24,0x19,0x24,0x19,0x24,0x19,0x24,0x19,0x24,0x19,0x24,0x19,0x24,0x19,0x24,0x19,
    0x24,0x19,0x24,0x19,0x24,0x19,0x24,0x19,0x24,0x19,0x24,0x19,0x24,0x19,0x24,0x19,0x24,0x19,0x24,0x19,0x24,0x19,0x24,0x19,
    0x24,0x19,0x24,0x19,0x24,0x19,0x24,0x19,0x24,0x19,0x24,0x19,0x24,0x19,0x24,0x19,0x24,0x19,0x24,0x19,0x24,0x19,0x24,0x19,
    0x24,0x19,0x24,0x19,0x24,0x19,0x24,0x19,0x24,0x19,0x24,0x19,0x24,0x19,0x24,0x19,0x24,0x19,0x24,0x19,0x24,0x19,0x24,0x19,
    0x24,0x19,0x24,0x11,0x24,0x19,0x24,0x11,0x24,0x19,0x24,0x19,0xe7,0x29,0xce,0x4b,0x2f,0x54,0xee,0x4b,0xee,0x4b,0xee,0x4b,
    0xee,0x4b,0xee,0x4b,0xee,0x4b,0xce,0x4b,0xce,0x4b,0xce,0x4b,0xad,0x43,0x0b,0x3b,0x07,0x2a,0x04,0x19,0x04,0x19,0xc3,0x10,
    0xe3,0x10,0x04,0x11,0x24,0x19,0x24,0x19,0x45,0x21,0x45,0x21,0x00,0x00,0x00,0x00,0x00,0x00,0x00,0x00,0x00,0x00,0x00,0x00,
    0x00,0x00,0x00,0x00,0x00,0x00,0x00,0x00,0x00,0x00,0x00,0x00,0x00,0x00,0x00,0x00,0x00,0x00,0x00,0x00,0x00,0x00,0x00,0x00,
    0x00,0x00,0x00,0x00,0x00,0x00,0x00,0x00,0x00,0x00,0x00,0x00,0x00,0x00,0x00,0x00,0x00,0x00,0x00,0x00,0x00,0x00,0x00,0x00,
    0x00,0x00,0x00,0x00,0x00,0x00,0x00,0x00,0x00,0x00,0x00,0x00,0x08,0x32,0xc7,0x29,0xc7,0x21,0xc7,0x21,0xc7,0x21,0xc7,0x19,
    0xa6,0x19,0x45,0x19,0x07,0x2a,0x4f,0x54,0x12,0x65,0x33,0x65,0x53,0x6d,0x33,0x6d,0x33,0x65,0x33,0x65,0x53,0x65,0x33,0x6d,
    0x33,0x65,0x33,0x65,0x33,0x65,0x12,0x65,0x90,0x5c,0xca,0x3a,0x85,0x19,0x45,0x19,0x45,0x19,0x65,0x19,0x65,0x19,0x65,0x19,
    0x65,0x19,0x65,0x19,0x65,0x19,0x65,0x19,0x65,0x19,0x65,0x19,0x65,0x19,0x65,0x19,0x65,0x19,0x65,0x19,0x65,0x19,0x65,0x19,
    0x65,0x19,0x65,0x19,0x65,0x19,0x65,0x19,0x65,0x19,0x65,0x19,0x65,0x19,0x65,0x19,0x65,0x19,0x65,0x19,0x65,0x19,0x65,0x19,
    0x85,0x19,0x65,0x19,0x65,0x19,0x65,0x19,0x65,0x19,0x65,0x19,0x65,0x19,0x65,0x19,0x65,0x19,0x65,0x19,0x65,0x19,0x65,0x19,
    0x65,0x19,0x65,0x19,0x65,0x19,0x65,0x19,0x65,0x19,0x65,0x19,0x65,0x19,0x65,0x19,0x65,0x19,0x65,0x19,0x65,0x19,0x65,0x19,
    0x65,0x19,0x65,0x19,0x65,0x19,0x65,0x19,0x65,0x19,0x65,0x19,0x65,0x19,0x65,0x19,0x65,0x19,0x65,0x19,0x65,0x19,0x65,0x19,
    0x65,0x19,0x65,0x19,0x65,0x19,0x65,0x19,0x65,0x19,0x65,0x19,0x65,0x19,0x65,0x19,0x65,0x19,0x65,0x19,0x65,0x19,0x65,0x19,
    0x65,0x19,0x65,0x19,0x65,0x19,0x65,0x19,0x65,0x19,0x65,0x19,0x65,0x19,0x65,0x19,0x65,0x19,0x65,0x19,0x65,0x19,0x65,0x19,
    0x65,0x19,0x65,0x19,0x65,0x19,0x65,0x19,0x65,0x19,0x65,0x19,0x65,0x19,0x65,0x19,0x65,0x19,0x65,0x19,0x65,0x19,0x65,0x19,
    0x65,0x19,0x65,0x19,0x65,0x19,0x65,0x19,0x65,0x19,0x65,0x19,0x65,0x19,0x65,0x19,0x65,0x19,0x65,0x19,0x65,0x19,0x65,0x19,
    0x65,0x19,0x65,0x19,0x65,0x19,0x65,0x19,0x65,0x19,0x65,0x19,0x65,0x19,0x65,0x19,0x65,0x19,0x65,0x19,0x65,0x19,0x65,0x19,
    0x65,0x19,0x65,0x19,0x65,0x19,0x65,0x19,0x65,0x19,0x65,0x19,0x65,0x19,0x65,0x19,0x65,0x19,0x65,0x19,0x65,0x19,0x65,0x19,
    0x65,0x19,0x65,0x19,0x65,0x19,0x65,0x19,0x65,0x19,0x65,0x19,0x65,0x19,0x65,0x19,0x65,0x19,0x65,0x19,0x65,0x19,0x65,0x19,
    0x65,0x19,0x65,0x19,0x65,0x19,0x65,0x19,0x65,0x19,0x65,0x19,0x65,0x19,0x65,0x19,0x65,0x19,0x65,0x19,0x65,0x19,0x65,0x19,
    0x65,0x19,0x65,0x19,0x65,0x19,0x65,0x19,0x65,0x19,0x65,0x19,0x65,0x19,0x65,0x19,0x65,0x19,0x65,0x19,0x65,0x19,0x65,0x19,
    0x65,0x19,0x65,0x19,0x65,0x19,0x65,0x19,0x65,0x19,0x65,0x19,0x65,0x19,0x65,0x19,0x65,0x19,0x65,0x19,0x65,0x19,0x65,0x19,
    0x65,0x19,0x65,0x19,0x65,0x19,0x65,0x19,0x65,0x19,0x65,0x19,0x65,0x19,0x65,0x19,0x65,0x19,0x65,0x19,0x45,0x19,0x45,0x19,
    0x65,0x19,0x65,0x19,0x65,0x19,0x45,0x19,0x45,0x19,0x65,0x19,0x45,0x19,0x45,0x19,0x65,0x19,0x45,0x19,0x65,0x19,0x45,0x19,
    0x45,0x19,0x65,0x19,0x45,0x19,0x45,0x19,0x45,0x19,0x45,0x19,0x45,0x19,0x45,0x19,0x45,0x19,0x45,0x19,0x45,0x19,0x45,0x19,
    0x45,0x19,0x45,0x19,0x45,0x19,0x45,0x19,0x45,0x19,0x45,0x19,0x45,0x19,0x45,0x19,0x45,0x19,0x45,0x19,0x45,0x19,0x45,0x19,
    0x45,0x19,0x45,0x19,0x45,0x19,0x45,0x19,0x45,0x19,0x45,0x19,0x45,0x19,0x45,0x19,0x45,0x19,0x45,0x19,0x45,0x19,0x45,0x19,
    0x45,0x19,0x45,0x19,0x45,0x19,0x45,0x19,0x45,0x19,0x45,0x19,0x45,0x19,0x45,0x19,0x45,0x19,0x45,0x19,0x45,0x19,0x45,0x19,
    0x45,0x19,0x45,0x19,0x45,0x19,0x45,0x19,0x45,0x19,0x45,0x19,0x45,0x19,0x45,0x19,0x45,0x19,0x45,0x19,0x45,0x19,0x45,0x19,
    0x45,0x19,0x45,0x19,0x45,0x19,0x45,0x19,0x44,0x19,0x45,0x19,0x45,0x19,0x45,0x19,0x45,0x19,0x45,0x19,0x45,0x19,0x45,0x19,
    0x45,0x19,0x44,0x19,0x45,0x19,0x44,0x19,0x45,0x19,0x44,0x19,0x45,0x19,0x44,0x19,0x45,0x19,0x44,0x19,0x44,0x19,0x44,0x19,
    0x45,0x19,0x44,0x19,0x45,0x19,0x44,0x19,0x44,0x19,0x44,0x19,0x24,0x19,0x44,0x19,0x24,0x19,0x44,0x19,0x24,0x19,0x24,0x19,
    0x24,0x19,0x24,0x19,0x24,0x19,0x24,0x19,0x44,0x19,0x24,0x19,0x44,0x19,0x24,0x19,0x24,0x19,0x24,0x19,0x24,0x19,0x24,0x19,
    0x24,0x19,0x24,0x19,0x24,0x19,0x24,0x19,0x24,0x19,0x24,0x19,0x24,0x19,0x24,0x19,0x24,0x19,0x24,0x19,0x24,0x19,0x24,0x19,
    0x24,0x19,0x24,0x19,0x24,0x19,0x24,0x19,0x24,0x19,0x24,0x19,0x24,0x19,0x24,0x19,0x24,0x19,0x24,0x19,0x24,0x19,0x24,0x19,
    0x24,0x19,0x24,0x19,0x24,0x19,0x24,0x19,0x24,0x19,0x24,0x19,0x24,0x19,0x24,0x19,0x24,0x19,0x24,0x19,0x24,0x19,0x24,0x19,
    0x24,0x19,0x24,0x19,0x24,0x19,0x24,0x19,0x24,0x19,0x24,0x19,0x24,0x19,0x24,0x19,0x24,0x19,0x45,0x19,0xca,0x3a,0x70,0x54,
    0x50,0x54,0x0e,0x4c,0xee,0x4b,0xee,0x4b,0xee,0x4b,0xee,0x4b,0xee,0x4b,0xee,0x4b,0xee,0x4b,0xee,0x4b,0xad,0x4b,0x0b,0x3b,
    0x68,0x32,0x24,0x19,0xe3,0x18,0xc3,0x10,0xe3,0x10,0x04,0x11,0x24,0x19,0x24,0x19,0x45,0x21,0x65,0x29,0x00,0x00,0x00,0x00,
    0x00,0x00,0x00,0x00,0x00,0x00,0x00,0x00,0x00,0x00,0x00,0x00,0x00,0x00,0x00,0x00,0x00,0x00,0x00,0x00,0x00,0x00,0x00,0x00,
    0x00,0x00,0x00,0x00,0x00,0x00,0x00,0x00,0x00,0x00,0x00,0x00,0x00,0x00,0x00,0x00,0x00,0x00,0x00,0x00,0x00,0x00,0x00,0x00,
    0x00,0x00,0x00,0x00,0x00,0x00,0x00,0x00,0x00,0x00,0x00,0x00,0x00,0x00,0x00,0x00,0x00,0x00,0x00,0x00,0x86,0x21,0xc7,0x29,
    0xc6,0x21,0xc7,0x21,0xc7,0x21,0xc7,0x19,0xa6,0x19,0x65,0x21,0x69,0x32,0x50,0x54,0x12,0x65,0x53,0x6d,0x53,0x6d,0x53,0x6d,
    0x53,0x65,0x53,0x6d,0x53,0x6d,0x53,0x6d,0x53,0x6d,0x53,0x6d,0x53,0x6d,0x12,0x65,0x90,0x5c,0x0b,0x3b,0x65,0x21,0x45,0x19,
    0x45,0x19,0x45,0x19,0x65,0x19,0x65,0x19,0x65,0x19,0x65,0x19,0x65,0x19,0x65,0x19,0x65,0x19,0x65,0x19,0x65,0x19,0x65,0x19,
    0x65,0x19,0x65,0x19,0x65,0x19,0x65,0x19,0x65,0x19,0x65,0x19,0x65,0x19,0x65,0x19,0x65,0x19,0x65,0x19,0x65,0x19,0x65,0x19,
    0x65,0x19,0x65,0x19,0x65,0x19,0x65,0x19,0x65,0x19,0x65,0x19,0x65,0x19,0x65,0x19,0x85,0x19,0x65,0x19,0x65,0x19,0x65,0x19,
    0x65,0x19,0x65,0x19,0x65,0x19,0x65,0x19,0x65,0x19,0x85,0x19,0x65,0x19,0x65,0x19,0x65,0x19,0x65,0x19,0x65,0x19,0x65,0x19,
    0x85,0x19,0x85,0x19,0x65,0x19,0x65,0x19,0x85,0x19,0x65,0x19,0x65,0x19,0x65,0x19,0x65,0x19,0x65,0x19,0x65,0x19,0x65,0x19,
    0x65,0x19,0x65,0x19,0x65,0x19,0x65,0x19,0x65,0x19,0x65,0x19,0x65,0x19,0x65,0x19,0x65,0x19,0x65,0x19,0x65,0x19,0x65,0x19,
    0x65,0x19,0x65,0x19,0x65,0x19,0x65,0x19,0x65,0x19,0x65,0x19,0x65,0x19,0x65,0x19,0x65,0x19,0x65,0x19,0x65,0x19,0x65,0x19,
    0x65,0x19,0x65,0x19,0x65,0x19,0x65,0x19,0x65,0x19,0x65,0x19,0x65,0x19,0x65,0x19,0x65,0x19,0x65,0x19,0x65,0x19,0x65,0x19,
    0x65,0x19,0x65,0x19,0x65,0x19,0x65,0x19,0x65,0x19,0x65,0x19,0x65,0x19,0x65,0x19,0x65,0x19,0x65,0x19,0x65,0x19,0x65,0x19,
    0x65,0x19,0x65,0x19,0x65,0x19,0x65,0x19,0x65,0x19,0x65,0x19,0x65,0x19,0x65,0x19,0x65,0x19,0x65,0x19,0x65,0x19,0x65,0x19,
    0x65,0x19,0x65,0x19,0x65,0x19,0x65,0x19,0x65,0x19,0x65,0x19,0x65,0x19,0x65,0x19,0x65,0x19,0x65,0x19,0x65,0x19,0x65,0x19,
    0x65,0x19,0x65,0x19,0x65,0x19,0x65,0x19,0x65,0x19,0x65,0x19,0x65,0x19,0x65,0x19,0x65,0x19,0x65,0x19,0x65,0x19,0x65,0x19,
    0x65,0x19,0x65,0x19,0x65,0x19,0x65,0x19,0x65,0x19,0x65,0x19,0x65,0x19,0x65,0x19,0x65,0x19,0x65,0x19,0x65,0x19,0x65,0x19,
    0x65,0x19,0x65,0x19,0x65,0x19,0x65,0x19,0x65,0x19,0x65,0x19,0x65,0x19,0x65,0x19,0x65,0x19,0x65,0x19,0x65,0x19,0x65,0x19,
    0x65,0x19,0x65,0x19,0x65,0x19,0x65,0x19,0x65,0x19,0x65,0x19,0x65,0x19,0x65,0x19,0x65,0x19,0x65,0x19,0x65,0x19,0x65,0x19,
    0x65,0x19,0x65,0x19,0x65,0x19,0x65,0x19,0x65,0x19,0x65,0x19,0x65,0x19,0x65,0x19,0x65,0x19,0x65,0x19,0x65,0x19,0x65,0x19,
    0x45,0x19,0x45,0x19,0x65,0x19,0x45,0x19,0x65,0x19,0x65,0x19,0x65,0x19,0x45,0x19,0x65,0x19,0x45,0x19,0x45,0x19,0x65,0x19,
    0x65,0x19,0x45,0x19,0x45,0x19,0x45,0x19,0x45,0x19,0x45,0x19,0x65,0x19,0x45,0x19,0x65,0x19,0x65,0x19,0x45,0x19,0x45,0x19,
    0x45,0x19,0x45,0x19,0x45,0x19,0x45,0x19,0x45,0x19,0x45,0x19,0x45,0x19,0x45,0x19,0x45,0x19,0x45,0x19,0x45,0x19,0x45,0x19,
    0x45,0x19,0x45,0x19,0x45,0x19,0x45,0x19,0x45,0x19,0x45,0x19,0x45,0x19,0x45,0x19,0x45,0x19,0x45,0x19,0x45,0x19,0x45,0x19,
    0x45,0x19,0x45,0x19,0x45,0x19,0x45,0x19,0x45,0x19,0x45,0x19,0x45,0x19,0x45,0x19,0x45,0x19,0x45,0x19,0x45,0x19,0x45,0x19,
    0x45,0x19,0x45,0x19,0x45,0x19,0x45,0x19,0x45,0x19,0x45,0x19,0x45,0x19,0x45,0x19,0x45,0x19,0x45,0x19,0x45,0x19,0x45,0x19,
    0x45,0x19,0x45,0x19,0x45,0x19,0x45,0x19,0x45,0x19,0x45,0x19,0x45,0x19,0x45,0x19,0x45,0x19,0x45,0x19,0x45,0x19,0x45,0x19,
    0x45,0x19,0x45,0x19,0x45,0x19,0x45,0x19,0x44,0x19,0x45,0x19,0x44,0x19,0x44,0x19,0x44,0x19,0x45,0x19,0x45,0x19,0x45,0x19,
    0x45,0x19,0x45,0x19,0x45,0x19,0x24,0x19,0x45,0x19,0x44,0x19,0x44,0x19,0x45,0x19,0x45,0x19,0x45,0x19,0x45,0x19,0x24,0x19,
    0x45,0x19,0x24,0x19,0x44,0x19,0x45,0x19,0x44,0x19,0x44,0x19,0x24,0x19,0x44,0x19,0x24,0x19,0x44,0x19,0x24,0x19,0x24,0x19,
    0x24,0x19,0x24,0x19,0x24,0x19,0x24,0x19,0x24,0x19,0x24,0x19,0x24,0x19,0x44,0x19,0x24,0x19,0x24,0x19,0x24,0x19,0x24,0x19,
    0x24,0x19,0x24,0x19,0x24,0x19,0x24,0x19,0x24,0x19,0x24,0x19,0x24,0x19,0x24,0x19,0x24,0x19,0x24,0x19,0x24,0x19,0x24,0x19,
    0x24,0x19,0x24,0x19,0x24,0x19,0x24,0x19,0x24,0x19,0x24,0x19,0x24,0x19,0x24,0x19,0x24,0x19,0x24,0x19,0x24,0x19,0x24,0x19,
    0x24,0x19,0x24,0x19,0x24,0x19,0x24,0x19,0x24,0x19,0x24,0x19,0x24,0x19,0x24,0x19,0x24,0x19,0x24,0x19,0x24,0x19,0x24,0x19,
    0x24,0x19,0x65,0x21,0x8d,0x4b,0x70,0x5c,0x50,0x54,0x0f,0x54,0x0e,0x4c,0xee,0x4b,0x0e,0x4c,0xee,0x4b,0xee,0x4b,0xee,0x4b,
    0xee,0x4b,0xee,0x4b,0xcd,0x4b,0x2b,0x3b,0x68,0x32,0x86,0x21,0x04,0x19,0xe3,0x10,0xe3,0x10,0x04,0x11,0x24,0x11,0x24,0x19,
    0x45,0x21,0xa6,0x31,0x00,0x00,0x00,0x00,0x00,0x00,0x00,0x00,0x00,0x00,0x00,0x00,0x00,0x00,0x00,0x00,0x00,0x00,0x00,0x00,
    0x00,0x00,0x00,0x00,0x00,0x00,0x00,0x00,0x00,0x00,0x00,0x00,0x00,0x00,0x00,0x00,0x00,0x00,0x00,0x00,0x00,0x00,0x00,0x00,
    0x00,0x00,0x00,0x00,0x00,0x00,0x00,0x00,0x00,0x00,0x00,0x00,0x00,0x00,0x00,0x00,0x00,0x00,0x00,0x00,0x00,0x00,0x00,0x00,
    0x00,0x00,0x00,0x00,0x86,0x29,0xc7,0x29,0xc6,0x21,0xc7,0x21,0xc7,0x21,0xc7,0x21,0x08,0x2a,0x28,0x32,0xaa,0x3a,0x50,0x54,
    0x12,0x65,0x53,0x6d,0x53,0x6d,0x53,0x65,0x53,0x6d,0x53,0x6d,0x53,0x6d,0x53,0x6d,0x53,0x6d,0x53,0x6d,0x53,0x6d,0x33,0x65,
    0x91,0x5c,0x4c,0x43,0x08,0x32,0x08,0x2a,0xa6,0x21,0x65,0x19,0x45,0x19,0x65,0x19,0x65,0x19,0x65,0x19,0x65,0x19,0x65,0x19,
    0x65,0x19,0x65,0x19,0x65,0x19,0x85,0x19,0x65,0x19,0x65,0x19,0x65,0x19,0x65,0x19,0x65,0x19,0x65,0x19,0x65,0x19,0x65,0x19,
    0x65,0x19,0x65,0x19,0x65,0x19,0x65,0x19,0x65,0x19,0x65,0x19,0x65,0x19,0x65,0x19,0x65,0x19,0x65,0x19,0x65,0x19,0x65,0x19,
    0x65,0x19,0x65,0x19,0x65,0x19,0x65,0x19,0x65,0x19,0x65,0x19,0x85,0x19,0x65,0x19,0x65,0x19,0x65,0x19,0x65,0x19,0x85,0x19,
    0x65,0x19,0x65,0x19,0x65,0x19,0x65,0x19,0x65,0x19,0x65,0x19,0x65,0x19,0x65,0x19,0x65,0x19,0x65,0x19,0x65,0x19,0x65,0x19,
    0x65,0x19,0x85,0x19,0x65,0x19,0x65,0x19,0x65,0x19,0x65,0x19,0x65,0x19,0x65,0x19,0x65,0x19,0x65,0x19,0x65,0x19,0x65,0x19,
    0x65,0x19,0x65,0x19,0x65,0x19,0x65,0x19,0x65,0x19,0x65,0x19,0x65,0x19,0x65,0x19,0x65,0x19,0x65,0x19,0x65,0x19,0x65,0x19,
    0x85,0x19,0x65,0x19,0x65,0x19,0x65,0x19,0x65,0x19,0x65,0x19,0x65,0x19,0x65,0x19,0x65,0x19,0x65,0x19,0x65,0x19,0x65,0x19,
    0x65,0x19,0x65,0x19,0x65,0x19,0x65,0x19,0x65,0x19,0x65,0x19,0x65,0x19,0x65,0x19,0x65,0x19,0x65,0x19,0x65,0x19,0x65,0x19,
    0x65,0x19,0x65,0x19,0x65,0x19,0x65,0x19,0x65,0x19,0x65,0x19,0x65,0x19,0x65,0x19,0x65,0x19,0x65,0x19,0x65,0x19,0x65,0x19,
    0x65,0x19,0x65,0x19,0x65,0x19,0x65,0x19,0x65,0x19,0x65,0x19,0x65,0x19,0x65,0x19,0x65,0x19,0x65,0x19,0x65,0x19,0x65,0x19,
    0x65,0x19,0x65,0x19,0x65,0x19,0x65,0x19,0x65,0x19,0x65,0x19,0x65,0x19,0x65,0x19,0x65,0x19,0x65,0x19,0x65,0x19,0x65,0x19,
    0x65,0x19,0x65,0x19,0x65,0x19,0x65,0x19,0x65,0x19,0x65,0x19,0x65,0x19,0x65,0x19,0x65,0x19,0x65,0x19,0x65,0x19,0x65,0x19,
    0x65,0x19,0x65,0x19,0x65,0x19,0x65,0x19,0x65,0x19,0x65,0x19,0x65,0x19,0x65,0x19,0x65,0x19,0x65,0x19,0x65,0x19,0x65,0x19,
    0x65,0x19,0x65,0x19,0x65,0x19,0x65,0x19,0x65,0x19,0x65,0x19,0x65,0x19,0x65,0x19,0x65,0x19,0x65,0x19,0x65,0x19,0x65,0x19,
    0x65,0x19,0x65,0x19,0x65,0x19,0x65,0x19,0x65,0x19,0x65,0x19,0x65,0x19,0x65,0x19,0x65,0x19,0x65,0x19,0x45,0x19,0x65,0x19,
    0x65,0x19,0x65,0x19,0x65,0x19,0x65,0x19,0x65,0x19,0x45,0x19,0x45,0x19,0x45,0x19,0x45,0x19,0x65,0x19,0x45,0x19,0x45,0x19,
    0x45,0x19,0x45,0x19,0x45,0x19,0x45,0x19,0x45,0x19,0x65,0x19,0x45,0x19,0x45,0x19,0x45,0x19,0x45,0x19,0x45,0x19,0x45,0x19,
    0x45,0x19,0x45,0x19,0x45,0x19,0x45,0x19,0x45,0x19,0x45,0x19,0x45,0x19,0x45,0x19,0x45,0x19,0x45,0x19,0x45,0x19,0x45,0x19,
    0x45,0x19,0x45,0x19,0x45,0x19,0x45,0x19,0x45,0x19,0x45,0x19,0x45,0x19,0x45,0x19,0x45,0x19,0x45,0x19,0x45,0x19,0x45,0x19,
    0x45,0x19,0x45,0x19,0x45,0x19,0x45,0x19,0x45,0x19,0x45,0x19,0x45,0x19,0x45,0x19,0x45,0x19,0x45,0x19,0x45,0x19,0x45,0x19,
    0x45,0x19,0x45,0x19,0x45,0x19,0x45,0x19,0x45,0x19,0x45,0x19,0x45,0x19,0x45,0x19,0x45,0x19,0x45,0x19,0x45,0x19,0x45,0x19,
    0x45,0x19,0x45,0x19,0x45,0x19,0x45,0x19,0x45,0x19,0x45,0x19,0x45,0x19,0x45,0x19,0x45,0x19,0x45,0x19,0x45,0x19,0x45,0x19,
    0x45,0x19,0x45,0x19,0x45,0x19,0x44,0x19,0x44,0x19,0x45,0x19,0x45,0x19,0x45,0x19,0x44,0x19,0x45,0x19,0x45,0x19,0x45,0x19,
    0x44,0x19,0x45,0x19,0x45,0x19,0x45,0x19,0x45,0x19,0x44,0x19,0x45,0x19,0x45,0x19,0x44,0x19,0x44,0x19,0x45,0x19,0x24,0x19,
    0x44,0x19,0x44,0x19,0x44,0x19,0x24,0x19,0x44,0x19,0x44,0x19,0x44,0x19,0x45,0x19,0x44,0x19,0x24,0x19,0x24,0x19,0x24,0x19,
    0x24,0x19,0x24,0x19,0x24,0x19,0x24,0x19,0x24,0x19,0x24,0x19,0x24,0x19,0x24,0x19,0x24,0x19,0x24,0x19,0x24,0x19,0x44,0x19,
    0x24,0x19,0x24,0x19,0x24,0x19,0x24,0x19,0x24,0x19,0x24,0x19,0x24,0x19,0x24,0x19,0x24,0x19,0x24,0x19,0x24,0x19,0x24,0x19,
    0x24,0x19,0x24,0x19,0x24,0x19,0x24,0x19,0x24,0x19,0x24,0x19,0x24,0x19,0x24,0x19,0x24,0x19,0x24,0x19,0x24,0x19,0x24,0x19,
    0x24,0x19,0x24,0x19,0x24,0x19,0x24,0x19,0x24,0x19,0x24,0x19,0x24,0x19,0x24,0x19,0x24,0x19,0x24,0x19,0x24,0x19,0x24,0x19,
    0x24,0x19,0x24,0x19,0x24,0x19,0x86,0x21,0xe7,0x29,0x07,0x2a,0xad,0x4b,0x70,0x5c,0x4f,0x54,0x0f,0x54,0x0e,0x4c,0x0e,0x4c,
    0x0e,0x4c,0x0e,0x4c,0x0e,0x4c,0xee,0x4b,0xee,0x4b,0xee,0x4b,0xad,0x4b,0x2b,0x3b,0x68,0x32,0xe7,0x31,0x65,0x21,0x45,0x21,
    0x24,0x19,0x04,0x11,0x04,0x11,0x24,0x19,0x45,0x21,0xa6,0x31,0x00,0x00,0x00,0x00,0x00,0x00,0x00,0x00,0x00,0x00,0x00,0x00,
    0x00,0x00,0x00,0x00,0x00,0x00,0x00,0x00,0x00,0x00,0x00,0x00,0x00,0x00,0x00,0x00,0x00,0x00,0x00,0x00,0x00,0x00,0x00,0x00,
    0x00,0x00,0x00,0x00,0x00,0x00,0x00,0x00,0x00,0x00,0x00,0x00,0x00,0x00,0x00,0x00,0x00,0x00,0x00,0x00,0x00,0x00,0x00,0x00,
    0x00,0x00,0x00,0x00,0x00,0x00,0x00,0x00,0x00,0x00,0x00,0x00,0xc7,0x31,0xc6,0x29,0xc6,0x21,0xc7,0x21,0xc7,0x21,0x49,0x32,
    0x89,0x32,0x8a,0x3a,0xca,0x3a,0x70,0x5c,0x12,0x65,0x53,0x6d,0x53,0x6d,0x53,0x6d,0x53,0x6d,0x53,0x6d,0x53,0x6d,0x53,0x6d,
    0x53,0x6d,0x53,0x6d,0x53,0x6d,0x33,0x65,0xb1,0x5c,0x4c,0x43,0x69,0x32,0x69,0x32,0x28,0x32,0xa6,0x21,0x45,0x19,0x45,0x19,
    0x65,0x19,0x65,0x19,0x65,0x19,0x65,0x19,0x65,0x19,0x65,0x19,0x65,0x19,0x65,0x19,0x65,0x19,0x65,0x19,0x65,0x19,0x65,0x19,
    0x65,0x19,0x65,0x19,0x65,0x19,0x65,0x19,0x65,0x19,0x85,0x19,0x85,0x19,0x65,0x19,0x65,0x19,0x65,0x19,0x65,0x19,0x65,0x19,
    0x65,0x19,0x65,0x19,0x65,0x19,0x85,0x19,0x65,0x19,0x65,0x19,0x65,0x19,0x65,0x19,0x65,0x19,0x65,0x19,0x65,0x19,0x65,0x19,
    0x65,0x19,0x85,0x19,0x65,0x19,0x65,0x19,0x85,0x19,0x65,0x19,0x65,0x19,0x65,0x19,0x65,0x19,0x65,0x19,0x85,0x19,0x65,0x19,
    0x65,0x19,0x65,0x19,0x65,0x19,0x65,0x19,0x65,0x19,0x65,0x19,0x65,0x19,0x65,0x19,0x65,0x19,0x65,0x19,0x65,0x19,0x65,0x19,
    0x65,0x19,0x65,0x19,0x65,0x19,0x65,0x19,0x65,0x19,0x65,0x19,0x65,0x19,0x85,0x19,0x65,0x19,0x65,0x19,0x65,0x19,0x65,0x19,
    0x65,0x19,0x65,0x19,0x65,0x19,0x65,0x19,0x65,0x19,0x65,0x19,0x65,0x19,0x65,0x19,0x65,0x19,0x65,0x19,0x65,0x19,0x65,0x19,
    0x65,0x19,0x65,0x19,0x65,0x19,0x65,0x19,0x65,0x19,0x65,0x19,0x65,0x19,0x65,0x19,0x65,0x19,0x65,0x19,0x65,0x19,0x65,0x19,
    0x65,0x19,0x65,0x19,0x65,0x19,0x65,0x19,0x65,0x19,0x65,0x19,0x65,0x19,0x65,0x19,0x65,0x19,0x65,0x19,0x65,0x19,0x65,0x19,
    0x65,0x19,0x65,0x19,0x65,0x19,0x65,0x19,0x65,0x19,0x65,0x19,0x65,0x19,0x65,0x19,0x65,0x19,0x65,0x19,0x65,0x19,0x65,0x19,
    0x65,0x19,0x65,0x19,0x65,0x19,0x65,0x19,0x65,0x19,0x65,0x19,0x65,0x19,0x65,0x19,0x65,0x19,0x65,0x19,0x65,0x19,0x65,0x19,
    0x65,0x19,0x65,0x19,0x65,0x19,0x65,0x19,0x65,0x19,0x65,0x19,0x65,0x19,0x65,0x19,0x65,0x19,0x65,0x19,0x65,0x19,0x65,0x19,
    0x65,0x19,0x65,0x19,0x65,0x19,0x65,0x19,0x65,0x19,0x65,0x19,0x65,0x19,0x65,0x19,0x65,0x19,0x65,0x19,0x65,0x19,0x65,0x19,
    0x65,0x19,0x65,0x19,0x65,0x19,0x65,0x19,0x65,0x19,0x65,0x19,0x65,0x19,0x65,0x19,0x65,0x19,0x65,0x19,0x65,0x19,0x65,0x19,
    0x65,0x19,0x65,0x19,0x65,0x19,0x65,0x19,0x65,0x19,0x65,0x19,0x65,0x19,0x65,0x19,0x65,0x19,0x65,0x19,0x65,0x19,0x65,0x19,
    0x65,0x19,0x65,0x19,0x65,0x19,0x65,0x19,0x65,0x19,0x65,0x19,0x65,0x19,0x65,0x19,0x65,0x19,0x65,0x19,0x65,0x19,0x45,0x19,
    0x65,0x19,0x65,0x19,0x45,0x19,0x45,0x19,0x45,0x19,0x65,0x19,0x65,0x19,0x45,0x19,0x45,0x19,0x45,0x19,0x45,0x19,0x45,0x19,
    0x45,0x19,0x45,0x19,0x65,0x19,0x45,0x19,0x65,0x19,0x45,0x19,0x45,0x19,0x45,0x19,0x45,0x19,0x45,0x19,0x45,0x19,0x45,0x19,
    0x45,0x19,0x45,0x19,0x45,0x19,0x45,0x19,0x45,0x19,0x45,0x19,0x45,0x19,0x45,0x19,0x45,0x19,0x45,0x19,0x45,0x19,0x45,0x19,
    0x45,0x19,0x45,0x19,0x45,0x19,0x45,0x19,0x45,0x19,0x45,0x19,0x45,0x19,0x45,0x19,0x45,0x19,0x45,0x19,0x45,0x19,0x45,0x19,
    0x45,0x19,0x45,0x19,0x45,0x19,0x45,0x19,0x45,0x19,0x45,0x19,0x45,0x19,0x45,0x19,0x45,0x19,0x45,0x19,0x45,0x19,0x45,0x19,
    0x45,0x19,0x45,0x19,0x45,0x19,0x45,0x19,0x45,0x19,0x45,0x19,0x45,0x19,0x45,0x19,0x45,0x19,0x45,0x19,0x45,0x19,0x45,0x19,
    0x45,0x19,0x45,0x19,0x45,0x19,0x45,0x19,0x45,0x19,0x45,0x19,0x45,0x19,0x45,0x19,0x45,0x19,0x45,0x19,0x45,0x19,0x45,0x19,
    0x45,0x19,0x45,0x19,0x45,0x19,0x45,0x19,0x45,0x19,0x45,0x19,0x44,0x19,0x45,0x19,0x45,0x19,0x45,0x19,0x45,0x19,0x24,0x19,
    0x45,0x19,0x44,0x19,0x44,0x19,0x45,0x19,0x44,0x19,0x44,0x19,0x44,0x19,0x44,0x19,0x24,0x19,0x24,0x19,0x44,0x19,0x44,0x19,
    0x24,0x19,0x44,0x19,0x44,0x19,0x44,0x19,0x44,0x19,0x24,0x19,0x24,0x19,0x24,0x19,0x24,0x19,0x24,0x19,0x24,0x19,0x24,0x19,
    0x24,0x19,0x24,0x19,0x24,0x19,0x24,0x19,0x24,0x19,0x24,0x19,0x24,0x19,0x44,0x19,0x24,0x19,0x24,0x19,0x24,0x19,0x24,0x19,
    0x24,0x19,0x24,0x19,0x24,0x19,0x24,0x19,0x24,0x19,0x24,0x19,0x24,0x19,0x24,0x19,0x24,0x19,0x24,0x19,0x24,0x19,0x24,0x19,
    0x24,0x19,0x24,0x19,0x24,0x19,0x24,0x19,0x24,0x19,0x24,0x19,0x24,0x19,0x24,0x19,0x24,0x19,0x24,0x19,0x24,0x19,0x24,0x19,
    0x24,0x19,0x24,0x19,0x24,0x19,0x24,0x19,0x24,0x19,0x24,0x19,0xa6,0x21,0x49,0x32,0x69,0x32,0x69,0x32,0xce,0x4b,0x90,0x5c,
    0x50,0x54,0x0f,0x54,0x0e,0x4c,0x0e,0x4c,0x0e,0x4c,0x0e,0x4c,0xee,0x4b,0xee,0x4b,0xee,0x4b,0x0e,0x4c,0xcd,0x4b,0x2b,0x3b,
    0x69,0x32,0xc6,0x29,0x45,0x19,0x45,0x19,0x86,0x21,0x44,0x19,0x04,0x11,0x04,0x19,0x45,0x21,0x86,0x29,0x00,0x00,0x00,0x00,
    0x00,0x00,0x00,0x00,0x00,0x00,0x00,0x00,0x00,0x00,0x00,0x00,0x00,0x00,0x00,0x00,0x00,0x00,0x00,0x00,0x00,0x00,0x00,0x00,
    0x00,0x00,0x00,0x00,0x00,0x00,0x00,0x00,0x00,0x00,0x00,0x00,0x00,0x00,0x00,0x00,0x00,0x00,0x00,0x00,0x00,0x00,0x00,0x00,
    0x00,0x00,0x00,0x00,0x00,0x00,0x00,0x00,0x00,0x00,0x00,0x00,0x00,0x00,0x00,0x00,0x00,0x00,0x00,0x00,0xa6,0x29,0xc7,0x29,
    0xc6,0x21,0xc6,0x21,0xe7,0x29,0x69,0x3a,0xaa,0x3a,0xaa,0x3a,0xca,0x3a,0x70,0x5c,0x33,0x65,0x74,0x6d,0x94,0x6d,0x74,0x6d,
    0x94,0x6d,0x94,0x6d,0x94,0x6d,0x94,0x6d,0x94,0x6d,0x94,0x6d,0x94,0x6d,0x33,0x65,0xd1,0x5c,0x4c,0x43,0x49,0x32,0x69,0x32,
    0x69,0x32,0xe7,0x29,0x45,0x19,0x45,0x19,0x65,0x19,0x65,0x19,0x65,0x19,0x65,0x19,0x65,0x19,0x65,0x19,0x65,0x19,0x65,0x19,
    0x65,0x19,0x65,0x19,0x65,0x19,0x65,0x19,0x65,0x19,0x65,0x19,0x65,0x19,0x65,0x19,0x65,0x19,0x65,0x19,0x65,0x19,0x65,0x19,
    0x65,0x19,0x65,0x19,0x65,0x19,0x65,0x19,0x65,0x19,0x65,0x19,0x65,0x19,0x65,0x19,0x65,0x19,0x65,0x19,0x65,0x19,0x65,0x19,
    0x65,0x19,0x65,0x19,0x65,0x19,0x65,0x19,0x65,0x19,0x65,0x19,0x65,0x19,0x65,0x19,0x65,0x19,0x65,0x19,0x65,0x19,0x65,0x19,
    0x65,0x19,0x65,0x19,0x85,0x19,0x65,0x19,0x65,0x19,0x65,0x19,0x65,0x19,0x65,0x19,0x65,0x19,0x65,0x19,0x65,0x19,0x65,0x19,
    0x65,0x19,0x65,0x19,0x65,0x19,0x65,0x19,0x65,0x19,0x65,0x19,0x65,0x19,0x65,0x19,0x65,0x19,0x65,0x19,0x65,0x19,0x65,0x19,
    0x85,0x19,0x65,0x19,0x65,0x19,0x65,0x19,0x65,0x19,0x65,0x19,0x65,0x19,0x65,0x19,0x65,0x19,0x65,0x19,0x65,0x19,0x65,0x19,
    0x65,0x19,0x65,0x19,0x65,0x19,0x65,0x19,0x65,0x19,0x65,0x19,0x65,0x19,0x65,0x19,0x65,0x19,0x65,0x19,0x65,0x19,0x65,0x19,
    0x65,0x19,0x65,0x19,0x65,0x19,0x65,0x19,0x65,0x19,0x65,0x19,0x65,0x19,0x65,0x19,0x65,0x19,0x65,0x19,0x65,0x19,0x65,0x19,
    0x65,0x19,0x65,0x19,0x65,0x19,0x65,0x19,0x65,0x19,0x65,0x19,0x65,0x19,0x65,0x19,0x65,0x19,0x65,0x19,0x65,0x19,0x65,0x19,
    0x65,0x19,0x65,0x19,0x65,0x19,0x65,0x19,0x65,0x19,0x65,0x19,0x65,0x19,0x65,0x19,0x65,0x19,0x65,0x19,0x65,0x19,0x65,0x19,
    0x65,0x19,0x65,0x19,0x65,0x19,0x65,0x19,0x65,0x19,0x65,0x19,0x65,0x19,0x65,0x19,0x65,0x19,0x65,0x19,0x65,0x19,0x65,0x19,
    0x65,0x19,0x65,0x19,0x65,0x19,0x65,0x19,0x65,0x19,0x65,0x19,0x65,0x19,0x65,0x19,0x65,0x19,0x65,0x19,0x65,0x19,0x65,0x19,
    0x65,0x19,0x65,0x19,0x65,0x19,0x65,0x19,0x65,0x19,0x65,0x19,0x65,0x19,0x65,0x19,0x65,0x19,0x65,0x19,0x65,0x19,0x65,0x19,
    0x65,0x19,0x65,0x19,0x65,0x19,0x65,0x19,0x65,0x19,0x65,0x19,0x65,0x19,0x65,0x19,0x65,0x19,0x65,0x19,0x65,0x19,0x65,0x19,
    0x65,0x19,0x65,0x19,0x65,0x19,0x65,0x19,0x65,0x19,0x65,0x19,0x65,0x19,0x65,0x19,0x65,0x19,0x65,0x19,0x65,0x19,0x65,0x19,
    0x65,0x19,0x65,0x19,0x65,0x19,0x65,0x19,0x65,0x19,0x45,0x19,0x45,0x19,0x45,0x19,0x45,0x19,0x45,0x19,0x45,0x19,0x45,0x19,
    0x45,0x19,0x45,0x19,0x45,0x19,0x45,0x19,0x45,0x19,0x45,0x19,0x45,0x19,0x45,0x19,0x45,0x19,0x45,0x19,0x45,0x19,0x45,0x19,
    0x45,0x19,0x45,0x19,0x45,0x19,0x45,0x19,0x45,0x19,0x45,0x19,0x45,0x19,0x45,0x19,0x45,0x19,0x45,0x19,0x45,0x19,0x45,0x19,
    0x45,0x19,0x45,0x19,0x45,0x19,0x45,0x19,0x45,0x19,0x45,0x19,0x45,0x19,0x45,0x19,0x45,0x19,0x45,0x19,0x45,0x19,0x45,0x19,
    0x45,0x19,0x45,0x19,0x45,0x19,0x45,0x19,0x45,0x19,0x45,0x19,0x45,0x19,0x45,0x19,0x45,0x19,0x45,0x19,0x45,0x19,0x45,0x19,
    0x45,0x19,0x45,0x19,0x45,0x19,0x45,0x19,0x45,0x19,0x45,0x19,0x45,0x19,0x45,0x19,0x45,0x19,0x45,0x19,0x45,0x19,0x45,0x19,
    0x45,0x19,0x45,0x19,0x45,0x19,0x45,0x19,0x45,0x19,0x45,0x19,0x45,0x19,0x45,0x19,0x45,0x19,0x45,0x19,0x45,0x19,0x45,0x19,
    0x45,0x19,0x45,0x19,0x45,0x19,0x45,0x19,0x45,0x19,0x45,0x19,0x45,0x19,0x45,0x19,0x44,0x19,0x24,0x19,0x45,0x19,0x44,0x19,
    0x44,0x19,0x45,0x19,0x24,0x19,0x44,0x19,0x24,0x19,0x24,0x19,0x44,0x19,0x44,0x19,0x44,0x19,0x24,0x19,0x24,0x19,0x24,0x19,
    0x44,0x19,0x44,0x19,0x44,0x19,0x44,0x19,0x24,0x19,0x24,0x19,0x24,0x19,0x24,0x19,0x24,0x19,0x24,0x19,0x24,0x19,0x24,0x19,
    0x24,0x19,0x24,0x19,0x24,0x19,0x24,0x19,0x24,0x19,0x24,0x19,0x24,0x19,0x24,0x19,0x24,0x19,0x24,0x19,0x24,0x19,0x24,0x19,
    0x24,0x19,0x24,0x19,0x24,0x19,0x24,0x19,0x24,0x19,0x24,0x19,0x24,0x19,0x24,0x19,0x24,0x19,0x24,0x19,0x24,0x19,0x24,0x19,
    0x24,0x19,0x24,0x19,0x24,0x19,0x24,0x19,0x24,0x19,0x24,0x19,0x24,0x19,0x24,0x19,0x24,0x19,0x24,0x19,0x24,0x19,0x24,0x19,
    0x24,0x19,0x24,0x19,0x24,0x19,0x24,0x19,0x24,0x19,0x24,0x19,0x24,0x19,0x24,0x19,0x24,0x19,0x24,0x19,0x08,0x2a,0x89,0x32,
    0x69,0x32,0x69,0x32,0xad,0x4b,0x90,0x5c,0x70,0x5c,0x2f,0x54,0x2f,0x54,0x0f,0x54,0x2f,0x54,0x0f,0x54,0x0f,0x54,0x0f,0x54,
    0x0f,0x54,0x0f,0x54,0xee,0x4b,0x4b,0x43,0x89,0x32,0xa6,0x29,0x45,0x19,0x45,0x19,0x85,0x21,0x45,0x21,0x04,0x11,0x04,0x19,
    0x45,0x21,0xa6,0x31,0x00,0x00,0x00,0x00,0x00,0x00,0x00,0x00,0x00,0x00,0x00,0x00,0x00,0x00,0x00,0x00,0x00,0x00,0x00,0x00,
    0x00,0x00,0x00,0x00,0x00,0x00,0x00,0x00,0x00,0x00,0x00,0x00,0x00,0x00,0x00,0x00,0x00,0x00,0x00,0x00,0x00,0x00,0x00,0x00,
    0x00,0x00,0x00,0x00,0x00,0x00,0x00,0x00,0x00,0x00,0x00,0x00,0x00,0x00,0x00,0x00,0x00,0x00,0x00,0x00,0x00,0x00,0x00,0x00,
    0x00,0x00,0x00,0x00,0xc7,0x29,0xa6,0x29,0xa6,0x21,0xc6,0x21,0x08,0x2a,0x89,0x3a,0xaa,0x3a,0xaa,0x3a,0xeb,0x3a,0xb1,0x5c,
    0x94,0x6d,0x57,0x86,0xd9,0x96,0xf9,0x96,0xf9,0x9e,0xfa,0x9e,0xf9,0x96,0xf9,0x96,0x1a,0x9f,0x1a,0x9f,0x1a,0x9f,0xb4,0x75,
    0xf2,0x64,0x4c,0x43,0x49,0x32,0x69,0x32,0x69,0x32,0xe7,0x29,0x45,0x19,0x45,0x19,0x65,0x19,0x65,0x19,0x65,0x19,0x65,0x19,
    0x65,0x19,0x65,0x19,0x65,0x19,0x65,0x19,0x86,0x19,0xa6,0x21,0xa6,0x21,0xa6,0x21,0xa6,0x21,0xa6,0x21,0xa6,0x21,0xa6,0x19,
    0xa6,0x19,0xa6,0x19,0xa6,0x19,0xa6,0x19,0xa6,0x19,0xa6,0x19,0xa6,0x19,0xa6,0x19,0xa6,0x19,0xa6,0x19,0xa6,0x19,0xa6,0x19,
    0xa6,0x21,0xa6,0x19,0xa6,0x19,0xa6,0x21,0xa6,0x21,0xa6,0x21,0xa6,0x21,0xa6,0x21,0xa6,0x21,0xa6,0x21,0xa6,0x21,0xa6,0x21,
    0xa6,0x21,0xa6,0x19,0xa6,0x19,0xa6,0x21,0xa6,0x21,0xa6,0x21,0xa6,0x21,0xa6,0x21,0xa6,0x21,0xa6,0x21,0xa6,0x21,0xa6,0x19,
    0xa6,0x21,0xa6,0x21,0xa6,0x19,0xa6,0x21,0xa6,0x21,0xa6,0x19,0xa6,0x19,0xa6,0x19,0xa6,0x19,0xa6,0x19,0x86,0x19,0xa6,0x19,
    0x86,0x19,0xa6,0x21,0xa6,0x19,0xa6,0x19,0xa6,0x19,0x86,0x19,0x65,0x19,0x65,0x19,0x65,0x19,0x65,0x19,0x65,0x19,0x65,0x19,
    0x65,0x19,0x65,0x19,0x65,0x19,0x65,0x19,0x65,0x19,0x65,0x19,0x65,0x19,0x65,0x19,0x65,0x19,0x65,0x19,0x65,0x19,0x65,0x19,
    0x65,0x19,0x65,0x19,0x65,0x19,0x65,0x19,0x65,0x19,0x65,0x19,0x65,0x19,0x65,0x19,0x65,0x19,0x65,0x19,0x86,0x19,0xa6,0x19,
    0xa6,0x19,0xa6,0x19,0x86,0x19,0x86,0x19,0x86,0x19,0x86,0x19,0x86,0x19,0xa6,0x19,0xa6,0x19,0x86,0x19,0xa6,0x19,0x86,0x19,
    0x86,0x19,0x86,0x19,0x86,0x19,0x86,0x19,0x86,0x19,0x86,0x19,0xa6,0x19,0x86,0x19,0xa6,0x19,0x86,0x19,0xa6,0x19,0x86,0x19,
    0xa6,0x19,0xa6,0x21,0xa6,0x19,0x86,0x19,0x86,0x19,0x86,0x19,0x86,0x19,0x86,0x19,0x86,0x19,0x86,0x19,0x86,0x19,0x86,0x19,
    0x86,0x19,0x86,0x19,0x86,0x19,0x86,0x19,0x86,0x19,0x86,0x19,0x86,0x19,0x86,0x19,0x86,0x19,0x86,0x19,0x86,0x19,0x86,0x19,
    0x86,0x19,0x86,0x19,0x86,0x19,0x86,0x19,0x86,0x19,0xa6,0x19,0x86,0x19,0x86,0x19,0x86,0x19,0x86,0x19,0x86,0x19,0x86,0x19,
    0x45,0x19,0x45,0x19,0x65,0x19,0x65,0x19,0x65,0x19,0x65,0x19,0x65,0x19,0x65,0x19,0x65,0x19,0x65,0x19,0x65,0x19,0x65,0x19,
    0x65,0x19,0x65,0x19,0x65,0x19,0x65,0x19,0x65,0x19,0x65,0x19,0x65,0x19,0x65,0x19,0x65,0x19,0x65,0x19,0x65,0x19,0x65,0x19,
    0x65,0x19,0x65,0x19,0x65,0x19,0x65,0x19,0x65,0x19,0x45,0x19,0x65,0x19,0x65,0x19,0x86,0x19,0x86,0x19,0x86,0x19,0x86,0x19,
    0x86,0x19,0x85,0x19,0x86,0x19,0x85,0x19,0x86,0x19,0x86,0x19,0x86,0x19,0x85,0x19,0x85,0x19,0x86,0x19,0x86,0x19,0x86,0x19,
    0x86,0x19,0x85,0x19,0x85,0x19,0x65,0x19,0x86,0x19,0x86,0x19,0x85,0x19,0x85,0x19,0x65,0x19,0x85,0x19,0x85,0x19,0x86,0x19,
    0x85,0x19,0x85,0x19,0x65,0x19,0x65,0x19,0x65,0x19,0x65,0x19,0x65,0x19,0x85,0x19,0x85,0x19,0x65,0x19,0x85,0x19,0x65,0x19,
    0x65,0x19,0x65,0x19,0x65,0x19,0x85,0x19,0x65,0x19,0x86,0x19,0x85,0x19,0x65,0x19,0x65,0x19,0x65,0x19,0x85,0x19,0x65,0x19,
    0x65,0x19,0x65,0x19,0x65,0x19,0x85,0x19,0x65,0x19,0x65,0x19,0x65,0x19,0x65,0x19,0x65,0x19,0x24,0x19,0x24,0x19,0x44,0x19,
    0x45,0x19,0x45,0x19,0x45,0x19,0x45,0x19,0x45,0x19,0x45,0x19,0x45,0x19,0x45,0x19,0x45,0x19,0x45,0x19,0x45,0x19,0x45,0x19,
    0x45,0x19,0x45,0x19,0x45,0x19,0x45,0x19,0x45,0x19,0x45,0x19,0x45,0x19,0x45,0x19,0x45,0x19,0x45,0x19,0x44,0x19,0x44,0x19,
    0x44,0x19,0x45,0x19,0x65,0x19,0x65,0x19,0x65,0x19,0x65,0x19,0x65,0x19,0x65,0x19,0x65,0x19,0x65,0x19,0x65,0x19,0x65,0x19,
    0x65,0x19,0x65,0x19,0x65,0x19,0x65,0x19,0x65,0x19,0x65,0x19,0x65,0x19,0x45,0x19,0x65,0x19,0x65,0x19,0x65,0x19,0x65,0x19,
    0x65,0x19,0x65,0x19,0x65,0x19,0x65,0x19,0x65,0x19,0x65,0x19,0x65,0x19,0x65,0x19,0x65,0x19,0x65,0x19,0x65,0x19,0x45,0x19,
    0x45,0x19,0x65,0x19,0x65,0x19,0x65,0x19,0x45,0x19,0x65,0x19,0x65,0x19,0x45,0x19,0x45,0x19,0x45,0x19,0x45,0x19,0x45,0x19,
    0x45,0x19,0x65,0x19,0x65,0x19,0x65,0x19,0x45,0x19,0x45,0x19,0x65,0x19,0x65,0x19,0x65,0x19,0x45,0x19,0x45,0x19,0x45,0x19,
    0x45,0x19,0x45,0x19,0x45,0x19,0x24,0x19,0x04,0x11,0x24,0x19,0x24,0x19,0x24,0x19,0x24,0x19,0x24,0x19,0x24,0x19,0x24,0x19,
    0x24,0x19,0x45,0x19,0x49,0x32,0x8a,0x32,0x69,0x32,0x69,0x32,0xcd,0x4b,0xd1,0x64,0x33,0x6d,0x70,0x5c,0x50,0x54,0x50,0x54,
    0x50,0x54,0x4f,0x54,0x4f,0x54,0x4f,0x54,0x4f,0x54,0x4f,0x54,0x0e,0x4c,0x6c,0x43,0x89,0x32,0x86,0x21,0x45,0x19,0x45,0x19,
    0x65,0x21,0x65,0x21,0x04,0x11,0x04,0x19,0x45,0x21,0x85,0x29,0x00,0x00,0x00,0x00,0x00,0x00,0x00,0x00,0x00,0x00,0x00,0x00,
    0x00,0x00,0x00,0x00,0x00,0x00,0x00,0x00,0x00,0x00,0x00,0x00,0x00,0x00,0x00,0x00,0x00,0x00,0x00,0x00,0x00,0x00,0x00,0x00,
    0x00,0x00,0x00,0x00,0x00,0x00,0x00,0x00,0x00,0x00,0x00,0x00,0x00,0x00,0x00,0x00,0x00,0x00,0x00,0x00,0x00,0x00,0x00,0x00,
    0x00,0x00,0x00,0x00,0x00,0x00,0x00,0x00,0x00,0x00,0x00,0x00,0xa6,0x29,0xc7,0x29,0xa6,0x21,0xa6,0x21,0x08,0x32,0x8a,0x3a,
    0xaa,0x3a,0xaa,0x32,0xeb,0x3a,0x91,0x5c,0xb5,0x75,0xb9,0x96,0x7b,0xa7,0x1a,0x9f,0xd9,0x96,0x3a,0xa7,0x1a,0x9f,0x5b,0xa7,
    0x5b,0xa7,0x7c,0xaf,0x5b,0xa7,0xd5,0x75,0xf2,0x64,0x4c,0x43,0x49,0x32,0x89,0x32,0x69,0x32,0x08,0x2a,0x45,0x19,0x45,0x19,
    0x65,0x19,0x65,0x19,0x65,0x19,0x65,0x19,0x65,0x19,0x85,0x19,0x65,0x19,0x65,0x19,0xc6,0x19,0xe7,0x21,0x07,0x22,0x07,0x22,
    0xe7,0x21,0x07,0x22,0x08,0x22,0x07,0x22,0x07,0x22,0xe7,0x21,0x08,0x22,0x07,0x22,0x07,0x22,0x08,0x22,0x07,0x22,0x07,0x22,
    0x08,0x22,0x07,0x22,0x08,0x22,0x07,0x22,0x07,0x22,0x08,0x22,0x08,0x22,0x08,0x22,0x07,0x22,0x08,0x22,0x07,0x22,0xe7,0x21,
    0x08,0x22,0x08,0x22,0x07,0x22,0x07,0x22,0xe7,0x21,0x07,0x22,0xe7,0x21,0x08,0x22,0x07,0x22,0xe7,0x21,0x07,0x22,0xe7,0x21,
    0x07,0x22,0x07,0x22,0x08,0x22,0x08,0x22,0x08,0x22,0x08,0x22,0xe7,0x21,0x07,0x22,0x07,0x22,0x07,0x22,0x08,0x22,0x07,0x22,
    0xe7,0x21,0xe7,0x21,0xe7,0x21,0xe7,0x21,0xe7,0x21,0x08,0x22,0xe7,0x21,0xe7,0x21,0xe7,0x21,0xc7,0x21,0x45,0x19,0x65,0x19,
    0x65,0x19,0x65,0x19,0x65,0x19,0x65,0x19,0x65,0x19,0x65,0x19,0x65,0x19,0x65,0x19,0x65,0x19,0x65,0x19,0x65,0x19,0x65,0x19,
    0x65,0x19,0x65,0x19,0x65,0x19,0x65,0x19,0x65,0x19,0x65,0x19,0x65,0x19,0x65,0x19,0x65,0x19,0x65,0x19,0x65,0x19,0x65,0x19,
    0x65,0x19,0x65,0x19,0xa6,0x19,0xe7,0x21,0xe7,0x21,0xe7,0x21,0xe7,0x21,0xe7,0x21,0xe7,0x21,0xe7,0x21,0xe7,0x21,0xe7,0x21,
    0xe7,0x21,0xe7,0x21,0xe7,0x21,0xe7,0x21,0xe7,0x21,0xe7,0x21,0xe7,0x21,0xe7,0x21,0xe7,0x21,0xe7,0x21,0xe7,0x21,0xe7,0x21,
    0xe7,0x21,0xe7,0x21,0xe7,0x21,0xe7,0x21,0xe7,0x21,0xe7,0x21,0xe7,0x21,0xe7,0x21,0xe7,0x21,0xe7,0x21,0xe7,0x21,0xe7,0x21,
    0xe7,0x21,0xe7,0x21,0xe7,0x21,0xe7,0x21,0xe7,0x21,0xe7,0x21,0xe7,0x21,0xe7,0x21,0xe7,0x21,0xe7,0x21,0xe7,0x21,0xe7,0x21,
    0xe7,0x21,0xe7,0x21,0xe7,0x21,0xe7,0x21,0xe7,0x21,0xe7,0x21,0xe7,0x21,0xe7,0x21,0xe7,0x21,0xe7,0x21,0xe7,0x21,0xe7,0x21,
    0xe7,0x21,0xe7,0x21,0xe7,0x21,0xc7,0x21,0x24,0x11,0x45,0x19,0x65,0x19,0x65,0x19,0x65,0x19,0x65,0x19,0x65,0x19,0x65,0x19,
    0x65,0x19,0x65,0x19,0x65,0x19,0x65,0x19,0x65,0x19,0x65,0x19,0x65,0x19,0x65,0x19,0x65,0x19,0x65,0x19,0x65,0x19,0x65,0x19,
    0x65,0x19,0x65,0x19,0x65,0x19,0x65,0x19,0x65,0x19,0x65,0x19,0x65,0x19,0x45,0x19,0x65,0x19,0x45,0x19,0x65,0x19,0x86,0x19,
    0xe7,0x21,0xc7,0x21,0xc7,0x21,0xc7,0x21,0xc7,0x21,0xc7,0x21,0xc7,0x21,0xc7,0x21,0xc7,0x21,0xc7,0x21,0xc7,0x21,0xc7,0x21,
    0xc7,0x21,0xc7,0x21,0xc7,0x21,0xc7,0x21,0xc7,0x21,0xc7,0x21,0xc7,0x21,0xc7,0x21,0xc7,0x21,0xc7,0x21,0xc7,0x21,0xc7,0x21,
    0xc7,0x21,0xc7,0x21,0xc7,0x21,0xc7,0x21,0xc7,0x21,0xc7,0x21,0xc7,0x21,0xc7,0x21,0xc7,0x21,0xc7,0x21,0xc7,0x21,0xc7,0x21,
    0xc7,0x21,0xc7,0x21,0xc7,0x21,0xc7,0x19,0xc7,0x21,0xc7,0x21,0xc7,0x21,0xc7,0x21,0xc7,0x21,0xc7,0x21,0xc7,0x21,0xc7,0x21,
    0xc7,0x21,0xc7,0x21,0xc7,0x21,0xc6,0x21,0xc7,0x21,0xc7,0x21,0xc7,0x21,0xc7,0x21,0xc6,0x19,0xa6,0x19,0xc7,0x21,0xc7,0x21,
    0xa6,0x21,0x24,0x19,0xe3,0x10,0x24,0x19,0x45,0x19,0x45,0x19,0x45,0x19,0x45,0x19,0x45,0x19,0x45,0x19,0x45,0x19,0x45,0x19,
    0x45,0x19,0x45,0x19,0x45,0x19,0x45,0x19,0x45,0x19,0x45,0x19,0x45,0x19,0x45,0x19,0x45,0x19,0x45,0x19,0x45,0x19,0x45,0x19,
    0x45,0x19,0x45,0x19,0x45,0x19,0x45,0x19,0x45,0x19,0x65,0x19,0xc6,0x21,0xa6,0x19,0xa6,0x19,0xa6,0x19,0xa6,0x19,0xa6,0x19,
    0xa6,0x19,0xa6,0x19,0xa6,0x19,0xa6,0x19,0xa6,0x19,0xa6,0x19,0xa6,0x19,0xa6,0x19,0xa6,0x19,0xa6,0x19,0xa6,0x19,0xa6,0x19,
    0xa6,0x19,0xa6,0x19,0xa6,0x19,0xa6,0x19,0xa6,0x19,0xa6,0x19,0xa6,0x19,0xa6,0x19,0xa6,0x19,0xa6,0x19,0xa6,0x19,0xa6,0x19,
    0xa6,0x19,0xa6,0x19,0xa6,0x19,0xa6,0x19,0xa6,0x19,0xa6,0x19,0xa6,0x19,0xa6,0x19,0xa6,0x19,0xa6,0x19,0xa6,0x19,0x86,0x19,
    0x86,0x19,0x86,0x19,0x86,0x19,0x86,0x19,0xa6,0x19,0xa6,0x19,0x86,0x19,0xa6,0x19,0x86,0x19,0x86,0x19,0x86,0x19,0x86,0x19,
    0x86,0x19,0x86,0x19,0x86,0x19,0x86,0x19,0x86,0x19,0x86,0x19,0x86,0x19,0x24,0x19,0xc3,0x10,0x04,0x11,0x24,0x19,0x24,0x19,
    0x24,0x19,0x24,0x19,0x24,0x19,0x24,0x19,0x24,0x19,0x65,0x19,0x49,0x32,0x8a,0x3a,0x69,0x32,0x49,0x32,0xce,0x4b,0xd1,0x64,
    0x53,0x75,0x70,0x5c,0x50,0x54,0x50,0x54,0x50,0x54,0x4f,0x54,0x4f,0x54,0x4f,0x54,0x4f,0x54,0x4f,0x54,0x0e,0x4c,0x6c,0x43,
    0x69,0x32,0x85,0x21,0x44,0x19,0x45,0x19,0x65,0x21,0x65,0x21,0x04,0x11,0x04,0x19,0x45,0x21,0x65,0x29,0x00,0x00,0x00,0x00,
    0x00,0x00,0x00,0x00,0x00,0x00,0x00,0x00,0x00,0x00,0x00,0x00,0x00,0x00,0x00,0x00,0x00,0x00,0x00,0x00,0x00,0x00,0x00,0x00,
    0x00,0x00,0x00,0x00,0x00,0x00,0x00,0x00,0x00,0x00,0x00,0x00,0x00,0x00,0x00,0x00,0x00,0x00,0x00,0x00,0x00,0x00,0x00,0x00,
    0x00,0x00,0x00,0x00,0x00,0x00,0x00,0x00,0x00,0x00,0x00,0x00,0x00,0x00,0x00,0x00,0x00,0x00,0x00,0x00,0xc7,0x31,0xa6,0x21,
    0xa6,0x21,0xa6,0x19,0x08,0x32,0x89,0x3a,0xaa,0x3a,0xaa,0x3a,0xca,0x3a,0x4f,0x54,0x12,0x65,0x94,0x6d,0xb4,0x75,0x94,0x6d,
    0x94,0x75,0x94,0x75,0x94,0x6d,0x94,0x6d,0x94,0x6d,0x94,0x75,0x94,0x75,0x33,0x65,0x70,0x54,0x0b,0x3b,0x49,0x32,0x69,0x32,
    0x69,0x32,0x08,0x2a,0x45,0x19,0x45,0x19,0x65,0x19,0x65,0x19,0x65,0x19,0x65,0x19,0x65,0x19,0x65,0x19,0x65,0x19,0x65,0x19,
    0xc7,0x21,0x08,0x22,0x07,0x22,0x07,0x22,0x07,0x22,0x08,0x22,0x07,0x22,0x07,0x22,0x07,0x22,0x08,0x22,0x07,0x22,0x08,0x22,
    0x08,0x22,0x07,0x22,0x07,0x22,0x07,0x22,0x07,0x22,0x08,0x22,0x08,0x22,0x08,0x22,0x08,0x22,0x08,0x22,0x08,0x22,0x07,0x22,
    0x07,0x22,0x08,0x22,0x07,0x22,0x08,0x22,0x08,0x22,0x08,0x22,0x07,0x22,0x07,0x22,0x07,0x22,0x07,0x22,0x07,0x22,0x07,0x22,
    0x08,0x22,0x08,0x22,0x07,0x22,0x07,0x22,0x08,0x22,0x07,0x22,0x08,0x22,0x08,0x22,0x08,0x22,0x08,0x22,0x07,0x22,0x07,0x22,
    0x08,0x22,0x07,0x22,0x08,0x22,0x07,0x22,0x07,0x22,0x07,0x22,0x07,0x22,0x07,0x22,0x08,0x22,0x07,0x22,0x07,0x22,0x07,0x22,
    0x07,0x22,0xc6,0x19,0x45,0x19,0x65,0x19,0x65,0x19,0x65,0x19,0x65,0x19,0x65,0x19,0x65,0x19,0x65,0x19,0x85,0x19,0x65,0x19,
    0x65,0x19,0x85,0x19,0x65,0x19,0x65,0x19,0x65,0x19,0x65,0x19,0x65,0x19,0x65,0x19,0x65,0x19,0x65,0x19,0x85,0x19,0x65,0x19,
    0x65,0x19,0x65,0x19,0x65,0x19,0x65,0x19,0x65,0x19,0x65,0x19,0xc7,0x21,0x08,0x22,0xe7,0x21,0x07,0x22,0xe7,0x21,0xe7,0x21,
    0xe7,0x21,0xe7,0x21,0xe7,0x21,0xe7,0x21,0xe7,0x21,0xe7,0x21,0xe7,0x21,0xe7,0x21,0xe7,0x21,0x07,0x22,0xe7,0x21,0xe7,0x21,
    0xe7,0x21,0xe7,0x21,0xe7,0x21,0xe7,0x21,0xe7,0x21,0xe7,0x21,0xe7,0x21,0xe7,0x21,0xe7,0x21,0xe7,0x21,0xe7,0x21,0xe7,0x21,
    0xe7,0x21,0xe7,0x21,0xe7,0x21,0xe7,0x21,0xe7,0x21,0xe7,0x21,0xe7,0x21,0xe7,0x21,0xe7,0x21,0xe7,0x21,0xe7,0x21,0xe7,0x21,
    0xe7,0x21,0xe7,0x21,0xe7,0x21,0xe7,0x21,0xe7,0x21,0xe7,0x21,0xe7,0x21,0xe7,0x21,0xe7,0x21,0xe7,0x21,0xe7,0x21,0xe7,0x21,
    0xe7,0x21,0xe7,0x21,0xe7,0x21,0xe7,0x21,0xe7,0x21,0xe7,0x21,0xe7,0x21,0xc6,0x21,0x04,0x11,0x45,0x19,0x65,0x19,0x65,0x19,
    0x65,0x19,0x65,0x19,0x65,0x19,0x65,0x19,0x65,0x19,0x65,0x19,0x65,0x19,0x65,0x19,0x65,0x19,0x65,0x19,0x65,0x19,0x65,0x19,
    0x65,0x19,0x65,0x19,0x65,0x19,0x65,0x19,0x65,0x19,0x65,0x19,0x65,0x19,0x65,0x19,0x65,0x19,0x65,0x19,0x65,0x19,0x65,0x19,
    0x65,0x19,0x65,0x19,0x45,0x19,0x86,0x19,0xe7,0x21,0xc7,0x21,0xc7,0x21,0xc7,0x21,0xc7,0x21,0xc7,0x21,0xe7,0x21,0xc7,0x21,
    0xc7,0x21,0xc7,0x21,0xc7,0x21,0xc7,0x21,0xc7,0x21,0xc7,0x21,0xc7,0x21,0xc7,0x21,0xc7,0x21,0xc7,0x21,0xc7,0x21,0xc7,0x21,
    0xc7,0x21,0xc7,0x21,0xc7,0x21,0xc7,0x21,0xc7,0x21,0xc7,0x21,0xc7,0x21,0xc7,0x21,0xc7,0x21,0xc7,0x21,0xc7,0x21,0xc7,0x21,
    0xc7,0x21,0xc7,0x21,0xc7,0x19,0xc7,0x19,0xc7,0x19,0xc7,0x21,0xc7,0x21,0xc7,0x19,0xc7,0x21,0xc7,0x21,0xc7,0x19,0xc7,0x21,
    0xc7,0x21,0xc7,0x19,0xc7,0x21,0xc7,0x21,0xc7,0x21,0xc7,0x21,0xc7,0x21,0xc7,0x21,0xc7,0x21,0xc7,0x19,0xc7,0x19,0xc7,0x21,
    0xc7,0x19,0xc6,0x19,0xc7,0x21,0xc7,0x21,0xa6,0x19,0x24,0x19,0xe3,0x10,0x24,0x19,0x45,0x19,0x45,0x19,0x45,0x19,0x45,0x19,
    0x45,0x19,0x45,0x19,0x45,0x19,0x45,0x19,0x45,0x19,0x45,0x19,0x45,0x19,0x45,0x19,0x45,0x19,0x45,0x19,0x45,0x19,0x45,0x19,
    0x45,0x19,0x45,0x19,0x45,0x19,0x45,0x19,0x45,0x19,0x45,0x19,0x45,0x19,0x44,0x19,0x45,0x19,0x65,0x19,0xc7,0x21,0xa6,0x19,
    0xa6,0x19,0xa6,0x19,0xa6,0x19,0xa6,0x19,0xa6,0x19,0xa6,0x19,0xa6,0x19,0xa6,0x19,0xa6,0x19,0xa6,0x19,0xa6,0x19,0xa6,0x19,
    0xa6,0x19,0xa6,0x19,0xa6,0x19,0xa6,0x19,0xa6,0x19,0xa6,0x19,0xa6,0x19,0xa6,0x19,0xa6,0x19,0xa6,0x19,0xa6,0x19,0xa6,0x19,
    0xa6,0x19,0xa6,0x19,0xa6,0x19,0xa6,0x19,0xa6,0x19,0xa6,0x19,0xa6,0x19,0xa6,0x19,0xa6,0x19,0xa6,0x19,0xa6,0x19,0xa6,0x19,
    0xa6,0x19,0xa6,0x19,0xa6,0x19,0xa6,0x19,0xa6,0x19,0xa6,0x19,0xa6,0x19,0xa6,0x19,0xa6,0x19,0xa6,0x19,0xa6,0x19,0xa6,0x19,
    0xa6,0x19,0xa6,0x19,0xa6,0x19,0xa6,0x19,0xa6,0x19,0xa6,0x19,0xa6,0x19,0xa6,0x19,0x86,0x19,0x86,0x19,0x86,0x19,0x24,0x19,
    0xa2,0x10,0xe3,0x10,0x24,0x11,0x24,0x19,0x24,0x19,0x24,0x19,0x24,0x19,0x24,0x19,0x24,0x19,0x65,0x19,0x49,0x32,0x8a,0x32,
    0x69,0x32,0x49,0x32,0x8d,0x43,0x4f,0x54,0x70,0x54,0x2f,0x54,0x0f,0x54,0x0f,0x54,0x0e,0x4c,0x0e,0x4c,0x0f,0x54,0x0e,0x4c,
    0x0f,0x54,0x0e,0x54,0xce,0x4b,0x2b,0x3b,0x69,0x32,0x85,0x21,0x24,0x19,0x45,0x19,0x65,0x21,0x65,0x21,0x04,0x11,0x04,0x19,
    0x45,0x21,0xa6,0x31,0x00,0x00,0x00,0x00,0x00,0x00,0x00,0x00,0x00,0x00,0x00,0x00,0x00,0x00,0x00,0x00,0x00,0x00,0x00,0x00,
    0x00,0x00,0x00,0x00,0x00,0x00,0x00,0x00,0x00,0x00,0x00,0x00,0x00,0x00,0x00,0x00,0x00,0x00,0x00,0x00,0x00,0x00,0x00,0x00,
    0x00,0x00,0x00,0x00,0x00,0x00,0x00,0x00,0x00,0x00,0x00,0x00,0x00,0x00,0x00,0x00,0x00,0x00,0x00,0x00,0x00,0x00,0x00,0x00,
    0x00,0x00,0x00,0x00,0xa7,0x31,0xc7,0x21,0xa6,0x21,0xa6,0x19,0x08,0x32,0x89,0x3a,0xaa,0x3a,0xaa,0x3a,0xaa,0x3a,0xee,0x53,
    0x70,0x5c,0xd1,0x5c,0xd1,0x5c,0xd1,0x5c,0xd1,0x5c,0xd2,0x64,0xf2,0x64,0xd1,0x5c,0xd2,0x5c,0xd1,0x5c,0xf2,0x64,0xb1,0x5c,
    0x0e,0x4c,0xea,0x32,0x49,0x32,0x69,0x32,0x69,0x32,0x08,0x2a,0x45,0x19,0x44,0x19,0x65,0x19,0x65,0x19,0x65,0x19,0x65,0x19,
    0x65,0x19,0x65,0x19,0x65,0x19,0x65,0x19,0xc7,0x21,0x08,0x22,0x07,0x22,0x07,0x22,0x08,0x22,0x08,0x22,0x08,0x22,0x08,0x22,
    0x07,0x22,0x08,0x22,0x07,0x22,0x08,0x22,0x08,0x22,0x08,0x22,0x08,0x22,0x08,0x22,0x08,0x22,0x08,0x22,0x08,0x22,0x08,0x22,
    0x08,0x22,0x08,0x22,0x08,0x22,0x08,0x22,0x07,0x22,0x08,0x22,0x08,0x22,0x07,0x22,0x07,0x22,0x07,0x22,0x07,0x22,0x08,0x22,
    0x07,0x22,0x08,0x22,0x08,0x22,0x07,0x22,0x07,0x22,0x08,0x22,0x07,0x22,0x08,0x22,0x08,0x22,0x08,0x22,0x07,0x22,0x07,0x22,
    0x08,0x22,0x07,0x22,0x07,0x22,0x08,0x22,0x08,0x22,0x07,0x22,0x07,0x22,0x07,0x22,0x07,0x22,0x07,0x22,0x08,0x22,0x07,0x22,
    0x07,0x22,0x08,0x22,0x07,0x22,0x07,0x22,0x07,0x22,0xc6,0x19,0x24,0x11,0x65,0x19,0x65,0x19,0x65,0x19,0x85,0x19,0x65,0x19,
    0x65,0x19,0x65,0x19,0x65,0x19,0x65,0x19,0x65,0x19,0x85,0x19,0x85,0x19,0x65,0x19,0x65,0x19,0x85,0x19,0x65,0x19,0x65,0x19,
    0x65,0x19,0x65,0x19,0x65,0x19,0x65,0x19,0x65,0x19,0x65,0x19,0x65,0x19,0x65,0x19,0x65,0x19,0x65,0x19,0xc7,0x21,0x07,0x22,
    0x07,0x22,0xe7,0x21,0xe7,0x21,0xe7,0x21,0xe7,0x21,0xe7,0x21,0x07,0x22,0xe7,0x21,0xe7,0x21,0xe7,0x21,0xe7,0x21,0x07,0x22,
    0xe7,0x21,0xe7,0x21,0xe7,0x21,0xe7,0x21,0xe7,0x21,0xe7,0x21,0xe7,0x21,0xe7,0x21,0xe7,0x21,0xe7,0x21,0xe7,0x21,0xe7,0x21,
    0xe7,0x21,0xe7,0x21,0xe7,0x21,0xe7,0x21,0xe7,0x21,0xe7,0x21,0xe7,0x21,0xe7,0x21,0xe7,0x21,0xe7,0x21,0xe7,0x21,0xe7,0x21,
    0xe7,0x21,0xe7,0x21,0xe7,0x21,0xe7,0x21,0xe7,0x21,0xe7,0x21,0xe7,0x21,0xe7,0x21,0xe7,0x21,0xe7,0x21,0xe7,0x21,0xe7,0x21,
    0xe7,0x21,0xe7,0x21,0xe7,0x21,0xe7,0x21,0xe7,0x21,0xe7,0x21,0xe7,0x21,0xe7,0x21,0xe7,0x21,0xe7,0x21,0xe7,0x21,0xc7,0x21,
    0x04,0x11,0x24,0x19,0x65,0x19,0x65,0x19,0x65,0x19,0x65,0x19,0x65,0x19,0x65,0x19,0x65,0x19,0x65,0x19,0x65,0x19,0x65,0x19,
    0x65,0x19,0x65,0x19,0x65,0x19,0x65,0x19,0x65,0x19,0x65,0x19,0x65,0x19,0x65,0x19,0x65,0x19,0x65,0x19,0x65,0x19,0x65,0x19,
    0x65,0x19,0x65,0x19,0x65,0x19,0x65,0x19,0x65,0x19,0x65,0x19,0x45,0x19,0x86,0x19,0xc7,0x21,0xe7,0x21,0xc7,0x21,0xc7,0x21,
    0xc7,0x21,0xe7,0x21,0xc7,0x21,0xc7,0x21,0xc7,0x21,0xc7,0x21,0xc7,0x21,0xc7,0x21,0xc7,0x21,0xc7,0x21,0xc7,0x21,0xc7,0x21,
    0xc7,0x21,0xc7,0x21,0xc7,0x21,0xc7,0x21,0xc7,0x21,0xc7,0x21,0xc7,0x21,0xc7,0x21,0xc7,0x21,0xc7,0x21,0xc7,0x21,0xc7,0x21,
    0xc7,0x21,0xc7,0x21,0xc7,0x21,0xc7,0x21,0xc7,0x21,0xc7,0x21,0xc7,0x21,0xc7,0x21,0xc7,0x19,0xc7,0x21,0xc7,0x21,0xc7,0x19,
    0xc7,0x21,0xc7,0x21,0xc7,0x21,0xc7,0x21,0xc7,0x21,0xc7,0x21,0xc7,0x21,0xc7,0x19,0xc6,0x19,0xc7,0x21,0xc7,0x19,0xc6,0x19,
    0xc7,0x19,0xc7,0x19,0xc6,0x19,0xc7,0x21,0xc6,0x19,0xc6,0x19,0xc7,0x21,0xc7,0x21,0xa6,0x19,0x24,0x11,0xe3,0x10,0x24,0x19,
    0x45,0x19,0x45,0x19,0x45,0x19,0x45,0x19,0x45,0x19,0x45,0x19,0x45,0x19,0x45,0x19,0x45,0x19,0x45,0x19,0x45,0x19,0x45,0x19,
    0x45,0x19,0x45,0x19,0x45,0x19,0x45,0x19,0x45,0x19,0x45,0x19,0x45,0x19,0x45,0x19,0x45,0x19,0x45,0x19,0x45,0x19,0x45,0x19,
    0x44,0x19,0x65,0x19,0xc7,0x21,0xa6,0x19,0xa6,0x19,0xa6,0x19,0xa6,0x19,0xa6,0x19,0xa6,0x19,0xa6,0x19,0xa6,0x19,0xa6,0x19,
    0xa6,0x19,0xa6,0x19,0xa6,0x19,0xa6,0x19,0xa6,0x19,0xa6,0x19,0xa6,0x19,0xa6,0x19,0xa6,0x19,0xa6,0x19,0xa6,0x19,0xa6,0x19,
    0xa6,0x19,0xa6,0x19,0xa6,0x19,0xa6,0x19,0xa6,0x19,0xa6,0x19,0xa6,0x19,0xa6,0x19,0xa6,0x19,0xa6,0x19,0xa6,0x19,0xa6,0x19,
    0xa6,0x19,0xa6,0x19,0xa6,0x19,0xa6,0x19,0xa6,0x19,0xa6,0x19,0xa6,0x19,0xa6,0x19,0xa6,0x19,0xa6,0x19,0x86,0x19,0xa6,0x19,
    0xa6,0x19,0xa6,0x19,0xa6,0x19,0xa6,0x19,0xa6,0x19,0xa6,0x19,0x86,0x19,0xa6,0x19,0xa6,0x19,0xa6,0x19,0xa6,0x19,0xa6,0x19,
    0x86,0x19,0xa6,0x19,0x86,0x19,0x24,0x11,0xa2,0x10,0xe3,0x10,0x24,0x11,0x24,0x19,0x24,0x19,0x24,0x19,0x24,0x19,0x24,0x19,
    0x24,0x19,0x45,0x19,0x49,0x32,0x8a,0x32,0x69,0x32,0x69,0x32,0x8d,0x43,0x2f,0x54,0xee,0x4b,0xad,0x43,0xad,0x4b,0xad,0x43,
    0xad,0x43,0xad,0x43,0x8d,0x43,0x8d,0x43,0xad,0x43,0x8d,0x43,0x6c,0x43,0xca,0x32,0x48,0x32,0x85,0x21,0x24,0x19,0x45,0x19,
    0x45,0x21,0x65,0x21,0xe3,0x10,0x04,0x19,0x45,0x21,0x85,0x29,0x00,0x00,0x00,0x00,0x00,0x00,0x00,0x00,0x00,0x00,0x00,0x00,
    0x00,0x00,0x00,0x00,0x00,0x00,0x00,0x00,0x00,0x00,0x00,0x00,0x00,0x00,0x00,0x00,0x00,0x00,0x00,0x00,0x00,0x00,0x00,0x00,
    0x00,0x00,0x00,0x00,0x00,0x00,0x00,0x00,0x00,0x00,0x00,0x00,0x00,0x00,0x00,0x00,0x00,0x00,0x00,0x00,0x00,0x00,0x00,0x00,
    0x00,0x00,0x00,0x00,0x00,0x00,0x00,0x00,0x00,0x00,0x00,0x00,0xc7,0x31,0xa6,0x21,0xa6,0x21,0xa6,0x19,0x08,0x32,0x8a,0x3a,
    0xaa,0x3a,0xaa,0x3a,0xca,0x3a,0xee,0x53,0x70,0x5c,0xb1,0x5c,0xb1,0x5c,0xb1,0x5c,0xb1,0x5c,0xb1,0x5c,0xb1,0x5c,0xb1,0x5c,
    0xb1,0x5c,0xb1,0x5c,0xb1,0x5c,0x70,0x54,0xee,0x4b,0xca,0x32,0x69,0x32,0x89,0x32,0x89,0x32,0x08,0x2a,0x45,0x19,0x45,0x19,
    0x65,0x19,0x65,0x19,0x65,0x19,0x65,0x19,0x85,0x19,0x65,0x19,0x65,0x19,0x65,0x19,0xc7,0x21,0x08,0x22,0x08,0x22,0x08,0x22,
    0x07,0x22,0x08,0x22,0x08,0x22,0x08,0x22,0x08,0x22,0x08,0x22,0x08,0x22,0x08,0x22,0x08,0x22,0x08,0x22,0x08,0x22,0x08,0x22,
    0x08,0x22,0x08,0x22,0x08,0x22,0x08,0x22,0x08,0x22,0x08,0x22,0x08,0x22,0x08,0x22,0x07,0x22,0x08,0x22,0x08,0x22,0x08,0x22,
    0x08,0x22,0x08,0x22,0x08,0x22,0x08,0x22,0x07,0x22,0x07,0x22,0x08,0x22,0x07,0x22,0x08,0x22,0x08,0x22,0x08,0x22,0x08,0x22,
    0x07,0x22,0x08,0x22,0x07,0x22,0x08,0x22,0x08,0x22,0x07,0x22,0x08,0x22,0x07,0x22,0x07,0x22,0x08,0x22,0x07,0x22,0x08,0x22,
    0x08,0x22,0x08,0x22,0x08,0x22,0x08,0x22,0x07,0x22,0x07,0x22,0x08,0x22,0x08,0x22,0x07,0x22,0xc7,0x21,0x24,0x11,0x65,0x19,
    0x65,0x19,0x65,0x19,0x65,0x19,0x65,0x19,0x65,0x19,0x65,0x19,0x85,0x19,0x65,0x19,0x65,0x19,0x85,0x19,0x85,0x19,0x65,0x19,
    0x65,0x19,0x65,0x19,0x65,0x19,0x65,0x19,0x65,0x19,0x65,0x19,0x65,0x19,0x65,0x19,0x65,0x19,0x65,0x19,0x65,0x19,0x65,0x19,
    0x65,0x19,0x65,0x19,0xc7,0x19,0x07,0x22,0x07,0x22,0xe7,0x21,0x07,0x22,0x07,0x22,0x07,0x22,0xe7,0x21,0x07,0x22,0xe7,0x21,
    0xe7,0x21,0x07,0x22,0x07,0x22,0x07,0x22,0xe7,0x21,0xe7,0x21,0xe7,0x21,0xe7,0x21,0xe7,0x21,0xe7,0x21,0xe7,0x21,0xe7,0x21,
    0xe7,0x21,0xe7,0x21,0xe7,0x21,0xe7,0x21,0xe7,0x21,0xe7,0x21,0xe7,0x21,0xe7,0x21,0xe7,0x21,0xe7,0x21,0xe7,0x21,0xe7,0x21,
    0xe7,0x21,0xe7,0x21,0xe7,0x21,0xe7,0x21,0xe7,0x21,0xe7,0x21,0xe7,0x21,0xe7,0x21,0xe7,0x21,0xe7,0x21,0xe7,0x21,0xe7,0x21,
    0xe7,0x21,0xe7,0x21,0xe7,0x21,0xe7,0x21,0xe7,0x21,0xe7,0x21,0xe7,0x21,0xe7,0x21,0xe7,0x21,0xe7,0x21,0xe7,0x21,0xe7,0x21,
    0xe7,0x21,0xe7,0x21,0xe7,0x21,0xc7,0x21,0x04,0x11,0x24,0x19,0x65,0x19,0x65,0x19,0x65,0x19,0x65,0x19,0x65,0x19,0x65,0x19,
    0x65,0x19,0x65,0x19,0x65,0x19,0x65,0x19,0x65,0x19,0x65,0x19,0x65,0x19,0x65,0x19,0x65,0x19,0x65,0x19,0x65,0x19,0x65,0x19,
    0x65,0x19,0x65,0x19,0x65,0x19,0x65,0x19,0x65,0x19,0x65,0x19,0x65,0x19,0x65,0x19,0x65,0x19,0x65,0x19,0x65,0x19,0x86,0x19,
    0xe7,0x21,0xe7,0x21,0xe7,0x21,0xc7,0x21,0xc7,0x21,0xe7,0x21,0xe7,0x21,0xc7,0x21,0xc7,0x21,0xe7,0x21,0xc7,0x21,0xe7,0x21,
    0xc7,0x21,0xe7,0x21,0xe7,0x21,0xc7,0x21,0xc7,0x21,0xc7,0x21,0xc7,0x21,0xc7,0x21,0xc7,0x21,0xc7,0x21,0xc7,0x21,0xc7,0x21,
    0xc7,0x21,0xc7,0x21,0xc7,0x21,0xc7,0x21,0xc7,0x21,0xc7,0x21,0xc7,0x21,0xc7,0x21,0xc7,0x21,0xc7,0x21,0xc7,0x21,0xc7,0x21,
    0xc7,0x21,0xc7,0x21,0xc7,0x21,0xc7,0x21,0xc7,0x21,0xc7,0x21,0xc7,0x21,0xc7,0x19,0xc7,0x19,0xc7,0x21,0xc7,0x21,0xc7,0x21,
    0xc7,0x21,0xc7,0x21,0xc7,0x19,0xc7,0x21,0xc7,0x21,0xc7,0x21,0xc7,0x21,0xc6,0x19,0xc7,0x19,0xc7,0x21,0xc7,0x21,0xc7,0x21,
    0xa6,0x19,0x24,0x11,0xc3,0x10,0x24,0x19,0x45,0x19,0x45,0x19,0x45,0x19,0x45,0x19,0x45,0x19,0x45,0x19,0x45,0x19,0x45,0x19,
    0x45,0x19,0x45,0x19,0x45,0x19,0x45,0x19,0x45,0x19,0x45,0x19,0x45,0x19,0x45,0x19,0x45,0x19,0x45,0x19,0x45,0x19,0x45,0x19,
    0x45,0x19,0x45,0x19,0x45,0x19,0x45,0x19,0x45,0x19,0x65,0x19,0xc6,0x21,0xa6,0x19,0xa6,0x19,0xa6,0x19,0xa6,0x19,0xa6,0x19,
    0xa6,0x19,0xa6,0x19,0xa6,0x19,0xa6,0x19,0xa6,0x19,0xa6,0x19,0xa6,0x19,0xa6,0x19,0xa6,0x19,0xa6,0x19,0xa6,0x19,0xa6,0x19,
    0xa6,0x19,0xa6,0x19,0xa6,0x19,0xa6,0x19,0xa6,0x19,0xa6,0x19,0xa6,0x19,0xa6,0x19,0xa6,0x19,0xa6,0x19,0xa6,0x19,0xa6,0x19,
    0xa6,0x19,0xa6,0x19,0xa6,0x19,0xa6,0x19,0xa6,0x19,0xa6,0x19,0xa6,0x19,0xa6,0x19,0xa6,0x19,0xa6,0x19,0xa6,0x19,0xa6,0x19,
    0xa6,0x19,0xa6,0x19,0xa6,0x19,0xa6,0x19,0xa6,0x19,0xa6,0x19,0xa6,0x19,0xa6,0x19,0xa6,0x19,0xa6,0x19,0xa6,0x19,0xa6,0x19,
    0xa6,0x19,0xa6,0x19,0xa6,0x19,0xa6,0x19,0xa6,0x19,0x86,0x19,0x86,0x19,0x24,0x11,0xa2,0x10,0xe3,0x10,0x24,0x19,0x24,0x19,
    0x24,0x19,0x24,0x19,0x24,0x19,0x24,0x19,0x24,0x19,0x45,0x19,0x49,0x32,0x8a,0x32,0x89,0x32,0x69,0x32,0x8d,0x43,0x0f,0x4c,
    0x0e,0x4c,0xad,0x43,0x8d,0x43,0x6c,0x43,0x6c,0x43,0x8c,0x43,0x8c,0x43,0x6c,0x43,0x8c,0x43,0x6c,0x43,0x4c,0x3b,0xca,0x32,
    0x68,0x32,0x86,0x21,0x44,0x19,0x45,0x19,0x65,0x21,0x65,0x29,0xe3,0x10,0x04,0x19,0x45,0x21,0x86,0x29,0x00,0x00,0x00,0x00,
    0x00,0x00,0x00,0x00,0x00,0x00,0x00,0x00,0x00,0x00,0x00,0x00,0x00,0x00,0x00,0x00,0x00,0x00,0x00,0x00,0x00,0x00,0x00,0x00,
    0x00,0x00,0x00,0x00,0x00,0x00,0x00,0x00,0x00,0x00,0x00,0x00,0x00,0x00,0x00,0x00,0x00,0x00,0x00,0x00,0x00,0x00,0x00,0x00,
    0x00,0x00,0x00,0x00,0x00,0x00,0x00,0x00,0x00,0x00,0x00,0x00,0x00,0x00,0x00,0x00,0x00,0x00,0x00,0x00,0xc7,0x31,0xa6,0x21,
    0xc6,0x21,0xa6,0x21,0x08,0x32,0x8a,0x3a,0xaa,0x3a,0xaa,0x3a,0xaa,0x3a,0xee,0x4b,0x70,0x54,0x91,0x5c,0xb1,0x5c,0xb1,0x5c,
    0xb1,0x5c,0xb1,0x5c,0xb1,0x5c,0xb1,0x5c,0xb1,0x5c,0xb1,0x5c,0xb1,0x5c,0x70,0x54,0x0e,0x4c,0xea,0x3a,0x69,0x32,0x8a,0x3a,
    0x8a,0x3a,0x08,0x2a,0x45,0x19,0x44,0x19,0x65,0x19,0x65,0x19,0x65,0x19,0x85,0x19,0x85,0x19,0x65,0x19,0x65,0x19,0x65,0x19,
    0xc7,0x21,0x08,0x22,0x08,0x22,0x08,0x22,0x08,0x22,0x08,0x22,0x08,0x22,0x07,0x22,0x08,0x22,0x08,0x22,0x08,0x22,0x08,0x22,
    0x08,0x22,0x07,0x22,0x08,0x22,0x08,0x22,0x08,0x22,0x08,0x22,0x08,0x22,0x08,0x22,0x07,0x22,0x08,0x22,0x08,0x22,0x08,0x22,
    0x08,0x22,0x08,0x22,0x08,0x22,0x08,0x22,0x08,0x22,0x07,0x22,0x08,0x22,0x08,0x22,0x08,0x22,0x07,0x22,0x08,0x22,0x08,0x22,
    0x08,0x22,0x08,0x22,0x07,0x22,0x08,0x22,0x08,0x22,0x08,0x22,0x08,0x22,0x08,0x22,0x08,0x22,0x08,0x22,0x08,0x22,0x08,0x22,
    0x08,0x22,0x08,0x22,0x07,0x22,0x07,0x22,0x07,0x22,0x08,0x22,0x07,0x22,0x08,0x22,0x07,0x22,0x08,0x22,0x08,0x22,0x08,0x22,
    0x07,0x22,0xc7,0x21,0x44,0x11,0x65,0x19,0x65,0x19,0x65,0x19,0x85,0x19,0x85,0x19,0x85,0x19,0x65,0x19,0x85,0x19,0x85,0x19,
    0x85,0x19,0x65,0x19,0x65,0x19,0x65,0x19,0x65,0x19,0x65,0x19,0x65,0x19,0x65,0x19,0x85,0x19,0x65,0x19,0x65,0x19,0x65,0x19,
    0x65,0x19,0x85,0x19,0x65,0x19,0x65,0x19,0x65,0x19,0x65,0x19,0xc7,0x21,0x07,0x22,0x07,0x22,0x07,0x22,0xe7,0x21,0x07,0x22,
    0x07,0x22,0x07,0x22,0xe7,0x21,0x07,0x22,0x07,0x22,0xe7,0x21,0x07,0x22,0x07,0x22,0xe7,0x21,0xe7,0x21,0xe7,0x21,0xe7,0x21,
    0xe7,0x21,0xe7,0x21,0xe7,0x21,0x07,0x22,0xe7,0x21,0xe7,0x21,0xe7,0x21,0xe7,0x21,0xe7,0x21,0xe7,0x21,0xe7,0x21,0xe7,0x21,
    0xe7,0x21,0xe7,0x21,0xe7,0x21,0xe7,0x21,0xe7,0x21,0xe7,0x21,0xe7,0x21,0xe7,0x21,0xe7,0x21,0xe7,0x21,0xe7,0x21,0xe7,0x21,
    0xe7,0x21,0xe7,0x21,0xe7,0x21,0xe7,0x21,0xe7,0x21,0xe7,0x21,0xe7,0x21,0xe7,0x21,0xe7,0x21,0xe7,0x21,0xe7,0x21,0xe7,0x21,
    0xe7,0x21,0xe7,0x21,0xe7,0x21,0xe7,0x21,0xe7,0x21,0xe7,0x21,0xe7,0x21,0xc7,0x21,0x04,0x11,0x24,0x19,0x65,0x19,0x65,0x19,
    0x65,0x19,0x65,0x19,0x65,0x19,0x65,0x19,0x65,0x19,0x65,0x19,0x65,0x19,0x65,0x19,0x65,0x19,0x65,0x19,0x65,0x19,0x65,0x19,
    0x65,0x19,0x65,0x19,0x65,0x19,0x65,0x19,0x65,0x19,0x65,0x19,0x65,0x19,0x65,0x19,0x65,0x19,0x65,0x19,0x65,0x19,0x65,0x19,
    0x65,0x19,0x65,0x19,0x45,0x19,0x86,0x19,0xe7,0x21,0xe7,0x21,0xc7,0x21,0xe7,0x21,0xe7,0x21,0xc7,0x21,0xe7,0x21,0xe7,0x21,
    0xc7,0x21,0xe7,0x21,0xc7,0x21,0xe7,0x21,0xc7,0x21,0xc7,0x21,0xc7,0x21,0xc7,0x21,0xc7,0x21,0xc7,0x21,0xc7,0x21,0xc7,0x21,
    0xc7,0x21,0xc7,0x21,0xc7,0x21,0xc7,0x21,0xc7,0x21,0xc7,0x21,0xc7,0x21,0xc7,0x21,0xc7,0x21,0xc7,0x21,0xc7,0x21,0xc7,0x21,
    0xc7,0x21,0xc7,0x21,0xc7,0x21,0xc7,0x21,0xc7,0x21,0xc7,0x21,0xc7,0x21,0xc7,0x21,0xc7,0x21,0xc7,0x21,0xc7,0x19,0xc7,0x19,
    0xc7,0x21,0xc7,0x21,0xc7,0x21,0xc7,0x21,0xc7,0x21,0xc7,0x21,0xc7,0x21,0xc7,0x19,0xc7,0x21,0xc7,0x21,0xc7,0x21,0xc7,0x21,
    0xc7,0x21,0xc7,0x21,0xc7,0x21,0xc7,0x21,0xa6,0x19,0x24,0x11,0xe3,0x10,0x24,0x19,0x45,0x19,0x45,0x19,0x45,0x19,0x45,0x19,
    0x45,0x19,0x45,0x19,0x45,0x19,0x45,0x19,0x45,0x19,0x45,0x19,0x45,0x19,0x45,0x19,0x45,0x19,0x45,0x19,0x45,0x19,0x45,0x19,
    0x45,0x19,0x45,0x19,0x45,0x19,0x45,0x19,0x45,0x19,0x45,0x19,0x45,0x19,0x45,0x19,0x45,0x19,0x45,0x19,0xc6,0x21,0xa6,0x19,
    0xa6,0x19,0xa6,0x19,0xa6,0x19,0xa6,0x19,0xa6,0x19,0xa6,0x19,0xa6,0x19,0xa6,0x19,0xa6,0x19,0xa6,0x19,0xa6,0x19,0xa6,0x19,
    0xa6,0x19,0xa6,0x19,0xa6,0x19,0xa6,0x19,0xa6,0x19,0xa6,0x19,0xa6,0x19,0xa6,0x19,0xa6,0x19,0xa6,0x19,0xa6,0x19,0xa6,0x19,
    0xa6,0x19,0xa6,0x19,0xa6,0x19,0xa6,0x19,0xa6,0x19,0xa6,0x19,0xa6,0x19,0xa6,0x19,0xa6,0x19,0xa6,0x19,0xa6,0x19,0xa6,0x19,
    0xa6,0x19,0xa6,0x19,0xa6,0x19,0xa6,0x19,0xa6,0x19,0xa6,0x19,0xa6,0x19,0xa6,0x19,0xa6,0x19,0xa6,0x19,0xa6,0x19,0xa6,0x19,
    0x86,0x19,0xa6,0x19,0xa6,0x19,0xa6,0x19,0xa6,0x19,0x86,0x19,0x86,0x19,0x86,0x19,0xa6,0x19,0x86,0x19,0x86,0x19,0x24,0x11,
    0xa2,0x10,0xe3,0x10,0x24,0x19,0x24,0x19,0x24,0x19,0x24,0x19,0x24,0x19,0x24,0x19,0x24,0x19,0x45,0x19,0x49,0x32,0x89,0x32,
    0x89,0x32,0x89,0x32,0x8d,0x43,0x0f,0x4c,0xee,0x4b,0x8d,0x43,0x8d,0x43,0x8c,0x43,0x8c,0x43,0x8c,0x43,0x6c,0x43,0x6c,0x43,
    0x6c,0x43,0x6c,0x43,0x2b,0x3b,0xca,0x32,0x48,0x32,0x86,0x21,0x24,0x19,0x45,0x19,0x65,0x21,0x65,0x29,0xe3,0x10,0x04,0x19,
    0x45,0x21,0x65,0x29,0x00,0x00,0x00,0x00,0x00,0x00,0x00,0x00,0x00,0x00,0x00,0x00,0x00,0x00,0x00,0x00,0x00,0x00,0x00,0x00,
    0x00,0x00,0x00,0x00,0x00,0x00,0x00,0x00,0x00,0x00,0x00,0x00,0x00,0x00,0x00,0x00,0x00,0x00,0x00,0x00,0x00,0x00,0x00,0x00,
    0x00,0x00,0x00,0x00,0x00,0x00,0x00,0x00,0x00,0x00,0x00,0x00,0x00,0x00,0x00,0x00,0x00,0x00,0x00,0x00,0x00,0x00,0x00,0x00,
    0x00,0x00,0x00,0x00,0xa6,0x29,0xa6,0x29,0xa6,0x21,0xa6,0x21,0x08,0x2a,0x8a,0x3a,0xcb,0x3a,0xcb,0x3a,0xca,0x3a,0xee,0x4b,
    0x70,0x54,0x91,0x5c,0xb1,0x5c,0xb1,0x5c,0xb1,0x5c,0xb1,0x5c,0xb1,0x5c,0xb1,0x5c,0xb1,0x5c,0xb1,0x5c,0xb1,0x5c,0x70,0x54,
    0x0e,0x4c,0xeb,0x3a,0x89,0x32,0xaa,0x3a,0xaa,0x3a,0x08,0x2a,0x44,0x19,0x45,0x19,0x65,0x19,0x65,0x19,0x65,0x19,0x65,0x19,
    0x85,0x19,0x65,0x19,0x65,0x19,0x65,0x19,0xc7,0x21,0x08,0x22,0x08,0x22,0x08,0x22,0x08,0x22,0x08,0x22,0x08,0x22,0x08,0x22,
    0x08,0x22,0x08,0x22,0x08,0x22,0x08,0x22,0x08,0x22,0x08,0x22,0x08,0x22,0x08,0x22,0x08,0x22,0x08,0x22,0x08,0x22,0x08,0x22,
    0x08,0x22,0x07,0x22,0x08,0x22,0x08,0x22,0x08,0x22,0x07,0x22,0x08,0x22,0x08,0x22,0x08,0x22,0x08,0x22,0x08,0x22,0x08,0x22,
    0x08,0x22,0x08,0x22,0x08,0x22,0x08,0x22,0x08,0x22,0x08,0x22,0x08,0x22,0x08,0x22,0x08,0x22,0x08,0x22,0x08,0x22,0x08,0x22,
    0x08,0x22,0x08,0x22,0x08,0x22,0x08,0x22,0x08,0x22,0x08,0x22,0x08,0x22,0x08,0x22,0x08,0x22,0x08,0x22,0x07,0x22,0x08,0x22,
    0x08,0x22,0x08,0x22,0x08,0x22,0x08,0x22,0x08,0x22,0xc7,0x21,0x45,0x19,0x65,0x19,0x65,0x19,0x65,0x19,0x85,0x19,0x85,0x19,
    0x85,0x19,0x65,0x19,0x65,0x19,0x85,0x19,0x85,0x19,0x65,0x19,0x85,0x19,0x65,0x19,0x65,0x19,0x65,0x19,0x65,0x19,0x65,0x19,
    0x65,0x19,0x85,0x19,0x65,0x19,0x65,0x19,0x65,0x19,0x65,0x19,0x65,0x19,0x65,0x19,0x65,0x19,0x65,0x19,0xc7,0x21,0x07,0x22,
    0x07,0x22,0x07,0x22,0xe7,0x21,0x07,0x22,0x07,0x22,0x07,0x22,0x07,0x22,0xe7,0x21,0x07,0x22,0x07,0x22,0xe7,0x21,0xe7,0x21,
    0x07,0x22,0xe7,0x21,0xe7,0x21,0xe7,0x21,0xe7,0x21,0xe7,0x21,0xe7,0x21,0xe7,0x21,0xe7,0x21,0xe7,0x21,0xe7,0x21,0xe7,0x21,
    0xe7,0x21,0xe7,0x21,0xe7,0x21,0xe7,0x21,0xe7,0x21,0xe7,0x21,0xe7,0x21,0xe7,0x21,0xe7,0x21,0xe7,0x21,0xe7,0x21,0xe7,0x21,
    0xe7,0x21,0xe7,0x21,0xe7,0x21,0xe7,0x21,0xe7,0x21,0xe7,0x21,0xe7,0x21,0xe7,0x21,0xe7,0x21,0xe7,0x21,0xe7,0x21,0xe7,0x21,
    0xe7,0x21,0xe7,0x21,0xe7,0x21,0xe7,0x21,0xe7,0x21,0xe7,0x21,0xe7,0x21,0xe7,0x21,0xe7,0x21,0xe7,0x21,0xe7,0x21,0xc7,0x21,
    0x04,0x11,0x24,0x19,0x65,0x19,0x65,0x19,0x65,0x19,0x65,0x19,0x65,0x19,0x65,0x19,0x65,0x19,0x65,0x19,0x65,0x19,0x65,0x19,
    0x65,0x19,0x65,0x19,0x65,0x19,0x65,0x19,0x65,0x19,0x65,0x19,0x65,0x19,0x65,0x19,0x65,0x19,0x65,0x19,0x65,0x19,0x65,0x19,
    0x65,0x19,0x65,0x19,0x65,0x19,0x65,0x19,0x65,0x19,0x65,0x19,0x45,0x19,0x86,0x19,0xe7,0x21,0xe7,0x21,0xe7,0x21,0xc7,0x21,
    0xe7,0x21,0xe7,0x21,0xe7,0x21,0xc7,0x21,0xc7,0x21,0xc7,0x21,0xc7,0x21,0xc7,0x21,0xc7,0x21,0xc7,0x21,0xc7,0x21,0xc7,0x21,
    0xc7,0x21,0xc7,0x21,0xc7,0x21,0xc7,0x21,0xc7,0x21,0xc7,0x21,0xc7,0x21,0xc7,0x21,0xc7,0x21,0xc7,0x21,0xc7,0x21,0xc7,0x21,
    0xc7,0x21,0xc7,0x21,0xc7,0x21,0xc7,0x21,0xc7,0x21,0xc7,0x21,0xc7,0x21,0xc7,0x21,0xc7,0x21,0xc7,0x21,0xc7,0x21,0xc7,0x21,
    0xc7,0x21,0xc7,0x21,0xc7,0x19,0xc7,0x21,0xc7,0x19,0xc7,0x21,0xc7,0x21,0xc7,0x21,0xc7,0x21,0xc7,0x19,0xc7,0x19,0xc7,0x19,
    0xc7,0x19,0xc7,0x21,0xc7,0x19,0xc7,0x19,0xc7,0x21,0xc7,0x21,0xc7,0x19,0xc7,0x21,0xa6,0x19,0x24,0x11,0xe3,0x10,0x24,0x19,
    0x45,0x19,0x45,0x19,0x45,0x19,0x45,0x19,0x45,0x19,0x45,0x19,0x45,0x19,0x45,0x19,0x45,0x19,0x45,0x19,0x45,0x19,0x45,0x19,
    0x45,0x19,0x45,0x19,0x45,0x19,0x45,0x19,0x45,0x19,0x45,0x19,0x45,0x19,0x45,0x19,0x45,0x19,0x45,0x19,0x45,0x19,0x44,0x19,
    0x44,0x19,0x65,0x19,0xc7,0x21,0xa6,0x19,0xa6,0x19,0xa6,0x19,0xa6,0x19,0xa6,0x19,0xa6,0x19,0xa6,0x19,0xa6,0x19,0xa6,0x19,
    0xa6,0x19,0xa6,0x19,0xa6,0x19,0xa6,0x19,0xa6,0x19,0xa6,0x19,0xa6,0x19,0xa6,0x19,0xa6,0x19,0xa6,0x19,0xa6,0x19,0xa6,0x19,
    0xa6,0x19,0xa6,0x19,0xa6,0x19,0xa6,0x19,0xa6,0x19,0xa6,0x19,0xa6,0x19,0xa6,0x19,0xa6,0x19,0xa6,0x19,0xa6,0x19,0xa6,0x19,
    0xa6,0x19,0xa6,0x19,0xa6,0x19,0xa6,0x19,0xa6,0x19,0xa6,0x19,0xa6,0x19,0xa6,0x19,0xa6,0x19,0xa6,0x19,0xa6,0x19,0xa6,0x19,
    0xa6,0x19,0xa6,0x19,0xa6,0x19,0xa6,0x19,0xa6,0x19,0xa6,0x19,0xa6,0x19,0xa6,0x19,0xa6,0x19,0xa6,0x19,0x86,0x19,0x86,0x19,
    0xa6,0x19,0xa6,0x19,0xa6,0x19,0x24,0x11,0xa2,0x10,0xe3,0x10,0x24,0x19,0x24,0x19,0x24,0x19,0x24,0x19,0x24,0x19,0x24,0x19,
    0x24,0x11,0x45,0x19,0x49,0x32,0x8a,0x32,0x89,0x32,0x89,0x32,0x6c,0x43,0x0f,0x4c,0xee,0x4b,0x8d,0x43,0x8d,0x43,0x6c,0x43,
    0x6c,0x43,0x6c,0x43,0x6c,0x43,0x6c,0x43,0x6c,0x43,0x6c,0x43,0x2b,0x3b,0xa9,0x32,0x48,0x32,0x85,0x21,0x24,0x19,0x45,0x19,
    0x65,0x21,0x65,0x29,0xe3,0x10,0x04,0x19,0x45,0x21,0x86,0x29,0x00,0x00,0x00,0x00,0x00,0x00,0x00,0x00,0x00,0x00,0x00,0x00,
    0x00,0x00,0x00,0x00,0x00,0x00,0x00,0x00,0x00,0x00,0x00,0x00,0x00,0x00,0x00,0x00,0x00,0x00,0x00,0x00,0x00,0x00,0x00,0x00,
    0x00,0x00,0x00,0x00,0x00,0x00,0x00,0x00,0x00,0x00,0x00,0x00,0x00,0x00,0x00,0x00,0x00,0x00,0x00,0x00,0x00,0x00,0x00,0x00,
    0x00,0x00,0x00,0x00,0x00,0x00,0x00,0x00,0x00,0x00,0x00,0x00,0xa7,0x29,0xa6,0x21,0xa6,0x21,0xa6,0x21,0x08,0x2a,0x8a,0x3a,
    0xcb,0x3a,0xeb,0x3a,0xeb,0x3a,0xce,0x4b,0x70,0x54,0xb1,0x5c,0xb1,0x5c,0xb1,0x5c,0xb1,0x5c,0xb1,0x5c,0xb1,0x5c,0xb1,0x5c,
    0xb1,0x5c,0xb1,0x5c,0xb1,0x5c,0x70,0x54,0xee,0x4b,0xeb,0x3a,0xaa,0x3a,0xca,0x3a,0xaa,0x3a,0x08,0x2a,0x24,0x19,0x45,0x19,
    0x65,0x19,0x65,0x19,0x65,0x19,0x65,0x19,0x65,0x19,0x65,0x19,0x65,0x19,0x65,0x19,0xc7,0x19,0x08,0x22,0x08,0x22,0x08,0x22,
    0x08,0x22,0x08,0x22,0x08,0x22,0x08,0x22,0x08,0x22,0x08,0x22,0x08,0x22,0x08,0x22,0x08,0x22,0x08,0x22,0x08,0x22,0x08,0x22,
    0x08,0x22,0x08,0x22,0x08,0x22,0x08,0x22,0x08,0x22,0x08,0x22,0x08,0x22,0x08,0x22,0x08,0x22,0x08,0x22,0x08,0x22,0x08,0x22,
    0x08,0x22,0x08,0x22,0x08,0x22,0x08,0x22,0x08,0x22,0x08,0x22,0x08,0x22,0x08,0x22,0x08,0x22,0x08,0x22,0x08,0x22,0x08,0x22,
    0x08,0x22,0x08,0x22,0x08,0x22,0x08,0x22,0x08,0x22,0x08,0x22,0x07,0x22,0x08,0x22,0x08,0x22,0x08,0x22,0x07,0x22,0x08,0x22,
    0x08,0x22,0x08,0x22,0x07,0x22,0x08,0x22,0x07,0x22,0x08,0x22,0x08,0x22,0x07,0x22,0x07,0x22,0xc7,0x21,0x45,0x19,0x65,0x19,
    0x65,0x19,0x85,0x19,0x65,0x19,0x85,0x19,0x65,0x19,0x65,0x19,0x65,0x19,0x85,0x19,0x65,0x19,0x65,0x19,0x85,0x19,0x65,0x19,
    0x65,0x19,0x85,0x19,0x85,0x19,0x85,0x19,0x85,0x19,0x65,0x19,0x65,0x19,0x65,0x19,0x65,0x19,0x65,0x19,0x85,0x19,0x85,0x19,
    0x65,0x19,0x65,0x19,0xc7,0x21,0x07,0x22,0x07,0x22,0x07,0x22,0x07,0x22,0x07,0x22,0xe7,0x21,0xe7,0x21,0x07,0x22,0xe7,0x21,
    0xe7,0x21,0xe7,0x21,0x07,0x22,0x07,0x22,0x07,0x22,0xe7,0x21,0xe7,0x21,0x07,0x22,0xe7,0x21,0x07,0x22,0xe7,0x21,0xe7,0x21,
    0xe7,0x21,0x07,0x22,0xe7,0x21,0xe7,0x21,0xe7,0x21,0xe7,0x21,0xe7,0x21,0xe7,0x21,0xe7,0x21,0xe7,0x21,0xe7,0x21,0xe7,0x21,
    0xe7,0x21,0xe7,0x21,0xe7,0x21,0xe7,0x21,0xe7,0x21,0xe7,0x21,0xe7,0x21,0xe7,0x21,0xe7,0x21,0xe7,0x21,0xe7,0x21,0xe7,0x21,
    0xe7,0x21,0xe7,0x21,0xe7,0x21,0xe7,0x21,0xe7,0x21,0xe7,0x21,0xe7,0x21,0xe7,0x21,0xe7,0x21,0xe7,0x21,0xe7,0x21,0xe7,0x21,
    0xe7,0x21,0xe7,0x21,0xe7,0x21,0xc7,0x21,0x04,0x11,0x24,0x19,0x65,0x19,0x65,0x19,0x65,0x19,0x65,0x19,0x65,0x19,0x65,0x19,
    0x65,0x19,0x65,0x19,0x65,0x19,0x65,0x19,0x65,0x19,0x65,0x19,0x65,0x19,0x65,0x19,0x65,0x19,0x65,0x19,0x65,0x19,0x65,0x19,
    0x65,0x19,0x65,0x19,0x65,0x19,0x65,0x19,0x65,0x19,0x65,0x19,0x65,0x19,0x65,0x19,0x65,0x19,0x45,0x19,0x65,0x19,0x86,0x19,
    0xe7,0x21,0xe7,0x21,0xc7,0x21,0xe7,0x21,0xe7,0x21,0xc7,0x21,0xc7,0x21,0xe7,0x21,0xc7,0x21,0xc7,0x21,0xc7,0x21,0xc7,0x21,
    0xe7,0x21,0xc7,0x21,0xe7,0x21,0xc7,0x21,0xc7,0x21,0xc7,0x21,0xc7,0x21,0xc7,0x21,0xc7,0x21,0xc7,0x21,0xc7,0x21,0xc7,0x21,
    0xc7,0x21,0xc7,0x21,0xc7,0x21,0xc7,0x21,0xc7,0x21,0xc7,0x21,0xc7,0x21,0xc7,0x21,0xc7,0x21,0xc7,0x21,0xc7,0x21,0xc7,0x21,
    0xc7,0x21,0xc7,0x21,0xc7,0x21,0xc7,0x21,0xc7,0x21,0xc7,0x21,0xc7,0x21,0xc7,0x19,0xc7,0x21,0xc7,0x21,0xc7,0x21,0xc7,0x21,
    0xc7,0x21,0xc7,0x21,0xc7,0x21,0xc7,0x21,0xc7,0x21,0xc7,0x21,0xc7,0x21,0xc7,0x19,0xc7,0x21,0xc7,0x21,0xc7,0x19,0xc7,0x19,
    0xc6,0x21,0x24,0x11,0xe3,0x10,0x24,0x19,0x45,0x19,0x45,0x19,0x45,0x19,0x45,0x19,0x45,0x19,0x45,0x19,0x45,0x19,0x45,0x19,
    0x45,0x19,0x45,0x19,0x45,0x19,0x45,0x19,0x45,0x19,0x45,0x19,0x45,0x19,0x45,0x19,0x45,0x19,0x45,0x19,0x45,0x19,0x45,0x19,
    0x45,0x19,0x45,0x19,0x45,0x19,0x45,0x19,0x44,0x19,0x65,0x19,0xc7,0x21,0xa6,0x19,0xa6,0x19,0xa6,0x19,0xa6,0x19,0xa6,0x19,
    0xa6,0x19,0xa6,0x19,0xa6,0x19,0xa6,0x19,0xa6,0x19,0xa6,0x19,0xa6,0x19,0xa6,0x19,0xa6,0x19,0xa6,0x19,0xa6,0x19,0xa6,0x19,
    0xa6,0x19,0xa6,0x19,0xa6,0x19,0xa6,0x19,0xa6,0x19,0xa6,0x19,0xa6,0x19,0xa6,0x19,0xa6,0x19,0xa6,0x19,0xa6,0x19,0xa6,0x19,
    0xa6,0x19,0xa6,0x19,0xa6,0x19,0xa6,0x19,0xa6,0x19,0xa6,0x19,0xa6,0x19,0xa6,0x19,0xa6,0x19,0xa6,0x19,0xa6,0x19,0xa6,0x19,
    0xa6,0x19,0xa6,0x19,0xa6,0x19,0xa6,0x19,0xa6,0x19,0xa6,0x19,0xa6,0x19,0xa6,0x19,0xa6,0x19,0xa6,0x19,0xa6,0x19,0xa6,0x19,
    0xa6,0x19,0xa6,0x19,0x86,0x19,0xa6,0x19,0xa6,0x19,0x86,0x19,0x86,0x19,0x24,0x11,0xa2,0x10,0xe3,0x10,0x24,0x19,0x24,0x19,
    0x24,0x19,0x24,0x19,0x24,0x19,0x24,0x19,0x24,0x11,0x45,0x19,0x49,0x32,0x8a,0x3a,0x69,0x32,0x69,0x32,0x6c,0x43,0x0e,0x4c,
    0xee,0x4b,0x8d,0x43,0x8c,0x43,0x8c,0x43,0x6c,0x43,0x6c,0x43,0x6c,0x43,0x6c,0x43,0x6c,0x43,0x6c,0x43,0x2b,0x3b,0xa9,0x32,
    0x27,0x2a,0x45,0x19,0x24,0x19,0x45,0x19,0x65,0x21,0x65,0x21,0xe3,0x10,0x04,0x19,0x45,0x21,0x65,0x29,0x00,0x00,0x00,0x00,
    0x00,0x00,0x00,0x00,0x00,0x00,0x00,0x00,0x00,0x00,0x00,0x00,0x00,0x00,0x00,0x00,0x00,0x00,0x00,0x00,0x00,0x00,0x00,0x00,
    0x00,0x00,0x00,0x00,0x00,0x00,0x00,0x00,0x00,0x00,0x00,0x00,0x00,0x00,0x00,0x00,0x00,0x00,0x00,0x00,0x00,0x00,0x00,0x00,
    0x00,0x00,0x00,0x00,0x00,0x00,0x00,0x00,0x00,0x00,0x00,0x00,0x00,0x00,0x00,0x00,0x00,0x00,0x00,0x00,0xc7,0x31,0xc6,0x29,
    0xa6,0x21,0xa6,0x21,0x07,0x2a,0x8a,0x3a,0xcb,0x3a,0xeb,0x3a,0xeb,0x3a,0xce,0x4b,0x70,0x54,0xb1,0x5c,0xb1,0x5c,0xb1,0x5c,
    0xb1,0x5c,0xb1,0x5c,0xb1,0x5c,0xb1,0x5c,0xb1,0x5c,0xb1,0x5c,0xb1,0x5c,0x70,0x54,0x0e,0x4c,0xea,0x3a,0xcb,0x3a,0xcb,0x3a,
    0xaa,0x3a,0x08,0x2a,0x24,0x19,0x45,0x19,0x65,0x19,0x65,0x19,0x65,0x19,0x65,0x19,0x65,0x19,0x65,0x19,0x65,0x19,0x65,0x19,
    0xc7,0x21,0x08,0x22,0x08,0x22,0x08,0x22,0x08,0x22,0x08,0x22,0x08,0x22,0x08,0x22,0x08,0x22,0x08,0x22,0x08,0x22,0x08,0x22,
    0x08,0x22,0x08,0x22,0x08,0x22,0x08,0x22,0x08,0x22,0x08,0x22,0x08,0x22,0x08,0x22,0x08,0x22,0x08,0x22,0x08,0x22,0x08,0x22,
    0x08,0x22,0x08,0x22,0x08,0x22,0x08,0x22,0x08,0x22,0x08,0x22,0x08,0x22,0x08,0x22,0x08,0x22,0x08,0x22,0x08,0x22,0x08,0x22,
    0x08,0x22,0x08,0x22,0x08,0x22,0x08,0x22,0x08,0x22,0x08,0x22,0x08,0x22,0x08,0x22,0x08,0x22,0x08,0x22,0x08,0x22,0x08,0x22,
    0x08,0x22,0x08,0x22,0x08,0x22,0x08,0x22,0x08,0x22,0x08,0x22,0x07,0x22,0x08,0x22,0x08,0x22,0x08,0x22,0x08,0x22,0x08,0x22,
    0x07,0x22,0xc7,0x21,0x24,0x11,0x65,0x19,0x85,0x19,0x65,0x19,0x65,0x19,0x65,0x19,0x85,0x19,0x85,0x19,0x85,0x19,0x85,0x19,
    0x85,0x19,0x85,0x19,0x85,0x19,0x65,0x19,0x65,0x19,0x85,0x19,0x65,0x19,0x65,0x19,0x65,0x19,0x65,0x19,0x65,0x19,0x85,0x19,
    0x65,0x19,0x65,0x19,0x65,0x19,0x65,0x19,0x65,0x19,0x65,0x19,0xc7,0x21,0x07,0x22,0x08,0x22,0x07,0x22,0x07,0x22,0x07,0x22,
    0x07,0x22,0x07,0x22,0x07,0x22,0x08,0x22,0x07,0x22,0xe7,0x21,0x07,0x22,0xe7,0x21,0xe7,0x21,0x07,0x22,0x07,0x22,0x07,0x22,
    0xe7,0x21,0x07,0x22,0x07,0x22,0xe7,0x21,0x07,0x22,0x07,0x22,0x07,0x22,0xe7,0x21,0xe7,0x21,0xe7,0x21,0xe7,0x21,0xe7,0x21,
    0xe7,0x21,0xe7,0x21,0xe7,0x21,0xe7,0x21,0x07,0x22,0x07,0x22,0xe7,0x21,0xe7,0x21,0xe7,0x21,0xe7,0x21,0xe7,0x21,0xe7,0x21,
    0xe7,0x21,0xe7,0x21,0xe7,0x21,0xe7,0x21,0xe7,0x21,0xe7,0x21,0xe7,0x21,0xe7,0x21,0xe7,0x21,0xe7,0x21,0xe7,0x21,0xe7,0x21,
    0xe7,0x21,0xe7,0x21,0xe7,0x21,0xe7,0x21,0xe7,0x21,0xe7,0x21,0xe7,0x21,0xc7,0x21,0x04,0x11,0x24,0x19,0x65,0x19,0x65,0x19,
    0x65,0x19,0x65,0x19,0x65,0x19,0x65,0x19,0x65,0x19,0x65,0x19,0x65,0x19,0x65,0x19,0x65,0x19,0x65,0x19,0x65,0x19,0x65,0x19,
    0x65,0x19,0x65,0x19,0x65,0x19,0x65,0x19,0x65,0x19,0x65,0x19,0x65,0x19,0x65,0x19,0x65,0x19,0x65,0x19,0x65,0x19,0x65,0x19,
    0x65,0x19,0x45,0x19,0x65,0x19,0x86,0x19,0xe7,0x21,0xe7,0x21,0xe7,0x21,0xe7,0x21,0xe7,0x21,0xc7,0x21,0xc7,0x21,0xe7,0x21,
    0xc7,0x21,0xc7,0x21,0xc7,0x21,0xc7,0x21,0xc7,0x21,0xe7,0x21,0xc7,0x21,0xc7,0x21,0xe7,0x21,0xc7,0x21,0xc7,0x21,0xc7,0x21,
    0xc7,0x21,0xc7,0x21,0xc7,0x21,0xc7,0x21,0xc7,0x21,0xc7,0x21,0xc7,0x21,0xc7,0x21,0xc7,0x21,0xc7,0x21,0xc7,0x21,0xc7,0x21,
    0xc7,0x21,0xc7,0x21,0xc7,0x21,0xc7,0x21,0xc7,0x21,0xc7,0x21,0xc7,0x21,0xc7,0x21,0xc7,0x21,0xc7,0x21,0xc7,0x21,0xc7,0x21,
    0xc7,0x21,0xc7,0x21,0xc7,0x21,0xc7,0x21,0xc7,0x21,0xc7,0x21,0xc7,0x21,0xc7,0x21,0xc7,0x21,0xc7,0x21,0xc7,0x21,0xc7,0x21,
    0xc7,0x21,0xc7,0x21,0xc7,0x19,0xc7,0x19,0xa6,0x19,0x04,0x11,0xe3,0x10,0x24,0x19,0x45,0x19,0x45,0x19,0x45,0x19,0x45,0x19,
    0x45,0x19,0x45,0x19,0x45,0x19,0x45,0x19,0x45,0x19,0x45,0x19,0x45,0x19,0x45,0x19,0x45,0x19,0x45,0x19,0x45,0x19,0x45,0x19,
    0x45,0x19,0x45,0x19,0x45,0x19,0x45,0x19,0x45,0x19,0x45,0x19,0x45,0x19,0x45,0x19,0x45,0x19,0x65,0x19,0xc7,0x21,0xa6,0x19,
    0xa6,0x19,0xa6,0x19,0xa6,0x19,0xa6,0x19,0xa6,0x19,0xa6,0x19,0xa6,0x19,0xa6,0x19,0xa6,0x19,0xa6,0x19,0xa6,0x19,0xa6,0x19,
    0xa6,0x19,0xa6,0x19,0xa6,0x19,0xa6,0x19,0xa6,0x19,0xa6,0x19,0xa6,0x19,0xa6,0x19,0xa6,0x19,0xa6,0x19,0xa6,0x19,0xa6,0x19,
    0xa6,0x19,0xa6,0x19,0xa6,0x19,0xa6,0x19,0xa6,0x19,0xa6,0x19,0xa6,0x19,0xa6,0x19,0xa6,0x19,0xa6,0x19,0xa6,0x19,0xa6,0x19,
    0xa6,0x19,0xa6,0x19,0xa6,0x19,0xa6,0x19,0xa6,0x19,0xa6,0x19,0xa6,0x19,0xa6,0x19,0xa6,0x19,0xa6,0x19,0xa6,0x19,0xa6,0x19,
    0xa6,0x19,0xa6,0x19,0xa6,0x19,0xa6,0x19,0xa6,0x19,0xa6,0x19,0xa6,0x19,0xa6,0x19,0xa6,0x19,0x86,0x19,0x86,0x19,0x24,0x11,
    0xa2,0x08,0xe3,0x10,0x24,0x19,0x24,0x19,0x24,0x19,0x24,0x19,0x24,0x19,0x24,0x19,0x24,0x11,0x45,0x19,0x49,0x32,0x8a,0x32,
    0x89,0x32,0x69,0x32,0x4c,0x43,0x2f,0x54,0xee,0x4b,0x8d,0x43,0x6c,0x43,0x8c,0x43,0x6c,0x43,0x6c,0x43,0x6c,0x43,0x6c,0x43,
    0x6c,0x43,0x6c,0x43,0x2b,0x3b,0x89,0x32,0x07,0x22,0x24,0x19,0x45,0x19,0x65,0x21,0x65,0x21,0x65,0x21,0xe3,0x10,0x04,0x19,
    0x45,0x21,0x86,0x29,0x00,0x00,0x00,0x00,0x00,0x00,0x00,0x00,0x00,0x00,0x00,0x00,0x00,0x00,0x00,0x00,0x00,0x00,0x00,0x00,
    0x00,0x00,0x00,0x00,0x00,0x00,0x00,0x00,0x00,0x00,0x00,0x00,0x00,0x00,0x00,0x00,0x00,0x00,0x00,0x00,0x00,0x00,0x00,0x00,
    0x00,0x00,0x00,0x00,0x00,0x00,0x00,0x00,0x00,0x00,0x00,0x00,0x00,0x00,0x00,0x00,0x00,0x00,0x00,0x00,0x00,0x00,0x00,0x00,
    0x00,0x00,0x00,0x00,0xa6,0x29,0xc6,0x29,0xa6,0x21,0xa6,0x21,0x08,0x2a,0xaa,0x3a,0xcb,0x3a,0xeb,0x3a,0xeb,0x3a,0x8d,0x43,
    0x50,0x54,0xb1,0x5c,0xb1,0x5c,0x91,0x5c,0xb1,0x5c,0xb1,0x5c,0xb1,0x5c,0xb1,0x5c,0xb1,0x5c,0xb1,0x5c,0xb1,0x5c,0x70,0x54,
    0x0e,0x4c,0xeb,0x3a,0xeb,0x3a,0xeb,0x3a,0xaa,0x3a,0x08,0x2a,0x24,0x19,0x44,0x19,0x65,0x19,0x65,0x19,0x65,0x19,0x85,0x19,
    0x65,0x19,0x65,0x19,0x65,0x19,0x65,0x19,0xc7,0x19,0x08,0x22,0x08,0x22,0x08,0x22,0x08,0x22,0x08,0x22,0x08,0x22,0x08,0x22,
    0x08,0x22,0x08,0x22,0x08,0x22,0x08,0x22,0x08,0x22,0x08,0x22,0x08,0x22,0x08,0x22,0x08,0x22,0x08,0x22,0x08,0x22,0x08,0x22,
    0x08,0x22,0x08,0x22,0x08,0x22,0x08,0x22,0x08,0x22,0x08,0x22,0x08,0x22,0x08,0x22,0x08,0x22,0x08,0x22,0x08,0x22,0x08,0x22,
    0x08,0x22,0x08,0x22,0x08,0x22,0x08,0x22,0x08,0x22,0x08,0x22,0x08,0x22,0x08,0x22,0x08,0x22,0x08,0x22,0x08,0x22,0x08,0x22,
    0x08,0x22,0x08,0x22,0x08,0x22,0x08,0x22,0x08,0x22,0x08,0x22,0x08,0x22,0x08,0x22,0x08,0x22,0x08,0x22,0x08,0x22,0x08,0x22,
    0x08,0x22,0x08,0x22,0x08,0x22,0x08,0x22,0x07,0x22,0xc7,0x21,0x24,0x11,0x65,0x19,0x65,0x19,0x85,0x19,0x85,0x19,0x85,0x19,
    0x85,0x19,0x85,0x19,0x65,0x19,0x65,0x19,0x65,0x19,0x85,0x19,0x85,0x19,0x65,0x19,0x65,0x19,0x65,0x19,0x65,0x19,0x85,0x19,
    0x65,0x19,0x65,0x19,0x65,0x19,0x85,0x19,0x65,0x19,0x65,0x19,0x65,0x19,0x65,0x19,0x65,0x19,0x65,0x19,0xc7,0x21,0x08,0x22,
    0x07,0x22,0x07,0x22,0x07,0x22,0x08,0x22,0x07,0x22,0x07,0x22,0x07,0x22,0x08,0x22,0xe7,0x21,0x07,0x22,0x07,0x22,0xe7,0x21,
    0x07,0x22,0xe7,0x21,0xe7,0x21,0xe7,0x21,0xe7,0x21,0xe7,0x21,0x07,0x22,0xe7,0x21,0x07,0x22,0x07,0x22,0xe7,0x21,0xe7,0x21,
    0x07,0x22,0x07,0x22,0xe7,0x21,0x07,0x22,0xe7,0x21,0xe7,0x21,0xe7,0x21,0xe7,0x21,0xe7,0x21,0xe7,0x21,0xe7,0x21,0xe7,0x21,
    0xe7,0x21,0xe7,0x21,0xe7,0x21,0xe7,0x21,0xe7,0x21,0xe7,0x21,0xe7,0x21,0xe7,0x21,0xe7,0x21,0xe7,0x21,0xe7,0x21,0xe7,0x21,
    0xe7,0x21,0xe7,0x21,0xe7,0x21,0xe7,0x21,0xe7,0x21,0xe7,0x21,0xe7,0x21,0xe7,0x21,0xe7,0x21,0xe7,0x21,0xe7,0x21,0xc7,0x21,
    0x04,0x11,0x44,0x19,0x65,0x19,0x65,0x19,0x65,0x19,0x65,0x19,0x65,0x19,0x65,0x19,0x65,0x19,0x65,0x19,0x65,0x19,0x65,0x19,
    0x65,0x19,0x65,0x19,0x65,0x19,0x65,0x19,0x65,0x19,0x65,0x19,0x65,0x19,0x65,0x19,0x65,0x19,0x65,0x19,0x65,0x19,0x65,0x19,
    0x65,0x19,0x65,0x19,0x65,0x19,0x65,0x19,0x65,0x19,0x65,0x19,0x65,0x19,0x86,0x19,0xe7,0x21,0xe7,0x21,0xc7,0x21,0xe7,0x21,
    0xe7,0x21,0xc7,0x21,0xe7,0x21,0xe7,0x21,0xe7,0x21,0xe7,0x21,0xe7,0x21,0xc7,0x21,0xc7,0x21,0xc7,0x21,0xc7,0x21,0xe7,0x21,
    0xe7,0x21,0xc7,0x21,0xc7,0x21,0xe7,0x21,0xe7,0x21,0xc7,0x21,0xc7,0x21,0xc7,0x21,0xc7,0x21,0xc7,0x21,0xc7,0x21,0xc7,0x21,
    0xc7,0x21,0xc7,0x21,0xc7,0x21,0xc7,0x21,0xc7,0x21,0xc7,0x21,0xc7,0x21,0xc7,0x21,0xc7,0x21,0xc7,0x21,0xc7,0x21,0xc7,0x21,
    0xc7,0x21,0xc7,0x21,0xc7,0x21,0xc7,0x21,0xc7,0x21,0xc7,0x21,0xc7,0x19,0xc7,0x21,0xc7,0x21,0xc7,0x21,0xc7,0x21,0xc7,0x19,
    0xc7,0x21,0xc7,0x21,0xc7,0x21,0xc7,0x21,0xc7,0x21,0xc7,0x21,0xc7,0x19,0xc7,0x19,0xc6,0x19,0x04,0x11,0xe3,0x10,0x24,0x19,
    0x45,0x19,0x45,0x19,0x45,0x19,0x45,0x19,0x45,0x19,0x45,0x19,0x45,0x19,0x45,0x19,0x45,0x19,0x45,0x19,0x45,0x19,0x45,0x19,
    0x45,0x19,0x45,0x19,0x45,0x19,0x45,0x19,0x45,0x19,0x45,0x19,0x45,0x19,0x45,0x19,0x45,0x19,0x45,0x19,0x45,0x19,0x45,0x19,
    0x45,0x19,0x65,0x19,0xc7,0x21,0xc6,0x21,0xa6,0x19,0xa6,0x19,0xa6,0x19,0xa6,0x19,0xa6,0x19,0xa6,0x19,0xa6,0x19,0xa6,0x19,
    0xa6,0x19,0xa6,0x19,0xa6,0x19,0xa6,0x19,0xa6,0x19,0xa6,0x19,0xa6,0x19,0xa6,0x19,0xa6,0x19,0xa6,0x19,0xa6,0x19,0xa6,0x19,
    0xa6,0x19,0xa6,0x19,0xa6,0x19,0xa6,0x19,0xa6,0x19,0xa6,0x19,0xa6,0x19,0xa6,0x19,0xa6,0x19,0xa6,0x19,0xa6,0x19,0xa6,0x19,
    0xa6,0x19,0xa6,0x19,0xa6,0x19,0xa6,0x19,0xa6,0x19,0xa6,0x19,0xa6,0x19,0xa6,0x19,0xa6,0x19,0xa6,0x19,0xa6,0x19,0xa6,0x19,
    0xa6,0x19,0xa6,0x19,0xa6,0x19,0xa6,0x19,0xa6,0x19,0xa6,0x19,0xa6,0x19,0xa6,0x19,0xa6,0x19,0xa6,0x19,0xa6,0x19,0xa6,0x19,
    0xa6,0x19,0xa6,0x19,0x86,0x19,0x24,0x11,0xa2,0x08,0xe3,0x10,0x24,0x11,0x24,0x19,0x24,0x19,0x24,0x19,0x24,0x19,0x24,0x11,
    0x24,0x11,0x45,0x19,0x49,0x32,0x8a,0x32,0x89,0x32,0x69,0x32,0xaa,0x32,0xcd,0x4b,0xee,0x4b,0x8c,0x43,0x6c,0x3b,0x6c,0x43,
    0x6c,0x43,0x6c,0x3b,0x6c,0x3b,0x4c,0x3b,0x4c,0x3b,0x4c,0x3b,0x2b,0x3b,0x89,0x2a,0xc6,0x21,0xa6,0x21,0xc6,0x21,0xa6,0x21,
    0x85,0x21,0x65,0x21,0xe3,0x10,0x04,0x19,0x45,0x21,0x86,0x29,0x00,0x00,0x00,0x00,0x00,0x00,0x00,0x00,0x00,0x00,0x00,0x00,
    0x00,0x00,0x00,0x00,0x00,0x00,0x00,0x00,0x00,0x00,0x00,0x00,0x00,0x00,0x00,0x00,0x00,0x00,0x00,0x00,0x00,0x00,0x00,0x00,
    0x00,0x00,0x00,0x00,0x00,0x00,0x00,0x00,0x00,0x00,0x00,0x00,0x00,0x00,0x00,0x00,0x00,0x00,0x00,0x00,0x00,0x00,0x00,0x00,
    0x00,0x00,0x00,0x00,0x00,0x00,0x00,0x00,0x00,0x00,0x00,0x00,0xc7,0x29,0xa6,0x21,0xa6,0x21,0xa6,0x21,0x08,0x32,0xaa,0x3a,
    0xeb,0x3a,0x0b,0x3b,0x0b,0x3b,0x2c,0x43,0x8d,0x43,0xee,0x4b,0xce,0x4b,0xce,0x4b,0xee,0x4b,0xce,0x4b,0xee,0x4b,0x0e,0x4c,
    0xee,0x4b,0xee,0x4b,0xad,0x4b,0x8d,0x43,0x4c,0x43,0xeb,0x3a,0x0b,0x3b,0xeb,0x3a,0xaa,0x3a,0x08,0x2a,0x24,0x19,0x24,0x19,
    0x65,0x19,0x85,0x19,0x65,0x19,0x65,0x19,0x85,0x19,0x65,0x19,0x65,0x19,0x65,0x19,0xc7,0x19,0x08,0x22,0x08,0x22,0x08,0x22,
    0x08,0x22,0x08,0x22,0x08,0x22,0x08,0x22,0x08,0x22,0x08,0x22,0x08,0x22,0x08,0x22,0x08,0x22,0x08,0x22,0x08,0x22,0x08,0x22,
    0x08,0x22,0x08,0x22,0x08,0x22,0x08,0x22,0x08,0x22,0x08,0x22,0x08,0x22,0x08,0x22,0x08,0x22,0x08,0x22,0x08,0x22,0x08,0x22,
    0x08,0x22,0x08,0x22,0x08,0x22,0x08,0x22,0x08,0x22,0x08,0x22,0x08,0x22,0x08,0x22,0x08,0x22,0x08,0x22,0x08,0x22,0x08,0x22,
    0x08,0x22,0x08,0x22,0x08,0x22,0x08,0x22,0x08,0x22,0x08,0x22,0x08,0x22,0x08,0x22,0x08,0x22,0x08,0x22,0x08,0x22,0x08,0x22,
    0x08,0x22,0x08,0x22,0x08,0x22,0x08,0x22,0x08,0x22,0x08,0x22,0x08,0x22,0x08,0x22,0x08,0x22,0xc7,0x21,0x24,0x11,0x65,0x19,
    0x65,0x19,0x85,0x19,0x85,0x19,0x65,0x19,0x85,0x19,0x85,0x19,0x85,0x19,0x85,0x19,0x85,0x19,0x85,0x19,0x65,0x19,0x65,0x19,
    0x85,0x19,0x85,0x19,0x65,0x19,0x85,0x19,0x85,0x19,0x65,0x19,0x65,0x19,0x85,0x19,0x85,0x19,0x85,0x19,0x65,0x19,0x65,0x19,
    0x65,0x19,0x65,0x19,0xc7,0x21,0x08,0x22,0x07,0x22,0x07,0x22,0x07,0x22,0x07,0x22,0x07,0x22,0x07,0x22,0x07,0x22,0x07,0x22,
    0x07,0x22,0x07,0x22,0xe7,0x21,0x07,0x22,0xe7,0x21,0x07,0x22,0x07,0x22,0x07,0x22,0xe7,0x21,0xe7,0x21,0xe7,0x21,0x07,0x22,
    0x07,0x22,0x07,0x22,0x07,0x22,0xe7,0x21,0x07,0x22,0x07,0x22,0xe7,0x21,0xe7,0x21,0x07,0x22,0xe7,0x21,0xe7,0x21,0xe7,0x21,
    0xe7,0x21,0xe7,0x21,0xe7,0x21,0xe7,0x21,0xe7,0x21,0xe7,0x21,0xe7,0x21,0xe7,0x21,0xe7,0x21,0xe7,0x21,0xe7,0x21,0xe7,0x21,
    0xe7,0x21,0xe7,0x21,0xe7,0x21,0xe7,0x21,0xe7,0x21,0xe7,0x21,0xe7,0x21,0xe7,0x21,0xe7,0x21,0xe7,0x21,0xe7,0x21,0xe7,0x21,
    0xe7,0x21,0xe7,0x21,0xe7,0x21,0xc7,0x21,0x24,0x11,0x45,0x19,0x65,0x19,0x65,0x19,0x65,0x19,0x65,0x19,0x65,0x19,0x65,0x19,
    0x65,0x19,0x65,0x19,0x65,0x19,0x65,0x19,0x65,0x19,0x65,0x19,0x65,0x19,0x65,0x19,0x65,0x19,0x65,0x19,0x65,0x19,0x65,0x19,
    0x65,0x19,0x65,0x19,0x65,0x19,0x65,0x19,0x65,0x19,0x65,0x19,0x65,0x19,0x65,0x19,0x65,0x19,0x65,0x19,0x65,0x19,0x86,0x19,
    0xe7,0x21,0xe7,0x21,0xe7,0x21,0xe7,0x21,0xe7,0x21,0xe7,0x21,0xe7,0x21,0xe7,0x21,0xe7,0x21,0xe7,0x21,0xe7,0x21,0xe7,0x21,
    0xc7,0x21,0xe7,0x21,0xe7,0x21,0xc7,0x21,0xc7,0x21,0xc7,0x21,0xc7,0x21,0xc7,0x21,0xc7,0x21,0xc7,0x21,0xc7,0x21,0xc7,0x21,
    0xc7,0x21,0xc7,0x21,0xc7,0x21,0xe7,0x21,0xc7,0x21,0xc7,0x21,0xc7,0x21,0xc7,0x21,0xc7,0x21,0xc7,0x21,0xc7,0x21,0xc7,0x21,
    0xc7,0x21,0xc7,0x21,0xc7,0x21,0xc7,0x21,0xc7,0x21,0xc7,0x21,0xc7,0x21,0xc7,0x21,0xc7,0x21,0xc7,0x21,0xc7,0x21,0xc7,0x21,
    0xc7,0x21,0xc7,0x21,0xc7,0x21,0xc7,0x21,0xc7,0x21,0xc7,0x21,0xc7,0x21,0xc7,0x19,0xc7,0x21,0xc7,0x21,0xc7,0x21,0xc7,0x21,
    0xa6,0x19,0x24,0x11,0xe3,0x10,0x24,0x19,0x45,0x19,0x45,0x19,0x45,0x19,0x45,0x19,0x45,0x19,0x45,0x19,0x45,0x19,0x45,0x19,
    0x45,0x19,0x45,0x19,0x45,0x19,0x45,0x19,0x45,0x19,0x45,0x19,0x45,0x19,0x45,0x19,0x45,0x19,0x45,0x19,0x45,0x19,0x45,0x19,
    0x45,0x19,0x45,0x19,0x45,0x19,0x45,0x19,0x44,0x19,0x65,0x19,0xc7,0x21,0xa6,0x19,0xa6,0x19,0xa6,0x19,0xa6,0x19,0xa6,0x19,
    0xa6,0x19,0xa6,0x19,0xa6,0x19,0xa6,0x19,0xa6,0x19,0xa6,0x19,0xa6,0x19,0xa6,0x19,0xa6,0x19,0xa6,0x19,0xa6,0x19,0xa6,0x19,
    0xa6,0x19,0xa6,0x19,0xa6,0x19,0xa6,0x19,0xa6,0x19,0xa6,0x19,0xa6,0x19,0xa6,0x19,0xa6,0x19,0xa6,0x19,0xa6,0x19,0xa6,0x19,
    0xa6,0x19,0xa6,0x19,0xa6,0x19,0xa6,0x19,0xa6,0x19,0xa6,0x19,0xa6,0x19,0xa6,0x19,0xa6,0x19,0xa6,0x19,0xa6,0x19,0xa6,0x19,
    0xa6,0x19,0xa6,0x19,0xa6,0x19,0xa6,0x19,0xa6,0x19,0xa6,0x19,0xa6,0x19,0xa6,0x19,0xa6,0x19,0xa6,0x19,0xa6,0x19,0xa6,0x19,
    0xa6,0x19,0xa6,0x19,0x86,0x19,0xa6,0x19,0x86,0x19,0xa6,0x19,0x86,0x19,0x24,0x11,0xa2,0x10,0xe3,0x10,0x24,0x11,0x24,0x19,
    0x24,0x19,0x24,0x19,0x24,0x19,0x24,0x19,0x24,0x11,0x45,0x19,0x49,0x32,0xaa,0x3a,0x69,0x32,0x69,0x32,0x69,0x32,0xca,0x32,
    0x0b,0x3b,0xca,0x32,0xea,0x32,0xea,0x32,0xca,0x32,0xca,0x32,0xca,0x32,0xca,0x32,0xca,0x32,0xaa,0x32,0x89,0x2a,0x07,0x22,
    0xe7,0x21,0x08,0x2a,0x08,0x2a,0xc6,0x21,0x86,0x21,0x65,0x29,0xe3,0x10,0x04,0x19,0x45,0x21,0x65,0x29,0x00,0x00,0x00,0x00,
    0x00,0x00,0x00,0x00,0x00,0x00,0x00,0x00,0x00,0x00,0x00,0x00,0x00,0x00,0x00,0x00,0x00,0x00,0x00,0x00,0x00,0x00,0x00,0x00,
    0x00,0x00,0x00,0x00,0x00,0x00,0x00,0x00,0x00,0x00,0x00,0x00,0x00,0x00,0x00,0x00,0x00,0x00,0x00,0x00,0x00,0x00,0x00,0x00,
    0x00,0x00,0x00,0x00,0x00,0x00,0x00,0x00,0x00,0x00,0x00,0x00,0x00,0x00,0x00,0x00,0x00,0x00,0x00,0x00,0xa6,0x29,0xc7,0x29,
    0xa6,0x21,0xc6,0x21,0x08,0x2a,0xaa,0x3a,0xeb,0x3a,0x0b,0x3b,0x0c,0x43,0x0c,0x3b,0x2c,0x43,0x6d,0x43,0x6d,0x43,0x6d,0x43,
    0x8d,0x4b,0x4c,0x43,0x4c,0x43,0x6d,0x43,0x6d,0x43,0x4c,0x43,0x4c,0x43,0x4c,0x43,0x2c,0x43,0x0b,0x3b,0x0b,0x3b,0xeb,0x3a,
    0xaa,0x3a,0x08,0x2a,0x24,0x19,0x44,0x19,0x65,0x19,0x65,0x19,0x65,0x19,0x85,0x19,0x65,0x19,0x85,0x19,0x65,0x19,0x65,0x19,
    0xc7,0x19,0x08,0x22,0x08,0x22,0x08,0x22,0x08,0x22,0x08,0x22,0x08,0x22,0x08,0x22,0x08,0x22,0x08,0x22,0x08,0x22,0x08,0x22,
    0x08,0x22,0x08,0x22,0x08,0x22,0x08,0x22,0x08,0x22,0x08,0x22,0x08,0x22,0x08,0x22,0x08,0x22,0x08,0x22,0x08,0x22,0x08,0x22,
    0x08,0x22,0x08,0x22,0x08,0x22,0x08,0x22,0x08,0x22,0x08,0x22,0x08,0x22,0x08,0x22,0x08,0x22,0x08,0x22,0x08,0x22,0x08,0x22,
    0x08,0x22,0x08,0x22,0x08,0x22,0x08,0x22,0x08,0x22,0x08,0x22,0x08,0x22,0x08,0x22,0x08,0x22,0x08,0x22,0x08,0x22,0x08,0x22,
    0x08,0x22,0x08,0x22,0x08,0x22,0x08,0x22,0x08,0x22,0x08,0x22,0x08,0x22,0x08,0x22,0x08,0x22,0x08,0x22,0x08,0x22,0x08,0x22,
    0x08,0x22,0xc7,0x21,0x24,0x19,0x65,0x19,0x65,0x19,0x85,0x19,0x85,0x19,0x86,0x19,0x65,0x19,0x85,0x19,0x85,0x19,0x65,0x19,
    0x86,0x19,0x65,0x19,0x85,0x19,0x65,0x19,0x65,0x19,0x65,0x19,0x85,0x19,0x85,0x19,0x65,0x19,0x65,0x19,0x65,0x19,0x85,0x19,
    0x85,0x19,0x85,0x19,0x65,0x19,0x65,0x19,0x65,0x19,0x85,0x19,0xc7,0x21,0x08,0x22,0x07,0x22,0x07,0x22,0x08,0x22,0x08,0x22,
    0x07,0x22,0x08,0x22,0x07,0x22,0x07,0x22,0x08,0x22,0x08,0x22,0x07,0x22,0xe7,0x21,0x07,0x22,0xe7,0x21,0x07,0x22,0x07,0x22,
    0x07,0x22,0xe7,0x21,0x07,0x22,0xe7,0x21,0xe7,0x21,0x07,0x22,0xe7,0x21,0xe7,0x21,0x07,0x22,0xe7,0x21,0xe7,0x21,0x07,0x22,
    0xe7,0x21,0xe7,0x21,0xe7,0x21,0x07,0x22,0xe7,0x21,0xe7,0x21,0xe7,0x21,0xe7,0x21,0xe7,0x21,0xe7,0x21,0x07,0x22,0xe7,0x21,
    0xe7,0x21,0xe7,0x21,0xe7,0x21,0xe7,0x21,0xe7,0x21,0xe7,0x21,0xe7,0x21,0xe7,0x21,0xe7,0x21,0xe7,0x21,0xe7,0x21,0xe7,0x21,
    0xe7,0x21,0xe7,0x21,0xe7,0x21,0xe7,0x21,0xe7,0x21,0xe7,0x21,0xe7,0x21,0xc7,0x21,0x04,0x11,0x24,0x19,0x65,0x19,0x65,0x19,
    0x65,0x19,0x65,0x19,0x65,0x19,0x65,0x19,0x65,0x19,0x65,0x19,0x65,0x19,0x65,0x19,0x65,0x19,0x65,0x19,0x65,0x19,0x65,0x19,
    0x65,0x19,0x65,0x19,0x65,0x19,0x65,0x19,0x65,0x19,0x65,0x19,0x65,0x19,0x65,0x19,0x65,0x19,0x65,0x19,0x65,0x19,0x65,0x19,
    0x65,0x19,0x65,0x19,0x65,0x19,0xa6,0x19,0xe7,0x21,0xe7,0x21,0xe7,0x21,0xe7,0x21,0xe7,0x21,0xe7,0x21,0xe7,0x21,0xe7,0x21,
    0xe7,0x21,0xe7,0x21,0xc7,0x21,0xe7,0x21,0xe7,0x21,0xe7,0x21,0xe7,0x21,0xc7,0x21,0xc7,0x21,0xc7,0x21,0xc7,0x21,0xc7,0x21,
    0xc7,0x21,0xe7,0x21,0xc7,0x21,0xc7,0x21,0xc7,0x21,0xc7,0x21,0xc7,0x21,0xc7,0x21,0xc7,0x21,0xc7,0x21,0xc7,0x21,0xc7,0x21,
    0xc7,0x21,0xc7,0x21,0xc7,0x21,0xc7,0x21,0xc7,0x21,0xc7,0x21,0xc7,0x21,0xc7,0x21,0xc7,0x21,0xc7,0x21,0xc7,0x21,0xc7,0x21,
    0xc7,0x21,0xc7,0x21,0xc7,0x21,0xc7,0x21,0xc7,0x21,0xc7,0x21,0xc7,0x21,0xc7,0x21,0xc7,0x21,0xc7,0x21,0xc7,0x21,0xc7,0x21,
    0xc7,0x21,0xc7,0x21,0xc7,0x21,0xc7,0x21,0xc6,0x21,0x24,0x11,0xe3,0x10,0x24,0x19,0x45,0x19,0x45,0x19,0x45,0x19,0x45,0x19,
    0x45,0x19,0x45,0x19,0x45,0x19,0x45,0x19,0x45,0x19,0x45,0x19,0x45,0x19,0x45,0x19,0x45,0x19,0x45,0x19,0x45,0x19,0x45,0x19,
    0x45,0x19,0x45,0x19,0x45,0x19,0x45,0x19,0x45,0x19,0x45,0x19,0x45,0x19,0x45,0x19,0x45,0x19,0x65,0x19,0xc7,0x21,0xa6,0x19,
    0xa6,0x19,0xa6,0x19,0xa6,0x19,0xa6,0x19,0xa6,0x19,0xa6,0x19,0xa6,0x19,0xa6,0x19,0xa6,0x19,0xa6,0x19,0xa6,0x19,0xa6,0x19,
    0xa6,0x19,0xa6,0x19,0xa6,0x19,0xa6,0x19,0xa6,0x19,0xa6,0x19,0xa6,0x19,0xa6,0x19,0xa6,0x19,0xa6,0x19,0xa6,0x19,0xa6,0x19,
    0xa6,0x19,0xa6,0x19,0xa6,0x19,0xa6,0x19,0xa6,0x19,0xa6,0x19,0xa6,0x19,0xa6,0x19,0xa6,0x19,0xa6,0x19,0xa6,0x19,0xa6,0x19,
    0xa6,0x19,0xa6,0x19,0xa6,0x19,0xa6,0x19,0xa6,0x19,0xa6,0x19,0xa6,0x19,0xa6,0x19,0xa6,0x19,0xa6,0x19,0xa6,0x19,0xa6,0x19,
    0xa6,0x19,0xa6,0x19,0xa6,0x19,0xa6,0x19,0xa6,0x19,0xa6,0x19,0xa6,0x19,0xa6,0x19,0xa6,0x19,0x86,0x19,0x86,0x19,0x24,0x11,
    0xa2,0x10,0xe3,0x10,0x24,0x11,0x24,0x19,0x24,0x19,0x24,0x19,0x24,0x19,0x24,0x19,0x24,0x11,0x45,0x19,0x49,0x32,0x8a,0x32,
    0x69,0x32,0x69,0x32,0x69,0x32,0x69,0x32,0x69,0x32,0x69,0x2a,0x69,0x2a,0x48,0x2a,0x49,0x2a,0x49,0x2a,0x49,0x2a,0x69,0x2a,
    0x69,0x2a,0x48,0x2a,0x28,0x2a,0x28,0x2a,0x28,0x2a,0x28,0x2a,0x08,0x2a,0xc7,0x21,0x86,0x21,0x65,0x29,0xe3,0x10,0x04,0x19,
    0x45,0x21,0xa6,0x29,0x00,0x00,0x00,0x00,0x00,0x00,0x00,0x00,0x00,0x00,0x00,0x00,0x00,0x00,0x00,0x00,0x00,0x00,0x00,0x00,
    0x00,0x00,0x00,0x00,0x00,0x00,0x00,0x00,0x00,0x00,0x00,0x00,0x00,0x00,0x00,0x00,0x00,0x00,0x00,0x00,0x00,0x00,0x00,0x00,
    0x00,0x00,0x00,0x00,0x00,0x00,0x00,0x00,0x00,0x00,0x00,0x00,0x00,0x00,0x00,0x00,0x00,0x00,0x00,0x00,0x00,0x00,0x00,0x00,
    0x00,0x00,0x00,0x00,0xa6,0x29,0xc6,0x29,0xa6,0x21,0xa6,0x21,0x28,0x32,0xaa,0x3a,0xeb,0x3a,0x0b,0x43,0x0c,0x43,0x2c,0x43,
    0x4c,0x43,0x6d,0x43,0x6d,0x43,0x6d,0x43,0x8d,0x43,0x6d,0x4b,0x6d,0x43,0x8d,0x4b,0x8d,0x4b,0x8d,0x4b,0x6d,0x43,0x4d,0x43,
    0x2c,0x43,0x0b,0x3b,0x0b,0x43,0xeb,0x3a,0xaa,0x3a,0x08,0x2a,0x24,0x11,0x44,0x19,0x65,0x19,0x65,0x19,0x86,0x19,0x65,0x19,
    0x85,0x19,0x85,0x19,0x85,0x19,0x65,0x19,0xc7,0x19,0x08,0x22,0x08,0x22,0x08,0x22,0x08,0x22,0x08,0x22,0x08,0x22,0x08,0x22,
    0x08,0x22,0x08,0x22,0x08,0x22,0x08,0x22,0x08,0x22,0x08,0x22,0x08,0x22,0x08,0x22,0x08,0x22,0x08,0x22,0x08,0x22,0x08,0x22,
    0x08,0x22,0x08,0x22,0x08,0x22,0x08,0x22,0x08,0x22,0x08,0x22,0x08,0x22,0x08,0x22,0x08,0x22,0x08,0x22,0x08,0x22,0x08,0x22,
    0x08,0x22,0x08,0x22,0x08,0x22,0x08,0x22,0x08,0x22,0x08,0x22,0x08,0x22,0x08,0x22,0x08,0x22,0x08,0x22,0x08,0x22,0x08,0x22,
    0x08,0x22,0x08,0x22,0x08,0x22,0x08,0x22,0x08,0x22,0x08,0x22,0x08,0x22,0x08,0x22,0x08,0x22,0x08,0x22,0x08,0x22,0x08,0x22,
    0x08,0x22,0x08,0x22,0x08,0x22,0x08,0x22,0x08,0x22,0xc7,0x21,0x44,0x19,0x65,0x19,0x65,0x19,0x85,0x19,0x85,0x19,0x85,0x19,
    0x85,0x19,0x65,0x19,0x85,0x19,0x85,0x19,0x85,0x19,0x85,0x19,0x85,0x19,0x65,0x19,0x86,0x19,0x65,0x19,0x86,0x19,0x85,0x19,
    0x85,0x19,0x85,0x19,0x65,0x19,0x65,0x19,0x85,0x19,0x85,0x19,0x65,0x19,0x85,0x19,0x65,0x19,0x65,0x19,0xc7,0x19,0x08,0x22,
    0x08,0x22,0x08,0x22,0x07,0x22,0x07,0x22,0x08,0x22,0x07,0x22,0x07,0x22,0x07,0x22,0x07,0x22,0x07,0x22,0x07,0x22,0x07,0x22,
    0x07,0x22,0x07,0x22,0x07,0x22,0x07,0x22,0x07,0x22,0x07,0x22,0xe7,0x21,0x07,0x22,0xe7,0x21,0x07,0x22,0xe7,0x21,0xe7,0x21,
    0x07,0x22,0x07,0x22,0xe7,0x21,0x07,0x22,0xe7,0x21,0xe7,0x21,0xe7,0x21,0xe7,0x21,0xe7,0x21,0xe7,0x21,0xe7,0x21,0xe7,0x21,
    0x07,0x22,0xe7,0x21,0xe7,0x21,0xe7,0x21,0xe7,0x21,0xe7,0x21,0xe7,0x21,0xe7,0x21,0xe7,0x21,0xe7,0x21,0xe7,0x21,0xe7,0x21,
    0xe7,0x21,0xe7,0x21,0xe7,0x21,0xe7,0x21,0xe7,0x21,0xe7,0x21,0xe7,0x21,0xe7,0x21,0xe7,0x21,0xe7,0x21,0xe7,0x21,0xc7,0x21,
    0x04,0x11,0x45,0x19,0x65,0x19,0x65,0x19,0x65,0x19,0x65,0x19,0x65,0x19,0x65,0x19,0x65,0x19,0x65,0x19,0x65,0x19,0x65,0x19,
    0x65,0x19,0x65,0x19,0x65,0x19,0x65,0x19,0x65,0x19,0x65,0x19,0x65,0x19,0x65,0x19,0x65,0x19,0x65,0x19,0x65,0x19,0x65,0x19,
    0x65,0x19,0x65,0x19,0x65,0x19,0x65,0x19,0x65,0x19,0x65,0x19,0x65,0x19,0x86,0x19,0xe7,0x21,0xe7,0x21,0xe7,0x21,0xe7,0x21,
    0xe7,0x21,0xe7,0x21,0xe7,0x21,0xe7,0x21,0xe7,0x21,0xe7,0x21,0xe7,0x21,0xe7,0x21,0xc7,0x21,0xe7,0x21,0xe7,0x21,0xc7,0x21,
    0xc7,0x21,0xe7,0x21,0xc7,0x21,0xc7,0x21,0xc7,0x21,0xe7,0x21,0xc7,0x21,0xe7,0x21,0xc7,0x21,0xc7,0x21,0xc7,0x21,0xc7,0x21,
    0xc7,0x21,0xe7,0x21,0xc7,0x21,0xc7,0x21,0xc7,0x21,0xc7,0x21,0xc7,0x21,0xc7,0x21,0xc7,0x21,0xc7,0x21,0xc7,0x21,0xc7,0x21,
    0xc7,0x21,0xc7,0x21,0xc7,0x21,0xc7,0x21,0xc7,0x21,0xc7,0x21,0xc7,0x21,0xc7,0x21,0xc7,0x21,0xc7,0x21,0xc7,0x21,0xc7,0x21,
    0xc7,0x21,0xc7,0x19,0xc7,0x21,0xc7,0x21,0xc7,0x21,0xc7,0x21,0xc7,0x21,0xc7,0x21,0xc6,0x21,0x24,0x11,0xe3,0x10,0x24,0x19,
    0x45,0x19,0x45,0x19,0x45,0x19,0x45,0x19,0x45,0x19,0x45,0x19,0x45,0x19,0x45,0x19,0x45,0x19,0x45,0x19,0x45,0x19,0x45,0x19,
    0x45,0x19,0x45,0x19,0x45,0x19,0x45,0x19,0x45,0x19,0x45,0x19,0x45,0x19,0x45,0x19,0x45,0x19,0x45,0x19,0x45,0x19,0x45,0x19,
    0x45,0x19,0x65,0x19,0xc7,0x21,0xa6,0x19,0xa6,0x19,0xa6,0x19,0xa6,0x19,0xa6,0x19,0xa6,0x19,0xa6,0x19,0xa6,0x19,0xa6,0x19,
    0xa6,0x19,0xa6,0x19,0xa6,0x19,0xa6,0x19,0xa6,0x19,0xa6,0x19,0xa6,0x19,0xa6,0x19,0xa6,0x19,0xa6,0x19,0xa6,0x19,0xa6,0x19,
    0xa6,0x19,0xa6,0x19,0xa6,0x19,0xa6,0x19,0xa6,0x19,0xa6,0x19,0xa6,0x19,0xa6,0x19,0xa6,0x19,0xa6,0x19,0xa6,0x19,0xa6,0x19,
    0xa6,0x19,0xa6,0x19,0xa6,0x19,0xa6,0x19,0xa6,0x19,0xa6,0x19,0xa6,0x19,0xa6,0x19,0xa6,0x19,0xa6,0x19,0xa6,0x19,0xa6,0x19,
    0xa6,0x19,0xa6,0x19,0xa6,0x19,0xa6,0x19,0xa6,0x19,0xa6,0x19,0xa6,0x19,0xa6,0x19,0xa6,0x19,0xa6,0x19,0xa6,0x19,0xa6,0x19,
    0xa6,0x19,0xa6,0x19,0x86,0x19,0x24,0x11,0xa2,0x10,0xe3,0x10,0x24,0x19,0x24,0x19,0x24,0x19,0x24,0x19,0x24,0x19,0x24,0x11,
    0x24,0x11,0x45,0x19,0x49,0x32,0x8a,0x3a,0x89,0x32,0x69,0x32,0x69,0x32,0x89,0x32,0x89,0x32,0x69,0x2a,0x69,0x2a,0x49,0x2a,
    0x49,0x2a,0x69,0x2a,0x49,0x2a,0x48,0x2a,0x48,0x2a,0x48,0x2a,0x48,0x2a,0x48,0x2a,0x48,0x2a,0x28,0x2a,0x28,0x2a,0xc7,0x29,
    0x85,0x21,0x65,0x29,0xe3,0x10,0x04,0x19,0x45,0x21,0x86,0x29,0x00,0x00,0x00,0x00,0x00,0x00,0x00,0x00,0x00,0x00,0x00,0x00,
    0x00,0x00,0x00,0x00,0x00,0x00,0x00,0x00,0x00,0x00,0x00,0x00,0x00,0x00,0x00,0x00,0x00,0x00,0x00,0x00,0x00,0x00,0x00,0x00,
    0x00,0x00,0x00,0x00,0x00,0x00,0x00,0x00,0x00,0x00,0x00,0x00,0x00,0x00,0x00,0x00,0x00,0x00,0x00,0x00,0x00,0x00,0x00,0x00,
    0x00,0x00,0x00,0x00,0x00,0x00,0x00,0x00,0x00,0x00,0x00,0x00,0xc7,0x31,0xc6,0x29,0xa6,0x21,0xa6,0x21,0x08,0x2a,0x8a,0x3a,
    0xcb,0x3a,0x0b,0x43,0x0c,0x43,0x2c,0x43,0x4c,0x43,0x6d,0x43,0x6d,0x4b,0x8d,0x4b,0x8d,0x4b,0x6d,0x4b,0x6d,0x43,0x8d,0x4b,
    0x8d,0x4b,0x6d,0x4b,0x6d,0x4b,0x4c,0x43,0x2c,0x43,0x0b,0x3b,0x0b,0x3b,0xeb,0x3a,0xaa,0x3a,0x08,0x2a,0x24,0x11,0x44,0x19,
    0x65,0x19,0x65,0x19,0x85,0x19,0x85,0x19,0x85,0x19,0x85,0x19,0x65,0x19,0x65,0x19,0xc7,0x19,0x08,0x22,0x08,0x22,0x08,0x22,
    0x08,0x22,0x08,0x22,0x08,0x22,0x08,0x22,0x08,0x22,0x08,0x22,0x08,0x22,0x08,0x22,0x08,0x22,0x08,0x22,0x08,0x22,0x08,0x22,
    0x08,0x22,0x08,0x22,0x08,0x22,0x08,0x22,0x08,0x22,0x08,0x22,0x08,0x22,0x08,0x22,0x08,0x22,0x08,0x22,0x08,0x22,0x08,0x22,
    0x08,0x22,0x08,0x22,0x08,0x22,0x08,0x22,0x08,0x22,0x08,0x22,0x08,0x22,0x08,0x22,0x08,0x22,0x08,0x22,0x08,0x22,0x08,0x22,
    0x08,0x22,0x08,0x22,0x08,0x22,0x08,0x22,0x08,0x22,0x08,0x22,0x08,0x22,0x08,0x22,0x08,0x22,0x08,0x22,0x08,0x22,0x08,0x22,
    0x08,0x22,0x08,0x22,0x08,0x22,0x08,0x22,0x08,0x22,0x08,0x22,0x08,0x22,0x08,0x22,0x08,0x22,0xc7,0x21,0x24,0x11,0x65,0x19,
    0x65,0x19,0x85,0x19,0x86,0x19,0x85,0x19,0x85,0x19,0x85,0x19,0x85,0x19,0x85,0x19,0x85,0x19,0x85,0x19,0x65,0x19,0x85,0x19,
    0x86,0x19,0x65,0x19,0x86,0x19,0x85,0x19,0x85,0x19,0x65,0x19,0x85,0x19,0x85,0x19,0x85,0x19,0x85,0x19,0x85,0x19,0x85,0x19,
    0x65,0x19,0x65,0x19,0xc7,0x21,0x08,0x22,0x07,0x22,0x08,0x22,0x07,0x22,0x07,0x22,0x07,0x22,0x08,0x22,0x07,0x22,0x07,0x22,
    0x07,0x22,0x07,0x22,0x07,0x22,0x07,0x22,0x07,0x22,0x07,0x22,0x07,0x22,0x07,0x22,0x07,0x22,0x07,0x22,0x07,0x22,0xe7,0x21,
    0x07,0x22,0x07,0x22,0x07,0x22,0x07,0x22,0xe7,0x21,0x07,0x22,0xe7,0x21,0x07,0x22,0x07,0x22,0xe7,0x21,0xe7,0x21,0xe7,0x21,
    0x07,0x22,0xe7,0x21,0xe7,0x21,0xe7,0x21,0xe7,0x21,0xe7,0x21,0xe7,0x21,0xe7,0x21,0xe7,0x21,0xe7,0x21,0xe7,0x21,0xe7,0x21,
    0xe7,0x21,0xe7,0x21,0xe7,0x21,0xe7,0x21,0xe7,0x21,0xe7,0x21,0xe7,0x21,0xe7,0x21,0xe7,0x21,0xe7,0x21,0xe7,0x21,0xe7,0x21,
    0xe7,0x21,0xe7,0x21,0xe7,0x21,0xc7,0x21,0x04,0x11,0x45,0x19,0x65,0x19,0x65,0x19,0x65,0x19,0x65,0x19,0x65,0x19,0x65,0x19,
    0x65,0x19,0x65,0x19,0x65,0x19,0x65,0x19,0x65,0x19,0x65,0x19,0x65,0x19,0x65,0x19,0x65,0x19,0x65,0x19,0x65,0x19,0x65,0x19,
    0x65,0x19,0x65,0x19,0x65,0x19,0x65,0x19,0x65,0x19,0x65,0x19,0x65,0x19,0x65,0x19,0x65,0x19,0x45,0x19,0x45,0x19,0x86,0x19,
    0xe7,0x21,0xe7,0x21,0xe7,0x21,0xe7,0x21,0xe7,0x21,0xe7,0x21,0xe7,0x21,0xe7,0x21,0xe7,0x21,0xe7,0x21,0xe7,0x21,0xe7,0x21,
    0xe7,0x21,0xc7,0x21,0xe7,0x21,0xc7,0x21,0xe7,0x21,0xc7,0x21,0xe7,0x21,0xc7,0x21,0xc7,0x21,0xc7,0x21,0xe7,0x21,0xc7,0x21,
    0xc7,0x21,0xc7,0x21,0xc7,0x21,0xc7,0x21,0xc7,0x21,0xc7,0x21,0xc7,0x21,0xc7,0x21,0xc7,0x21,0xc7,0x21,0xc7,0x21,0xc7,0x21,
    0xc7,0x21,0xc7,0x21,0xc7,0x21,0xc7,0x21,0xc7,0x21,0xc7,0x21,0xc7,0x21,0xc7,0x21,0xc7,0x21,0xc7,0x21,0xc7,0x21,0xc7,0x19,
    0xc7,0x21,0xc7,0x21,0xc7,0x21,0xc7,0x21,0xc7,0x21,0xc7,0x19,0xc7,0x19,0xc7,0x21,0xc7,0x19,0xc7,0x21,0xc7,0x21,0xc7,0x21,
    0xc6,0x19,0x04,0x11,0xe3,0x10,0x44,0x19,0x45,0x19,0x45,0x19,0x45,0x19,0x45,0x19,0x45,0x19,0x45,0x19,0x45,0x19,0x45,0x19,
    0x45,0x19,0x45,0x19,0x45,0x19,0x45,0x19,0x45,0x19,0x45,0x19,0x45,0x19,0x45,0x19,0x45,0x19,0x45,0x19,0x45,0x19,0x45,0x19,
    0x45,0x19,0x45,0x19,0x45,0x19,0x45,0x19,0x45,0x19,0x65,0x19,0xc7,0x21,0xc6,0x21,0xa6,0x19,0xa6,0x19,0xa6,0x19,0xc6,0x21,
    0xa6,0x19,0xa6,0x19,0xa6,0x19,0xa6,0x19,0xa6,0x19,0xa6,0x19,0xa6,0x19,0xa6,0x19,0xa6,0x19,0xa6,0x19,0xa6,0x19,0xa6,0x19,
    0xa6,0x19,0xa6,0x19,0xa6,0x19,0xa6,0x19,0xa6,0x19,0xa6,0x19,0xa6,0x19,0xa6,0x19,0xa6,0x19,0xa6,0x19,0xa6,0x19,0xa6,0x19,
    0xa6,0x19,0xa6,0x19,0xa6,0x19,0xa6,0x19,0xa6,0x19,0xa6,0x19,0xa6,0x19,0xa6,0x19,0xa6,0x19,0xa6,0x19,0xa6,0x19,0xa6,0x19,
    0xa6,0x19,0xa6,0x19,0xa6,0x19,0xa6,0x19,0xa6,0x19,0xa6,0x19,0xa6,0x19,0xa6,0x19,0xa6,0x19,0xa6,0x19,0xa6,0x19,0xa6,0x19,
    0xa6,0x19,0xa6,0x19,0xa6,0x19,0xa6,0x19,0xa6,0x19,0x86,0x19,0x86,0x19,0x24,0x11,0xa2,0x10,0xe3,0x10,0x24,0x19,0x24,0x19,
    0x24,0x19,0x24,0x19,0x24,0x19,0x24,0x11,0x24,0x11,0x45,0x19,0x48,0x2a,0x8a,0x32,0x69,0x32,0x69,0x32,0x69,0x32,0x89,0x32,
    0x69,0x32,0x69,0x2a,0x49,0x2a,0x49,0x2a,0x49,0x2a,0x49,0x2a,0x49,0x2a,0x48,0x2a,0x48,0x2a,0x48,0x2a,0x48,0x2a,0x48,0x2a,
    0x48,0x2a,0x28,0x2a,0x08,0x2a,0xc7,0x29,0x85,0x21,0x65,0x21,0xe3,0x10,0x04,0x19,0x45,0x21,0xa6,0x31,0x00,0x00,0x00,0x00,
    0x00,0x00,0x00,0x00,0x00,0x00,0x00,0x00,0x00,0x00,0x00,0x00,0x00,0x00,0x00,0x00,0x00,0x00,0x00,0x00,0x00,0x00,0x00,0x00,
    0x00,0x00,0x00,0x00,0x00,0x00,0x00,0x00,0x00,0x00,0x00,0x00,0x00,0x00,0x00,0x00,0x00,0x00,0x00,0x00,0x00,0x00,0x00,0x00,
    0x00,0x00,0x00,0x00,0x00,0x00,0x00,0x00,0x00,0x00,0x00,0x00,0x00,0x00,0x00,0x00,0x00,0x00,0x00,0x00,0xa6,0x29,0xc7,0x29,
    0xa6,0x21,0xa6,0x21,0x08,0x32,0xaa,0x3a,0xeb,0x3a,0x4c,0x43,0x2c,0x43,0x4d,0x4b,0x6d,0x4b,0x6d,0x4b,0x4d,0x4b,0x6d,0x4b,
    0x6d,0x4b,0x6d,0x4b,0x8d,0x4b,0x8d,0x4b,0xae,0x53,0x6d,0x4b,0x8d,0x4b,0x6d,0x4b,0x4d,0x4b,0x4c,0x43,0x4d,0x4b,0x0b,0x43,
    0xca,0x3a,0x08,0x2a,0x24,0x11,0x45,0x19,0x65,0x19,0x85,0x19,0x85,0x19,0x85,0x19,0x85,0x19,0x86,0x19,0x85,0x19,0x65,0x19,
    0xc7,0x19,0x08,0x22,0x08,0x22,0x08,0x22,0x08,0x22,0x08,0x22,0x08,0x22,0x08,0x22,0x08,0x22,0x08,0x22,0x08,0x22,0x08,0x22,
    0x08,0x22,0x08,0x22,0x08,0x22,0x08,0x22,0x08,0x22,0x08,0x22,0x08,0x22,0x08,0x22,0x08,0x22,0x08,0x22,0x08,0x22,0x08,0x22,
    0x08,0x22,0x08,0x22,0x08,0x22,0x08,0x22,0x08,0x22,0x08,0x22,0x08,0x22,0x08,0x22,0x08,0x22,0x08,0x22,0x08,0x22,0x08,0x22,
    0x08,0x22,0x08,0x22,0x08,0x22,0x08,0x22,0x08,0x22,0x08,0x22,0x08,0x22,0x08,0x22,0x08,0x22,0x08,0x22,0x08,0x22,0x08,0x22,
    0x08,0x22,0x08,0x22,0x08,0x22,0x08,0x22,0x08,0x22,0x08,0x22,0x08,0x22,0x08,0x22,0x08,0x22,0x08,0x22,0x08,0x22,0x08,0x22,
    0x08,0x22,0xc7,0x21,0x44,0x19,0x65,0x19,0x85,0x19,0x85,0x19,0x86,0x19,0x65,0x19,0x85,0x19,0x85,0x19,0x65,0x19,0x85,0x19,
    0x86,0x19,0x85,0x19,0x85,0x19,0x85,0x19,0x85,0x19,0x85,0x19,0x86,0x19,0x85,0x19,0x85,0x19,0x85,0x19,0x85,0x19,0x65,0x19,
    0x85,0x19,0x85,0x19,0x65,0x19,0x85,0x19,0x65,0x19,0x65,0x19,0xc7,0x21,0x08,0x22,0x08,0x22,0x07,0x22,0x08,0x22,0x08,0x22,
    0x08,0x22,0x08,0x22,0x08,0x22,0x07,0x22,0x07,0x22,0x08,0x22,0x07,0x22,0x07,0x22,0x07,0x22,0x07,0x22,0x08,0x22,0x07,0x22,
    0x07,0x22,0x08,0x22,0x08,0x22,0x07,0x22,0xe7,0x21,0x07,0x22,0x07,0x22,0x07,0x22,0x07,0x22,0xe7,0x21,0xe7,0x21,0x07,0x22,
    0xe7,0x21,0xe7,0x21,0xe7,0x21,0x07,0x22,0xe7,0x21,0xe7,0x21,0x07,0x22,0xe7,0x21,0x07,0x22,0xe7,0x21,0xe7,0x21,0xe7,0x21,
    0xe7,0x21,0xe7,0x21,0xe7,0x21,0xe7,0x21,0xe7,0x21,0xe7,0x21,0xe7,0x21,0xe7,0x21,0xe7,0x21,0xe7,0x21,0xe7,0x21,0xe7,0x21,
    0xe7,0x21,0xe7,0x21,0xe7,0x21,0xe7,0x21,0xe7,0x21,0xe7,0x21,0xe7,0x21,0xc7,0x21,0x04,0x11,0x45,0x19,0x65,0x19,0x65,0x19,
    0x65,0x19,0x65,0x19,0x65,0x19,0x65,0x19,0x65,0x19,0x65,0x19,0x65,0x19,0x65,0x19,0x65,0x19,0x65,0x19,0x65,0x19,0x65,0x19,
    0x65,0x19,0x65,0x19,0x65,0x19,0x65,0x19,0x65,0x19,0x65,0x19,0x65,0x19,0x65,0x19,0x65,0x19,0x65,0x19,0x65,0x19,0x65,0x19,
    0x65,0x19,0x65,0x19,0x65,0x19,0x86,0x19,0xe7,0x21,0xe7,0x21,0xe7,0x21,0xe7,0x21,0xe7,0x21,0xe7,0x21,0xe7,0x21,0xe7,0x21,
    0xe7,0x21,0xe7,0x21,0xe7,0x21,0xe7,0x21,0xe7,0x21,0xe7,0x21,0xe7,0x21,0xc7,0x21,0xc7,0x21,0xc7,0x21,0xe7,0x21,0xe7,0x21,
    0xc7,0x21,0xc7,0x21,0xe7,0x21,0xc7,0x21,0xc7,0x21,0xc7,0x21,0xc7,0x21,0xc7,0x21,0xc7,0x21,0xc7,0x21,0xc7,0x21,0xc7,0x21,
    0xc7,0x21,0xc7,0x21,0xc7,0x21,0xc7,0x21,0xc7,0x21,0xc7,0x21,0xc7,0x21,0xc7,0x21,0xc7,0x21,0xc7,0x21,0xc7,0x21,0xc7,0x21,
    0xc7,0x21,0xc7,0x21,0xc7,0x21,0xc7,0x21,0xc7,0x21,0xc7,0x21,0xc7,0x21,0xc7,0x21,0xc7,0x21,0xc7,0x21,0xc7,0x21,0xc7,0x21,
    0xc7,0x21,0xc7,0x21,0xc7,0x19,0xc7,0x21,0xc6,0x19,0x24,0x11,0xe3,0x10,0x24,0x19,0x45,0x19,0x45,0x19,0x45,0x19,0x45,0x19,
    0x45,0x19,0x45,0x19,0x45,0x19,0x45,0x19,0x45,0x19,0x45,0x19,0x45,0x19,0x45,0x19,0x45,0x19,0x45,0x19,0x45,0x19,0x45,0x19,
    0x45,0x19,0x45,0x19,0x45,0x19,0x45,0x19,0x45,0x19,0x45,0x19,0x45,0x19,0x45,0x19,0x44,0x19,0x65,0x19,0xc7,0x21,0xc6,0x19,
    0xc6,0x21,0xa6,0x19,0xa6,0x19,0xa6,0x19,0xa6,0x19,0xa6,0x19,0xa6,0x19,0xa6,0x19,0xa6,0x19,0xa6,0x19,0xa6,0x19,0xa6,0x19,
    0xa6,0x19,0xa6,0x19,0xa6,0x19,0xa6,0x19,0xa6,0x19,0xa6,0x19,0xa6,0x19,0xa6,0x19,0xa6,0x19,0xa6,0x19,0xa6,0x19,0xa6,0x19,
    0xa6,0x19,0xa6,0x19,0xa6,0x19,0xa6,0x19,0xa6,0x19,0xa6,0x19,0xa6,0x19,0xa6,0x19,0xa6,0x19,0xa6,0x19,0xa6,0x19,0xa6,0x19,
    0xa6,0x19,0xa6,0x19,0xa6,0x19,0xa6,0x19,0xa6,0x19,0xa6,0x19,0xa6,0x19,0xa6,0x19,0xa6,0x19,0xa6,0x19,0xa6,0x19,0xa6,0x19,
    0xa6,0x19,0xa6,0x19,0xa6,0x19,0xa6,0x19,0xa6,0x19,0xa6,0x19,0xa6,0x19,0xa6,0x19,0xa6,0x19,0x86,0x19,0x86,0x19,0x04,0x11,
    0xa2,0x10,0xe3,0x10,0x24,0x19,0x24,0x19,0x24,0x19,0x24,0x19,0x24,0x19,0x24,0x19,0x24,0x11,0x45,0x19,0x49,0x32,0xaa,0x3a,
    0xaa,0x3a,0x69,0x32,0x69,0x32,0x69,0x32,0x69,0x32,0x69,0x32,0x69,0x32,0x69,0x32,0x69,0x32,0x69,0x32,0x69,0x32,0x69,0x32,
    0x69,0x32,0x49,0x32,0x49,0x32,0x69,0x32,0x49,0x32,0x49,0x32,0x28,0x2a,0xc7,0x29,0x85,0x21,0x65,0x21,0xe3,0x10,0x04,0x19,
    0x45,0x21,0x86,0x29,0x00,0x00,0x00,0x00,0x00,0x00,0x00,0x00,0x00,0x00,0x00,0x00,0x00,0x00,0x00,0x00,0x00,0x00,0x00,0x00,
    0x00,0x00,0x00,0x00,0x00,0x00,0x00,0x00,0x00,0x00,0x00,0x00,0x00,0x00,0x00,0x00,0x00,0x00,0x00,0x00,0x00,0x00,0x00,0x00,
    0x00,0x00,0x00,0x00,0x00,0x00,0x00,0x00,0x00,0x00,0x00,0x00,0x00,0x00,0x00,0x00,0x00,0x00,0x00,0x00,0x00,0x00,0x00,0x00,
    0x00,0x00,0x00,0x00,0xc7,0x31,0xc6,0x29,0xa6,0x21,0xa6,0x21,0x28,0x32,0xca,0x3a,0x2c,0x43,0x30,0x6c,0x71,0x74,0xd3,0x7c,
    0xb2,0x7c,0x71,0x74,0x30,0x6c,0x91,0x74,0x91,0x74,0x91,0x74,0x92,0x74,0x92,0x74,0xb2,0x7c,0xb2,0x7c,0xb2,0x7c,0x71,0x74,
    0x92,0x74,0xb2,0x7c,0x71,0x74,0x6d,0x53,0xcb,0x3a,0x28,0x2a,0x24,0x11,0x44,0x19,0x65,0x19,0x85,0x19,0x86,0x19,0x65,0x19,
    0x85,0x19,0x85,0x19,0x85,0x19,0x65,0x19,0xc7,0x19,0x08,0x22,0x08,0x22,0x08,0x22,0x08,0x22,0x08,0x22,0x08,0x22,0x08,0x22,
    0x08,0x22,0x08,0x22,0x08,0x22,0x08,0x22,0x08,0x22,0x08,0x22,0x08,0x22,0x08,0x22,0x08,0x22,0x08,0x22,0x08,0x22,0x08,0x22,
    0x08,0x22,0x08,0x22,0x08,0x22,0x08,0x22,0x08,0x22,0x08,0x22,0x08,0x22,0x08,0x22,0x08,0x22,0x08,0x22,0x08,0x22,0x08,0x22,
    0x08,0x22,0x08,0x22,0x08,0x22,0x08,0x22,0x08,0x22,0x08,0x22,0x08,0x22,0x08,0x22,0x08,0x22,0x08,0x22,0x08,0x22,0x08,0x22,
    0x08,0x22,0x08,0x22,0x08,0x22,0x08,0x22,0x08,0x22,0x08,0x22,0x08,0x22,0x08,0x22,0x08,0x22,0x08,0x22,0x08,0x22,0x08,0x22,
    0x08,0x22,0x08,0x22,0x08,0x22,0x08,0x22,0x08,0x22,0xc7,0x21,0x45,0x19,0x65,0x19,0x85,0x19,0x85,0x19,0x86,0x19,0x86,0x19,
    0x86,0x19,0x85,0x19,0x85,0x19,0x86,0x19,0x86,0x19,0x85,0x19,0x85,0x19,0x85,0x19,0x85,0x19,0x85,0x19,0x85,0x19,0x85,0x19,
    0x85,0x19,0x85,0x19,0x85,0x19,0x86,0x19,0x85,0x19,0x65,0x19,0x65,0x19,0x85,0x19,0x65,0x19,0x65,0x19,0xc7,0x21,0x08,0x22,
    0x08,0x22,0x08,0x22,0x08,0x22,0x08,0x22,0x08,0x22,0x08,0x22,0x08,0x22,0x08,0x22,0x07,0x22,0x08,0x22,0x08,0x22,0x08,0x22,
    0x07,0x22,0x07,0x22,0x08,0x22,0x08,0x22,0x08,0x22,0x08,0x22,0x07,0x22,0x07,0x22,0x07,0x22,0x08,0x22,0x07,0x22,0x07,0x22,
    0x07,0x22,0x07,0x22,0x07,0x22,0x07,0x22,0x07,0x22,0x07,0x22,0xe7,0x21,0x07,0x22,0x07,0x22,0xe7,0x21,0xe7,0x21,0xe7,0x21,
    0xe7,0x21,0xe7,0x21,0x07,0x22,0x07,0x22,0xe7,0x21,0xe7,0x21,0xe7,0x21,0xe7,0x21,0xe7,0x21,0x07,0x22,0xe7,0x21,0x07,0x22,
    0xe7,0x21,0xe7,0x21,0xe7,0x21,0xe7,0x21,0xe7,0x21,0xe7,0x21,0xe7,0x21,0xe7,0x21,0xe7,0x21,0xe7,0x21,0xe7,0x21,0xc7,0x21,
    0x04,0x11,0x45,0x19,0x65,0x19,0x65,0x19,0x65,0x19,0x65,0x19,0x65,0x19,0x65,0x19,0x65,0x19,0x65,0x19,0x65,0x19,0x65,0x19,
    0x65,0x19,0x65,0x19,0x65,0x19,0x65,0x19,0x65,0x19,0x65,0x19,0x65,0x19,0x65,0x19,0x65,0x19,0x65,0x19,0x65,0x19,0x65,0x19,
    0x65,0x19,0x65,0x19,0x65,0x19,0x65,0x19,0x65,0x19,0x65,0x19,0x65,0x19,0x86,0x19,0xe7,0x21,0xe7,0x21,0xe7,0x21,0xe7,0x21,
    0xe7,0x21,0xe7,0x21,0xe7,0x21,0xe7,0x21,0xe7,0x21,0xe7,0x21,0xe7,0x21,0xe7,0x21,0xe7,0x21,0xc7,0x21,0xe7,0x21,0xe7,0x21,
    0xe7,0x21,0xe7,0x21,0xe7,0x21,0xe7,0x21,0xe7,0x21,0xc7,0x21,0xe7,0x21,0xc7,0x21,0xe7,0x21,0xc7,0x21,0xe7,0x21,0xc7,0x21,
    0xc7,0x21,0xe7,0x21,0xc7,0x21,0xc7,0x21,0xc7,0x21,0xc7,0x21,0xc7,0x21,0xc7,0x21,0xc7,0x21,0xc7,0x21,0xc7,0x21,0xc7,0x21,
    0xc7,0x21,0xc7,0x21,0xc7,0x21,0xc7,0x21,0xc7,0x21,0xc7,0x21,0xc7,0x21,0xc7,0x21,0xc7,0x21,0xc7,0x21,0xc7,0x21,0xc7,0x21,
    0xc7,0x21,0xc7,0x21,0xc7,0x21,0xc7,0x19,0xc7,0x21,0xc7,0x21,0xc7,0x21,0xc7,0x21,0xc6,0x19,0x04,0x11,0xe3,0x10,0x24,0x19,
    0x45,0x19,0x45,0x19,0x45,0x19,0x45,0x19,0x45,0x19,0x45,0x19,0x45,0x19,0x45,0x19,0x45,0x19,0x45,0x19,0x45,0x19,0x45,0x19,
    0x45,0x19,0x45,0x19,0x45,0x19,0x45,0x19,0x45,0x19,0x45,0x19,0x45,0x19,0x45,0x19,0x45,0x19,0x45,0x19,0x45,0x19,0x45,0x19,
    0x45,0x19,0x65,0x19,0xc7,0x21,0xc6,0x19,0xa6,0x19,0xa6,0x19,0xc6,0x21,0xc6,0x21,0xa6,0x19,0xa6,0x19,0xa6,0x19,0xa6,0x19,
    0xa6,0x19,0xa6,0x19,0xa6,0x19,0xa6,0x19,0xa6,0x19,0xa6,0x19,0xa6,0x19,0xa6,0x19,0xa6,0x19,0xa6,0x19,0xa6,0x19,0xa6,0x19,
    0xa6,0x19,0xa6,0x19,0xa6,0x19,0xa6,0x19,0xa6,0x19,0xa6,0x19,0xa6,0x19,0xa6,0x19,0xa6,0x19,0xa6,0x19,0xa6,0x19,0xa6,0x19,
    0xa6,0x19,0xa6,0x19,0xa6,0x19,0xa6,0x19,0xa6,0x19,0xa6,0x19,0xa6,0x19,0xa6,0x19,0xa6,0x19,0xa6,0x19,0xa6,0x19,0xa6,0x19,
    0xa6,0x19,0xa6,0x19,0xa6,0x19,0xa6,0x19,0xa6,0x19,0xa6,0x19,0xa6,0x19,0xa6,0x19,0xa6,0x19,0xa6,0x19,0xa6,0x19,0xa6,0x19,
    0xa6,0x19,0x86,0x19,0xa6,0x19,0x04,0x11,0xa2,0x10,0xe3,0x10,0x24,0x19,0x24,0x19,0x24,0x19,0x24,0x19,0x24,0x19,0x24,0x11,
    0x24,0x11,0x65,0x19,0x49,0x32,0xeb,0x42,0x4c,0x53,0xaa,0x3a,0x89,0x32,0x69,0x32,0x89,0x32,0x89,0x32,0x89,0x32,0x89,0x32,
    0x69,0x32,0x69,0x32,0x69,0x32,0x69,0x32,0x69,0x32,0x69,0x32,0x69,0x32,0x69,0x32,0x69,0x32,0x69,0x32,0x48,0x32,0xe7,0x29,
    0x86,0x21,0x65,0x21,0xe3,0x10,0x04,0x19,0x45,0x21,0xa6,0x31,0x82,0x08,0x00,0x00,0x00,0x00,0x00,0x00,0x00,0x00,0x00,0x00,
    0x00,0x00,0x00,0x00,0x00,0x00,0x00,0x00,0x00,0x00,0x00,0x00,0x00,0x00,0x00,0x00,0x00,0x00,0x00,0x00,0x00,0x00,0x00,0x00,
    0x00,0x00,0x00,0x00,0x00,0x00,0x00,0x00,0x00,0x00,0x00,0x00,0x00,0x00,0x00,0x00,0x00,0x00,0x00,0x00,0x00,0x00,0x00,0x00,
    0x00,0x00,0x00,0x00,0x00,0x00,0x00,0x00,0x00,0x00,0x00,0x00,0xe7,0x31,0xc6,0x29,0xa6,0x21,0xc6,0x21,0x28,0x32,0xca,0x3a,
    0x2c,0x43,0x71,0x74,0x13,0x85,0x34,0x8d,0xf3,0x84,0x34,0x8d,0x13,0x85,0x34,0x8d,0x34,0x8d,0x34,0x8d,0x14,0x8d,0xf3,0x84,
    0x14,0x85,0x14,0x85,0x34,0x8d,0xf3,0x84,0xd3,0x7c,0xf3,0x84,0xd2,0x7c,0x6d,0x53,0xeb,0x3a,0x08,0x2a,0x24,0x11,0x45,0x19,
    0x65,0x19,0x65,0x19,0x85,0x19,0x85,0x19,0x65,0x19,0x85,0x19,0x85,0x19,0x65,0x19,0xc7,0x19,0x08,0x22,0x08,0x22,0x08,0x22,
    0x08,0x22,0x08,0x22,0x08,0x22,0x08,0x22,0x08,0x22,0x08,0x22,0x08,0x22,0x08,0x22,0x08,0x22,0x08,0x22,0x08,0x22,0x08,0x22,
    0x08,0x22,0x08,0x22,0x08,0x22,0x08,0x22,0x08,0x22,0x08,0x22,0x08,0x22,0x08,0x22,0x08,0x22,0x08,0x22,0x08,0x22,0x08,0x22,
    0x08,0x22,0x08,0x22,0x08,0x22,0x08,0x22,0x08,0x22,0x08,0x22,0x08,0x22,0x08,0x22,0x08,0x22,0x08,0x22,0x08,0x22,0x08,0x22,
    0x08,0x22,0x08,0x22,0x08,0x22,0x08,0x22,0x08,0x22,0x08,0x22,0x08,0x22,0x08,0x22,0x08,0x22,0x08,0x22,0x08,0x22,0x08,0x22,
    0x08,0x22,0x08,0x22,0x08,0x22,0x08,0x22,0x08,0x22,0x08,0x22,0x08,0x22,0x08,0x22,0x08,0x22,0xc7,0x21,0x45,0x19,0x65,0x19,
    0x85,0x19,0x86,0x19,0x86,0x19,0x85,0x19,0x85,0x19,0x86,0x19,0x85,0x19,0x86,0x19,0x85,0x19,0x85,0x19,0x86,0x19,0x85,0x19,
    0x85,0x19,0x85,0x19,0x85,0x19,0x86,0x19,0x65,0x19,0x85,0x19,0x85,0x19,0x86,0x19,0x85,0x19,0x85,0x19,0x85,0x19,0x85,0x19,
    0x85,0x19,0x65,0x19,0xc7,0x21,0x08,0x22,0x08,0x22,0x08,0x22,0x08,0x22,0x08,0x22,0x08,0x22,0x07,0x22,0x08,0x22,0x08,0x22,
    0x08,0x22,0x07,0x22,0x08,0x22,0x07,0x22,0x07,0x22,0x08,0x22,0x08,0x22,0x08,0x22,0x07,0x22,0x08,0x22,0x08,0x22,0x08,0x22,
    0x07,0x22,0x07,0x22,0xe7,0x21,0x07,0x22,0x07,0x22,0x07,0x22,0x07,0x22,0x07,0x22,0x07,0x22,0x07,0x22,0x07,0x22,0x07,0x22,
    0x07,0x22,0xe7,0x21,0xe7,0x21,0xe7,0x21,0xe7,0x21,0xe7,0x21,0xe7,0x21,0x07,0x22,0xe7,0x21,0xe7,0x21,0xe7,0x21,0xe7,0x21,
    0xe7,0x21,0xe7,0x21,0xe7,0x21,0x07,0x22,0xe7,0x21,0xe7,0x21,0xe7,0x21,0xe7,0x21,0xe7,0x21,0xe7,0x21,0xe7,0x21,0xe7,0x21,
    0xe7,0x21,0xe7,0x21,0xe7,0x21,0xc7,0x21,0x04,0x11,0x45,0x19,0x65,0x19,0x65,0x19,0x65,0x19,0x65,0x19,0x65,0x19,0x65,0x19,
    0x65,0x19,0x65,0x19,0x65,0x19,0x65,0x19,0x65,0x19,0x65,0x19,0x65,0x19,0x65,0x19,0x65,0x19,0x65,0x19,0x65,0x19,0x65,0x19,
    0x65,0x19,0x65,0x19,0x65,0x19,0x65,0x19,0x65,0x19,0x65,0x19,0x65,0x19,0x65,0x19,0x65,0x19,0x65,0x19,0x65,0x19,0x86,0x19,
    0xe7,0x21,0xe7,0x21,0xe7,0x21,0xe7,0x21,0xe7,0x21,0xe7,0x21,0xe7,0x21,0xe7,0x21,0xe7,0x21,0xe7,0x21,0xe7,0x21,0xe7,0x21,
    0xe7,0x21,0xe7,0x21,0xe7,0x21,0xe7,0x21,0xe7,0x21,0xe7,0x21,0xe7,0x21,0xc7,0x21,0xc7,0x21,0xe7,0x21,0xc7,0x21,0xe7,0x21,
    0xe7,0x21,0xc7,0x21,0xc7,0x21,0xc7,0x21,0xe7,0x21,0xc7,0x21,0xc7,0x21,0xc7,0x21,0xc7,0x21,0xc7,0x21,0xc7,0x21,0xc7,0x21,
    0xc7,0x21,0xc7,0x21,0xc7,0x21,0xc7,0x21,0xc7,0x21,0xc7,0x21,0xc7,0x21,0xc7,0x21,0xc7,0x21,0xc7,0x21,0xc7,0x21,0xc7,0x21,
    0xc7,0x21,0xc7,0x21,0xc7,0x21,0xc7,0x21,0xc7,0x21,0xc7,0x21,0xc7,0x21,0xc7,0x21,0xc7,0x21,0xc7,0x21,0xc7,0x21,0xc7,0x21,
    0xc6,0x21,0x24,0x11,0xe3,0x10,0x24,0x19,0x45,0x19,0x45,0x19,0x45,0x19,0x45,0x19,0x45,0x19,0x45,0x19,0x45,0x19,0x45,0x19,
    0x45,0x19,0x45,0x19,0x45,0x19,0x45,0x19,0x45,0x19,0x45,0x19,0x45,0x19,0x45,0x19,0x45,0x19,0x45,0x19,0x45,0x19,0x45,0x19,
    0x45,0x19,0x45,0x19,0x45,0x19,0x45,0x19,0x45,0x19,0x65,0x19,0xc7,0x21,0xc6,0x19,0xc6,0x19,0xc6,0x21,0xa6,0x19,0xa6,0x19,
    0xa6,0x19,0xa6,0x19,0xc6,0x19,0xc6,0x19,0xa6,0x19,0xa6,0x19,0xa6,0x19,0xa6,0x19,0xa6,0x19,0xa6,0x19,0xa6,0x19,0xa6,0x19,
    0xa6,0x19,0xa6,0x19,0xa6,0x19,0xa6,0x19,0xa6,0x19,0xa6,0x19,0xa6,0x19,0xa6,0x19,0xa6,0x19,0xa6,0x19,0xa6,0x19,0xa6,0x19,
    0xa6,0x19,0xa6,0x19,0xa6,0x19,0xa6,0x19,0xa6,0x19,0xa6,0x19,0xa6,0x19,0xa6,0x19,0xa6,0x19,0xa6,0x19,0xa6,0x19,0xa6,0x19,
    0xa6,0x19,0xa6,0x19,0xa6,0x19,0xa6,0x19,0xa6,0x19,0xa6,0x19,0xa6,0x19,0xa6,0x19,0xa6,0x19,0xa6,0x19,0xa6,0x19,0xa6,0x19,
    0xa6,0x19,0x86,0x19,0xa6,0x19,0xa6,0x19,0xa6,0x19,0xa6,0x19,0xa6,0x19,0x24,0x11,0xc2,0x10,0xe3,0x10,0x24,0x11,0x24,0x19,
    0x24,0x19,0x24,0x19,0x24,0x11,0x24,0x19,0x24,0x11,0x45,0x19,0x69,0x32,0x2c,0x4b,0x8d,0x5b,0xeb,0x4a,0x8a,0x3a,0x89,0x3a,
    0x89,0x32,0x89,0x32,0x89,0x32,0x89,0x32,0x69,0x32,0x89,0x32,0x69,0x32,0x69,0x32,0x69,0x32,0x69,0x32,0x69,0x32,0x69,0x32,
    0x69,0x32,0x69,0x32,0x48,0x32,0xe7,0x29,0x86,0x21,0x85,0x21,0xe3,0x10,0x04,0x19,0x45,0x21,0x85,0x29,0x00,0x00,0x00,0x00,
    0x00,0x00,0x00,0x00,0x00,0x00,0x00,0x00,0x00,0x00,0x00,0x00,0x00,0x00,0x00,0x00,0x00,0x00,0x00,0x00,0x00,0x00,0x00,0x00,
    0x00,0x00,0x00,0x00,0x00,0x00,0x00,0x00,0x00,0x00,0x00,0x00,0x00,0x00,0x00,0x00,0x00,0x00,0x00,0x00,0x00,0x00,0x00,0x00,
    0x00,0x00,0x00,0x00,0x00,0x00,0x00,0x00,0x00,0x00,0x00,0x00,0x00,0x00,0x00,0x00,0x00,0x00,0x00,0x00,0xa6,0x29,0xc7,0x29,
    0xa6,0x21,0xa6,0x21,0x08,0x2a,0x8a,0x3a,0xeb,0x3a,0x4c,0x4b,0x6d,0x53,0x4d,0x4b,0x4d,0x4b,0x6d,0x4b,0x6d,0x53,0xae,0x5b,
    0xae,0x5b,0x8e,0x53,0x8e,0x53,0x8d,0x53,0x8e,0x53,0xae,0x5b,0x8e,0x53,0x6d,0x53,0x4d,0x4b,0x6d,0x4b,0x8d,0x53,0x0b,0x43,
    0xaa,0x32,0xe7,0x21,0x24,0x11,0x45,0x19,0x65,0x19,0x65,0x19,0x86,0x19,0x86,0x19,0x85,0x19,0x85,0x19,0x86,0x19,0x65,0x19,
    0xc7,0x19,0x08,0x22,0x08,0x22,0x08,0x22,0x08,0x22,0x08,0x22,0x08,0x22,0x08,0x22,0x08,0x22,0x08,0x22,0x08,0x22,0x08,0x22,
    0x08,0x22,0x08,0x22,0x08,0x22,0x08,0x22,0x08,0x22,0x08,0x22,0x08,0x22,0x08,0x22,0x08,0x22,0x08,0x22,0x08,0x22,0x08,0x22,
    0x08,0x22,0x08,0x22,0x08,0x22,0x08,0x22,0x08,0x22,0x08,0x22,0x08,0x22,0x08,0x22,0x08,0x22,0x08,0x22,0x08,0x22,0x08,0x22,
    0x08,0x22,0x08,0x22,0x08,0x22,0x08,0x22,0x08,0x22,0x08,0x22,0x08,0x22,0x08,0x22,0x08,0x22,0x08,0x22,0x08,0x22,0x08,0x22,
    0x08,0x22,0x08,0x22,0x08,0x22,0x08,0x22,0x08,0x22,0x08,0x22,0x08,0x22,0x08,0x22,0x08,0x22,0x08,0x22,0x08,0x22,0x08,0x22,
    0x08,0x22,0xe7,0x21,0x45,0x19,0x65,0x19,0x86,0x19,0x86,0x19,0x86,0x19,0x86,0x19,0x86,0x19,0x65,0x19,0x86,0x19,0x85,0x19,
    0x85,0x19,0x86,0x19,0x85,0x19,0x86,0x19,0x86,0x19,0x85,0x19,0x85,0x19,0x85,0x19,0x86,0x19,0x85,0x19,0x85,0x19,0x86,0x19,
    0x85,0x19,0x86,0x19,0x86,0x19,0x86,0x19,0x65,0x19,0x65,0x19,0xc7,0x19,0x08,0x22,0x08,0x22,0x07,0x22,0x07,0x22,0x08,0x22,
    0x08,0x22,0x08,0x22,0x08,0x22,0x07,0x22,0x08,0x22,0x08,0x22,0x08,0x22,0x08,0x22,0x08,0x22,0x08,0x22,0x08,0x22,0x08,0x22,
    0x07,0x22,0x08,0x22,0x08,0x22,0x07,0x22,0x07,0x22,0x08,0x22,0x07,0x22,0x07,0x22,0x07,0x22,0x07,0x22,0x07,0x22,0x07,0x22,
    0x07,0x22,0x08,0x22,0x08,0x22,0x07,0x22,0x07,0x22,0x07,0x22,0x07,0x22,0xe7,0x21,0x07,0x22,0x07,0x22,0x07,0x22,0xe7,0x21,
    0xe7,0x21,0xe7,0x21,0xe7,0x21,0xe7,0x21,0x07,0x22,0xe7,0x21,0xe7,0x21,0xe7,0x21,0xe7,0x21,0x07,0x22,0xe7,0x21,0xe7,0x21,
    0xe7,0x21,0xe7,0x21,0xe7,0x21,0xe7,0x21,0xe7,0x21,0xe7,0x21,0xe7,0x21,0xc7,0x21,0x04,0x11,0x45,0x19,0x65,0x19,0x65,0x19,
    0x65,0x19,0x65,0x19,0x65,0x19,0x65,0x19,0x65,0x19,0x65,0x19,0x65,0x19,0x65,0x19,0x65,0x19,0x65,0x19,0x65,0x19,0x65,0x19,
    0x65,0x19,0x65,0x19,0x65,0x19,0x65,0x19,0x65,0x19,0x65,0x19,0x65,0x19,0x65,0x19,0x65,0x19,0x65,0x19,0x65,0x19,0x65,0x19,
    0x65,0x19,0x65,0x19,0x65,0x19,0x86,0x19,0xe7,0x21,0xe7,0x21,0xe7,0x21,0xe7,0x21,0xe7,0x21,0xe7,0x21,0xe7,0x21,0xe7,0x21,
    0xe7,0x21,0xe7,0x21,0xe7,0x21,0xe7,0x21,0xe7,0x21,0xe7,0x21,0xe7,0x21,0xc7,0x21,0xe7,0x21,0xe7,0x21,0xe7,0x21,0xe7,0x21,
    0xe7,0x21,0xe7,0x21,0xc7,0x21,0xe7,0x21,0xc7,0x21,0xc7,0x21,0xc7,0x21,0xc7,0x21,0xc7,0x21,0xc7,0x21,0xc7,0x21,0xc7,0x21,
    0xe7,0x21,0xc7,0x21,0xc7,0x21,0xc7,0x21,0xc7,0x21,0xc7,0x21,0xc7,0x21,0xc7,0x21,0xc7,0x21,0xc7,0x21,0xc7,0x21,0xc7,0x21,
    0xc7,0x21,0xc7,0x21,0xc7,0x21,0xc7,0x21,0xc7,0x21,0xc7,0x21,0xc7,0x21,0xc7,0x21,0xc7,0x21,0xc7,0x21,0xc7,0x21,0xc7,0x21,
    0xc7,0x21,0xc7,0x21,0xc7,0x21,0xc7,0x21,0xc6,0x19,0x24,0x11,0xc3,0x10,0x24,0x19,0x45,0x19,0x45,0x19,0x45,0x19,0x45,0x19,
    0x45,0x19,0x45,0x19,0x45,0x19,0x45,0x19,0x45,0x19,0x45,0x19,0x45,0x19,0x45,0x19,0x45,0x19,0x45,0x19,0x45,0x19,0x45,0x19,
    0x45,0x19,0x45,0x19,0x45,0x19,0x45,0x19,0x45,0x19,0x45,0x19,0x45,0x19,0x45,0x19,0x45,0x19,0x65,0x19,0xc7,0x21,0xc6,0x19,
    0xa6,0x19,0xc6,0x21,0xc6,0x19,0xa6,0x19,0xc6,0x21,0xa6,0x19,0xa6,0x19,0xc6,0x19,0xa6,0x19,0xa6,0x19,0xa6,0x19,0xa6,0x19,
    0xa6,0x19,0xa6,0x19,0xa6,0x19,0xa6,0x19,0xa6,0x19,0xa6,0x19,0xa6,0x19,0xa6,0x19,0xa6,0x19,0xa6,0x19,0xa6,0x19,0xa6,0x19,
    0xa6,0x19,0xa6,0x19,0xa6,0x19,0xa6,0x19,0xa6,0x19,0xa6,0x19,0xa6,0x19,0xa6,0x19,0xa6,0x19,0xa6,0x19,0xa6,0x19,0xa6,0x19,
    0xa6,0x19,0xa6,0x19,0xa6,0x19,0xa6,0x19,0xa6,0x19,0xa6,0x19,0xa6,0x19,0xa6,0x19,0xa6,0x19,0xa6,0x19,0xa6,0x19,0xa6,0x19,
    0xa6,0x19,0xa6,0x19,0xa6,0x19,0xa6,0x19,0xa6,0x19,0xa6,0x19,0xa6,0x19,0xa6,0x19,0xa6,0x19,0xa6,0x19,0xa6,0x19,0x24,0x11,
    0xa2,0x10,0x03,0x11,0x24,0x19,0x24,0x19,0x24,0x19,0x24,0x11,0x24,0x19,0x24,0x11,0x24,0x11,0x45,0x19,0x48,0x2a,0xaa,0x3a,
    0xcb,0x42,0x69,0x32,0x49,0x32,0x69,0x32,0x49,0x32,0x69,0x32,0x49,0x32,0x49,0x32,0x49,0x32,0x49,0x32,0x49,0x32,0x49,0x32,
    0x49,0x32,0x49,0x32,0x49,0x32,0x49,0x32,0x49,0x32,0x48,0x32,0x28,0x2a,0xc7,0x21,0x85,0x21,0x65,0x29,0xe3,0x10,0x04,0x19,
    0x45,0x21,0xa6,0x29,0x00,0x00,0x00,0x00,0x00,0x00,0x00,0x00,0x00,0x00,0x00,0x00,0x00,0x00,0x00,0x00,0x00,0x00,0x00,0x00,
    0x00,0x00,0x00,0x00,0x00,0x00,0x00,0x00,0x00,0x00,0x00,0x00,0x00,0x00,0x00,0x00,0x00,0x00,0x00,0x00,0x00,0x00,0x00,0x00,
    0x00,0x00,0x00,0x00,0x00,0x00,0x00,0x00,0x00,0x00,0x00,0x00,0x00,0x00,0x00,0x00,0x00,0x00,0x00,0x00,0x00,0x00,0x00,0x00,
    0x00,0x00,0x00,0x00,0xa6,0x29,0xc6,0x29,0xa6,0x21,0xa6,0x21,0x08,0x2a,0x69,0x32,0xaa,0x3a,0xcb,0x3a,0xcb,0x3a,0xeb,0x3a,
    0xeb,0x3a,0xcb,0x3a,0xcb,0x3a,0xeb,0x3a,0xcb,0x3a,0xcb,0x3a,0xeb,0x3a,0xeb,0x3a,0xeb,0x3a,0xeb,0x3a,0xeb,0x3a,0xeb,0x3a,
    0xeb,0x3a,0xeb,0x3a,0xcb,0x3a,0xaa,0x32,0x49,0x32,0xc7,0x21,0x24,0x11,0x45,0x19,0x65,0x19,0x85,0x19,0x86,0x19,0x86,0x19,
    0x85,0x19,0x85,0x19,0x86,0x19,0x65,0x19,0xc7,0x19,0x08,0x22,0x08,0x22,0x08,0x22,0x08,0x22,0x08,0x22,0x08,0x22,0x08,0x22,
    0x08,0x22,0x08,0x22,0x08,0x22,0x08,0x22,0x08,0x22,0x08,0x22,0x08,0x22,0x08,0x22,0x08,0x22,0x08,0x22,0x08,0x22,0x08,0x22,
    0x08,0x22,0x08,0x22,0x08,0x22,0x08,0x22,0x08,0x22,0x08,0x22,0x08,0x22,0x08,0x22,0x08,0x22,0x08,0x22,0x08,0x22,0x08,0x22,
    0x08,0x22,0x08,0x22,0x08,0x22,0x08,0x22,0x08,0x22,0x08,0x22,0x08,0x22,0x08,0x22,0x08,0x22,0x08,0x22,0x08,0x22,0x08,0x22,
    0x08,0x22,0x08,0x22,0x08,0x22,0x08,0x22,0x08,0x22,0x08,0x22,0x08,0x22,0x08,0x22,0x08,0x22,0x08,0x22,0x08,0x22,0x08,0x22,
    0x08,0x22,0x08,0x22,0x08,0x22,0x08,0x22,0x08,0x22,0xc7,0x21,0x24,0x11,0x65,0x19,0x85,0x19,0x86,0x19,0x86,0x19,0x86,0x19,
    0x85,0x19,0x86,0x19,0x86,0x19,0x85,0x19,0x86,0x19,0x85,0x19,0x85,0x19,0x86,0x19,0x85,0x19,0x85,0x19,0x85,0x19,0x85,0x19,
    0x85,0x19,0x86,0x19,0x85,0x19,0x85,0x19,0x86,0x19,0x85,0x19,0x85,0x19,0x86,0x19,0x85,0x19,0x65,0x19,0xc7,0x19,0x08,0x22,
    0x08,0x22,0x08,0x22,0x08,0x22,0x08,0x22,0x08,0x22,0x08,0x22,0x08,0x22,0x08,0x22,0x08,0x22,0x08,0x22,0x08,0x22,0x08,0x22,
    0x08,0x22,0x08,0x22,0x07,0x22,0x08,0x22,0x08,0x22,0x08,0x22,0x08,0x22,0x08,0x22,0x07,0x22,0x08,0x22,0x08,0x22,0x08,0x22,
    0x08,0x22,0x08,0x22,0x07,0x22,0x07,0x22,0x07,0x22,0x07,0x22,0xe7,0x21,0xe7,0x21,0x07,0x22,0xe7,0x21,0x07,0x22,0x07,0x22,
    0x07,0x22,0x07,0x22,0x07,0x22,0xe7,0x21,0x07,0x22,0x07,0x22,0x07,0x22,0xe7,0x21,0x07,0x22,0xe7,0x21,0xe7,0x21,0xe7,0x21,
    0xe7,0x21,0x07,0x22,0xe7,0x21,0xe7,0x21,0xe7,0x21,0xe7,0x21,0xe7,0x21,0xe7,0x21,0xe7,0x21,0xe7,0x21,0xe7,0x21,0xc7,0x21,
    0x24,0x11,0x45,0x19,0x65,0x19,0x65,0x19,0x65,0x19,0x65,0x19,0x65,0x19,0x65,0x19,0x65,0x19,0x65,0x19,0x65,0x19,0x65,0x19,
    0x65,0x19,0x65,0x19,0x65,0x19,0x65,0x19,0x65,0x19,0x65,0x19,0x65,0x19,0x65,0x19,0x65,0x19,0x65,0x19,0x65,0x19,0x65,0x19,
    0x65,0x19,0x65,0x19,0x65,0x19,0x65,0x19,0x65,0x19,0x65,0x19,0x65,0x19,0x86,0x19,0xe7,0x21,0xe7,0x21,0xe7,0x21,0xe7,0x21,
    0xe7,0x21,0xe7,0x21,0xe7,0x21,0xe7,0x21,0xe7,0x21,0xe7,0x21,0xe7,0x21,0xe7,0x21,0xe7,0x21,0xe7,0x21,0xe7,0x21,0xe7,0x21,
    0xe7,0x21,0xe7,0x21,0xe7,0x21,0xe7,0x21,0xe7,0x21,0xe7,0x21,0xc7,0x21,0xe7,0x21,0xc7,0x21,0xc7,0x21,0xe7,0x21,0xc7,0x21,
    0xe7,0x21,0xe7,0x21,0xc7,0x21,0xc7,0x21,0xc7,0x21,0xc7,0x21,0xc7,0x21,0xc7,0x21,0xc7,0x21,0xc7,0x21,0xc7,0x21,0xc7,0x21,
    0xc7,0x21,0xc7,0x21,0xc7,0x21,0xc7,0x21,0xc7,0x21,0xc7,0x21,0xc7,0x21,0xc7,0x21,0xc7,0x21,0xc7,0x21,0xc7,0x21,0xc7,0x21,
    0xc7,0x19,0xc7,0x21,0xc7,0x21,0xc7,0x21,0xc7,0x21,0xc7,0x21,0xc7,0x21,0xc7,0x21,0xc6,0x19,0x24,0x11,0xc3,0x10,0x24,0x19,
    0x45,0x19,0x45,0x19,0x45,0x19,0x45,0x19,0x45,0x19,0x45,0x19,0x45,0x19,0x45,0x19,0x45,0x19,0x45,0x19,0x45,0x19,0x45,0x19,
    0x45,0x19,0x45,0x19,0x45,0x19,0x45,0x19,0x45,0x19,0x45,0x19,0x45,0x19,0x45,0x19,0x45,0x19,0x45,0x19,0x45,0x19,0x45,0x19,
    0x45,0x19,0x65,0x19,0xc7,0x21,0xa6,0x19,0xa6,0x19,0xa6,0x19,0xa6,0x19,0xa6,0x19,0xa6,0x19,0xa6,0x19,0xa6,0x19,0xa6,0x19,
    0xa6,0x19,0xa6,0x19,0xa6,0x19,0xa6,0x19,0xa6,0x19,0xa6,0x19,0xa6,0x19,0xa6,0x19,0xa6,0x19,0xa6,0x19,0xa6,0x19,0xa6,0x19,
    0xa6,0x19,0xa6,0x19,0xa6,0x19,0xa6,0x19,0xa6,0x19,0xa6,0x19,0xa6,0x19,0xa6,0x19,0xa6,0x19,0xa6,0x19,0xa6,0x19,0xa6,0x19,
    0xa6,0x19,0xa6,0x19,0xa6,0x19,0xa6,0x19,0xa6,0x19,0xa6,0x19,0xa6,0x19,0xa6,0x19,0xa6,0x19,0xa6,0x19,0xa6,0x19,0xa6,0x19,
    0xa6,0x19,0xa6,0x19,0xa6,0x19,0xa6,0x19,0xa6,0x19,0xa6,0x19,0xa6,0x19,0xa6,0x19,0xa6,0x19,0x86,0x19,0xa6,0x19,0xa6,0x19,
    0x86,0x19,0x86,0x19,0xa6,0x19,0x24,0x11,0xa2,0x10,0x04,0x11,0x24,0x11,0x24,0x19,0x24,0x19,0x24,0x19,0x24,0x19,0x24,0x19,
    0x24,0x11,0x45,0x19,0x28,0x2a,0x69,0x32,0x69,0x32,0x48,0x32,0x28,0x2a,0x28,0x2a,0x28,0x2a,0x28,0x2a,0x28,0x2a,0x28,0x2a,
    0x28,0x2a,0x08,0x2a,0x28,0x2a,0x28,0x2a,0x28,0x2a,0x08,0x2a,0x08,0x2a,0x08,0x2a,0x28,0x2a,0x08,0x2a,0xe7,0x29,0xa6,0x21,
    0x86,0x21,0x86,0x29,0xe3,0x10,0x04,0x19,0x45,0x21,0x85,0x29,0x00,0x00,0x00,0x00,0x00,0x00,0x00,0x00,0x00,0x00,0x00,0x00,
    0x00,0x00,0x00,0x00,0x00,0x00,0x00,0x00,0x00,0x00,0x00,0x00,0x00,0x00,0x00,0x00,0x00,0x00,0x00,0x00,0x00,0x00,0x00,0x00,
    0x00,0x00,0x00,0x00,0x00,0x00,0x00,0x00,0x00,0x00,0x00,0x00,0x00,0x00,0x00,0x00,0x00,0x00,0x00,0x00,0x00,0x00,0x00,0x00,
    0x00,0x00,0x00,0x00,0x00,0x00,0x00,0x00,0x00,0x00,0x00,0x00,0xa6,0x29,0xc7,0x29,0xa6,0x21,0xa6,0x19,0xe7,0x29,0x49,0x32,
    0x89,0x32,0x8a,0x32,0x8a,0x32,0xaa,0x3a,0xaa,0x3a,0xaa,0x3a,0xaa,0x3a,0xaa,0x3a,0x8a,0x3a,0xaa,0x3a,0xaa,0x3a,0xaa,0x3a,
    0xaa,0x3a,0xaa,0x3a,0xaa,0x3a,0xaa,0x3a,0xaa,0x3a,0xaa,0x3a,0x89,0x32,0x69,0x32,0x28,0x2a,0xc7,0x21,0x24,0x19,0x65,0x19,
    0x65,0x19,0x86,0x19,0x86,0x19,0x86,0x19,0x86,0x19,0x86,0x19,0x86,0x19,0x65,0x19,0xc7,0x19,0x08,0x22,0x08,0x22,0x08,0x22,
    0x08,0x22,0x08,0x22,0x08,0x22,0x08,0x22,0x08,0x22,0x08,0x22,0x08,0x22,0x08,0x22,0x08,0x22,0x08,0x22,0x08,0x22,0x08,0x22,
    0x08,0x22,0x08,0x22,0x08,0x22,0x08,0x22,0x08,0x22,0x08,0x22,0x08,0x22,0x08,0x22,0x08,0x22,0x08,0x22,0x08,0x22,0x08,0x22,
    0x08,0x22,0x08,0x22,0x08,0x22,0x08,0x22,0x08,0x22,0x08,0x22,0x08,0x22,0x08,0x22,0x08,0x22,0x08,0x22,0x08,0x22,0x08,0x22,
    0x08,0x22,0x08,0x22,0x08,0x22,0x08,0x22,0x08,0x22,0x08,0x22,0x08,0x22,0x08,0x22,0x08,0x22,0x08,0x22,0x08,0x22,0x08,0x22,
    0x08,0x22,0x08,0x22,0x08,0x22,0x08,0x22,0x08,0x22,0x08,0x22,0x08,0x22,0x08,0x22,0x08,0x22,0xe7,0x21,0x24,0x11,0x65,0x19,
    0x86,0x19,0x86,0x19,0x86,0x19,0x86,0x19,0x85,0x19,0x86,0x19,0x86,0x19,0x85,0x19,0x85,0x19,0x86,0x19,0x86,0x19,0x86,0x19,
    0x85,0x19,0x86,0x19,0x86,0x19,0x86,0x19,0x86,0x19,0x86,0x19,0x86,0x19,0x85,0x19,0x85,0x19,0x85,0x19,0x85,0x19,0x65,0x19,
    0x65,0x19,0x85,0x19,0xc7,0x21,0x08,0x22,0x08,0x22,0x08,0x22,0x08,0x22,0x08,0x22,0x08,0x22,0x08,0x22,0x08,0x22,0x08,0x22,
    0x08,0x22,0x07,0x22,0x07,0x22,0x07,0x22,0x08,0x22,0x07,0x22,0x07,0x22,0x07,0x22,0x08,0x22,0x08,0x22,0x07,0x22,0x08,0x22,
    0x07,0x22,0x07,0x22,0x07,0x22,0x07,0x22,0xe7,0x21,0x07,0x22,0x07,0x22,0x07,0x22,0x07,0x22,0x07,0x22,0x07,0x22,0x07,0x22,
    0x07,0x22,0xe7,0x21,0x07,0x22,0x07,0x22,0x07,0x22,0x07,0x22,0xe7,0x21,0x07,0x22,0xe7,0x21,0xe7,0x21,0xe7,0x21,0x07,0x22,
    0x07,0x22,0x07,0x22,0xe7,0x21,0x07,0x22,0xe7,0x21,0x07,0x22,0xe7,0x21,0xe7,0x21,0xe7,0x21,0xe7,0x21,0xe7,0x21,0xe7,0x21,
    0xe7,0x21,0xe7,0x21,0xe7,0x21,0xc7,0x21,0x04,0x11,0x45,0x19,0x65,0x19,0x65,0x19,0x65,0x19,0x65,0x19,0x65,0x19,0x65,0x19,
    0x65,0x19,0x65,0x19,0x65,0x19,0x65,0x19,0x65,0x19,0x65,0x19,0x65,0x19,0x65,0x19,0x65,0x19,0x65,0x19,0x65,0x19,0x65,0x19,
    0x65,0x19,0x65,0x19,0x65,0x19,0x65,0x19,0x65,0x19,0x65,0x19,0x65,0x19,0x65,0x19,0x65,0x19,0x65,0x19,0x65,0x19,0x86,0x19,
    0xe7,0x21,0xe7,0x21,0xe7,0x21,0xe7,0x21,0xe7,0x21,0xe7,0x21,0xe7,0x21,0xe7,0x21,0xe7,0x21,0xe7,0x21,0xe7,0x21,0xe7,0x21,
    0xe7,0x21,0xe7,0x21,0xe7,0x21,0xe7,0x21,0xe7,0x21,0xe7,0x21,0xe7,0x21,0xe7,0x21,0xe7,0x21,0xe7,0x21,0xe7,0x21,0xe7,0x21,
    0xe7,0x21,0xe7,0x21,0xe7,0x21,0xc7,0x21,0xc7,0x21,0xc7,0x21,0xc7,0x21,0xc7,0x21,0xc7,0x21,0xc7,0x21,0xc7,0x21,0xc7,0x21,
    0xc7,0x21,0xc7,0x21,0xc7,0x21,0xc7,0x21,0xc7,0x21,0xc7,0x21,0xc7,0x21,0xc7,0x21,0xc7,0x21,0xc7,0x21,0xc7,0x21,0xc7,0x21,
    0xc7,0x21,0xc7,0x21,0xc7,0x21,0xc7,0x21,0xc7,0x21,0xc7,0x21,0xc7,0x21,0xc7,0x21,0xc7,0x21,0xc7,0x21,0xc7,0x21,0xc7,0x21,
    0xc7,0x21,0x24,0x11,0xe3,0x10,0x24,0x19,0x45,0x19,0x45,0x19,0x45,0x19,0x45,0x19,0x45,0x19,0x45,0x19,0x45,0x19,0x45,0x19,
    0x45,0x19,0x45,0x19,0x45,0x19,0x45,0x19,0x45,0x19,0x45,0x19,0x45,0x19,0x45,0x19,0x45,0x19,0x45,0x19,0x45,0x19,0x45,0x19,
    0x45,0x19,0x45,0x19,0x45,0x19,0x45,0x19,0x45,0x19,0x65,0x19,0xc6,0x19,0xa6,0x19,0xa6,0x19,0xa6,0x19,0xa6,0x19,0xa6,0x19,
    0xa6,0x19,0xa6,0x19,0xa6,0x19,0xa6,0x21,0xc6,0x19,0xc6,0x19,0xa6,0x19,0xa6,0x19,0xa6,0x19,0xa6,0x19,0xa6,0x19,0xa6,0x19,
    0xa6,0x19,0xa6,0x19,0xa6,0x19,0xa6,0x19,0xa6,0x19,0xa6,0x19,0xa6,0x19,0xa6,0x19,0xa6,0x19,0xa6,0x19,0xa6,0x19,0xa6,0x19,
    0xa6,0x19,0xa6,0x19,0xa6,0x19,0xa6,0x19,0xa6,0x19,0xa6,0x19,0xa6,0x19,0xa6,0x19,0xa6,0x19,0xa6,0x19,0xa6,0x19,0xa6,0x19,
    0xa6,0x19,0xa6,0x19,0xa6,0x19,0xa6,0x19,0xa6,0x19,0xa6,0x19,0xa6,0x19,0xa6,0x19,0xa6,0x19,0xa6,0x19,0xa6,0x19,0xa6,0x19,
    0xa6,0x19,0xa6,0x19,0xa6,0x19,0xa6,0x19,0xa6,0x19,0x86,0x19,0xa6,0x19,0x24,0x11,0xa2,0x08,0x04,0x11,0x24,0x19,0x24,0x19,
    0x24,0x19,0x24,0x19,0x24,0x11,0x24,0x19,0x24,0x11,0x24,0x11,0x08,0x2a,0x49,0x32,0x28,0x32,0xe7,0x29,0xe7,0x21,0xe7,0x21,
    0xe7,0x21,0xe7,0x21,0xc7,0x21,0xe7,0x21,0xe7,0x21,0xe7,0x21,0xe7,0x21,0xc7,0x21,0xc7,0x21,0xc7,0x21,0xc7,0x21,0xc7,0x21,
    0xe7,0x21,0xc7,0x21,0xa6,0x21,0x86,0x21,0x65,0x21,0x45,0x21,0xe3,0x10,0x04,0x19,0x45,0x21,0x86,0x29,0x00,0x00,0x00,0x00,
    0x00,0x00,0x00,0x00,0x00,0x00,0x00,0x00,0x00,0x00,0x00,0x00,0x00,0x00,0x00,0x00,0x00,0x00,0x00,0x00,0x00,0x00,0x00,0x00,
    0x00,0x00,0x00,0x00,0x00,0x00,0x00,0x00,0x00,0x00,0x00,0x00,0x00,0x00,0x00,0x00,0x00,0x00,0x00,0x00,0x00,0x00,0x00,0x00,
    0x00,0x00,0x00,0x00,0x00,0x00,0x00,0x00,0x00,0x00,0x00,0x00,0x00,0x00,0x00,0x00,0x00,0x00,0x00,0x00,0xa6,0x29,0xc7,0x29,
    0xc7,0x21,0xc7,0x21,0xc6,0x21,0x28,0x32,0x69,0x32,0x89,0x32,0x89,0x32,0x8a,0x32,0xaa,0x3a,0x8a,0x3a,0xaa,0x3a,0xaa,0x3a,
    0xaa,0x3a,0xaa,0x3a,0xaa,0x3a,0xaa,0x3a,0xaa,0x3a,0x8a,0x3a,0x8a,0x3a,0x8a,0x3a,0xaa,0x3a,0xaa,0x3a,0x8a,0x32,0x69,0x32,
    0x07,0x2a,0x85,0x19,0x24,0x11,0x65,0x19,0x65,0x19,0x85,0x19,0x85,0x19,0x86,0x19,0x86,0x19,0x85,0x19,0x86,0x19,0x85,0x19,
    0xc7,0x19,0x08,0x22,0x08,0x22,0x08,0x22,0x08,0x22,0x08,0x22,0x08,0x22,0x08,0x22,0x28,0x22,0x08,0x22,0x08,0x22,0x08,0x22,
    0x08,0x22,0x28,0x22,0x28,0x22,0x28,0x22,0x28,0x22,0x08,0x22,0x08,0x22,0x08,0x22,0x28,0x22,0x08,0x22,0x28,0x22,0x08,0x22,
    0x08,0x22,0x08,0x22,0x08,0x22,0x08,0x22,0x08,0x22,0x28,0x22,0x08,0x22,0x08,0x22,0x28,0x22,0x08,0x22,0x08,0x22,0x28,0x22,
    0x28,0x22,0x08,0x22,0x08,0x22,0x08,0x22,0x08,0x22,0x28,0x22,0x08,0x22,0x08,0x22,0x08,0x22,0x08,0x22,0x08,0x22,0x08,0x22,
    0x08,0x22,0x08,0x22,0x08,0x22,0x08,0x22,0x08,0x22,0x08,0x22,0x08,0x22,0x08,0x22,0x08,0x22,0x08,0x22,0x08,0x22,0x08,0x22,
    0x08,0x22,0xc7,0x21,0x44,0x19,0x85,0x19,0x85,0x19,0x86,0x19,0x86,0x19,0x85,0x19,0x86,0x19,0x86,0x19,0x85,0x19,0x86,0x19,
    0x86,0x19,0x86,0x19,0x86,0x19,0x86,0x19,0x86,0x19,0x86,0x19,0x85,0x19,0x86,0x19,0x86,0x19,0x85,0x19,0x85,0x19,0x85,0x19,
    0x86,0x19,0x85,0x19,0x85,0x19,0x85,0x19,0x65,0x19,0x85,0x19,0xc7,0x19,0x08,0x22,0x08,0x22,0x08,0x22,0x08,0x22,0x08,0x22,
    0x08,0x22,0x08,0x22,0x08,0x22,0x08,0x22,0x08,0x22,0x08,0x22,0x08,0x22,0x08,0x22,0x08,0x22,0x08,0x22,0x08,0x22,0x08,0x22,
    0x08,0x22,0x08,0x22,0x08,0x22,0x08,0x22,0x08,0x22,0x08,0x22,0x08,0x22,0x08,0x22,0x08,0x22,0x07,0x22,0x07,0x22,0x08,0x22,
    0x08,0x22,0x07,0x22,0x08,0x22,0x07,0x22,0x07,0x22,0x08,0x22,0x07,0x22,0x07,0x22,0x07,0x22,0x08,0x22,0x08,0x22,0x07,0x22,
    0x07,0x22,0x07,0x22,0x07,0x22,0x07,0x22,0xe7,0x21,0x08,0x22,0x08,0x22,0x07,0x22,0xe7,0x21,0x07,0x22,0xe7,0x21,0x07,0x22,
    0x07,0x22,0xe7,0x21,0xe7,0x21,0xe7,0x21,0xe7,0x21,0xe7,0x21,0xe7,0x21,0xc7,0x21,0x04,0x11,0x45,0x19,0x65,0x19,0x65,0x19,
    0x65,0x19,0x65,0x19,0x65,0x19,0x65,0x19,0x65,0x19,0x65,0x19,0x65,0x19,0x65,0x19,0x65,0x19,0x65,0x19,0x65,0x19,0x65,0x19,
    0x65,0x19,0x65,0x19,0x65,0x19,0x65,0x19,0x65,0x19,0x65,0x19,0x65,0x19,0x65,0x19,0x65,0x19,0x65,0x19,0x65,0x19,0x65,0x19,
    0x65,0x19,0x65,0x19,0x65,0x19,0x86,0x19,0xe7,0x21,0xe7,0x21,0xe7,0x21,0xe7,0x21,0xe7,0x21,0xe7,0x21,0xe7,0x21,0xe7,0x21,
    0xe7,0x21,0xe7,0x21,0xe7,0x21,0xe7,0x21,0xe7,0x21,0xe7,0x21,0xe7,0x21,0xe7,0x21,0xe7,0x21,0xe7,0x21,0xe7,0x21,0xe7,0x21,
    0xe7,0x21,0xe7,0x21,0xe7,0x21,0xe7,0x21,0xe7,0x21,0xe7,0x21,0xe7,0x21,0xe7,0x21,0xe7,0x21,0xc7,0x21,0xe7,0x21,0xc7,0x21,
    0xc7,0x21,0xe7,0x21,0xc7,0x21,0xc7,0x21,0xc7,0x21,0xc7,0x21,0xc7,0x21,0xc7,0x21,0xc7,0x21,0xc7,0x21,0xc7,0x21,0xc7,0x21,
    0xc7,0x21,0xc7,0x21,0xc7,0x21,0xc7,0x21,0xc7,0x21,0xc7,0x21,0xc7,0x21,0xc7,0x21,0xc7,0x21,0xc7,0x21,0xc7,0x21,0xc7,0x21,
    0xc7,0x21,0xc7,0x21,0xc7,0x21,0xc7,0x21,0xc7,0x21,0x24,0x11,0xe3,0x10,0x24,0x19,0x45,0x19,0x45,0x19,0x45,0x19,0x45,0x19,
    0x45,0x19,0x45,0x19,0x45,0x19,0x45,0x19,0x45,0x19,0x45,0x19,0x45,0x19,0x45,0x19,0x45,0x19,0x45,0x19,0x45,0x19,0x45,0x19,
    0x45,0x19,0x45,0x19,0x45,0x19,0x45,0x19,0x45,0x19,0x45,0x19,0x45,0x19,0x45,0x19,0x45,0x19,0x65,0x19,0xc7,0x21,0xc6,0x19,
    0xc6,0x19,0xa6,0x19,0xc6,0x19,0xc6,0x19,0xa6,0x19,0xa6,0x19,0xa6,0x19,0xc6,0x21,0xa6,0x19,0xa6,0x19,0xa6,0x19,0xa6,0x19,
    0xa6,0x19,0xa6,0x19,0xa6,0x19,0xa6,0x19,0xa6,0x19,0xa6,0x19,0xa6,0x19,0xa6,0x19,0xa6,0x19,0xa6,0x19,0xa6,0x19,0xa6,0x19,
    0xa6,0x19,0xa6,0x19,0xa6,0x19,0xa6,0x19,0xa6,0x19,0xa6,0x19,0xa6,0x19,0xa6,0x19,0xa6,0x19,0xa6,0x19,0xa6,0x19,0xa6,0x19,
    0xa6,0x19,0xa6,0x19,0xa6,0x19,0xa6,0x19,0xa6,0x19,0xa6,0x19,0xa6,0x19,0xa6,0x19,0xa6,0x19,0xa6,0x19,0xa6,0x19,0xa6,0x19,
    0xa6,0x19,0xa6,0x19,0xa6,0x19,0xa6,0x19,0xa6,0x19,0xa6,0x19,0xa6,0x19,0xa6,0x19,0xa6,0x19,0xa6,0x19,0xa6,0x19,0x44,0x11,
    0xa2,0x08,0x04,0x11,0x24,0x11,0x24,0x19,0x24,0x19,0x24,0x19,0x24,0x19,0x24,0x19,0x24,0x19,0x24,0x11,0xa6,0x21,0x48,0x32,
    0x28,0x2a,0xe7,0x21,0xc7,0x21,0xc7,0x21,0xc7,0x21,0xc7,0x21,0xc7,0x21,0xc7,0x21,0xc7,0x21,0xc7,0x21,0xc7,0x21,0xc7,0x21,
    0xc7,0x21,0xc7,0x21,0xc6,0x21,0xc7,0x21,0xc7,0x21,0xc7,0x21,0xa6,0x21,0x85,0x21,0x45,0x21,0x04,0x19,0xe3,0x10,0x04,0x19,
    0x45,0x21,0x65,0x29,0x00,0x00,0x00,0x00,0x00,0x00,0x00,0x00,0x00,0x00,0x00,0x00,0x00,0x00,0x00,0x00,0x00,0x00,0x00,0x00,
    0x00,0x00,0x00,0x00,0x00,0x00,0x00,0x00,0x00,0x00,0x00,0x00,0x00,0x00,0x00,0x00,0x00,0x00,0x00,0x00,0x00,0x00,0x00,0x00,
    0x00,0x00,0x00,0x00,0x00,0x00,0x00,0x00,0x00,0x00,0x00,0x00,0x00,0x00,0x00,0x00,0x00,0x00,0x00,0x00,0x00,0x00,0x00,0x00,
    0x00,0x00,0x00,0x00,0xe7,0x31,0xc7,0x29,0xc7,0x21,0xc7,0x21,0xa6,0x19,0xc7,0x21,0x28,0x2a,0x49,0x32,0x69,0x32,0x89,0x32,
    0x89,0x32,0x89,0x32,0x69,0x32,0x69,0x32,0x69,0x32,0x69,0x32,0x69,0x32,0x69,0x32,0x69,0x32,0x69,0x32,0x69,0x32,0x69,0x32,
    0x69,0x32,0x89,0x32,0x69,0x32,0x28,0x2a,0xa6,0x21,0x45,0x11,0x45,0x19,0x65,0x19,0x85,0x19,0x85,0x19,0x86,0x19,0x86,0x19,
    0x86,0x19,0x86,0x19,0x86,0x19,0x86,0x19,0xc7,0x19,0x28,0x22,0x08,0x22,0x08,0x22,0x08,0x22,0x08,0x22,0x08,0x22,0x08,0x22,
    0x08,0x22,0x08,0x22,0x08,0x22,0x08,0x22,0x08,0x22,0x08,0x22,0x08,0x22,0x08,0x22,0x08,0x22,0x08,0x22,0x08,0x22,0x08,0x22,
    0x08,0x22,0x08,0x22,0x08,0x22,0x08,0x22,0x08,0x22,0x08,0x22,0x08,0x22,0x08,0x22,0x08,0x22,0x08,0x22,0x08,0x22,0x08,0x22,
    0x08,0x22,0x08,0x22,0x08,0x22,0x08,0x22,0x08,0x22,0x08,0x22,0x08,0x22,0x08,0x22,0x08,0x22,0x08,0x22,0x08,0x22,0x08,0x22,
    0x08,0x22,0x08,0x22,0x08,0x22,0x08,0x22,0x08,0x22,0x08,0x22,0x08,0x22,0x08,0x22,0x08,0x22,0x08,0x22,0x08,0x22,0x08,0x22,
    0x08,0x22,0x08,0x22,0x08,0x22,0x08,0x22,0x08,0x22,0xc7,0x21,0x24,0x11,0x65,0x19,0x85,0x19,0x85,0x19,0x86,0x19,0x86,0x19,
    0x86,0x19,0x86,0x19,0x86,0x19,0x86,0x19,0x86,0x19,0x86,0x19,0x86,0x19,0x86,0x19,0x86,0x19,0x85,0x19,0x86,0x19,0x86,0x19,
    0x86,0x19,0x86,0x19,0x86,0x19,0x86,0x19,0x85,0x19,0x86,0x19,0x86,0x19,0x85,0x19,0x65,0x19,0x65,0x19,0xc7,0x19,0x08,0x22,
    0x08,0x22,0x08,0x22,0x08,0x22,0x08,0x22,0x08,0x22,0x08,0x22,0x08,0x22,0x08,0x22,0x08,0x22,0x08,0x22,0x08,0x22,0x08,0x22,
    0x08,0x22,0x08,0x22,0x07,0x22,0x08,0x22,0x08,0x22,0x07,0x22,0x07,0x22,0x08,0x22,0x07,0x22,0x08,0x22,0x08,0x22,0xe7,0x21,
    0x08,0x22,0x08,0x22,0x07,0x22,0x07,0x22,0x07,0x22,0x07,0x22,0x07,0x22,0x07,0x22,0x07,0x22,0xe7,0x21,0x07,0x22,0xe7,0x21,
    0x07,0x22,0x08,0x22,0x07,0x22,0xe7,0x21,0xe7,0x21,0x07,0x22,0xe7,0x21,0x07,0x22,0x07,0x22,0x07,0x22,0xe7,0x21,0xe7,0x21,
    0x07,0x22,0xe7,0x21,0xe7,0x21,0xe7,0x21,0x07,0x22,0x07,0x22,0xe7,0x21,0xe7,0x21,0xe7,0x21,0xe7,0x21,0xe7,0x21,0xc7,0x21,
    0x04,0x11,0x45,0x19,0x65,0x19,0x65,0x19,0x65,0x19,0x65,0x19,0x65,0x19,0x65,0x19,0x65,0x19,0x65,0x19,0x65,0x19,0x65,0x19,
    0x65,0x19,0x65,0x19,0x65,0x19,0x65,0x19,0x65,0x19,0x65,0x19,0x65,0x19,0x65,0x19,0x65,0x19,0x65,0x19,0x65,0x19,0x65,0x19,
    0x65,0x19,0x65,0x19,0x65,0x19,0x65,0x19,0x65,0x19,0x65,0x19,0x65,0x19,0x86,0x19,0xe7,0x21,0xe7,0x21,0xe7,0x21,0xe7,0x21,
    0xe7,0x21,0xe7,0x21,0xe7,0x21,0xe7,0x21,0xe7,0x21,0xe7,0x21,0xe7,0x21,0xe7,0x21,0xe7,0x21,0xe7,0x21,0xe7,0x21,0xe7,0x21,
    0xe7,0x21,0xe7,0x21,0xe7,0x21,0xe7,0x21,0xe7,0x21,0xe7,0x21,0xe7,0x21,0xe7,0x21,0xe7,0x21,0xc7,0x21,0xc7,0x21,0xc7,0x21,
    0xe7,0x21,0xe7,0x21,0xe7,0x21,0xe7,0x21,0xe7,0x21,0xc7,0x21,0xc7,0x21,0xc7,0x21,0xe7,0x21,0xe7,0x21,0xc7,0x21,0xc7,0x21,
    0xc7,0x21,0xc7,0x21,0xc7,0x21,0xc7,0x21,0xc7,0x21,0xc7,0x21,0xc7,0x21,0xc7,0x21,0xc7,0x21,0xc7,0x21,0xc7,0x21,0xc7,0x21,
    0xc7,0x21,0xc7,0x21,0xc7,0x19,0xc7,0x21,0xc7,0x21,0xc7,0x21,0xc7,0x21,0xc7,0x21,0xc6,0x19,0x24,0x11,0xe3,0x10,0x24,0x19,
    0x45,0x19,0x45,0x19,0x45,0x19,0x45,0x19,0x45,0x19,0x45,0x19,0x45,0x19,0x45,0x19,0x45,0x19,0x45,0x19,0x45,0x19,0x45,0x19,
    0x45,0x19,0x45,0x19,0x45,0x19,0x45,0x19,0x45,0x19,0x45,0x19,0x45,0x19,0x45,0x19,0x45,0x19,0x45,0x19,0x45,0x19,0x45,0x19,
    0x45,0x19,0x45,0x19,0xc7,0x21,0xa6,0x19,0xc6,0x21,0xa6,0x19,0xc6,0x19,0xc6,0x19,0xc6,0x19,0xa6,0x19,0xa6,0x19,0xa6,0x19,
    0xa6,0x21,0xa6,0x19,0xa6,0x19,0xa6,0x19,0xa6,0x19,0xa6,0x19,0xa6,0x19,0xa6,0x19,0xa6,0x19,0xa6,0x19,0xa6,0x19,0xa6,0x19,
    0xa6,0x19,0xa6,0x19,0xa6,0x19,0xa6,0x19,0xa6,0x19,0xa6,0x19,0xa6,0x19,0xa6,0x19,0xa6,0x19,0xa6,0x19,0xa6,0x19,0xa6,0x19,
    0xa6,0x19,0xa6,0x19,0xa6,0x19,0xa6,0x19,0xa6,0x19,0xa6,0x19,0xa6,0x19,0xa6,0x19,0xa6,0x19,0xa6,0x19,0xa6,0x19,0xa6,0x19,
    0xa6,0x19,0xa6,0x19,0xa6,0x19,0xa6,0x19,0xa6,0x19,0xa6,0x19,0xa6,0x19,0xa6,0x19,0xa6,0x19,0xa6,0x19,0xa6,0x19,0xa6,0x19,
    0xa6,0x19,0x86,0x19,0xa6,0x19,0x24,0x11,0xa2,0x08,0xe3,0x10,0x24,0x19,0x24,0x19,0x24,0x19,0x24,0x19,0x24,0x19,0x24,0x11,
    0x24,0x11,0x24,0x11,0x44,0x11,0xc7,0x21,0xe7,0x29,0xc7,0x21,0xc6,0x21,0xc6,0x21,0xc6,0x21,0xc6,0x21,0xc6,0x21,0xa6,0x21,
    0xa6,0x21,0xa6,0x21,0xa6,0x21,0xa6,0x21,0xa6,0x21,0xa6,0x21,0xa6,0x21,0xa6,0x21,0xa6,0x21,0xa6,0x21,0x65,0x19,0x45,0x19,
    0xe3,0x10,0xc3,0x10,0xe3,0x10,0x04,0x19,0x45,0x21,0x86,0x29,0x00,0x00,0x00,0x00,0x00,0x00,0x00,0x00,0x00,0x00,0x00,0x00,
    0x00,0x00,0x00,0x00,0x00,0x00,0x00,0x00,0x00,0x00,0x00,0x00,0x00,0x00,0x00,0x00,0x00,0x00,0x00,0x00,0x00,0x00,0x00,0x00,
    0x00,0x00,0x00,0x00,0x00,0x00,0x00,0x00,0x00,0x00,0x00,0x00,0x00,0x00,0x00,0x00,0x00,0x00,0x00,0x00,0x00,0x00,0x00,0x00,
    0x00,0x00,0x00,0x00,0x00,0x00,0x00,0x00,0x00,0x00,0x00,0x00,0xa6,0x29,0xc7,0x29,0xc7,0x21,0xe7,0x21,0xa6,0x19,0xa6,0x19,
    0x45,0x11,0x65,0x19,0x65,0x19,0x65,0x19,0x65,0x19,0x85,0x19,0x85,0x19,0x85,0x19,0x85,0x19,0x65,0x19,0x86,0x19,0x86,0x19,
    0x86,0x19,0x86,0x19,0x85,0x19,0x85,0x19,0x86,0x21,0xa6,0x21,0x65,0x19,0x45,0x11,0x44,0x11,0x65,0x11,0x65,0x19,0x85,0x19,
    0x86,0x19,0x85,0x19,0x86,0x19,0x86,0x19,0x85,0x19,0x86,0x19,0x85,0x19,0x65,0x19,0xc7,0x19,0x28,0x2a,0x28,0x2a,0x28,0x22,
    0x28,0x2a,0x28,0x2a,0x28,0x2a,0x49,0x2a,0x28,0x2a,0x28,0x22,0x28,0x22,0x28,0x22,0x28,0x2a,0x28,0x22,0x28,0x22,0x28,0x2a,
    0x28,0x22,0x28,0x22,0x28,0x22,0x28,0x22,0x28,0x2a,0x28,0x2a,0x28,0x22,0x28,0x2a,0x28,0x2a,0x28,0x2a,0x49,0x2a,0x48,0x2a,
    0x28,0x2a,0x49,0x32,0x28,0x2a,0x28,0x2a,0x28,0x2a,0x28,0x22,0x28,0x2a,0x28,0x2a,0x28,0x2a,0x28,0x2a,0x28,0x2a,0x28,0x2a,
    0x28,0x2a,0x28,0x2a,0x28,0x22,0x28,0x22,0x28,0x2a,0x28,0x2a,0x28,0x2a,0x28,0x2a,0x28,0x2a,0x28,0x2a,0x28,0x22,0x28,0x22,
    0x28,0x22,0x28,0x22,0x28,0x22,0x28,0x22,0x28,0x22,0x28,0x22,0x28,0x22,0x28,0x2a,0x28,0x22,0xe7,0x21,0x24,0x11,0x65,0x19,
    0x86,0x19,0x86,0x19,0x86,0x19,0x86,0x19,0x85,0x19,0x86,0x19,0x86,0x19,0x86,0x19,0x86,0x19,0x86,0x19,0x86,0x19,0x86,0x19,
    0x86,0x19,0x86,0x19,0x86,0x19,0x86,0x19,0x86,0x19,0x86,0x19,0x86,0x19,0x85,0x19,0x86,0x19,0x86,0x19,0x85,0x19,0x86,0x19,
    0x86,0x19,0x85,0x19,0xc7,0x19,0x28,0x2a,0x28,0x2a,0x08,0x2a,0x28,0x22,0x48,0x32,0x28,0x2a,0x28,0x2a,0x28,0x2a,0x08,0x22,
    0x08,0x2a,0x28,0x2a,0x08,0x22,0x08,0x22,0x08,0x22,0x08,0x22,0x28,0x22,0x28,0x2a,0x28,0x32,0x28,0x22,0x28,0x2a,0x28,0x2a,
    0x28,0x22,0x28,0x2a,0x28,0x2a,0x28,0x22,0x08,0x22,0x08,0x22,0x08,0x22,0x08,0x22,0x08,0x22,0x28,0x2a,0x08,0x22,0x08,0x22,
    0x08,0x2a,0x08,0x22,0x08,0x22,0x08,0x22,0x08,0x22,0x08,0x22,0x08,0x22,0x08,0x22,0x08,0x22,0x08,0x22,0x07,0x22,0x07,0x22,
    0x08,0x22,0x08,0x22,0x08,0x22,0x08,0x22,0x07,0x22,0x08,0x22,0x07,0x22,0x08,0x22,0x08,0x22,0x07,0x22,0x07,0x22,0x07,0x22,
    0x08,0x22,0x07,0x22,0x08,0x22,0xe7,0x21,0xe3,0x10,0x44,0x19,0x65,0x19,0x65,0x19,0x65,0x19,0x65,0x19,0x65,0x19,0x65,0x19,
    0x65,0x19,0x65,0x19,0x65,0x19,0x65,0x19,0x65,0x19,0x65,0x19,0x65,0x19,0x65,0x19,0x65,0x19,0x65,0x19,0x65,0x19,0x65,0x19,
    0x65,0x19,0x65,0x19,0x65,0x19,0x65,0x19,0x65,0x19,0x65,0x19,0x65,0x19,0x65,0x19,0x65,0x19,0x65,0x19,0x65,0x19,0xa6,0x19,
    0x07,0x22,0xe7,0x21,0xe7,0x21,0xe7,0x21,0xe7,0x21,0xe7,0x21,0xe7,0x21,0x07,0x22,0x08,0x2a,0xe7,0x21,0xe7,0x21,0xe7,0x21,
    0xe7,0x21,0xe7,0x21,0xe7,0x21,0xe7,0x21,0xe7,0x21,0xe7,0x21,0xe7,0x21,0xe7,0x21,0xe7,0x21,0xe7,0x21,0xe7,0x21,0xe7,0x21,
    0xe7,0x21,0xe7,0x21,0xe7,0x21,0xe7,0x21,0xe7,0x21,0xe7,0x21,0xe7,0x21,0xe7,0x21,0xe7,0x21,0xe7,0x21,0xe7,0x21,0xc7,0x21,
    0xe7,0x21,0xe7,0x21,0xc7,0x21,0xc7,0x21,0xc7,0x21,0xc7,0x21,0xc7,0x21,0xc7,0x21,0xc7,0x21,0xc7,0x21,0xe7,0x21,0xe7,0x21,
    0xc7,0x21,0xc7,0x21,0xe7,0x21,0xc7,0x21,0xc7,0x21,0xc7,0x21,0xc7,0x21,0xc7,0x21,0xc7,0x21,0xc7,0x21,0xc7,0x21,0xc7,0x21,
    0xc7,0x21,0x24,0x11,0xe3,0x10,0x24,0x19,0x45,0x19,0x45,0x19,0x45,0x19,0x45,0x19,0x45,0x19,0x45,0x19,0x45,0x19,0x45,0x19,
    0x45,0x19,0x45,0x19,0x45,0x19,0x45,0x19,0x45,0x19,0x45,0x19,0x45,0x19,0x45,0x19,0x45,0x19,0x45,0x19,0x45,0x19,0x45,0x19,
    0x45,0x19,0x45,0x19,0x45,0x19,0x45,0x19,0x45,0x19,0x65,0x19,0xc7,0x21,0xc7,0x21,0xc7,0x21,0xc7,0x21,0xc7,0x21,0xc6,0x21,
    0xc6,0x21,0xc7,0x21,0xc7,0x21,0xc7,0x21,0xc6,0x21,0xc6,0x19,0xc7,0x19,0xa6,0x19,0xc6,0x21,0xc6,0x21,0xc6,0x19,0xa6,0x19,
    0xc6,0x21,0xa6,0x19,0xa6,0x19,0xa6,0x19,0xa6,0x19,0xa6,0x21,0xa6,0x21,0xc6,0x19,0xa6,0x19,0xa6,0x19,0xa6,0x21,0xa6,0x19,
    0xa6,0x19,0xc6,0x21,0xa6,0x19,0xa6,0x19,0xa6,0x19,0xa6,0x19,0xa6,0x21,0xa6,0x19,0xa6,0x19,0xa6,0x19,0xa6,0x19,0xa6,0x19,
    0xa6,0x19,0xa6,0x19,0xa6,0x19,0xa6,0x21,0xa6,0x19,0xa6,0x19,0xa6,0x19,0xa6,0x19,0xa6,0x19,0xa6,0x19,0xa6,0x19,0xa6,0x19,
    0xa6,0x19,0xa6,0x19,0xa6,0x19,0xa6,0x19,0xa6,0x19,0xa6,0x19,0xa6,0x19,0x24,0x11,0xa2,0x08,0xe3,0x10,0x24,0x19,0x24,0x19,
    0x24,0x19,0x24,0x19,0x24,0x19,0x24,0x11,0x24,0x11,0x24,0x11,0x04,0x11,0x04,0x11,0x04,0x11,0x04,0x11,0x04,0x11,0x04,0x11,
    0x03,0x11,0x03,0x11,0x03,0x11,0x04,0x11,0x04,0x11,0x04,0x11,0x04,0x11,0x04,0x11,0x04,0x11,0x04,0x11,0x04,0x11,0x04,0x11,
    0x04,0x11,0x04,0x11,0xe3,0x10,0x82,0x08,0x82,0x08,0xc3,0x10,0xe3,0x10,0x04,0x19,0x45,0x21,0x86,0x29,0x00,0x00,0x00,0x00,
    0x00,0x00,0x00,0x00,0x00,0x00,0x00,0x00,0x00,0x00,0x00,0x00,0x00,0x00,0x00,0x00,0x00,0x00,0x00,0x00,0x00,0x00,0x00,0x00,
    0x00,0x00,0x00,0x00,0x00,0x00,0x00,0x00,0x00,0x00,0x00,0x00,0x00,0x00,0x00,0x00,0x00,0x00,0x00,0x00,0x00,0x00,0x00,0x00,
    0x00,0x00,0x00,0x00,0x00,0x00,0x00,0x00,0x00,0x00,0x00,0x00,0x00,0x00,0x00,0x00,0x00,0x00,0x00,0x00,0xa6,0x29,0xc7,0x29,
    0xc7,0x21,0xe7,0x21,0xe7,0x21,0xc7,0x19,0x65,0x11,0x65,0x19,0x45,0x11,0x44,0x11,0x45,0x11,0x45,0x11,0x45,0x11,0x45,0x11,
    0x44,0x11,0x45,0x11,0x45,0x11,0x44,0x11,0x44,0x11,0x44,0x11,0x24,0x11,0x44,0x11,0x45,0x11,0x45,0x11,0x45,0x11,0x45,0x11,
    0x65,0x11,0x65,0x19,0x65,0x19,0x85,0x19,0x86,0x19,0x86,0x19,0x86,0x19,0x86,0x19,0x86,0x19,0x86,0x19,0x86,0x19,0x86,0x19,
    0x08,0x22,0x4d,0x53,0x8d,0x5b,0x2c,0x53,0x6d,0x53,0x4d,0x53,0x2c,0x4b,0x2c,0x53,0x4d,0x53,0xae,0x5b,0xae,0x63,0x6d,0x5b,
    0x6d,0x53,0x4d,0x53,0x2c,0x4b,0x4c,0x53,0x4d,0x53,0x4d,0x53,0x4d,0x53,0x6d,0x53,0x6d,0x53,0x8d,0x5b,0x6d,0x53,0x4c,0x53,
    0x2c,0x53,0x0b,0x4b,0x2c,0x4b,0x6d,0x53,0x4d,0x53,0x2c,0x4b,0x6d,0x53,0x6d,0x5b,0x6d,0x5b,0x8e,0x5b,0x8e,0x5b,0x6d,0x5b,
    0x6d,0x5b,0x6d,0x53,0x2c,0x4b,0x0c,0x4b,0x0c,0x4b,0x4d,0x53,0x4d,0x53,0x4c,0x53,0x2c,0x4b,0x6d,0x5b,0x4d,0x53,0x2c,0x4b,
    0x2c,0x53,0x2c,0x4b,0x2c,0x4b,0xeb,0x42,0x0c,0x4b,0x0c,0x4b,0x2c,0x4b,0x0b,0x4b,0x0c,0x4b,0x2c,0x4b,0x0c,0x4b,0x2c,0x4b,
    0x0c,0x4b,0x28,0x2a,0x44,0x19,0x65,0x19,0x86,0x19,0x86,0x19,0x86,0x19,0x86,0x19,0x86,0x19,0x86,0x19,0x86,0x19,0x86,0x19,
    0x86,0x19,0x85,0x19,0x86,0x19,0x86,0x19,0x85,0x19,0x86,0x19,0x86,0x19,0x86,0x19,0x86,0x19,0x86,0x19,0x86,0x19,0x85,0x19,
    0x86,0x19,0x86,0x19,0x85,0x19,0x86,0x19,0x85,0x19,0x85,0x19,0x08,0x2a,0x0c,0x4b,0x0c,0x4b,0xeb,0x42,0x2c,0x4b,0x2c,0x4b,
    0xca,0x42,0xca,0x3a,0x0c,0x4b,0x0b,0x4b,0x0b,0x4b,0x0b,0x4b,0xeb,0x42,0xca,0x42,0xcb,0x42,0x0c,0x4b,0x0c,0x4b,0x0c,0x4b,
    0xeb,0x4a,0xcb,0x42,0xcb,0x42,0xcb,0x42,0xeb,0x4a,0xcb,0x42,0xaa,0x3a,0xcb,0x42,0xeb,0x42,0xeb,0x42,0xcb,0x42,0xaa,0x3a,
    0xaa,0x3a,0xaa,0x3a,0xaa,0x3a,0xca,0x42,0xcb,0x42,0xcb,0x42,0xcb,0x42,0xcb,0x42,0xca,0x42,0xaa,0x3a,0xaa,0x3a,0xaa,0x3a,
    0xaa,0x3a,0xaa,0x3a,0xca,0x42,0xaa,0x42,0xaa,0x3a,0xaa,0x3a,0xaa,0x3a,0xaa,0x3a,0xca,0x42,0xaa,0x3a,0x8a,0x3a,0xcb,0x42,
    0xca,0x42,0xcb,0x42,0xaa,0x42,0x8a,0x3a,0x69,0x3a,0x49,0x32,0xaa,0x42,0x28,0x2a,0x04,0x11,0x45,0x19,0x65,0x19,0x65,0x19,
    0x65,0x19,0x65,0x19,0x65,0x19,0x65,0x19,0x65,0x19,0x65,0x19,0x65,0x19,0x65,0x19,0x65,0x19,0x65,0x19,0x65,0x19,0x65,0x19,
    0x65,0x19,0x65,0x19,0x65,0x19,0x65,0x19,0x65,0x19,0x65,0x19,0x65,0x19,0x65,0x19,0x65,0x19,0x65,0x19,0x65,0x19,0x65,0x19,
    0x65,0x19,0x65,0x19,0x65,0x19,0xe7,0x29,0x89,0x3a,0x48,0x32,0x49,0x32,0x49,0x32,0x49,0x32,0x49,0x32,0x69,0x3a,0x69,0x32,
    0x49,0x32,0x49,0x32,0x49,0x32,0x49,0x32,0x49,0x32,0x49,0x32,0x49,0x32,0x49,0x32,0x49,0x32,0x28,0x2a,0x28,0x2a,0x49,0x32,
    0x49,0x32,0x48,0x2a,0x28,0x2a,0x28,0x2a,0x28,0x2a,0x28,0x2a,0x28,0x2a,0x28,0x2a,0x28,0x2a,0x08,0x2a,0x08,0x2a,0x28,0x2a,
    0x28,0x2a,0x28,0x2a,0x28,0x2a,0x28,0x2a,0x28,0x32,0x28,0x32,0x28,0x2a,0x08,0x2a,0x28,0x2a,0x28,0x2a,0x08,0x2a,0x08,0x2a,
    0x28,0x2a,0x28,0x2a,0x28,0x2a,0x28,0x2a,0x28,0x2a,0x08,0x2a,0x08,0x2a,0x08,0x2a,0x08,0x22,0x08,0x2a,0x08,0x2a,0x08,0x2a,
    0x08,0x2a,0xe7,0x21,0x08,0x2a,0x08,0x2a,0xe7,0x21,0x24,0x11,0xe3,0x10,0x44,0x19,0x45,0x19,0x45,0x19,0x45,0x19,0x45,0x19,
    0x45,0x19,0x45,0x19,0x45,0x19,0x45,0x19,0x45,0x19,0x45,0x19,0x45,0x19,0x45,0x19,0x45,0x19,0x45,0x19,0x45,0x19,0x45,0x19,
    0x45,0x19,0x45,0x19,0x45,0x19,0x45,0x19,0x45,0x19,0x45,0x19,0x45,0x19,0x45,0x19,0x45,0x19,0xe7,0x29,0xaa,0x42,0xe7,0x21,
    0xe7,0x21,0xe7,0x21,0x07,0x2a,0xe7,0x21,0xc7,0x21,0xe7,0x21,0xe7,0x21,0xe7,0x21,0xe7,0x21,0xe7,0x21,0xe7,0x21,0xe7,0x21,
    0xe7,0x21,0xe7,0x21,0xe7,0x21,0xe7,0x21,0xc7,0x21,0xe7,0x21,0xe7,0x21,0xe7,0x21,0xe7,0x21,0xe7,0x21,0xe7,0x21,0xc7,0x21,
    0xe7,0x21,0xc7,0x21,0xe7,0x21,0xc7,0x21,0xc7,0x21,0xc7,0x21,0xc7,0x21,0xc7,0x21,0xc7,0x21,0xc7,0x21,0xc7,0x21,0xc7,0x21,
    0xc7,0x21,0xc7,0x21,0xc7,0x21,0xc7,0x21,0xc7,0x21,0xc7,0x21,0xc7,0x21,0xc7,0x21,0xc7,0x21,0xc7,0x21,0xc7,0x21,0xc7,0x21,
    0xc7,0x21,0xc7,0x21,0xc7,0x21,0xc6,0x21,0xc7,0x21,0xc7,0x21,0xc6,0x21,0xc7,0x21,0xa6,0x21,0xa6,0x19,0xa6,0x21,0x24,0x11,
    0xa2,0x10,0x04,0x11,0x24,0x11,0x24,0x19,0x24,0x19,0x24,0x19,0x24,0x19,0x24,0x19,0x24,0x11,0x24,0x11,0x04,0x11,0x04,0x09,
    0xe3,0x08,0xe3,0x08,0xe3,0x08,0xe3,0x08,0xe3,0x08,0xe3,0x08,0xe3,0x08,0xe3,0x08,0xe3,0x08,0xc3,0x08,0xc3,0x08,0xc3,0x08,
    0xc3,0x08,0xc3,0x08,0xc3,0x08,0xc3,0x08,0xc3,0x08,0xc3,0x08,0xe3,0x10,0x82,0x08,0xa2,0x08,0x04,0x11,0x04,0x11,0x04,0x19,
    0x45,0x21,0x86,0x31,0x00,0x00,0x00,0x00,0x00,0x00,0x00,0x00,0x00,0x00,0x00,0x00,0x00,0x00,0x00,0x00,0x00,0x00,0x00,0x00,
    0x00,0x00,0x00,0x00,0x00,0x00,0x00,0x00,0x00,0x00,0x00,0x00,0x00,0x00,0x00,0x00,0x00,0x00,0x00,0x00,0x00,0x00,0x00,0x00,
    0x00,0x00,0x00,0x00,0x00,0x00,0x00,0x00,0x00,0x00,0x00,0x00,0x00,0x00,0x00,0x00,0x00,0x00,0x00,0x00,0x00,0x00,0x00,0x00,
    0x00,0x00,0x00,0x00,0xc7,0x29,0xc7,0x29,0xc7,0x21,0xe7,0x21,0x07,0x22,0xe7,0x21,0x86,0x19,0x65,0x19,0x65,0x19,0x65,0x11,
    0x65,0x11,0x65,0x11,0x65,0x11,0x65,0x11,0x65,0x11,0x65,0x11,0x65,0x11,0x65,0x19,0x65,0x11,0x65,0x11,0x65,0x19,0x65,0x11,
    0x65,0x11,0x65,0x11,0x65,0x11,0x65,0x11,0x65,0x19,0x65,0x19,0x65,0x19,0x86,0x19,0x86,0x19,0x86,0x19,0x86,0x19,0x86,0x19,
    0x86,0x19,0x86,0x19,0x86,0x19,0x65,0x19,0x86,0x19,0xc7,0x21,0xe7,0x29,0xe7,0x29,0xe7,0x29,0xc7,0x21,0xc7,0x21,0xe7,0x29,
    0xe7,0x29,0xc7,0x21,0xc7,0x21,0xc7,0x21,0xc7,0x21,0xc7,0x21,0xe7,0x29,0xe7,0x29,0xe7,0x29,0xe7,0x21,0xe7,0x29,0x08,0x2a,
    0xe7,0x29,0xe7,0x21,0xe7,0x29,0xc7,0x21,0xc7,0x21,0xc6,0x19,0xa6,0x21,0xa6,0x21,0xc7,0x21,0xc6,0x21,0xc7,0x21,0xe7,0x29,
    0xc7,0x21,0xc7,0x21,0xc7,0x21,0xc7,0x21,0xc6,0x21,0xc7,0x21,0xc7,0x21,0xe7,0x29,0xc7,0x21,0xc7,0x21,0xa6,0x21,0xc7,0x21,
    0xa6,0x21,0xc7,0x21,0xa6,0x19,0xa6,0x19,0xa6,0x19,0xa6,0x19,0xc6,0x21,0xc7,0x21,0xc7,0x21,0xc7,0x21,0xa6,0x19,0xa6,0x19,
    0xa6,0x19,0xa6,0x19,0xa6,0x19,0xa6,0x19,0xc7,0x21,0x86,0x19,0x65,0x19,0x86,0x19,0x85,0x19,0x86,0x19,0x86,0x19,0x86,0x19,
    0x86,0x19,0x85,0x19,0x86,0x19,0x86,0x19,0x86,0x19,0x86,0x19,0x86,0x19,0x86,0x19,0x86,0x19,0x85,0x19,0x86,0x19,0x86,0x19,
    0x86,0x19,0x86,0x19,0x86,0x19,0x86,0x19,0x86,0x19,0x86,0x19,0x86,0x19,0x86,0x19,0x85,0x19,0x65,0x19,0x65,0x19,0xa6,0x19,
    0xc7,0x21,0xc7,0x21,0xa6,0x21,0xc7,0x21,0xa6,0x19,0xc7,0x21,0xc6,0x21,0xa6,0x21,0xc6,0x21,0xa6,0x21,0xa6,0x19,0xa6,0x21,
    0xa6,0x19,0x86,0x19,0x86,0x19,0xa6,0x19,0xa6,0x19,0xa6,0x21,0xc7,0x21,0xe7,0x29,0xc7,0x21,0xc7,0x21,0xa6,0x19,0x86,0x19,
    0x86,0x19,0x86,0x19,0xa6,0x19,0xa6,0x19,0xc7,0x21,0xa6,0x19,0xa6,0x21,0xa6,0x19,0xa6,0x19,0x86,0x19,0x86,0x19,0x86,0x19,
    0x86,0x19,0x86,0x19,0x85,0x19,0x86,0x19,0x86,0x19,0x86,0x19,0x86,0x19,0x86,0x19,0x86,0x19,0x85,0x19,0x86,0x19,0x86,0x19,
    0x86,0x19,0x86,0x19,0x86,0x19,0x86,0x19,0x86,0x19,0x86,0x19,0x86,0x19,0x86,0x19,0xa6,0x19,0x86,0x19,0x86,0x19,0x65,0x11,
    0x24,0x11,0x65,0x19,0x65,0x19,0x65,0x19,0x65,0x19,0x65,0x19,0x65,0x19,0x65,0x19,0x65,0x19,0x65,0x19,0x65,0x19,0x65,0x19,
    0x65,0x19,0x65,0x19,0x65,0x19,0x65,0x19,0x65,0x19,0x65,0x19,0x65,0x19,0x65,0x19,0x65,0x19,0x65,0x19,0x65,0x19,0x65,0x19,
    0x65,0x19,0x65,0x19,0x65,0x19,0x65,0x19,0x65,0x19,0x65,0x19,0x65,0x19,0x85,0x19,0xa6,0x19,0x65,0x11,0x65,0x19,0x65,0x11,
    0x65,0x11,0x85,0x19,0x65,0x19,0x65,0x19,0x65,0x19,0x65,0x19,0x65,0x19,0x65,0x19,0x65,0x11,0x65,0x19,0x65,0x11,0x65,0x19,
    0x65,0x19,0x86,0x19,0x65,0x19,0x65,0x19,0x65,0x19,0x65,0x19,0x65,0x19,0x65,0x19,0x65,0x11,0x65,0x11,0x65,0x11,0x65,0x11,
    0x65,0x11,0x65,0x19,0x65,0x19,0x65,0x19,0x86,0x19,0x85,0x19,0x65,0x19,0x65,0x19,0x65,0x19,0x65,0x19,0x65,0x19,0x65,0x11,
    0x65,0x11,0x65,0x19,0x65,0x11,0x65,0x11,0x45,0x11,0x65,0x11,0x45,0x11,0x45,0x11,0x45,0x11,0x45,0x11,0x65,0x11,0x65,0x11,
    0x45,0x11,0x45,0x11,0x45,0x11,0x45,0x11,0x45,0x11,0x65,0x11,0x65,0x19,0x65,0x11,0x45,0x11,0x04,0x11,0x24,0x11,0x45,0x19,
    0x45,0x19,0x45,0x19,0x45,0x19,0x45,0x19,0x45,0x19,0x45,0x19,0x45,0x19,0x45,0x19,0x45,0x19,0x45,0x19,0x45,0x19,0x45,0x19,
    0x45,0x19,0x45,0x19,0x45,0x19,0x45,0x19,0x45,0x19,0x45,0x19,0x45,0x19,0x45,0x19,0x45,0x19,0x45,0x19,0x45,0x19,0x45,0x19,
    0x45,0x19,0x45,0x19,0xa6,0x21,0x45,0x11,0x45,0x11,0x45,0x11,0x44,0x11,0x45,0x11,0x45,0x11,0x45,0x11,0x45,0x11,0x45,0x11,
    0x45,0x11,0x45,0x11,0x45,0x11,0x45,0x11,0x45,0x11,0x45,0x11,0x45,0x11,0x45,0x11,0x45,0x11,0x45,0x11,0x45,0x11,0x44,0x11,
    0x24,0x11,0x24,0x11,0x24,0x11,0x24,0x11,0x44,0x11,0x44,0x11,0x45,0x11,0x44,0x11,0x24,0x11,0x24,0x11,0x24,0x11,0x24,0x11,
    0x24,0x11,0x24,0x11,0x44,0x11,0x24,0x11,0x24,0x11,0x24,0x11,0x24,0x11,0x24,0x11,0x44,0x11,0x24,0x11,0x24,0x11,0x24,0x11,
    0x24,0x11,0x24,0x11,0x24,0x11,0x24,0x11,0x24,0x11,0x44,0x11,0x44,0x11,0x24,0x11,0x24,0x11,0x24,0x11,0x24,0x11,0x24,0x11,
    0x24,0x11,0x24,0x11,0x24,0x11,0xc3,0x08,0xe3,0x10,0x04,0x11,0x24,0x19,0x24,0x19,0x24,0x19,0x24,0x19,0x24,0x19,0x24,0x19,
    0x24,0x11,0x24,0x11,0x24,0x11,0x04,0x11,0x04,0x11,0xe3,0x08,0xe3,0x08,0xe3,0x08,0xe3,0x08,0xe3,0x08,0xe3,0x08,0xe3,0x08,
    0xe3,0x08,0xe3,0x08,0xe3,0x08,0xe3,0x08,0xe3,0x08,0xe3,0x08,0xe3,0x08,0xe3,0x08,0xe3,0x08,0xe3,0x08,0xe3,0x10,0x82,0x08,
    0xa2,0x08,0x03,0x11,0x04,0x11,0x04,0x19,0x45,0x21,0x86,0x29,0x00,0x00,0x00,0x00,0x00,0x00,0x00,0x00,0x00,0x00,0x00,0x00,
    0x00,0x00,0x00,0x00,0x00,0x00,0x00,0x00,0x00,0x00,0x00,0x00,0x00,0x00,0x00,0x00,0x00,0x00,0x00,0x00,0x00,0x00,0x00,0x00,
    0x00,0x00,0x00,0x00,0x00,0x00,0x00,0x00,0x00,0x00,0x00,0x00,0x00,0x00,0x00,0x00,0x00,0x00,0x00,0x00,0x00,0x00,0x00,0x00,
    0x00,0x00,0x00,0x00,0x00,0x00,0x00,0x00,0x00,0x00,0x00,0x00,0xc7,0x29,0xc7,0x29,0xe7,0x21,0xe7,0x21,0x07,0x22,0xe7,0x21,
    0xa6,0x19,0x65,0x19,0x85,0x19,0x86,0x19,0x86,0x19,0x86,0x19,0x86,0x19,0x86,0x19,0x86,0x19,0x85,0x19,0x86,0x19,0x86,0x19,
    0x85,0x19,0x86,0x19,0x86,0x19,0x86,0x19,0x85,0x19,0x86,0x19,0x65,0x19,0x65,0x19,0x65,0x19,0x65,0x19,0x85,0x19,0x86,0x19,
    0x86,0x19,0x86,0x19,0x86,0x19,0x86,0x19,0x86,0x19,0x86,0x19,0x86,0x19,0x85,0x19,0x65,0x19,0x65,0x11,0x65,0x19,0x65,0x11,
    0x65,0x19,0x65,0x19,0x65,0x19,0x65,0x11,0x65,0x11,0x65,0x19,0x65,0x11,0x45,0x11,0x65,0x11,0x45,0x11,0x65,0x19,0x65,0x11,
    0x65,0x19,0x65,0x19,0x65,0x11,0x65,0x11,0x65,0x11,0x65,0x11,0x45,0x11,0x45,0x11,0x45,0x11,0x45,0x11,0x65,0x19,0x65,0x19,
    0x65,0x11,0x65,0x19,0x65,0x11,0x65,0x11,0x65,0x19,0x65,0x19,0x65,0x19,0x65,0x19,0x65,0x11,0x65,0x11,0x65,0x19,0x65,0x19,
    0x65,0x19,0x65,0x11,0x65,0x11,0x65,0x11,0x45,0x11,0x45,0x11,0x65,0x11,0x65,0x11,0x65,0x11,0x65,0x11,0x45,0x11,0x45,0x11,
    0x65,0x11,0x65,0x11,0x65,0x19,0x65,0x19,0x65,0x11,0x65,0x19,0x65,0x19,0x65,0x19,0x65,0x19,0x65,0x19,0x65,0x19,0x86,0x19,
    0x86,0x19,0x86,0x19,0x86,0x19,0x86,0x19,0x86,0x19,0x86,0x19,0x86,0x19,0x86,0x19,0x86,0x19,0x86,0x19,0x86,0x19,0x86,0x19,
    0x85,0x19,0x86,0x19,0x86,0x19,0x86,0x19,0x86,0x19,0x86,0x19,0x86,0x19,0x85,0x19,0x85,0x19,0x86,0x19,0x86,0x19,0x85,0x19,
    0x85,0x19,0x85,0x19,0x65,0x19,0x65,0x19,0x45,0x11,0x45,0x11,0x45,0x11,0x45,0x11,0x65,0x11,0x65,0x11,0x45,0x11,0x45,0x11,
    0x45,0x11,0x45,0x11,0x45,0x11,0x45,0x11,0x45,0x11,0x45,0x11,0x45,0x11,0x45,0x11,0x45,0x11,0x45,0x11,0x45,0x11,0x45,0x11,
    0x45,0x11,0x45,0x11,0x45,0x11,0x45,0x11,0x45,0x11,0x65,0x19,0x65,0x19,0x45,0x11,0x45,0x11,0x45,0x11,0x45,0x11,0x45,0x11,
    0x45,0x11,0x45,0x11,0x45,0x11,0x45,0x11,0x45,0x11,0x45,0x11,0x45,0x11,0x45,0x11,0x45,0x11,0x45,0x11,0x45,0x11,0x45,0x11,
    0x45,0x11,0x45,0x11,0x45,0x11,0x45,0x11,0x45,0x11,0x45,0x11,0x45,0x11,0x45,0x11,0x45,0x11,0x45,0x11,0x45,0x11,0x45,0x11,
    0x45,0x11,0x45,0x11,0x45,0x11,0x45,0x11,0x65,0x19,0x65,0x19,0x65,0x19,0x65,0x19,0x65,0x19,0x65,0x19,0x65,0x19,0x65,0x19,
    0x65,0x19,0x65,0x19,0x65,0x19,0x65,0x19,0x65,0x19,0x65,0x19,0x65,0x19,0x65,0x19,0x65,0x19,0x65,0x19,0x65,0x19,0x65,0x19,
    0x65,0x19,0x65,0x19,0x65,0x19,0x65,0x19,0x65,0x19,0x65,0x19,0x65,0x19,0x65,0x19,0x65,0x19,0x65,0x19,0x65,0x19,0x65,0x19,
    0x45,0x11,0x44,0x11,0x24,0x11,0x24,0x11,0x24,0x11,0x24,0x11,0x44,0x11,0x24,0x11,0x24,0x11,0x24,0x11,0x24,0x11,0x24,0x11,
    0x24,0x11,0x24,0x11,0x24,0x11,0x24,0x11,0x24,0x11,0x24,0x11,0x24,0x11,0x44,0x11,0x24,0x11,0x24,0x11,0x24,0x11,0x24,0x11,
    0x24,0x11,0x24,0x11,0x24,0x11,0x24,0x11,0x24,0x11,0x24,0x11,0x24,0x11,0x24,0x11,0x24,0x11,0x24,0x11,0x24,0x11,0x24,0x11,
    0x24,0x11,0x24,0x11,0x24,0x11,0x24,0x11,0x24,0x11,0x24,0x11,0x24,0x11,0x24,0x11,0x24,0x11,0x24,0x11,0x24,0x11,0x24,0x11,
    0x24,0x11,0x24,0x11,0x24,0x11,0x24,0x11,0x24,0x11,0x24,0x11,0x24,0x11,0x24,0x11,0x24,0x11,0x24,0x11,0x24,0x11,0x04,0x11,
    0x24,0x11,0x24,0x11,0x45,0x19,0x45,0x19,0x45,0x19,0x45,0x19,0x45,0x19,0x45,0x19,0x45,0x19,0x45,0x19,0x45,0x19,0x45,0x19,
    0x45,0x19,0x45,0x19,0x45,0x19,0x45,0x19,0x45,0x19,0x45,0x19,0x45,0x19,0x45,0x19,0x45,0x19,0x45,0x19,0x45,0x19,0x45,0x19,
    0x45,0x19,0x45,0x19,0x45,0x19,0x45,0x19,0x45,0x19,0x44,0x19,0x24,0x11,0x24,0x11,0x04,0x11,0x04,0x11,0x04,0x11,0x04,0x09,
    0x04,0x09,0x04,0x09,0x04,0x11,0x04,0x11,0x04,0x09,0x04,0x11,0x04,0x11,0x04,0x09,0x04,0x11,0x04,0x09,0x04,0x09,0x04,0x09,
    0x04,0x09,0x04,0x09,0x04,0x09,0x04,0x09,0x04,0x11,0x04,0x11,0x04,0x11,0x04,0x09,0x04,0x09,0x04,0x09,0x04,0x09,0x04,0x09,
    0xe3,0x08,0x04,0x09,0x04,0x09,0x04,0x09,0x04,0x09,0x04,0x09,0x04,0x09,0x04,0x11,0x04,0x09,0x03,0x09,0x03,0x09,0x04,0x09,
    0x04,0x11,0x03,0x09,0x04,0x09,0x04,0x09,0x04,0x09,0x04,0x09,0xe3,0x08,0x03,0x09,0x04,0x09,0x03,0x09,0xe3,0x08,0xe3,0x08,
    0x03,0x09,0x04,0x09,0x03,0x09,0xe3,0x08,0xe3,0x08,0xe3,0x08,0x03,0x09,0x04,0x11,0x24,0x11,0x24,0x19,0x24,0x19,0x24,0x19,
    0x24,0x19,0x24,0x19,0x24,0x19,0x24,0x19,0x24,0x19,0x24,0x11,0x24,0x11,0x24,0x11,0x04,0x11,0x04,0x11,0x04,0x09,0x04,0x09,
    0x03,0x09,0x03,0x09,0x03,0x09,0x03,0x09,0x03,0x09,0x03,0x09,0xe3,0x08,0x03,0x09,0xe3,0x08,0x04,0x09,0xe3,0x08,0x03,0x09,
    0xe3,0x08,0xe3,0x10,0xe3,0x10,0x82,0x08,0xc3,0x08,0x04,0x11,0x24,0x19,0x24,0x19,0x45,0x21,0xa6,0x31,0x00,0x00,0x00,0x00,
    0x00,0x00,0x00,0x00,0x00,0x00,0x00,0x00,0x00,0x00,0x00,0x00,0x00,0x00,0x00,0x00,0x00,0x00,0x00,0x00,0x00,0x00,0x00,0x00,
    0x00,0x00,0x00,0x00,0x00,0x00,0x00,0x00,0x00,0x00,0x00,0x00,0x00,0x00,0x00,0x00,0x00,0x00,0x00,0x00,0x00,0x00,0x00,0x00,
    0x00,0x00,0x00,0x00,0x00,0x00,0x00,0x00,0x00,0x00,0x00,0x00,0x00,0x00,0x00,0x00,0x00,0x00,0x00,0x00,0xc7,0x29,0xc7,0x29,
    0xe7,0x21,0xe7,0x21,0x08,0x22,0xe7,0x21,0xa6,0x19,0x65,0x19,0x86,0x19,0xa6,0x21,0xa6,0x21,0xa6,0x21,0xa6,0x21,0xa6,0x21,
    0xa6,0x21,0xa6,0x21,0xa6,0x21,0xa6,0x21,0xa6,0x21,0xa6,0x21,0xc6,0x21,0xa6,0x21,0xc6,0x21,0xc6,0x21,0xa6,0x21,0x86,0x19,
    0x85,0x19,0x86,0x19,0x86,0x19,0x86,0x19,0x86,0x19,0x86,0x19,0x86,0x19,0x86,0x19,0x86,0x19,0x86,0x19,0x86,0x19,0x86,0x19,
    0x86,0x19,0x86,0x19,0x86,0x19,0x86,0x19,0x86,0x19,0x86,0x19,0x86,0x19,0x86,0x19,0x86,0x19,0x86,0x19,0x86,0x19,0x85,0x19,
    0x85,0x19,0x86,0x19,0x86,0x19,0x86,0x19,0x86,0x19,0x86,0x19,0x86,0x19,0x86,0x19,0x86,0x19,0x86,0x19,0x86,0x19,0x86,0x19,
    0x86,0x19,0x86,0x19,0x86,0x19,0x86,0x19,0x86,0x19,0x86,0x19,0x86,0x19,0x86,0x19,0x86,0x19,0x86,0x19,0x86,0x19,0x86,0x19,
    0x86,0x19,0x86,0x19,0x86,0x19,0x86,0x19,0x86,0x19,0x86,0x19,0x86,0x19,0x86,0x19,0x86,0x21,0x86,0x19,0x86,0x19,0x86,0x19,
    0x86,0x19,0x86,0x19,0x86,0x19,0x86,0x19,0x86,0x19,0x86,0x19,0x86,0x19,0x85,0x19,0x86,0x19,0x86,0x19,0x86,0x19,0x85,0x19,
    0x86,0x19,0x86,0x19,0x86,0x19,0x86,0x19,0x86,0x19,0x86,0x19,0x86,0x19,0x86,0x19,0x86,0x19,0x86,0x19,0x86,0x19,0x86,0x19,
    0x86,0x19,0x85,0x19,0x86,0x19,0x86,0x19,0x86,0x19,0x86,0x19,0x86,0x19,0x86,0x19,0x86,0x19,0x86,0x19,0x86,0x19,0x86,0x19,
    0x86,0x19,0x86,0x19,0x86,0x19,0x86,0x19,0x86,0x19,0x86,0x19,0x86,0x19,0x85,0x19,0x65,0x19,0x65,0x19,0x86,0x19,0x85,0x19,
    0x85,0x19,0x65,0x19,0x65,0x19,0x65,0x19,0x65,0x19,0x65,0x19,0x65,0x19,0x65,0x19,0x65,0x19,0x65,0x19,0x65,0x19,0x65,0x19,
    0x65,0x19,0x65,0x19,0x65,0x19,0x65,0x19,0x65,0x19,0x65,0x19,0x65,0x19,0x65,0x19,0x65,0x19,0x65,0x19,0x65,0x19,0x65,0x19,
    0x65,0x19,0x65,0x19,0x65,0x19,0x65,0x19,0x65,0x19,0x65,0x19,0x65,0x19,0x65,0x19,0x65,0x19,0x65,0x19,0x65,0x19,0x65,0x19,
    0x65,0x19,0x65,0x19,0x65,0x19,0x65,0x19,0x65,0x19,0x65,0x19,0x65,0x19,0x65,0x19,0x65,0x19,0x65,0x19,0x65,0x19,0x65,0x19,
    0x65,0x19,0x65,0x19,0x65,0x19,0x65,0x19,0x65,0x19,0x65,0x19,0x65,0x19,0x65,0x19,0x65,0x19,0x65,0x19,0x65,0x19,0x65,0x19,
    0x65,0x19,0x65,0x19,0x65,0x19,0x65,0x19,0x65,0x19,0x65,0x19,0x65,0x19,0x65,0x19,0x65,0x19,0x65,0x19,0x65,0x19,0x65,0x19,
    0x65,0x19,0x65,0x19,0x65,0x19,0x65,0x19,0x65,0x19,0x65,0x19,0x65,0x19,0x65,0x19,0x65,0x19,0x65,0x19,0x65,0x19,0x65,0x19,
    0x65,0x19,0x65,0x19,0x65,0x19,0x65,0x19,0x65,0x19,0x45,0x19,0x65,0x19,0x65,0x19,0x65,0x19,0x65,0x19,0x45,0x19,0x65,0x19,
    0x45,0x19,0x45,0x19,0x65,0x19,0x45,0x19,0x45,0x19,0x45,0x19,0x65,0x19,0x45,0x19,0x45,0x19,0x45,0x19,0x45,0x19,0x65,0x19,
    0x45,0x19,0x45,0x19,0x45,0x19,0x45,0x19,0x45,0x19,0x45,0x19,0x45,0x19,0x45,0x19,0x45,0x19,0x45,0x19,0x45,0x19,0x45,0x19,
    0x45,0x19,0x45,0x11,0x45,0x11,0x45,0x19,0x45,0x19,0x45,0x19,0x45,0x19,0x45,0x19,0x45,0x19,0x45,0x19,0x45,0x19,0x45,0x11,
    0x45,0x11,0x45,0x11,0x45,0x11,0x45,0x11,0x45,0x11,0x45,0x11,0x45,0x19,0x45,0x19,0x45,0x19,0x45,0x19,0x45,0x19,0x45,0x19,
    0x45,0x19,0x45,0x19,0x45,0x11,0x45,0x19,0x45,0x19,0x45,0x19,0x45,0x19,0x45,0x19,0x45,0x19,0x45,0x19,0x45,0x19,0x45,0x19,
    0x45,0x19,0x45,0x19,0x45,0x19,0x45,0x19,0x45,0x19,0x45,0x19,0x45,0x19,0x45,0x19,0x45,0x19,0x45,0x19,0x45,0x19,0x45,0x19,
    0x45,0x19,0x45,0x19,0x45,0x19,0x45,0x19,0x45,0x19,0x45,0x19,0x45,0x19,0x45,0x19,0x45,0x19,0x45,0x19,0x44,0x11,0x24,0x11,
    0x24,0x11,0x24,0x11,0x24,0x11,0x24,0x11,0x24,0x11,0x24,0x11,0x24,0x11,0x24,0x11,0x24,0x11,0x24,0x11,0x24,0x11,0x24,0x11,
    0x24,0x11,0x24,0x11,0x24,0x11,0x24,0x11,0x24,0x11,0x24,0x11,0x24,0x11,0x24,0x11,0x24,0x11,0x24,0x11,0x24,0x11,0x24,0x11,
    0x24,0x11,0x24,0x11,0x24,0x11,0x24,0x11,0x24,0x11,0x24,0x11,0x24,0x11,0x24,0x11,0x24,0x11,0x24,0x11,0x24,0x11,0x24,0x11,
    0x24,0x11,0x24,0x11,0x24,0x11,0x24,0x11,0x24,0x11,0x24,0x11,0x24,0x11,0x24,0x11,0x24,0x11,0x24,0x11,0x24,0x11,0x24,0x11,
    0x24,0x11,0x24,0x11,0x24,0x11,0x24,0x11,0x24,0x11,0x24,0x11,0x24,0x11,0x24,0x11,0x24,0x11,0x24,0x11,0x24,0x11,0x24,0x11,
    0x24,0x19,0x24,0x19,0x24,0x19,0x24,0x19,0x24,0x19,0x24,0x19,0x24,0x19,0x24,0x19,0x24,0x11,0x24,0x19,0x24,0x11,0x24,0x11,
    0x24,0x11,0x04,0x11,0x04,0x11,0x04,0x11,0x04,0x11,0x04,0x11,0x04,0x11,0x04,0x09,0x04,0x11,0x04,0x09,0x03,0x09,0x04,0x09,
    0x04,0x11,0x04,0x11,0x04,0x11,0x04,0x11,0x04,0x11,0x03,0x11,0xe3,0x10,0x82,0x08,0xc2,0x08,0x04,0x11,0x24,0x19,0x24,0x19,
    0x45,0x21,0x66,0x29,0x00,0x00,0x00,0x00,0x00,0x00,0x00,0x00,0x00,0x00,0x00,0x00,0x00,0x00,0x00,0x00,0x00,0x00,0x00,0x00,
    0x00,0x00,0x00,0x00,0x00,0x00,0x00,0x00,0x00,0x00,0x00,0x00,0x00,0x00,0x00,0x00,0x00,0x00,0x00,0x00,0x00,0x00,0x00,0x00,
    0x00,0x00,0x00,0x00,0x00,0x00,0x00,0x00,0x00,0x00,0x00,0x00,0x00,0x00,0x00,0x00,0x00,0x00,0x00,0x00,0x00,0x00,0x00,0x00,
    0x00,0x00,0x00,0x00,0xc7,0x29,0xc7,0x21,0xe7,0x21,0xe7,0x21,0x08,0x22,0x07,0x22,0xc7,0x19,0x86,0x19,0x86,0x19,0xc7,0x21,
    0xa6,0x21,0xa6,0x21,0xa6,0x21,0xa6,0x21,0xa6,0x21,0xa6,0x21,0xa6,0x21,0xa6,0x21,0xa6,0x21,0xa6,0x21,0xa6,0x21,0xa6,0x21,
    0xa6,0x21,0xa6,0x21,0xa6,0x21,0x86,0x19,0x86,0x19,0x86,0x19,0x86,0x19,0x86,0x19,0x86,0x19,0x86,0x19,0x86,0x19,0x86,0x19,
    0x86,0x19,0x86,0x19,0x86,0x19,0x86,0x19,0x86,0x19,0x86,0x19,0x86,0x19,0x86,0x19,0x86,0x19,0x86,0x19,0x86,0x19,0x86,0x19,
    0x86,0x19,0x86,0x19,0x86,0x19,0x86,0x19,0x86,0x19,0x86,0x19,0x86,0x19,0x86,0x19,0x86,0x19,0x86,0x19,0x86,0x19,0x86,0x19,
    0x86,0x19,0x86,0x19,0x86,0x19,0x86,0x19,0x86,0x19,0x86,0x19,0x86,0x19,0x86,0x19,0x86,0x19,0x86,0x19,0x86,0x19,0x86,0x19,
    0x86,0x19,0x86,0x19,0x86,0x19,0x86,0x19,0x86,0x19,0x86,0x19,0x86,0x19,0x86,0x19,0x86,0x19,0x86,0x19,0x86,0x19,0x86,0x19,
    0x86,0x19,0x86,0x19,0x86,0x19,0x86,0x19,0x86,0x19,0x86,0x19,0x86,0x19,0x86,0x19,0x86,0x19,0x86,0x19,0x86,0x19,0x86,0x19,
    0x86,0x19,0x86,0x19,0x86,0x19,0x86,0x19,0x86,0x19,0x86,0x19,0x86,0x19,0x86,0x19,0x86,0x19,0x86,0x19,0x86,0x19,0x86,0x19,
    0x86,0x19,0x86,0x19,0x86,0x19,0x86,0x19,0x86,0x19,0x85,0x19,0x86,0x19,0x86,0x19,0x86,0x19,0x86,0x19,0x86,0x19,0x86,0x19,
    0x86,0x19,0x86,0x19,0x86,0x19,0x86,0x19,0x86,0x19,0x86,0x19,0x86,0x19,0x86,0x19,0x86,0x19,0x86,0x19,0x86,0x19,0x85,0x19,
    0x86,0x19,0x86,0x19,0x86,0x19,0x85,0x19,0x85,0x19,0x85,0x19,0x85,0x19,0x85,0x19,0x85,0x19,0x85,0x19,0x85,0x19,0x85,0x19,
    0x86,0x19,0x85,0x19,0x65,0x19,0x85,0x19,0x85,0x19,0x85,0x19,0x85,0x19,0x65,0x19,0x85,0x19,0x65,0x19,0x65,0x19,0x65,0x19,
    0x85,0x19,0x65,0x19,0x65,0x19,0x85,0x19,0x85,0x19,0x65,0x19,0x65,0x19,0x65,0x19,0x85,0x19,0x85,0x19,0x65,0x19,0x85,0x19,
    0x65,0x19,0x65,0x19,0x85,0x19,0x85,0x19,0x65,0x19,0x85,0x19,0x65,0x19,0x65,0x19,0x65,0x19,0x65,0x19,0x65,0x19,0x65,0x19,
    0x65,0x19,0x65,0x19,0x65,0x19,0x65,0x19,0x65,0x19,0x65,0x19,0x65,0x19,0x65,0x19,0x65,0x19,0x65,0x19,0x65,0x19,0x65,0x19,
    0x65,0x19,0x65,0x19,0x65,0x19,0x65,0x19,0x65,0x19,0x65,0x19,0x65,0x19,0x65,0x19,0x65,0x19,0x65,0x19,0x65,0x19,0x65,0x19,
    0x65,0x19,0x65,0x19,0x65,0x19,0x65,0x19,0x65,0x19,0x65,0x19,0x65,0x19,0x65,0x19,0x65,0x19,0x65,0x19,0x65,0x19,0x65,0x19,
    0x65,0x19,0x65,0x19,0x65,0x19,0x65,0x19,0x65,0x19,0x65,0x19,0x65,0x19,0x65,0x19,0x65,0x19,0x65,0x19,0x65,0x19,0x65,0x19,
    0x65,0x19,0x65,0x19,0x65,0x19,0x65,0x19,0x65,0x19,0x65,0x19,0x65,0x19,0x65,0x19,0x65,0x19,0x65,0x19,0x65,0x19,0x65,0x19,
    0x65,0x19,0x65,0x19,0x45,0x19,0x65,0x19,0x65,0x19,0x65,0x19,0x65,0x19,0x65,0x19,0x65,0x19,0x65,0x19,0x65,0x19,0x65,0x19,
    0x65,0x19,0x65,0x19,0x65,0x19,0x45,0x19,0x65,0x19,0x65,0x19,0x65,0x19,0x65,0x19,0x45,0x19,0x45,0x19,0x65,0x19,0x45,0x19,
    0x65,0x19,0x45,0x19,0x45,0x19,0x45,0x19,0x45,0x19,0x65,0x19,0x45,0x19,0x65,0x19,0x45,0x19,0x45,0x19,0x45,0x19,0x45,0x19,
    0x45,0x19,0x45,0x19,0x45,0x19,0x45,0x19,0x45,0x19,0x45,0x19,0x45,0x19,0x45,0x19,0x45,0x19,0x45,0x19,0x45,0x19,0x45,0x19,
    0x45,0x19,0x45,0x19,0x45,0x19,0x45,0x19,0x45,0x19,0x45,0x19,0x45,0x19,0x45,0x19,0x45,0x19,0x45,0x19,0x45,0x19,0x45,0x19,
    0x45,0x19,0x45,0x19,0x45,0x19,0x45,0x19,0x45,0x19,0x45,0x19,0x45,0x19,0x45,0x19,0x45,0x19,0x45,0x19,0x45,0x19,0x45,0x19,
    0x45,0x19,0x45,0x19,0x45,0x19,0x45,0x19,0x45,0x19,0x45,0x19,0x45,0x19,0x45,0x19,0x45,0x19,0x45,0x19,0x45,0x19,0x45,0x19,
    0x45,0x19,0x45,0x19,0x45,0x19,0x45,0x19,0x45,0x19,0x45,0x19,0x45,0x19,0x44,0x19,0x44,0x19,0x44,0x19,0x44,0x19,0x44,0x19,
    0x45,0x19,0x44,0x19,0x44,0x19,0x44,0x19,0x24,0x19,0x24,0x19,0x24,0x19,0x44,0x19,0x44,0x19,0x44,0x19,0x24,0x19,0x24,0x19,
    0x44,0x19,0x24,0x19,0x24,0x19,0x44,0x19,0x24,0x19,0x44,0x19,0x24,0x19,0x24,0x19,0x24,0x19,0x24,0x19,0x24,0x19,0x24,0x19,
    0x24,0x19,0x24,0x19,0x24,0x19,0x24,0x19,0x24,0x19,0x24,0x19,0x24,0x19,0x24,0x19,0x24,0x19,0x24,0x19,0x24,0x19,0x24,0x19,
    0x24,0x11,0x24,0x19,0x24,0x19,0x24,0x19,0x24,0x19,0x24,0x19,0x24,0x19,0x24,0x19,0x24,0x19,0x24,0x19,0x24,0x19,0x24,0x19,
    0x24,0x19,0x24,0x19,0x24,0x11,0x24,0x11,0x24,0x11,0x24,0x11,0x04,0x11,0x04,0x11,0x04,0x11,0x04,0x11,0x04,0x11,0x04,0x11,
    0x04,0x11,0x04,0x11,0x04,0x11,0x04,0x11,0x04,0x11,0x04,0x11,0x04,0x11,0x04,0x11,0x04,0x11,0x03,0x11,0xe3,0x10,0xa2,0x08,
    0xa2,0x08,0x04,0x11,0x24,0x19,0x24,0x19,0x45,0x21,0x66,0x29,0x00,0x00,0x00,0x00,0x00,0x00,0x00,0x00,0x00,0x00,0x00,0x00,
    0x00,0x00,0x00,0x00,0x00,0x00,0x00,0x00,0x00,0x00,0x00,0x00,0x00,0x00,0x00,0x00,0x00,0x00,0x00,0x00,0x00,0x00,0x00,0x00,
    0x00,0x00,0x00,0x00,0x00,0x00,0x00,0x00,0x00,0x00,0x00,0x00,0x00,0x00,0x00,0x00,0x00,0x00,0x00,0x00,0x00,0x00,0x00,0x00,
    0x00,0x00,0x00,0x00,0x00,0x00,0x00,0x00,0x00,0x00,0x00,0x00,0xc7,0x29,0xc7,0x29,0xe7,0x21,0xe7,0x21,0x08,0x22,0x07,0x22,
    0xc6,0x19,0x65,0x19,0x86,0x19,0xc6,0x21,0xc6,0x21,0xc6,0x21,0xc6,0x21,0xc6,0x21,0xc6,0x21,0xc6,0x21,0xc6,0x21,0xc6,0x21,
    0xc6,0x21,0xc6,0x21,0xc7,0x21,0xc6,0x21,0xa6,0x21,0xa6,0x21,0xa6,0x21,0x86,0x19,0x86,0x19,0x86,0x19,0x86,0x19,0x86,0x19,
    0x86,0x19,0x86,0x19,0x86,0x19,0x86,0x19,0x86,0x19,0x86,0x19,0x86,0x19,0x86,0x19,0x86,0x19,0x86,0x19,0x86,0x19,0x86,0x19,
    0x86,0x19,0x86,0x19,0x86,0x19,0x86,0x19,0x86,0x19,0x86,0x19,0x86,0x19,0x86,0x19,0x86,0x19,0x86,0x19,0x86,0x19,0x86,0x19,
    0x86,0x19,0x86,0x19,0x86,0x19,0x86,0x19,0x86,0x19,0x86,0x19,0x86,0x19,0x86,0x19,0x86,0x19,0x86,0x19,0x86,0x19,0x86,0x19,
    0x86,0x19,0x86,0x19,0x86,0x19,0x86,0x19,0x86,0x19,0x86,0x19,0x86,0x19,0x86,0x19,0x86,0x19,0x86,0x19,0x86,0x19,0x86,0x19,
    0x86,0x19,0x86,0x19,0x86,0x19,0x86,0x19,0x86,0x19,0x86,0x19,0x86,0x19,0x86,0x19,0x86,0x19,0x86,0x19,0x86,0x19,0x86,0x19,
    0x86,0x19,0x86,0x19,0x86,0x19,0x86,0x19,0x86,0x19,0x86,0x19,0x86,0x19,0x86,0x19,0x86,0x19,0x86,0x19,0x86,0x19,0x86,0x19,
    0x86,0x19,0x86,0x19,0x86,0x19,0x86,0x19,0x86,0x19,0x86,0x19,0x86,0x19,0x86,0x19,0x86,0x19,0x86,0x19,0x86,0x19,0x86,0x19,
    0x86,0x19,0x86,0x19,0x86,0x19,0x86,0x19,0x86,0x19,0x86,0x19,0x86,0x19,0x86,0x19,0x86,0x19,0x86,0x19,0x86,0x19,0x86,0x19,
    0x86,0x19,0x86,0x19,0x85,0x19,0x86,0x19,0x85,0x19,0x86,0x19,0x86,0x19,0x85,0x19,0x85,0x19,0x86,0x19,0x85,0x19,0x85,0x19,
    0x85,0x19,0x85,0x19,0x85,0x19,0x85,0x19,0x85,0x19,0x85,0x19,0x85,0x19,0x85,0x19,0x85,0x19,0x85,0x19,0x85,0x19,0x85,0x19,
    0x85,0x19,0x85,0x19,0x65,0x19,0x65,0x19,0x65,0x19,0x85,0x19,0x85,0x19,0x85,0x19,0x65,0x19,0x85,0x19,0x85,0x19,0x65,0x19,
    0x65,0x19,0x85,0x19,0x85,0x19,0x85,0x19,0x85,0x19,0x65,0x19,0x65,0x19,0x65,0x19,0x65,0x19,0x65,0x19,0x65,0x19,0x65,0x19,
    0x65,0x19,0x65,0x19,0x65,0x19,0x65,0x19,0x65,0x19,0x65,0x19,0x65,0x19,0x65,0x19,0x65,0x19,0x65,0x19,0x65,0x19,0x65,0x19,
    0x65,0x19,0x65,0x19,0x65,0x19,0x65,0x19,0x65,0x19,0x65,0x19,0x65,0x19,0x65,0x19,0x65,0x19,0x65,0x19,0x65,0x19,0x65,0x19,
    0x65,0x19,0x65,0x19,0x65,0x19,0x65,0x19,0x65,0x19,0x65,0x19,0x65,0x19,0x65,0x19,0x65,0x19,0x65,0x19,0x65,0x19,0x65,0x19,
    0x65,0x19,0x65,0x19,0x65,0x19,0x65,0x19,0x65,0x19,0x65,0x19,0x65,0x19,0x65,0x19,0x65,0x19,0x65,0x19,0x65,0x19,0x65,0x19,
    0x65,0x19,0x65,0x19,0x65,0x19,0x65,0x19,0x65,0x19,0x65,0x19,0x65,0x19,0x65,0x19,0x65,0x19,0x65,0x19,0x65,0x19,0x65,0x19,
    0x65,0x19,0x65,0x19,0x65,0x19,0x65,0x19,0x65,0x19,0x65,0x19,0x65,0x19,0x65,0x19,0x65,0x19,0x65,0x19,0x65,0x19,0x65,0x19,
    0x65,0x19,0x65,0x19,0x65,0x19,0x65,0x19,0x65,0x19,0x65,0x19,0x65,0x19,0x45,0x19,0x45,0x19,0x65,0x19,0x65,0x19,0x65,0x19,
    0x65,0x19,0x65,0x19,0x45,0x19,0x65,0x19,0x45,0x19,0x65,0x19,0x65,0x19,0x65,0x19,0x65,0x19,0x45,0x19,0x65,0x19,0x45,0x19,
    0x45,0x19,0x45,0x19,0x45,0x19,0x45,0x19,0x45,0x19,0x45,0x19,0x45,0x19,0x45,0x19,0x45,0x19,0x45,0x19,0x45,0x19,0x45,0x19,
    0x45,0x19,0x45,0x19,0x45,0x19,0x45,0x19,0x45,0x19,0x45,0x19,0x45,0x19,0x45,0x19,0x45,0x19,0x45,0x19,0x45,0x19,0x45,0x19,
    0x45,0x19,0x45,0x19,0x45,0x19,0x45,0x19,0x45,0x19,0x45,0x19,0x45,0x19,0x45,0x19,0x45,0x19,0x45,0x19,0x45,0x19,0x45,0x19,
    0x45,0x19,0x45,0x19,0x45,0x19,0x45,0x19,0x45,0x19,0x45,0x19,0x45,0x19,0x45,0x19,0x45,0x19,0x45,0x19,0x45,0x19,0x45,0x19,
    0x45,0x19,0x45,0x19,0x45,0x19,0x45,0x19,0x45,0x19,0x45,0x19,0x45,0x19,0x45,0x19,0x45,0x19,0x45,0x19,0x45,0x19,0x45,0x19,
    0x45,0x19,0x45,0x19,0x44,0x19,0x45,0x19,0x45,0x19,0x45,0x19,0x44,0x19,0x45,0x19,0x44,0x19,0x44,0x19,0x24,0x19,0x24,0x19,
    0x45,0x19,0x44,0x19,0x45,0x19,0x44,0x19,0x24,0x19,0x44,0x19,0x24,0x19,0x24,0x19,0x24,0x19,0x24,0x19,0x24,0x19,0x24,0x19,
    0x44,0x19,0x24,0x19,0x24,0x19,0x24,0x19,0x44,0x19,0x44,0x19,0x44,0x19,0x24,0x19,0x24,0x19,0x24,0x19,0x44,0x19,0x24,0x19,
    0x24,0x19,0x24,0x19,0x24,0x19,0x24,0x19,0x24,0x19,0x24,0x19,0x24,0x19,0x24,0x19,0x24,0x19,0x24,0x19,0x24,0x19,0x24,0x19,
    0x24,0x19,0x24,0x19,0x24,0x19,0x24,0x19,0x24,0x19,0x24,0x11,0x24,0x19,0x24,0x11,0x24,0x11,0x24,0x11,0x24,0x11,0x04,0x11,
    0x24,0x11,0x04,0x11,0x24,0x11,0x04,0x11,0x04,0x11,0x04,0x11,0x04,0x11,0x04,0x11,0x04,0x11,0x04,0x11,0x04,0x11,0x04,0x11,
    0x04,0x11,0x04,0x11,0xe3,0x10,0xa2,0x08,0xa2,0x08,0x24,0x11,0x24,0x19,0x24,0x19,0x45,0x21,0xa6,0x31,0x00,0x00,0x00,0x00,
    0x00,0x00,0x00,0x00,0x00,0x00,0x00,0x00,0x00,0x00,0x00,0x00,0x00,0x00,0x00,0x00,0x00,0x00,0x00,0x00,0x00,0x00,0x00,0x00,
    0x00,0x00,0x00,0x00,0x00,0x00,0x00,0x00,0x00,0x00,0x00,0x00,0x00,0x00,0x00,0x00,0x00,0x00,0x00,0x00,0x00,0x00,0x00,0x00,
    0x00,0x00,0x00,0x00,0x00,0x00,0x00,0x00,0x00,0x00,0x00,0x00,0x00,0x00,0x00,0x00,0x00,0x00,0x00,0x00,0xc7,0x29,0xc7,0x29,
    0xe7,0x21,0xe7,0x21,0x08,0x22,0x07,0x22,0xc7,0x19,0x65,0x19,0x86,0x19,0xa6,0x21,0xa6,0x21,0xa6,0x21,0xa6,0x21,0xc6,0x21,
    0xc6,0x21,0xc7,0x21,0xc6,0x21,0xc6,0x21,0xc6,0x21,0xc7,0x21,0xc6,0x21,0xc6,0x21,0xa6,0x21,0xa6,0x21,0xa6,0x21,0xa6,0x21,
    0x86,0x19,0x86,0x19,0x86,0x19,0x86,0x19,0x86,0x19,0x86,0x19,0x86,0x19,0x86,0x19,0x86,0x19,0x86,0x19,0x86,0x19,0x86,0x19,
    0x86,0x19,0x86,0x19,0x86,0x19,0x86,0x19,0x86,0x19,0x86,0x19,0x86,0x19,0x86,0x19,0x86,0x19,0x86,0x19,0x86,0x19,0x86,0x19,
    0x86,0x19,0x86,0x19,0x86,0x19,0x86,0x19,0x86,0x19,0x86,0x19,0x86,0x19,0x86,0x19,0x86,0x19,0x86,0x19,0x86,0x19,0x86,0x19,
    0x86,0x19,0x86,0x19,0x86,0x19,0x86,0x19,0x86,0x19,0x86,0x19,0x86,0x19,0x86,0x19,0x86,0x19,0x86,0x19,0x86,0x19,0x86,0x19,
    0x86,0x19,0x86,0x19,0x86,0x19,0x86,0x19,0x86,0x19,0x86,0x19,0x86,0x19,0x86,0x19,0x86,0x19,0x86,0x19,0x86,0x19,0x86,0x19,
    0x86,0x19,0x86,0x19,0x86,0x19,0x86,0x19,0x86,0x19,0x86,0x19,0x86,0x19,0x86,0x19,0x86,0x19,0x86,0x19,0x86,0x19,0x86,0x19,
    0x86,0x19,0x86,0x19,0x86,0x19,0x86,0x19,0x86,0x19,0x86,0x19,0x86,0x19,0x86,0x19,0x86,0x19,0x86,0x19,0x86,0x19,0x86,0x19,
    0x86,0x19,0x86,0x19,0x86,0x19,0x86,0x19,0x86,0x19,0x86,0x19,0x86,0x19,0x86,0x19,0x86,0x19,0x85,0x19,0x86,0x19,0x86,0x19,
    0x86,0x19,0x86,0x19,0x85,0x19,0x86,0x19,0x86,0x19,0x86,0x19,0x85,0x19,0x85,0x19,0x86,0x19,0x85,0x19,0x85,0x19,0x86,0x19,
    0x86,0x19,0x86,0x19,0x86,0x19,0x86,0x19,0x85,0x19,0x85,0x19,0x86,0x19,0x86,0x19,0x85,0x19,0x86,0x19,0x85,0x19,0x85,0x19,
    0x86,0x19,0x86,0x19,0x86,0x19,0x85,0x19,0x86,0x19,0x86,0x19,0x85,0x19,0x85,0x19,0x85,0x19,0x85,0x19,0x85,0x19,0x85,0x19,
    0x85,0x19,0x65,0x19,0x85,0x19,0x85,0x19,0x85,0x19,0x85,0x19,0x85,0x19,0x85,0x19,0x65,0x19,0x65,0x19,0x65,0x19,0x65,0x19,
    0x85,0x19,0x85,0x19,0x85,0x19,0x85,0x19,0x65,0x19,0x85,0x19,0x65,0x19,0x85,0x19,0x65,0x19,0x65,0x19,0x65,0x19,0x65,0x19,
    0x65,0x19,0x65,0x19,0x65,0x19,0x65,0x19,0x65,0x19,0x65,0x19,0x65,0x19,0x65,0x19,0x65,0x19,0x65,0x19,0x65,0x19,0x65,0x19,
    0x65,0x19,0x65,0x19,0x65,0x19,0x65,0x19,0x65,0x19,0x65,0x19,0x65,0x19,0x65,0x19,0x65,0x19,0x65,0x19,0x65,0x19,0x65,0x19,
    0x65,0x19,0x65,0x19,0x65,0x19,0x65,0x19,0x65,0x19,0x65,0x19,0x65,0x19,0x65,0x19,0x65,0x19,0x65,0x19,0x65,0x19,0x65,0x19,
    0x65,0x19,0x65,0x19,0x65,0x19,0x65,0x19,0x65,0x19,0x65,0x19,0x65,0x19,0x65,0x19,0x65,0x19,0x65,0x19,0x65,0x19,0x65,0x19,
    0x65,0x19,0x65,0x19,0x65,0x19,0x65,0x19,0x65,0x19,0x65,0x19,0x65,0x19,0x65,0x19,0x65,0x19,0x65,0x19,0x65,0x19,0x65,0x19,
    0x65,0x19,0x65,0x19,0x65,0x19,0x65,0x19,0x65,0x19,0x65,0x19,0x65,0x19,0x65,0x19,0x65,0x19,0x65,0x19,0x65,0x19,0x65,0x19,
    0x65,0x19,0x65,0x19,0x65,0x19,0x65,0x19,0x65,0x19,0x65,0x19,0x65,0x19,0x65,0x19,0x65,0x19,0x65,0x19,0x65,0x19,0x65,0x19,
    0x65,0x19,0x65,0x19,0x45,0x19,0x45,0x19,0x45,0x19,0x45,0x19,0x45,0x19,0x65,0x19,0x45,0x19,0x65,0x19,0x45,0x19,0x65,0x19,
    0x45,0x19,0x45,0x19,0x45,0x19,0x65,0x19,0x45,0x19,0x45,0x19,0x45,0x19,0x45,0x19,0x45,0x19,0x45,0x19,0x45,0x19,0x45,0x19,
    0x45,0x19,0x45,0x19,0x45,0x19,0x45,0x19,0x45,0x19,0x45,0x19,0x45,0x19,0x45,0x19,0x45,0x19,0x45,0x19,0x45,0x19,0x45,0x19,
    0x45,0x19,0x45,0x19,0x45,0x19,0x45,0x19,0x45,0x19,0x45,0x19,0x45,0x19,0x45,0x19,0x45,0x19,0x45,0x19,0x45,0x19,0x45,0x19,
    0x45,0x19,0x45,0x19,0x45,0x19,0x45,0x19,0x45,0x19,0x45,0x19,0x45,0x19,0x45,0x19,0x45,0x19,0x45,0x19,0x45,0x19,0x45,0x19,
    0x45,0x19,0x45,0x19,0x45,0x19,0x45,0x19,0x45,0x19,0x45,0x19,0x45,0x19,0x45,0x19,0x45,0x19,0x44,0x19,0x44,0x19,0x45,0x19,
    0x44,0x19,0x45,0x19,0x45,0x19,0x44,0x19,0x45,0x19,0x44,0x19,0x44,0x19,0x44,0x19,0x24,0x19,0x44,0x19,0x44,0x19,0x44,0x19,
    0x44,0x19,0x44,0x19,0x44,0x19,0x24,0x19,0x44,0x19,0x44,0x19,0x24,0x19,0x44,0x19,0x44,0x19,0x44,0x19,0x44,0x19,0x24,0x19,
    0x24,0x19,0x24,0x19,0x24,0x19,0x24,0x19,0x24,0x19,0x44,0x19,0x24,0x19,0x24,0x19,0x24,0x19,0x24,0x19,0x24,0x19,0x24,0x19,
    0x24,0x19,0x24,0x19,0x24,0x19,0x24,0x19,0x24,0x19,0x24,0x19,0x24,0x19,0x24,0x19,0x24,0x19,0x24,0x19,0x24,0x19,0x24,0x11,
    0x24,0x11,0x24,0x11,0x24,0x11,0x24,0x11,0x24,0x11,0x24,0x11,0x24,0x11,0x24,0x11,0x04,0x11,0x24,0x11,0x24,0x11,0x24,0x11,
    0x24,0x11,0x24,0x11,0x24,0x11,0x24,0x11,0x04,0x11,0x04,0x11,0xe3,0x10,0xa2,0x08,0xc3,0x08,0x24,0x11,0x24,0x19,0x24,0x19,
    0x45,0x21,0x86,0x29,0x61,0x08,0x00,0x00,0x00,0x00,0x00,0x00,0x00,0x00,0x00,0x00,0x00,0x00,0x00,0x00,0x00,0x00,0x00,0x00,
    0x00,0x00,0x00,0x00,0x00,0x00,0x00,0x00,0x00,0x00,0x00,0x00,0x00,0x00,0x00,0x00,0x00,0x00,0x00,0x00,0x00,0x00,0x00,0x00,
    0x00,0x00,0x00,0x00,0x00,0x00,0x00,0x00,0x00,0x00,0x00,0x00,0x00,0x00,0x00,0x00,0x00,0x00,0x00,0x00,0x00,0x00,0x00,0x00,
    0x00,0x00,0x00,0x00,0xa7,0x29,0xc7,0x21,0xe7,0x21,0x07,0x22,0x08,0x22,0x07,0x22,0xc7,0x21,0x65,0x19,0x86,0x19,0xa6,0x21,
    0xa6,0x21,0xc6,0x21,0xc6,0x21,0xc6,0x21,0xc6,0x21,0xc6,0x21,0xc6,0x21,0xc6,0x21,0xa6,0x21,0xa6,0x21,0xc6,0x21,0xa6,0x21,
    0xa6,0x21,0xa6,0x21,0xa6,0x21,0xa6,0x19,0xa6,0x19,0x86,0x19,0x86,0x19,0x86,0x19,0x86,0x19,0x86,0x19,0x86,0x19,0x86,0x19,
    0x86,0x19,0x86,0x19,0x86,0x19,0x86,0x19,0x86,0x19,0x86,0x19,0x86,0x19,0x86,0x19,0x86,0x19,0x86,0x19,0x86,0x19,0x86,0x19,
    0x86,0x19,0x86,0x19,0x86,0x19,0x86,0x19,0x86,0x19,0x86,0x19,0x86,0x19,0x86,0x19,0x86,0x19,0x86,0x19,0x86,0x19,0x86,0x19,
    0x86,0x19,0x86,0x19,0x86,0x19,0x86,0x19,0x86,0x19,0x86,0x19,0x86,0x19,0x86,0x19,0x86,0x19,0x86,0x19,0x86,0x19,0x86,0x19,
    0x86,0x19,0x86,0x19,0x86,0x19,0x86,0x19,0x86,0x19,0x86,0x19,0x86,0x19,0x86,0x19,0x86,0x19,0x86,0x19,0x86,0x19,0x86,0x19,
    0x86,0x19,0x86,0x19,0x86,0x19,0x86,0x19,0x86,0x19,0x86,0x19,0x86,0x19,0x86,0x19,0x86,0x19,0x86,0x19,0x86,0x19,0x86,0x19,
    0x86,0x19,0x86,0x19,0x86,0x19,0x86,0x19,0x86,0x19,0x86,0x19,0x86,0x19,0x86,0x19,0x86,0x19,0x86,0x19,0x86,0x19,0x86,0x19,
    0x86,0x19,0x86,0x19,0x86,0x19,0x86,0x19,0x86,0x19,0x86,0x19,0x86,0x19,0x86,0x19,0x86,0x19,0x86,0x19,0x86,0x19,0x86,0x19,
    0x86,0x19,0x86,0x19,0x86,0x19,0x86,0x19,0x86,0x19,0x86,0x19,0x86,0x19,0x86,0x19,0x86,0x19,0x86,0x19,0x86,0x19,0x86,0x19,
    0x86,0x19,0x86,0x19,0x86,0x19,0x86,0x19,0x86,0x19,0x85,0x19,0x86,0x19,0x86,0x19,0x86,0x19,0x86,0x19,0x86,0x19,0x86,0x19,
    0x86,0x19,0x86,0x19,0x86,0x19,0x85,0x19,0x85,0x19,0x85,0x19,0x86,0x19,0x86,0x19,0x86,0x19,0x85,0x19,0x85,0x19,0x85,0x19,
    0x86,0x19,0x86,0x19,0x85,0x19,0x85,0x19,0x85,0x19,0x85,0x19,0x85,0x19,0x85,0x19,0x85,0x19,0x85,0x19,0x85,0x19,0x65,0x19,
    0x85,0x19,0x65,0x19,0x85,0x19,0x85,0x19,0x85,0x19,0x65,0x19,0x85,0x19,0x65,0x19,0x85,0x19,0x65,0x19,0x85,0x19,0x65,0x19,
    0x65,0x19,0x85,0x19,0x65,0x19,0x65,0x19,0x65,0x19,0x85,0x19,0x85,0x19,0x65,0x19,0x65,0x19,0x65,0x19,0x65,0x19,0x65,0x19,
    0x65,0x19,0x65,0x19,0x65,0x19,0x65,0x19,0x65,0x19,0x65,0x19,0x65,0x19,0x65,0x19,0x65,0x19,0x65,0x19,0x65,0x19,0x65,0x19,
    0x65,0x19,0x65,0x19,0x65,0x19,0x65,0x19,0x65,0x19,0x65,0x19,0x65,0x19,0x65,0x19,0x65,0x19,0x65,0x19,0x65,0x19,0x65,0x19,
    0x65,0x19,0x65,0x19,0x65,0x19,0x65,0x19,0x65,0x19,0x65,0x19,0x65,0x19,0x65,0x19,0x65,0x19,0x65,0x19,0x65,0x19,0x65,0x19,
    0x65,0x19,0x65,0x19,0x65,0x19,0x65,0x19,0x65,0x19,0x65,0x19,0x65,0x19,0x65,0x19,0x65,0x19,0x65,0x19,0x65,0x19,0x65,0x19,
    0x65,0x19,0x65,0x19,0x65,0x19,0x65,0x19,0x65,0x19,0x65,0x19,0x65,0x19,0x65,0x19,0x65,0x19,0x65,0x19,0x65,0x19,0x65,0x19,
    0x65,0x19,0x65,0x19,0x65,0x19,0x65,0x19,0x65,0x19,0x65,0x19,0x65,0x19,0x65,0x19,0x65,0x19,0x45,0x19,0x45,0x19,0x65,0x19,
    0x65,0x19,0x45,0x19,0x45,0x19,0x65,0x19,0x65,0x19,0x65,0x19,0x65,0x19,0x45,0x19,0x45,0x19,0x45,0x19,0x65,0x19,0x45,0x19,
    0x65,0x19,0x45,0x19,0x45,0x19,0x45,0x19,0x45,0x19,0x45,0x19,0x65,0x19,0x45,0x19,0x45,0x19,0x45,0x19,0x45,0x19,0x45,0x19,
    0x45,0x19,0x45,0x19,0x45,0x19,0x45,0x19,0x45,0x19,0x45,0x19,0x45,0x19,0x45,0x19,0x45,0x19,0x45,0x19,0x45,0x19,0x45,0x19,
    0x45,0x19,0x45,0x19,0x45,0x19,0x45,0x19,0x45,0x19,0x45,0x19,0x45,0x19,0x45,0x19,0x45,0x19,0x45,0x19,0x45,0x19,0x45,0x19,
    0x45,0x19,0x45,0x19,0x45,0x19,0x45,0x19,0x45,0x19,0x45,0x19,0x45,0x19,0x45,0x19,0x45,0x19,0x45,0x19,0x45,0x19,0x45,0x19,
    0x45,0x19,0x45,0x19,0x45,0x19,0x45,0x19,0x45,0x19,0x45,0x19,0x45,0x19,0x45,0x19,0x45,0x19,0x45,0x19,0x44,0x19,0x45,0x19,
    0x45,0x19,0x45,0x19,0x45,0x19,0x45,0x19,0x45,0x19,0x45,0x19,0x45,0x19,0x44,0x19,0x45,0x19,0x45,0x19,0x44,0x19,0x45,0x19,
    0x44,0x19,0x44,0x19,0x44,0x19,0x44,0x19,0x44,0x19,0x24,0x19,0x24,0x19,0x44,0x19,0x44,0x19,0x45,0x19,0x44,0x19,0x24,0x19,
    0x44,0x19,0x44,0x19,0x24,0x19,0x24,0x19,0x44,0x19,0x24,0x19,0x44,0x19,0x44,0x19,0x24,0x19,0x24,0x19,0x24,0x19,0x24,0x19,
    0x24,0x19,0x24,0x19,0x24,0x19,0x24,0x19,0x24,0x19,0x24,0x19,0x24,0x19,0x24,0x19,0x24,0x19,0x24,0x19,0x24,0x19,0x24,0x19,
    0x24,0x19,0x24,0x11,0x24,0x19,0x24,0x19,0x24,0x11,0x24,0x11,0x24,0x11,0x24,0x11,0x24,0x11,0x24,0x11,0x24,0x11,0x24,0x11,
    0x24,0x11,0x24,0x11,0x24,0x11,0x24,0x11,0x24,0x11,0x24,0x11,0x24,0x11,0x24,0x11,0x04,0x11,0x04,0x11,0xe3,0x18,0xa2,0x08,
    0xc3,0x08,0x24,0x11,0x24,0x19,0x24,0x19,0x45,0x21,0x86,0x31,0x00,0x00,0x00,0x00,0x00,0x00,0x00,0x00,0x00,0x00,0x00,0x00,
    0x00,0x00,0x00,0x00,0x00,0x00,0x00,0x00,0x00,0x00,0x00,0x00,0x00,0x00,0x00,0x00,0x00,0x00,0x00,0x00,0x00,0x00,0x00,0x00,
    0x00,0x00,0x00,0x00,0x00,0x00,0x00,0x00,0x00,0x00,0x00,0x00,0x00,0x00,0x00,0x00,0x00,0x00,0x00,0x00,0x00,0x00,0x00,0x00,
    0x00,0x00,0x00,0x00,0x00,0x00,0x00,0x00,0x00,0x00,0x00,0x00,0xa7,0x29,0xc7,0x29,0xe7,0x21,0x07,0x22,0x08,0x22,0x08,0x22,
    0xc7,0x21,0x65,0x19,0x86,0x19,0xa6,0x19,0xc6,0x21,0xc6,0x21,0xc6,0x21,0xa6,0x21,0xc6,0x21,0xc6,0x21,0xa6,0x21,0xc6,0x21,
    0xa6,0x21,0xa6,0x21,0xc6,0x21,0xa6,0x21,0xa6,0x21,0xa6,0x21,0xa6,0x19,0xa6,0x19,0x86,0x19,0x86,0x19,0x86,0x19,0x86,0x19,
    0x86,0x19,0x86,0x19,0x86,0x19,0x86,0x19,0x86,0x19,0x86,0x19,0x86,0x19,0x86,0x19,0x86,0x19,0x86,0x19,0x86,0x19,0x86,0x19,
    0x86,0x19,0x86,0x19,0x86,0x19,0x86,0x19,0x86,0x19,0x86,0x19,0x86,0x19,0x86,0x19,0x86,0x19,0x86,0x19,0x86,0x19,0x86,0x19,
    0x86,0x19,0x86,0x19,0x86,0x19,0x86,0x19,0x86,0x19,0x86,0x19,0x86,0x19,0x86,0x19,0x86,0x19,0x86,0x19,0x86,0x19,0x86,0x19,
    0x86,0x19,0x86,0x19,0x86,0x19,0x86,0x19,0x86,0x19,0x86,0x19,0x86,0x19,0x86,0x19,0x86,0x19,0x86,0x19,0x86,0x19,0x86,0x19,
    0x86,0x19,0x86,0x19,0x86,0x19,0x86,0x19,0x86,0x19,0x86,0x19,0x86,0x19,0x86,0x19,0x86,0x19,0x86,0x19,0x86,0x19,0x86,0x19,
    0x86,0x19,0x86,0x19,0x86,0x19,0x86,0x19,0x86,0x19,0x86,0x19,0x86,0x19,0x86,0x19,0x86,0x19,0x86,0x19,0x86,0x19,0x86,0x19,
    0x86,0x19,0x86,0x19,0x86,0x19,0x86,0x19,0x86,0x19,0x86,0x19,0x86,0x19,0x86,0x19,0x86,0x19,0x86,0x19,0x86,0x19,0x86,0x19,
    0x86,0x19,0x86,0x19,0x86,0x19,0x86,0x19,0x86,0x19,0x86,0x19,0x86,0x19,0x85,0x19,0x86,0x19,0x86,0x19,0x86,0x19,0x86,0x19,
    0x86,0x19,0x86,0x19,0x86,0x19,0x85,0x19,0x85,0x19,0x86,0x19,0x86,0x19,0x86,0x19,0x85,0x19,0x86,0x19,0x86,0x19,0x85,0x19,
    0x85,0x19,0x86,0x19,0x86,0x19,0x86,0x19,0x86,0x19,0x86,0x19,0x85,0x19,0x86,0x19,0x85,0x19,0x85,0x19,0x85,0x19,0x86,0x19,
    0x85,0x19,0x85,0x19,0x65,0x19,0x85,0x19,0x85,0x19,0x65,0x19,0x86,0x19,0x65,0x19,0x85,0x19,0x85,0x19,0x85,0x19,0x85,0x19,
    0x65,0x19,0x65,0x19,0x85,0x19,0x65,0x19,0x65,0x19,0x65,0x19,0x65,0x19,0x65,0x19,0x65,0x19,0x85,0x19,0x85,0x19,0x65,0x19,
    0x65,0x19,0x85,0x19,0x65,0x19,0x65,0x19,0x85,0x19,0x65,0x19,0x85,0x19,0x65,0x19,0x65,0x19,0x65,0x19,0x85,0x19,0x65,0x19,
    0x65,0x19,0x65,0x19,0x65,0x19,0x65,0x19,0x65,0x19,0x65,0x19,0x65,0x19,0x65,0x19,0x65,0x19,0x65,0x19,0x65,0x19,0x65,0x19,
    0x65,0x19,0x65,0x19,0x65,0x19,0x65,0x19,0x65,0x19,0x65,0x19,0x65,0x19,0x65,0x19,0x65,0x19,0x65,0x19,0x65,0x19,0x65,0x19,
    0x65,0x19,0x65,0x19,0x65,0x19,0x65,0x19,0x65,0x19,0x65,0x19,0x65,0x19,0x65,0x19,0x65,0x19,0x65,0x19,0x65,0x19,0x65,0x19,
    0x65,0x19,0x65,0x19,0x65,0x19,0x65,0x19,0x65,0x19,0x65,0x19,0x65,0x19,0x65,0x19,0x65,0x19,0x65,0x19,0x65,0x19,0x65,0x19,
    0x65,0x19,0x65,0x19,0x65,0x19,0x65,0x19,0x65,0x19,0x65,0x19,0x65,0x19,0x65,0x19,0x65,0x19,0x65,0x19,0x65,0x19,0x65,0x19,
    0x65,0x19,0x65,0x19,0x65,0x19,0x65,0x19,0x65,0x19,0x65,0x19,0x65,0x19,0x65,0x19,0x65,0x19,0x65,0x19,0x65,0x19,0x65,0x19,
    0x65,0x19,0x65,0x19,0x65,0x19,0x45,0x19,0x65,0x19,0x65,0x19,0x65,0x19,0x65,0x19,0x65,0x19,0x65,0x19,0x45,0x19,0x45,0x19,
    0x45,0x19,0x45,0x19,0x45,0x19,0x65,0x19,0x45,0x19,0x65,0x19,0x65,0x19,0x45,0x19,0x45,0x19,0x45,0x19,0x45,0x19,0x45,0x19,
    0x45,0x19,0x45,0x19,0x45,0x19,0x45,0x19,0x45,0x19,0x45,0x19,0x45,0x19,0x45,0x19,0x45,0x19,0x45,0x19,0x45,0x19,0x45,0x19,
    0x45,0x19,0x45,0x19,0x45,0x19,0x45,0x19,0x45,0x19,0x45,0x19,0x45,0x19,0x45,0x19,0x45,0x19,0x45,0x19,0x45,0x19,0x45,0x19,
    0x45,0x19,0x45,0x19,0x45,0x19,0x45,0x19,0x45,0x19,0x45,0x19,0x45,0x19,0x45,0x19,0x45,0x19,0x45,0x19,0x45,0x19,0x45,0x19,
    0x45,0x19,0x45,0x19,0x45,0x19,0x45,0x19,0x45,0x19,0x45,0x19,0x45,0x19,0x45,0x19,0x45,0x19,0x45,0x19,0x45,0x19,0x45,0x19,
    0x45,0x19,0x45,0x19,0x44,0x19,0x45,0x19,0x44,0x19,0x45,0x19,0x45,0x19,0x45,0x19,0x44,0x19,0x45,0x19,0x45,0x19,0x45,0x19,
    0x44,0x19,0x45,0x19,0x45,0x19,0x44,0x19,0x44,0x19,0x44,0x19,0x45,0x19,0x44,0x19,0x44,0x19,0x24,0x19,0x44,0x19,0x44,0x19,
    0x44,0x19,0x44,0x19,0x24,0x19,0x44,0x19,0x44,0x19,0x44,0x19,0x24,0x19,0x24,0x19,0x24,0x19,0x44,0x19,0x44,0x19,0x44,0x19,
    0x44,0x19,0x24,0x19,0x24,0x19,0x24,0x19,0x24,0x19,0x24,0x19,0x24,0x19,0x24,0x19,0x24,0x19,0x24,0x19,0x24,0x19,0x24,0x19,
    0x24,0x19,0x24,0x19,0x24,0x19,0x24,0x19,0x24,0x19,0x24,0x19,0x24,0x19,0x24,0x11,0x24,0x19,0x24,0x11,0x24,0x11,0x24,0x11,
    0x24,0x11,0x24,0x11,0x24,0x11,0x24,0x11,0x24,0x11,0x24,0x11,0x24,0x11,0x24,0x11,0x24,0x11,0x24,0x11,0x24,0x11,0x24,0x11,
    0x24,0x11,0x04,0x11,0xe3,0x18,0xa2,0x08,0xc3,0x10,0x24,0x11,0x24,0x19,0x24,0x19,0x24,0x21,0x86,0x29,0x00,0x00,0x00,0x00,
    0x00,0x00,0x00,0x00,0x00,0x00,0x00,0x00,0x00,0x00,0x00,0x00,0x00,0x00,0x00,0x00,0x00,0x00,0x00,0x00,0x00,0x00,0x00,0x00,
    0x00,0x00,0x00,0x00,0x00,0x00,0x00,0x00,0x00,0x00,0x00,0x00,0x00,0x00,0x00,0x00,0x00,0x00,0x00,0x00,0x00,0x00,0x00,0x00,
    0x00,0x00,0x00,0x00,0x00,0x00,0x00,0x00,0x00,0x00,0x00,0x00,0x00,0x00,0x00,0x00,0x00,0x00,0x00,0x00,0xe7,0x31,0xc7,0x29,
    0xe7,0x21,0x08,0x22,0x08,0x22,0x08,0x22,0xc7,0x21,0x65,0x19,0x86,0x19,0xa6,0x19,0xa6,0x21,0xc6,0x21,0xc6,0x21,0xc6,0x21,
    0xc7,0x21,0xc7,0x21,0xc7,0x21,0xc6,0x21,0xc6,0x21,0xc6,0x21,0xc6,0x21,0xc6,0x21,0xa6,0x21,0xa6,0x21,0xa6,0x21,0xa6,0x19,
    0xa6,0x21,0x86,0x19,0x86,0x19,0x86,0x19,0x86,0x19,0x86,0x19,0x86,0x19,0x86,0x19,0x86,0x19,0x86,0x19,0x86,0x19,0x86,0x19,
    0x86,0x19,0x86,0x19,0x86,0x19,0x86,0x19,0x86,0x19,0x86,0x21,0x86,0x19,0x86,0x21,0x86,0x19,0x86,0x19,0xa6,0x21,0x86,0x19,
    0x86,0x19,0x86,0x19,0x86,0x19,0x86,0x19,0x86,0x19,0x86,0x19,0xa6,0x21,0xa6,0x21,0x86,0x19,0x86,0x19,0x86,0x21,0x86,0x19,
    0x86,0x19,0x86,0x21,0x86,0x19,0x86,0x19,0x86,0x19,0x86,0x19,0x86,0x21,0x86,0x19,0x86,0x19,0x86,0x19,0x86,0x19,0x86,0x19,
    0x86,0x19,0x86,0x19,0x86,0x21,0x86,0x19,0x86,0x19,0x86,0x19,0x86,0x19,0x86,0x19,0x86,0x19,0x86,0x19,0x86,0x19,0x86,0x19,
    0x86,0x19,0x86,0x19,0x86,0x21,0x86,0x19,0x86,0x21,0x86,0x19,0x86,0x19,0x86,0x19,0x86,0x19,0x86,0x19,0x86,0x19,0x86,0x19,
    0x86,0x19,0x86,0x19,0x86,0x19,0x86,0x19,0x86,0x19,0x86,0x19,0x86,0x19,0x86,0x19,0x86,0x19,0x86,0x19,0x86,0x19,0x86,0x19,
    0x86,0x19,0x86,0x19,0x86,0x19,0x86,0x19,0x86,0x19,0x86,0x19,0x86,0x19,0x86,0x19,0x86,0x19,0x86,0x19,0x86,0x19,0x86,0x19,
    0x86,0x19,0x86,0x19,0x86,0x19,0x86,0x19,0x86,0x19,0x86,0x19,0x86,0x19,0x86,0x19,0x86,0x19,0x86,0x19,0x86,0x19,0x86,0x19,
    0x86,0x19,0x86,0x19,0x86,0x19,0x86,0x19,0x86,0x19,0x86,0x19,0x86,0x19,0x86,0x19,0x86,0x19,0x86,0x19,0x86,0x19,0x86,0x19,
    0x86,0x19,0x86,0x19,0x86,0x19,0x86,0x19,0x86,0x19,0x86,0x19,0x86,0x19,0x86,0x19,0x86,0x19,0x86,0x19,0x85,0x19,0x86,0x19,
    0x86,0x19,0x86,0x19,0x86,0x19,0x86,0x19,0x86,0x19,0x86,0x19,0x86,0x19,0x86,0x19,0x86,0x19,0x86,0x19,0x86,0x19,0x85,0x19,
    0x85,0x19,0x86,0x19,0x85,0x19,0x86,0x19,0x86,0x19,0x85,0x19,0x85,0x19,0x86,0x19,0x85,0x19,0x65,0x19,0x86,0x19,0x85,0x19,
    0x65,0x19,0x65,0x19,0x85,0x19,0x65,0x19,0x85,0x19,0x85,0x19,0x85,0x19,0x85,0x19,0x65,0x19,0x65,0x19,0x65,0x19,0x65,0x19,
    0x65,0x19,0x65,0x19,0x65,0x19,0x65,0x19,0x65,0x19,0x65,0x19,0x65,0x19,0x65,0x19,0x65,0x19,0x65,0x19,0x65,0x19,0x65,0x19,
    0x65,0x19,0x65,0x19,0x65,0x19,0x65,0x19,0x65,0x19,0x65,0x19,0x65,0x19,0x65,0x19,0x65,0x19,0x65,0x19,0x65,0x19,0x65,0x19,
    0x65,0x19,0x65,0x19,0x65,0x19,0x65,0x19,0x65,0x19,0x65,0x19,0x65,0x19,0x65,0x19,0x65,0x19,0x65,0x19,0x65,0x19,0x65,0x19,
    0x65,0x19,0x65,0x19,0x65,0x19,0x65,0x19,0x65,0x19,0x65,0x19,0x65,0x19,0x65,0x19,0x65,0x19,0x65,0x19,0x65,0x19,0x65,0x19,
    0x65,0x19,0x65,0x19,0x65,0x19,0x65,0x19,0x65,0x19,0x65,0x19,0x65,0x19,0x65,0x19,0x65,0x19,0x65,0x19,0x65,0x19,0x65,0x19,
    0x65,0x19,0x65,0x19,0x65,0x19,0x65,0x19,0x65,0x19,0x65,0x19,0x65,0x19,0x65,0x19,0x65,0x19,0x65,0x19,0x65,0x19,0x65,0x19,
    0x65,0x19,0x65,0x19,0x65,0x19,0x65,0x19,0x65,0x19,0x65,0x19,0x45,0x19,0x45,0x19,0x45,0x19,0x65,0x19,0x65,0x19,0x45,0x19,
    0x45,0x19,0x45,0x19,0x45,0x19,0x45,0x19,0x45,0x19,0x45,0x19,0x45,0x19,0x45,0x19,0x45,0x19,0x65,0x19,0x65,0x19,0x45,0x19,
    0x45,0x19,0x45,0x19,0x45,0x19,0x45,0x19,0x45,0x19,0x45,0x19,0x45,0x19,0x45,0x19,0x45,0x19,0x45,0x19,0x45,0x19,0x45,0x19,
    0x45,0x19,0x45,0x19,0x45,0x19,0x45,0x19,0x45,0x19,0x45,0x19,0x45,0x19,0x45,0x19,0x45,0x19,0x45,0x19,0x45,0x19,0x45,0x19,
    0x45,0x19,0x45,0x19,0x45,0x19,0x45,0x19,0x45,0x19,0x45,0x19,0x45,0x19,0x45,0x19,0x45,0x19,0x45,0x19,0x45,0x19,0x45,0x19,
    0x45,0x19,0x45,0x19,0x45,0x19,0x45,0x19,0x45,0x19,0x45,0x19,0x45,0x19,0x45,0x19,0x45,0x19,0x45,0x19,0x45,0x19,0x45,0x19,
    0x45,0x19,0x45,0x19,0x45,0x19,0x45,0x19,0x45,0x19,0x45,0x19,0x45,0x19,0x44,0x19,0x44,0x19,0x45,0x19,0x44,0x19,0x44,0x19,
    0x44,0x19,0x44,0x19,0x44,0x19,0x24,0x19,0x44,0x19,0x44,0x19,0x44,0x19,0x24,0x19,0x44,0x19,0x24,0x19,0x24,0x19,0x44,0x19,
    0x44,0x19,0x44,0x19,0x44,0x19,0x24,0x19,0x24,0x19,0x24,0x19,0x24,0x19,0x24,0x19,0x24,0x19,0x24,0x19,0x24,0x19,0x24,0x19,
    0x24,0x19,0x24,0x19,0x24,0x19,0x24,0x19,0x24,0x19,0x24,0x19,0x24,0x19,0x24,0x19,0x24,0x19,0x24,0x19,0x24,0x19,0x24,0x19,
    0x24,0x19,0x24,0x11,0x24,0x19,0x24,0x11,0x24,0x11,0x24,0x11,0x24,0x11,0x24,0x11,0x24,0x11,0x24,0x11,0x24,0x11,0x24,0x11,
    0x24,0x11,0x24,0x11,0x24,0x11,0x24,0x11,0x24,0x11,0x04,0x11,0xe3,0x10,0xa2,0x08,0xc3,0x10,0x24,0x11,0x24,0x19,0x24,0x19,
    0x24,0x21,0x86,0x29,0x00,0x00,0x00,0x00,0x00,0x00,0x00,0x00,0x00,0x00,0x00,0x00,0x00,0x00,0x00,0x00,0x00,0x00,0x00,0x00,
    0x00,0x00,0x00,0x00,0x00,0x00,0x00,0x00,0x00,0x00,0x00,0x00,0x00,0x00,0x00,0x00,0x00,0x00,0x00,0x00,0x00,0x00,0x00,0x00,
    0x00,0x00,0x00,0x00,0x00,0x00,0x00,0x00,0x00,0x00,0x00,0x00,0x00,0x00,0x00,0x00,0x00,0x00,0x00,0x00,0x00,0x00,0x00,0x00,
    0x00,0x00,0x00,0x00,0xe7,0x31,0xc7,0x29,0xe7,0x21,0x08,0x22,0x08,0x22,0x08,0x22,0xc7,0x21,0x65,0x19,0x86,0x19,0xa6,0x21,
    0xa6,0x21,0xa6,0x21,0xa6,0x21,0xa6,0x21,0xc7,0x21,0xc7,0x21,0xc6,0x21,0xc6,0x21,0xc6,0x21,0xa6,0x21,0xa6,0x21,0xa6,0x21,
    0xa6,0x21,0xa6,0x21,0xa6,0x19,0x86,0x19,0x86,0x19,0x86,0x19,0x86,0x19,0x86,0x19,0x86,0x19,0x86,0x19,0x86,0x19,0x86,0x19,
    0x86,0x19,0x86,0x19,0x86,0x19,0x86,0x19,0x86,0x19,0x86,0x19,0x86,0x19,0x86,0x19,0x86,0x19,0x86,0x19,0x86,0x19,0x86,0x19,
    0x86,0x19,0x86,0x19,0x86,0x19,0x86,0x19,0x86,0x19,0x86,0x19,0x86,0x19,0x86,0x19,0x86,0x19,0x86,0x19,0x86,0x19,0x86,0x19,
    0x86,0x19,0x86,0x19,0x86,0x19,0x86,0x19,0x86,0x19,0x86,0x19,0x86,0x19,0x86,0x19,0x86,0x19,0x86,0x19,0x86,0x19,0x86,0x19,
    0x86,0x19,0x86,0x19,0x86,0x19,0x86,0x19,0x86,0x19,0x86,0x19,0x86,0x19,0x86,0x19,0x86,0x19,0x86,0x19,0x86,0x19,0x86,0x19,
    0x86,0x19,0x86,0x19,0x86,0x19,0x86,0x19,0x86,0x19,0x86,0x19,0x86,0x19,0x86,0x19,0x86,0x19,0x86,0x19,0x86,0x19,0x86,0x19,
    0x86,0x19,0x86,0x19,0x86,0x19,0x86,0x19,0x86,0x19,0x86,0x19,0x86,0x19,0x86,0x19,0x86,0x19,0x86,0x19,0x86,0x19,0x86,0x19,
    0x86,0x19,0x86,0x19,0x86,0x19,0x86,0x19,0x86,0x19,0x86,0x19,0x86,0x19,0x85,0x19,0x85,0x19,0x86,0x19,0x86,0x19,0x86,0x19,
    0x85,0x19,0x86,0x19,0x86,0x19,0x85,0x19,0x85,0x19,0x85,0x19,0x86,0x19,0x85,0x19,0x85,0x19,0x85,0x19,0x86,0x19,0x86,0x19,
    0x86,0x19,0x85,0x19,0x85,0x19,0x65,0x19,0x85,0x19,0x86,0x19,0x86,0x19,0x85,0x19,0x86,0x19,0x86,0x19,0x85,0x19,0x86,0x19,
    0x85,0x19,0x65,0x19,0x85,0x19,0x85,0x19,0x85,0x19,0x85,0x19,0x85,0x19,0x85,0x19,0x85,0x19,0x65,0x19,0x65,0x19,0x85,0x19,
    0x65,0x19,0x85,0x19,0x85,0x19,0x85,0x19,0x85,0x19,0x86,0x19,0x85,0x19,0x65,0x19,0x65,0x19,0x85,0x19,0x85,0x19,0x65,0x19,
    0x85,0x19,0x65,0x19,0x65,0x19,0x65,0x19,0x65,0x19,0x65,0x19,0x85,0x19,0x65,0x19,0x65,0x19,0x65,0x19,0x65,0x19,0x65,0x19,
    0x65,0x19,0x65,0x19,0x65,0x19,0x65,0x19,0x65,0x19,0x65,0x19,0x65,0x19,0x65,0x19,0x65,0x19,0x65,0x19,0x65,0x19,0x65,0x19,
    0x65,0x19,0x65,0x19,0x65,0x19,0x65,0x19,0x65,0x19,0x65,0x19,0x65,0x19,0x65,0x19,0x65,0x19,0x65,0x19,0x65,0x19,0x65,0x19,
    0x65,0x19,0x65,0x19,0x65,0x19,0x65,0x19,0x65,0x19,0x65,0x19,0x65,0x19,0x65,0x19,0x65,0x19,0x65,0x19,0x65,0x19,0x65,0x19,
    0x65,0x19,0x65,0x19,0x65,0x19,0x65,0x19,0x65,0x19,0x65,0x19,0x65,0x19,0x65,0x19,0x65,0x19,0x65,0x19,0x65,0x19,0x65,0x19,
    0x65,0x19,0x65,0x19,0x65,0x19,0x65,0x19,0x65,0x19,0x65,0x19,0x65,0x19,0x65,0x19,0x65,0x19,0x65,0x19,0x65,0x19,0x65,0x19,
    0x65,0x19,0x65,0x19,0x65,0x19,0x65,0x19,0x65,0x19,0x65,0x19,0x65,0x19,0x65,0x19,0x65,0x19,0x65,0x19,0x65,0x19,0x65,0x19,
    0x65,0x19,0x65,0x19,0x65,0x19,0x65,0x19,0x65,0x19,0x65,0x19,0x65,0x19,0x65,0x19,0x65,0x19,0x65,0x19,0x65,0x19,0x65,0x19,
    0x65,0x19,0x65,0x19,0x65,0x19,0x65,0x19,0x65,0x19,0x65,0x19,0x45,0x19,0x65,0x19,0x65,0x19,0x45,0x19,0x45,0x19,0x45,0x19,
    0x45,0x19,0x45,0x19,0x45,0x19,0x45,0x19,0x45,0x19,0x45,0x19,0x45,0x19,0x45,0x19,0x45,0x19,0x45,0x19,0x45,0x19,0x45,0x19,
    0x45,0x19,0x45,0x19,0x45,0x19,0x45,0x19,0x45,0x19,0x45,0x19,0x45,0x19,0x45,0x19,0x45,0x19,0x45,0x19,0x45,0x19,0x45,0x19,
    0x45,0x19,0x45,0x19,0x45,0x19,0x45,0x19,0x45,0x19,0x45,0x19,0x45,0x19,0x45,0x19,0x45,0x19,0x45,0x19,0x45,0x19,0x45,0x19,
    0x45,0x19,0x45,0x19,0x45,0x19,0x45,0x19,0x45,0x19,0x45,0x19,0x45,0x19,0x45,0x19,0x45,0x19,0x45,0x19,0x45,0x19,0x45,0x19,
    0x45,0x19,0x45,0x19,0x45,0x19,0x45,0x19,0x45,0x19,0x45,0x19,0x45,0x19,0x45,0x19,0x45,0x19,0x45,0x19,0x45,0x19,0x44,0x19,
    0x45,0x19,0x45,0x19,0x45,0x19,0x45,0x19,0x45,0x19,0x45,0x19,0x45,0x19,0x44,0x19,0x45,0x19,0x45,0x19,0x44,0x19,0x45,0x19,
    0x45,0x19,0x45,0x19,0x45,0x19,0x44,0x19,0x44,0x19,0x45,0x19,0x44,0x19,0x44,0x19,0x44,0x19,0x44,0x19,0x44,0x19,0x45,0x19,
    0x44,0x19,0x44,0x19,0x24,0x19,0x24,0x19,0x44,0x19,0x44,0x19,0x24,0x19,0x24,0x19,0x24,0x19,0x24,0x19,0x24,0x19,0x24,0x19,
    0x24,0x19,0x24,0x19,0x24,0x19,0x24,0x19,0x24,0x19,0x24,0x19,0x24,0x19,0x24,0x19,0x24,0x19,0x24,0x19,0x24,0x19,0x24,0x19,
    0x44,0x19,0x24,0x19,0x24,0x19,0x24,0x19,0x44,0x19,0x24,0x19,0x24,0x19,0x24,0x19,0x24,0x11,0x24,0x11,0x24,0x11,0x24,0x11,
    0x24,0x11,0x24,0x11,0x24,0x11,0x24,0x11,0x24,0x11,0x24,0x11,0x24,0x11,0x24,0x11,0x24,0x11,0x24,0x11,0x03,0x19,0xa2,0x08,
    0xc3,0x10,0x24,0x11,0x24,0x19,0x24,0x19,0x45,0x21,0x86,0x29,0x00,0x00,0x00,0x00,0x00,0x00,0x00,0x00,0x00,0x00,0x00,0x00,
    0x00,0x00,0x00,0x00,0x00,0x00,0x00,0x00,0x00,0x00,0x00,0x00,0x00,0x00,0x00,0x00,0x00,0x00,0x00,0x00,0x00,0x00,0x00,0x00,
    0x00,0x00,0x00,0x00,0x00,0x00,0x00,0x00,0x00,0x00,0x00,0x00,0x00,0x00,0x00,0x00,0x00,0x00,0x00,0x00,0x00,0x00,0x00,0x00,
    0x00,0x00,0x00,0x00,0x00,0x00,0x00,0x00,0x00,0x00,0x00,0x00,0xc7,0x29,0xe7,0x29,0xe7,0x21,0x08,0x22,0x08,0x22,0x08,0x22,
    0xc7,0x21,0x65,0x19,0x08,0x32,0x07,0x32,0x07,0x2a,0xe7,0x29,0x08,0x32,0xe7,0x29,0xe7,0x29,0xe7,0x29,0x07,0x2a,0xe7,0x29,
    0x08,0x32,0x07,0x32,0x08,0x2a,0xe7,0x29,0xe7,0x29,0xe7,0x29,0x08,0x32,0xe7,0x29,0xe7,0x29,0xc7,0x29,0xe7,0x29,0xc7,0x29,
    0xe7,0x29,0xe7,0x29,0xe7,0x29,0xe7,0x29,0xe7,0x29,0xe7,0x29,0xe7,0x29,0xe7,0x29,0xe7,0x29,0xe7,0x29,0xe7,0x29,0xe7,0x29,
    0xe7,0x29,0xe7,0x29,0xe7,0x29,0xc7,0x29,0xc7,0x29,0xc7,0x29,0xc7,0x29,0xc7,0x29,0xe7,0x29,0xc7,0x29,0xc7,0x29,0xc7,0x29,
    0xe7,0x29,0xe7,0x29,0xe7,0x29,0xc7,0x29,0xc7,0x29,0xc7,0x29,0xe7,0x29,0xc7,0x29,0xc7,0x29,0xe7,0x29,0xe7,0x29,0xe7,0x29,
    0xe7,0x29,0xe7,0x31,0xe7,0x29,0xe7,0x29,0xe7,0x29,0xc7,0x29,0xe7,0x29,0xc7,0x29,0xc7,0x29,0xe7,0x29,0xc7,0x21,0xc7,0x29,
    0xc7,0x29,0xc7,0x29,0xc7,0x29,0xc7,0x29,0xe7,0x29,0xe7,0x29,0xe7,0x29,0xe7,0x29,0xe7,0x29,0xe7,0x29,0xc7,0x29,0xc7,0x29,
    0xe7,0x29,0xe7,0x29,0xc7,0x29,0xc7,0x29,0xc7,0x29,0xe7,0x29,0xe7,0x29,0xc7,0x29,0xc7,0x29,0xc7,0x29,0xe7,0x29,0xe7,0x29,
    0xc7,0x29,0xe7,0x31,0xe7,0x29,0xc7,0x29,0xe7,0x29,0xc7,0x29,0xc7,0x21,0xc7,0x21,0xc7,0x21,0xc7,0x29,0xc7,0x21,0xc7,0x29,
    0xc7,0x29,0xc6,0x21,0xc7,0x21,0xc7,0x29,0xc7,0x29,0xc7,0x29,0xe7,0x29,0xc7,0x29,0xc7,0x29,0xc7,0x21,0xc7,0x29,0xa6,0x21,
    0xa6,0x21,0xc7,0x29,0xc7,0x21,0xc7,0x29,0xc7,0x29,0xc7,0x21,0xa6,0x21,0xc6,0x29,0xa6,0x21,0xc6,0x21,0xa6,0x21,0xa6,0x21,
    0xa6,0x21,0xc6,0x21,0xc7,0x29,0xc7,0x21,0xc7,0x29,0xc7,0x21,0xc7,0x29,0xc7,0x29,0xc6,0x21,0xc7,0x29,0xc7,0x29,0xc6,0x21,
    0xa6,0x21,0xc6,0x29,0xa6,0x21,0xc7,0x29,0xc7,0x29,0xa6,0x21,0xa6,0x21,0xa6,0x21,0xa6,0x21,0xa6,0x21,0xa6,0x21,0xc7,0x29,
    0xa6,0x21,0xa6,0x21,0xa6,0x21,0xa6,0x21,0xa6,0x21,0xa6,0x21,0xa6,0x21,0xa6,0x21,0xa6,0x21,0xa6,0x21,0xa6,0x21,0xa6,0x21,
    0xa6,0x21,0xa6,0x21,0xa6,0x21,0x86,0x21,0xa6,0x21,0xa6,0x21,0xa6,0x21,0xa6,0x21,0xa6,0x21,0xa6,0x21,0xa6,0x21,0xa6,0x21,
    0xa6,0x21,0x86,0x21,0x86,0x21,0xa6,0x21,0x86,0x21,0x86,0x21,0x86,0x21,0x86,0x21,0x86,0x21,0x86,0x21,0x86,0x21,0x86,0x21,
    0xa6,0x21,0xa6,0x21,0xa6,0x21,0xa6,0x21,0xa6,0x21,0xa6,0x21,0x86,0x21,0x86,0x21,0x86,0x21,0x86,0x21,0x86,0x21,0x86,0x21,
    0x86,0x21,0x86,0x21,0x86,0x21,0x86,0x21,0x86,0x21,0x86,0x21,0x86,0x21,0x86,0x21,0xa6,0x21,0xa6,0x21,0x86,0x21,0x86,0x21,
    0x86,0x21,0x86,0x21,0x86,0x21,0x86,0x19,0x86,0x21,0x86,0x21,0x86,0x21,0x86,0x19,0x86,0x21,0x85,0x19,0x86,0x19,0x86,0x21,
    0x86,0x21,0x86,0x21,0x86,0x21,0x86,0x19,0x65,0x19,0x65,0x19,0x85,0x19,0x65,0x19,0x85,0x19,0x65,0x19,0x86,0x19,0x85,0x21,
    0x86,0x19,0x86,0x21,0x86,0x21,0x86,0x21,0x85,0x21,0x86,0x21,0x85,0x21,0x65,0x19,0x65,0x19,0x65,0x19,0x65,0x19,0x65,0x19,
    0x65,0x19,0x65,0x19,0x65,0x19,0x65,0x19,0x65,0x19,0x65,0x21,0x65,0x19,0x65,0x19,0x65,0x19,0x65,0x19,0x86,0x21,0x65,0x19,
    0x65,0x21,0x65,0x19,0x85,0x21,0x65,0x19,0x65,0x19,0x65,0x19,0x65,0x19,0x65,0x19,0x65,0x19,0x65,0x19,0x65,0x19,0x65,0x19,
    0x65,0x19,0x65,0x19,0x65,0x19,0x65,0x19,0x65,0x19,0x65,0x19,0x65,0x19,0x65,0x19,0x65,0x19,0x65,0x19,0x65,0x19,0x65,0x19,
    0x65,0x19,0x65,0x19,0x65,0x19,0x65,0x19,0x65,0x19,0x65,0x19,0x65,0x19,0x65,0x19,0x65,0x19,0x65,0x19,0x65,0x19,0x65,0x19,
    0x65,0x19,0x65,0x19,0x65,0x19,0x65,0x19,0x45,0x19,0x65,0x19,0x65,0x19,0x45,0x19,0x65,0x19,0x65,0x19,0x65,0x19,0x45,0x19,
    0x65,0x19,0x65,0x19,0x45,0x19,0x45,0x19,0x45,0x19,0x45,0x19,0x45,0x19,0x45,0x19,0x45,0x19,0x65,0x19,0x45,0x19,0x45,0x19,
    0x45,0x19,0x45,0x19,0x45,0x19,0x45,0x19,0x45,0x19,0x45,0x19,0x45,0x19,0x45,0x19,0x45,0x19,0x45,0x19,0x45,0x19,0x45,0x19,
    0x45,0x19,0x45,0x19,0x45,0x19,0x45,0x19,0x45,0x19,0x45,0x19,0x45,0x19,0x45,0x19,0x45,0x19,0x45,0x19,0x45,0x19,0x45,0x19,
    0x45,0x19,0x45,0x19,0x45,0x19,0x45,0x19,0x45,0x19,0x45,0x19,0x45,0x19,0x45,0x19,0x45,0x19,0x45,0x19,0x45,0x19,0x45,0x19,
    0x45,0x19,0x45,0x19,0x45,0x19,0x45,0x19,0x45,0x19,0x44,0x19,0x45,0x19,0x44,0x19,0x44,0x19,0x24,0x19,0x44,0x19,0x45,0x19,
    0x44,0x19,0x44,0x19,0x45,0x19,0x45,0x19,0x44,0x19,0x45,0x19,0x44,0x19,0x44,0x19,0x44,0x19,0x24,0x19,0x45,0x19,0x24,0x19,
    0x44,0x19,0x44,0x19,0x44,0x19,0x24,0x19,0x24,0x19,0x24,0x19,0x24,0x19,0x24,0x19,0x24,0x19,0x24,0x11,0x24,0x19,0x24,0x19,
    0x24,0x19,0x24,0x11,0xe3,0x18,0xc2,0x08,0xc3,0x10,0x24,0x19,0x24,0x19,0x24,0x19,0x45,0x21,0x86,0x31,0x00,0x00,0x00,0x00,
    0x00,0x00,0x00,0x00,0x00,0x00,0x00,0x00,0x00,0x00,0x00,0x00,0x00,0x00,0x00,0x00,0x00,0x00,0x00,0x00,0x00,0x00,0x00,0x00,
    0x00,0x00,0x00,0x00,0x00,0x00,0x00,0x00,0x00,0x00,0x00,0x00,0x00,0x00,0x00,0x00,0x00,0x00,0x00,0x00,0x00,0x00,0x00,0x00,
    0x00,0x00,0x00,0x00,0x00,0x00,0x00,0x00,0x00,0x00,0x00,0x00,0x00,0x00,0x00,0x00,0x00,0x00,0x00,0x00,0xa6,0x29,0xe7,0x29,
    0xe7,0x21,0x08,0x22,0x08,0x22,0x08,0x22,0xe7,0x21,0xa6,0x21,0x0b,0x53,0x4c,0x5b,0x8e,0x6b,0xce,0x6b,0xcf,0x6b,0xcf,0x73,
    0xae,0x6b,0x8e,0x63,0xae,0x6b,0x8e,0x6b,0xae,0x6b,0x8e,0x63,0x8d,0x63,0x8e,0x63,0x6d,0x63,0x6d,0x63,0x8d,0x63,0x8e,0x63,
    0x8e,0x63,0x6d,0x63,0x6d,0x63,0x4d,0x5b,0x4d,0x5b,0x4d,0x5b,0x8d,0x63,0x8e,0x63,0x6d,0x63,0x6d,0x63,0x4d,0x5b,0x6d,0x63,
    0x6d,0x63,0x6d,0x63,0x6d,0x63,0x4d,0x5b,0x6d,0x63,0x6d,0x63,0x8e,0x63,0x8e,0x63,0x8e,0x63,0x6d,0x63,0x6d,0x63,0x6d,0x63,
    0x6d,0x63,0x6d,0x63,0x8d,0x63,0x6d,0x63,0x6d,0x5b,0x6d,0x5b,0x8e,0x63,0x8d,0x63,0x6d,0x63,0x6d,0x63,0x6d,0x63,0x6d,0x63,
    0x6d,0x63,0x6d,0x63,0x6d,0x63,0x6d,0x63,0x4d,0x5b,0x4d,0x5b,0x6d,0x63,0x4d,0x5b,0x4d,0x63,0x6d,0x63,0x6d,0x63,0x4d,0x5b,
    0x4d,0x5b,0x4d,0x5b,0x4d,0x5b,0x6d,0x63,0x6d,0x63,0x8d,0x63,0x6d,0x63,0x6d,0x63,0x4d,0x5b,0x4d,0x5b,0x4c,0x5b,0x2c,0x5b,
    0x4c,0x5b,0x4c,0x5b,0x4d,0x5b,0x4d,0x63,0x4c,0x5b,0x2c,0x5b,0x2c,0x5b,0x2c,0x5b,0x2c,0x5b,0x2c,0x5b,0x4d,0x5b,0x4d,0x5b,
    0x2c,0x5b,0x2c,0x5b,0x4d,0x63,0x4d,0x63,0x2c,0x5b,0x0c,0x53,0x2c,0x5b,0xeb,0x52,0x0c,0x53,0x0c,0x53,0x2c,0x5b,0x2c,0x5b,
    0x2c,0x53,0x0c,0x53,0x0c,0x53,0xeb,0x52,0x0c,0x53,0x0c,0x53,0x0c,0x53,0x0c,0x53,0x2c,0x5b,0x2c,0x5b,0x2c,0x53,0x0c,0x53,
    0x0c,0x53,0x0c,0x53,0x0b,0x53,0x0b,0x53,0xeb,0x52,0xcb,0x4a,0xeb,0x52,0x0b,0x53,0xeb,0x52,0x0b,0x53,0xeb,0x52,0xcb,0x4a,
    0xeb,0x52,0xeb,0x52,0x0b,0x53,0x0c,0x53,0xeb,0x52,0xeb,0x52,0xeb,0x52,0xeb,0x52,0xeb,0x52,0xeb,0x52,0xeb,0x52,0xcb,0x52,
    0xca,0x4a,0xca,0x4a,0xca,0x4a,0xca,0x4a,0xeb,0x52,0xeb,0x52,0xeb,0x52,0xaa,0x4a,0xaa,0x4a,0xaa,0x4a,0xaa,0x4a,0xaa,0x4a,
    0x8a,0x42,0xaa,0x4a,0x8a,0x42,0x8a,0x42,0x89,0x42,0x8a,0x42,0xaa,0x42,0xaa,0x4a,0xaa,0x4a,0xaa,0x42,0x8a,0x42,0xaa,0x4a,
    0xaa,0x4a,0x8a,0x42,0x89,0x42,0x8a,0x42,0x8a,0x42,0x8a,0x42,0x8a,0x42,0x8a,0x42,0x8a,0x42,0x8a,0x42,0x8a,0x42,0x89,0x42,
    0x69,0x3a,0x69,0x42,0x69,0x42,0x69,0x42,0x89,0x42,0x69,0x42,0x69,0x42,0x69,0x3a,0x89,0x42,0x8a,0x42,0x8a,0x42,0x69,0x42,
    0x69,0x42,0x69,0x42,0x89,0x42,0x69,0x42,0x69,0x3a,0x49,0x3a,0x49,0x3a,0x48,0x3a,0x28,0x3a,0x49,0x3a,0x48,0x3a,0x48,0x3a,
    0x49,0x3a,0x49,0x3a,0x48,0x3a,0x28,0x3a,0x28,0x3a,0x28,0x3a,0x48,0x3a,0x28,0x3a,0x28,0x3a,0x28,0x3a,0x28,0x32,0x08,0x32,
    0x08,0x32,0x28,0x32,0x28,0x32,0x28,0x3a,0x08,0x32,0x08,0x32,0x08,0x32,0x08,0x32,0x08,0x32,0x08,0x32,0x08,0x32,0x08,0x32,
    0x28,0x3a,0x08,0x32,0x28,0x32,0x28,0x3a,0x28,0x32,0x08,0x32,0x08,0x32,0x08,0x32,0x07,0x32,0x08,0x32,0xe7,0x31,0xe7,0x31,
    0xe7,0x31,0xe7,0x29,0xe7,0x29,0xe7,0x31,0x07,0x32,0x07,0x32,0xe7,0x31,0xe7,0x31,0xe7,0x31,0xe7,0x31,0xe7,0x29,0xe7,0x29,
    0xe7,0x29,0xe7,0x29,0xe7,0x29,0xe7,0x31,0xe7,0x31,0xe7,0x29,0xe7,0x29,0xe7,0x29,0xe7,0x29,0xc7,0x29,0xc7,0x29,0xc7,0x29,
    0xc7,0x29,0xc7,0x29,0xc7,0x29,0xe7,0x29,0xc7,0x29,0xc7,0x29,0xc7,0x29,0xc7,0x29,0xc7,0x29,0xc7,0x29,0xc7,0x29,0xc6,0x29,
    0xa6,0x29,0xa6,0x29,0xa6,0x21,0xa6,0x29,0xa6,0x21,0xa6,0x29,0xa6,0x29,0xa6,0x29,0xa6,0x29,0xa6,0x29,0xa6,0x29,0xa6,0x29,
    0xa6,0x29,0xa6,0x29,0xc6,0x29,0xc6,0x29,0xa6,0x29,0xa6,0x29,0xa6,0x29,0xa6,0x21,0xa6,0x21,0xa6,0x21,0xa6,0x21,0xa6,0x21,
    0x86,0x21,0xa6,0x21,0x86,0x21,0x86,0x21,0x86,0x21,0xa6,0x21,0xa6,0x21,0xa6,0x21,0xa6,0x21,0xa6,0x21,0xa6,0x21,0xa6,0x21,
    0x86,0x21,0x86,0x21,0x86,0x21,0x86,0x21,0x86,0x21,0xa6,0x21,0x86,0x21,0x86,0x21,0x86,0x21,0x86,0x21,0x86,0x21,0x86,0x21,
    0x86,0x21,0x86,0x21,0x86,0x21,0x86,0x21,0x86,0x21,0x86,0x21,0x86,0x21,0x86,0x21,0x86,0x21,0x86,0x21,0x86,0x21,0x86,0x21,
    0x85,0x21,0x86,0x21,0x85,0x21,0x65,0x21,0x85,0x21,0x85,0x21,0x86,0x21,0x85,0x21,0x85,0x21,0x65,0x21,0x65,0x19,0x65,0x21,
    0x65,0x21,0x65,0x21,0x65,0x21,0x65,0x21,0x65,0x21,0x65,0x21,0x65,0x21,0x65,0x21,0x65,0x21,0x65,0x21,0x65,0x21,0x65,0x21,
    0x65,0x21,0x65,0x21,0x65,0x21,0x65,0x21,0x65,0x21,0x65,0x21,0x65,0x19,0x65,0x19,0x65,0x19,0x65,0x19,0x65,0x19,0x65,0x19,
    0x65,0x19,0x65,0x19,0x65,0x19,0x65,0x19,0x65,0x19,0x65,0x19,0x65,0x21,0x65,0x19,0x65,0x19,0x65,0x19,0x65,0x19,0x65,0x19,
    0x65,0x19,0x65,0x19,0x65,0x19,0x65,0x19,0x65,0x19,0x65,0x19,0x65,0x19,0x65,0x19,0x65,0x19,0x65,0x19,0x45,0x19,0x45,0x19,
    0x45,0x19,0x45,0x19,0x45,0x19,0x45,0x19,0x45,0x19,0x24,0x19,0xe3,0x10,0xc3,0x10,0xe3,0x10,0x24,0x19,0x44,0x19,0x24,0x19,
    0x45,0x21,0x65,0x29,0x00,0x00,0x00,0x00,0x00,0x00,0x00,0x00,0x00,0x00,0x00,0x00,0x00,0x00,0x00,0x00,0x00,0x00,0x00,0x00,
    0x00,0x00,0x00,0x00,0x00,0x00,0x00,0x00,0x00,0x00,0x00,0x00,0x00,0x00,0x00,0x00,0x00,0x00,0x00,0x00,0x00,0x00,0x00,0x00,
    0x00,0x00,0x00,0x00,0x00,0x00,0x00,0x00,0x00,0x00,0x00,0x00,0x00,0x00,0x00,0x00,0x00,0x00,0x00,0x00,0x00,0x00,0x00,0x00,
    0x00,0x00,0x00,0x00,0xc7,0x29,0xc7,0x29,0xe7,0x21,0x08,0x22,0x08,0x22,0x08,0x22,0xe7,0x21,0x65,0x19,0xc6,0x21,0xe7,0x29,
    0xe7,0x31,0xe7,0x29,0xe7,0x29,0xe7,0x29,0xe7,0x29,0xc7,0x29,0xc7,0x29,0xc7,0x29,0xe7,0x29,0xc7,0x29,0xc7,0x29,0xc7,0x29,
    0xc7,0x29,0xc7,0x29,0xc7,0x29,0xc7,0x29,0xc7,0x29,0xc7,0x21,0xc7,0x29,0xe7,0x29,0xe7,0x29,0xe7,0x29,0xe7,0x29,0xe7,0x31,
    0xe7,0x29,0xe7,0x31,0xe7,0x31,0xe7,0x31,0xe7,0x29,0xe7,0x29,0xe7,0x29,0xe7,0x29,0xe7,0x29,0x07,0x32,0xe7,0x31,0xe7,0x29,
    0xe7,0x29,0xc7,0x29,0xc7,0x29,0xc7,0x29,0xe7,0x29,0xe7,0x29,0xc7,0x21,0xc7,0x29,0xc7,0x29,0xa6,0x21,0xc6,0x29,0xc7,0x21,
    0xc7,0x29,0xe7,0x29,0xe7,0x29,0xe7,0x29,0xe7,0x31,0x07,0x32,0x08,0x32,0x08,0x32,0xe7,0x31,0xe7,0x29,0xe7,0x29,0xe7,0x29,
    0xe7,0x29,0xe7,0x29,0x07,0x32,0xe7,0x31,0xe7,0x29,0xe7,0x29,0xc7,0x29,0xc6,0x21,0xa6,0x21,0xa6,0x21,0xc7,0x29,0xc7,0x29,
    0xc7,0x29,0xc7,0x29,0xc7,0x29,0xc7,0x29,0xc7,0x21,0xc6,0x21,0xc6,0x21,0xc7,0x29,0xc7,0x29,0xc7,0x29,0xc7,0x29,0xc7,0x29,
    0xc7,0x29,0xc7,0x29,0xa6,0x21,0xc6,0x21,0xc6,0x29,0xc6,0x21,0xc7,0x29,0xc7,0x29,0xe7,0x29,0xe7,0x29,0xe7,0x29,0xe7,0x31,
    0xe7,0x31,0xe7,0x29,0xe7,0x29,0xe7,0x29,0xe7,0x31,0xe7,0x29,0xc7,0x29,0xc7,0x29,0xc7,0x29,0xc7,0x29,0xc7,0x29,0xa6,0x21,
    0xa6,0x21,0xa6,0x21,0xa6,0x21,0xc6,0x29,0xa6,0x21,0xc6,0x29,0xa6,0x21,0xa6,0x21,0xc7,0x29,0xc7,0x29,0xc7,0x29,0xc7,0x29,
    0xc7,0x29,0xc6,0x29,0xa6,0x21,0xa6,0x21,0xc6,0x29,0xc7,0x29,0xa6,0x29,0xa6,0x21,0xa6,0x21,0xa6,0x21,0xa6,0x21,0xa6,0x21,
    0xa6,0x21,0xa6,0x21,0xa6,0x21,0xc7,0x29,0xc6,0x29,0xc6,0x21,0xa6,0x29,0xa6,0x21,0xa6,0x21,0xa6,0x21,0xa6,0x21,0xa6,0x21,
    0xa6,0x21,0xa6,0x21,0xa6,0x21,0xa6,0x21,0xa6,0x21,0xa6,0x21,0xa6,0x21,0xa6,0x29,0xa6,0x21,0xa6,0x21,0xa6,0x21,0xa6,0x21,
    0xa6,0x21,0xa6,0x21,0x86,0x21,0x86,0x21,0xa6,0x21,0xa6,0x21,0xa6,0x21,0xa6,0x21,0xa6,0x21,0xa6,0x21,0xa6,0x21,0xa6,0x21,
    0xa6,0x21,0xa6,0x29,0xa6,0x21,0xa6,0x21,0xa6,0x21,0xa6,0x21,0x86,0x21,0x86,0x21,0x86,0x21,0x86,0x21,0xa6,0x21,0xa6,0x21,
    0x86,0x21,0x86,0x21,0x86,0x21,0x86,0x21,0x86,0x21,0x86,0x19,0x86,0x21,0x86,0x21,0x86,0x21,0x86,0x21,0x86,0x21,0x86,0x21,
    0x86,0x21,0x86,0x21,0x86,0x21,0x85,0x19,0x85,0x19,0x85,0x21,0x86,0x21,0x86,0x21,0x86,0x21,0x86,0x21,0x86,0x21,0x85,0x19,
    0x86,0x21,0x86,0x21,0x85,0x21,0x65,0x19,0x65,0x19,0x65,0x19,0x65,0x19,0x65,0x19,0x86,0x21,0x86,0x21,0x85,0x19,0x85,0x21,
    0x86,0x21,0x85,0x19,0x65,0x19,0x65,0x19,0x65,0x19,0x65,0x19,0x65,0x19,0x65,0x19,0x65,0x21,0x65,0x19,0x65,0x19,0x65,0x19,
    0x65,0x19,0x65,0x19,0x65,0x19,0x65,0x19,0x85,0x21,0x65,0x19,0x65,0x19,0x65,0x19,0x65,0x19,0x65,0x19,0x65,0x19,0x85,0x21,
    0x86,0x21,0x85,0x21,0x65,0x21,0x65,0x19,0x85,0x21,0x65,0x19,0x65,0x19,0x65,0x19,0x65,0x19,0x65,0x19,0x65,0x19,0x65,0x19,
    0x45,0x19,0x65,0x19,0x65,0x19,0x65,0x19,0x65,0x19,0x45,0x19,0x45,0x19,0x45,0x19,0x65,0x19,0x45,0x19,0x65,0x19,0x45,0x19,
    0x65,0x19,0x65,0x19,0x65,0x19,0x45,0x19,0x45,0x19,0x45,0x19,0x65,0x19,0x45,0x19,0x45,0x19,0x65,0x19,0x65,0x19,0x65,0x19,
    0x65,0x19,0x45,0x19,0x65,0x19,0x65,0x19,0x45,0x19,0x45,0x19,0x45,0x19,0x45,0x19,0x45,0x19,0x45,0x19,0x45,0x19,0x45,0x19,
    0x45,0x19,0x45,0x19,0x45,0x19,0x45,0x19,0x45,0x19,0x45,0x19,0x45,0x19,0x45,0x19,0x45,0x19,0x45,0x19,0x45,0x19,0x45,0x19,
    0x45,0x19,0x45,0x19,0x45,0x19,0x45,0x19,0x45,0x19,0x45,0x19,0x45,0x19,0x45,0x19,0x45,0x19,0x45,0x19,0x44,0x19,0x44,0x19,
    0x45,0x19,0x45,0x19,0x45,0x19,0x45,0x19,0x45,0x19,0x45,0x19,0x45,0x19,0x45,0x19,0x45,0x19,0x45,0x19,0x45,0x19,0x45,0x19,
    0x44,0x19,0x45,0x19,0x45,0x19,0x44,0x19,0x45,0x19,0x44,0x19,0x44,0x19,0x44,0x19,0x45,0x19,0x45,0x19,0x45,0x19,0x45,0x19,
    0x44,0x19,0x24,0x19,0x44,0x19,0x44,0x19,0x24,0x19,0x24,0x19,0x24,0x19,0x24,0x19,0x24,0x19,0x24,0x19,0x24,0x19,0x24,0x19,
    0x24,0x19,0x24,0x19,0x24,0x19,0x24,0x19,0x24,0x19,0x24,0x19,0x24,0x19,0x24,0x19,0x24,0x19,0x24,0x19,0x24,0x19,0x24,0x19,
    0x24,0x19,0x24,0x11,0x24,0x19,0x24,0x19,0x24,0x11,0x24,0x19,0x24,0x19,0x24,0x19,0x24,0x19,0x24,0x19,0x24,0x19,0x24,0x11,
    0x24,0x11,0x24,0x19,0x24,0x19,0x24,0x19,0x24,0x19,0x24,0x11,0x24,0x11,0x24,0x11,0x24,0x19,0x24,0x19,0x24,0x19,0x24,0x19,
    0x24,0x19,0x24,0x11,0x24,0x19,0x24,0x11,0x24,0x11,0x24,0x11,0x24,0x11,0x24,0x11,0x04,0x11,0x04,0x11,0xc3,0x10,0xc3,0x10,
    0x24,0x11,0x45,0x19,0x45,0x19,0x24,0x19,0x45,0x21,0x65,0x29,0x00,0x00,0x00,0x00,0x00,0x00,0x00,0x00,0x00,0x00,0x00,0x00,
    0x00,0x00,0x00,0x00,0x00,0x00,0x00,0x00,0x00,0x00,0x00,0x00,0x00,0x00,0x00,0x00,0x00,0x00,0x00,0x00,0x00,0x00,0x00,0x00,
    0x00,0x00,0x00,0x00,0x00,0x00,0x00,0x00,0x00,0x00,0x00,0x00,0x00,0x00,0x00,0x00,0x00,0x00,0x00,0x00,0x00,0x00,0x00,0x00,
    0x00,0x00,0x00,0x00,0x00,0x00,0x00,0x00,0x00,0x00,0x00,0x00,0xa7,0x29,0xc7,0x29,0xe7,0x21,0x08,0x22,0x08,0x22,0x08,0x22,
    0x07,0x22,0xa6,0x19,0x86,0x19,0x86,0x19,0x86,0x19,0x86,0x19,0x86,0x19,0x65,0x19,0x65,0x19,0x65,0x19,0x85,0x19,0x86,0x19,
    0x86,0x19,0x86,0x19,0x85,0x19,0x65,0x19,0x65,0x19,0x65,0x19,0x65,0x19,0x65,0x19,0x65,0x19,0x65,0x19,0x65,0x19,0x65,0x19,
    0x65,0x19,0x85,0x19,0x65,0x19,0x65,0x19,0x65,0x19,0x65,0x19,0x65,0x19,0x65,0x19,0x86,0x19,0x65,0x19,0x86,0x19,0x65,0x19,
    0x65,0x19,0x65,0x19,0x85,0x19,0x86,0x19,0x86,0x19,0x86,0x19,0x86,0x19,0x65,0x19,0x85,0x19,0x85,0x19,0x86,0x19,0x65,0x19,
    0x86,0x19,0x85,0x19,0x85,0x19,0x65,0x19,0x65,0x19,0x85,0x19,0x85,0x19,0x65,0x19,0x65,0x19,0x65,0x19,0x85,0x19,0x86,0x19,
    0x86,0x19,0x86,0x19,0x65,0x19,0x85,0x19,0x65,0x19,0x85,0x19,0x65,0x19,0x65,0x19,0x85,0x19,0x65,0x19,0x65,0x19,0x65,0x19,
    0x65,0x19,0x65,0x19,0x65,0x19,0x65,0x19,0x65,0x19,0x65,0x19,0x65,0x19,0x65,0x19,0x65,0x19,0x65,0x19,0x65,0x19,0x65,0x19,
    0x65,0x19,0x65,0x19,0x65,0x19,0x65,0x19,0x65,0x19,0x65,0x19,0x65,0x19,0x65,0x19,0x65,0x19,0x65,0x19,0x85,0x19,0x86,0x19,
    0x65,0x19,0x65,0x19,0x65,0x11,0x45,0x11,0x65,0x11,0x65,0x19,0x65,0x19,0x65,0x19,0x65,0x19,0x65,0x19,0x65,0x19,0x65,0x19,
    0x65,0x19,0x65,0x11,0x65,0x19,0x65,0x11,0x65,0x19,0x65,0x11,0x65,0x19,0x65,0x19,0x65,0x11,0x65,0x11,0x65,0x19,0x65,0x19,
    0x65,0x19,0x65,0x19,0x65,0x19,0x65,0x19,0x65,0x11,0x65,0x11,0x65,0x19,0x45,0x11,0x65,0x11,0x65,0x11,0x65,0x11,0x65,0x11,
    0x65,0x19,0x65,0x19,0x65,0x19,0x65,0x19,0x65,0x11,0x65,0x11,0x65,0x11,0x65,0x11,0x65,0x19,0x65,0x19,0x65,0x19,0x65,0x19,
    0x65,0x11,0x65,0x11,0x65,0x19,0x45,0x11,0x45,0x11,0x45,0x11,0x45,0x11,0x45,0x11,0x45,0x11,0x45,0x11,0x45,0x11,0x45,0x11,
    0x45,0x11,0x65,0x19,0x65,0x19,0x65,0x11,0x65,0x11,0x65,0x19,0x65,0x19,0x45,0x19,0x45,0x11,0x45,0x11,0x45,0x11,0x65,0x11,
    0x65,0x11,0x45,0x11,0x45,0x11,0x45,0x11,0x45,0x11,0x45,0x11,0x45,0x11,0x45,0x11,0x45,0x11,0x45,0x11,0x65,0x11,0x65,0x19,
    0x65,0x11,0x45,0x11,0x45,0x11,0x45,0x11,0x45,0x11,0x45,0x11,0x45,0x11,0x45,0x11,0x45,0x11,0x45,0x11,0x45,0x11,0x45,0x11,
    0x45,0x11,0x45,0x11,0x45,0x11,0x45,0x11,0x45,0x11,0x45,0x11,0x45,0x11,0x45,0x11,0x45,0x11,0x45,0x11,0x45,0x11,0x45,0x11,
    0x45,0x11,0x45,0x11,0x45,0x11,0x45,0x11,0x45,0x11,0x45,0x11,0x45,0x11,0x44,0x11,0x45,0x11,0x45,0x11,0x45,0x11,0x45,0x11,
    0x44,0x11,0x45,0x11,0x45,0x11,0x45,0x11,0x45,0x11,0x45,0x11,0x45,0x11,0x44,0x11,0x45,0x11,0x44,0x11,0x24,0x11,0x24,0x11,
    0x24,0x11,0x24,0x11,0x24,0x11,0x24,0x11,0x44,0x11,0x45,0x11,0x24,0x11,0x44,0x11,0x24,0x11,0x44,0x11,0x45,0x11,0x45,0x11,
    0x24,0x11,0x44,0x11,0x24,0x11,0x24,0x11,0x24,0x11,0x24,0x11,0x24,0x11,0x24,0x11,0x24,0x11,0x24,0x11,0x24,0x11,0x24,0x11,
    0x45,0x11,0x24,0x11,0x24,0x11,0x24,0x11,0x24,0x11,0x44,0x11,0x24,0x11,0x24,0x11,0x24,0x11,0x24,0x11,0x24,0x11,0x24,0x11,
    0x24,0x11,0x24,0x11,0x24,0x11,0x24,0x11,0x24,0x11,0x24,0x11,0x24,0x11,0x24,0x11,0x24,0x11,0x24,0x11,0x24,0x11,0x24,0x11,
    0x24,0x11,0x24,0x11,0x24,0x11,0x24,0x11,0x24,0x11,0x24,0x11,0x24,0x11,0x24,0x11,0x24,0x11,0x24,0x11,0x24,0x11,0x24,0x11,
    0x24,0x11,0x24,0x11,0x24,0x11,0x24,0x11,0x24,0x11,0x24,0x11,0x24,0x11,0x24,0x11,0x24,0x11,0x24,0x11,0x24,0x11,0x24,0x11,
    0x24,0x11,0x24,0x11,0x24,0x11,0x24,0x11,0x24,0x11,0x24,0x11,0x24,0x11,0x24,0x11,0x04,0x11,0x24,0x11,0x24,0x11,0x04,0x11,
    0x04,0x11,0x24,0x11,0x24,0x11,0x24,0x11,0x04,0x11,0x04,0x11,0x04,0x11,0x04,0x11,0x04,0x11,0x04,0x11,0x24,0x11,0x04,0x11,
    0x04,0x11,0x04,0x11,0x04,0x09,0x04,0x11,0x04,0x11,0x04,0x11,0x04,0x09,0x04,0x11,0x04,0x11,0x04,0x09,0x04,0x09,0x04,0x11,
    0x04,0x09,0x04,0x09,0xe3,0x08,0x04,0x09,0x04,0x09,0x04,0x09,0x04,0x11,0x04,0x11,0x04,0x09,0x24,0x11,0x04,0x11,0x04,0x09,
    0x04,0x11,0x04,0x11,0x04,0x09,0xe3,0x08,0xe3,0x08,0xe3,0x08,0xe3,0x08,0x03,0x09,0x04,0x09,0x04,0x09,0x04,0x09,0x04,0x11,
    0x03,0x09,0x04,0x09,0x04,0x09,0x03,0x09,0xe3,0x08,0xe3,0x08,0xe3,0x08,0x04,0x09,0x04,0x11,0x04,0x09,0x03,0x09,0x03,0x09,
    0xe3,0x08,0x04,0x09,0x03,0x09,0x03,0x09,0x04,0x09,0xe3,0x08,0xe3,0x08,0xe3,0x08,0xe3,0x08,0xe3,0x08,0xe3,0x08,0xe3,0x08,
    0xe3,0x08,0xe3,0x08,0xe3,0x08,0xe3,0x08,0xe3,0x08,0x03,0x09,0xe3,0x08,0x04,0x11,0x04,0x09,0xe3,0x08,0xe3,0x08,0xe3,0x08,
    0x03,0x09,0xe3,0x08,0x04,0x09,0x24,0x11,0x45,0x19,0x65,0x19,0x45,0x19,0x24,0x19,0x45,0x21,0x65,0x29,0x00,0x00,0x00,0x00,
    0x00,0x00,0x00,0x00,0x00,0x00,0x00,0x00,0x00,0x00,0x00,0x00,0x00,0x00,0x00,0x00,0x00,0x00,0x00,0x00,0x00,0x00,0x00,0x00,
    0x00,0x00,0x00,0x00,0x00,0x00,0x00,0x00,0x00,0x00,0x00,0x00,0x00,0x00,0x00,0x00,0x00,0x00,0x00,0x00,0x00,0x00,0x00,0x00,
    0x00,0x00,0x00,0x00,0x00,0x00,0x00,0x00,0x00,0x00,0x00,0x00,0x00,0x00,0x00,0x00,0x00,0x00,0x00,0x00,0xc7,0x29,0xe7,0x29,
    0xe7,0x21,0x08,0x22,0x28,0x22,0x28,0x22,0x28,0x2a,0x28,0x2a,0x28,0x2a,0x28,0x22,0x28,0x22,0x28,0x22,0x08,0x22,0x08,0x22,
    0x08,0x22,0x08,0x22,0x08,0x22,0x28,0x22,0x28,0x22,0x28,0x22,0x28,0x22,0x28,0x2a,0x28,0x22,0x28,0x22,0x28,0x22,0x28,0x2a,
    0x28,0x22,0x28,0x2a,0x28,0x2a,0x28,0x22,0x28,0x22,0x28,0x22,0x28,0x2a,0x28,0x22,0x28,0x2a,0x28,0x22,0x28,0x22,0x28,0x22,
    0x28,0x22,0x28,0x22,0x28,0x22,0x28,0x22,0x28,0x22,0x28,0x22,0x28,0x22,0x08,0x22,0x08,0x22,0x08,0x22,0x28,0x22,0x08,0x22,
    0x28,0x22,0x08,0x22,0x28,0x22,0x28,0x22,0x28,0x22,0x08,0x22,0x08,0x22,0x08,0x22,0x08,0x22,0x28,0x22,0x28,0x22,0x28,0x22,
    0x28,0x22,0x28,0x22,0x28,0x2a,0x28,0x22,0x08,0x22,0x08,0x22,0x28,0x22,0x28,0x22,0x28,0x22,0x08,0x22,0x28,0x22,0x08,0x22,
    0x08,0x22,0x08,0x22,0x08,0x22,0x08,0x22,0x08,0x22,0x08,0x22,0x08,0x22,0x08,0x22,0x08,0x22,0x08,0x22,0x28,0x22,0x08,0x22,
    0x28,0x22,0x08,0x22,0x08,0x22,0x08,0x22,0x08,0x22,0x08,0x22,0x08,0x22,0x08,0x22,0x28,0x22,0x08,0x22,0x08,0x22,0x08,0x22,
    0x28,0x22,0x28,0x22,0x08,0x22,0x28,0x22,0x28,0x22,0x08,0x22,0x08,0x22,0x08,0x22,0x08,0x22,0x08,0x22,0x08,0x22,0x08,0x22,
    0x08,0x22,0x08,0x22,0x08,0x22,0x08,0x22,0x08,0x22,0x08,0x22,0x08,0x22,0x08,0x22,0x08,0x22,0x08,0x22,0x08,0x22,0x08,0x22,
    0x07,0x22,0x08,0x22,0x07,0x22,0x08,0x22,0x08,0x22,0x08,0x22,0x08,0x22,0x08,0x22,0x08,0x22,0x08,0x22,0x08,0x22,0x08,0x22,
    0x08,0x22,0x08,0x22,0x08,0x22,0x08,0x22,0x07,0x22,0x07,0x22,0x07,0x22,0x08,0x22,0x07,0x22,0x08,0x22,0x08,0x22,0x08,0x22,
    0x08,0x22,0x08,0x22,0x07,0x22,0x07,0x22,0x07,0x22,0x08,0x22,0x08,0x22,0x07,0x22,0x07,0x22,0x08,0x22,0x08,0x22,0x07,0x22,
    0x07,0x22,0x08,0x22,0x07,0x22,0xe7,0x21,0x07,0x22,0xe7,0x21,0xe7,0x21,0x07,0x22,0xe7,0x21,0xe7,0x21,0x07,0x22,0x07,0x22,
    0xe7,0x21,0xe7,0x19,0xe7,0x21,0xe7,0x21,0xe7,0x21,0xe7,0x21,0xe7,0x21,0xe7,0x21,0xe7,0x21,0xe7,0x19,0xe7,0x19,0xe7,0x21,
    0xe7,0x19,0xe7,0x21,0xe7,0x21,0xe7,0x19,0xe7,0x19,0xe7,0x21,0xe7,0x21,0xe7,0x21,0xe7,0x21,0xe7,0x21,0xe7,0x21,0xe7,0x21,
    0xe7,0x21,0xe7,0x21,0xe7,0x21,0xe7,0x19,0xe7,0x21,0xe7,0x19,0xe7,0x19,0xe7,0x19,0xe7,0x21,0xe7,0x19,0xe7,0x21,0xe7,0x19,
    0xe7,0x19,0xe7,0x19,0xe7,0x21,0xe7,0x19,0xe7,0x19,0xe7,0x19,0xc7,0x19,0xe7,0x19,0xe7,0x19,0xe7,0x19,0xe7,0x19,0xe7,0x21,
    0xe7,0x21,0xe7,0x19,0xe7,0x21,0xe7,0x19,0xe7,0x19,0xe7,0x19,0xc7,0x19,0xe7,0x19,0xe7,0x19,0xc7,0x19,0xc7,0x19,0xc7,0x19,
    0xc7,0x19,0xc7,0x19,0xc7,0x19,0xc7,0x19,0xc7,0x19,0xc7,0x19,0xc7,0x19,0xc7,0x19,0xc7,0x19,0xc7,0x19,0xc7,0x19,0xc7,0x19,
    0xc7,0x19,0xc7,0x19,0xc7,0x19,0xc7,0x19,0xc7,0x19,0xc7,0x19,0xc7,0x19,0xc6,0x19,0xc7,0x19,0xc7,0x19,0xc7,0x19,0xc7,0x19,
    0xc6,0x19,0xa6,0x19,0xc6,0x19,0xc6,0x19,0xc7,0x19,0xc6,0x19,0xc7,0x19,0xc7,0x19,0xc6,0x19,0xc6,0x19,0xa6,0x19,0xc6,0x19,
    0xa6,0x19,0xa6,0x19,0xa6,0x19,0xc7,0x19,0xc6,0x19,0xa6,0x19,0xa6,0x19,0xa6,0x19,0xa6,0x19,0xa6,0x19,0xa6,0x19,0xa6,0x19,
    0xa6,0x19,0xa6,0x19,0xa6,0x19,0xa6,0x19,0xa6,0x19,0xa6,0x19,0xa6,0x19,0xa6,0x19,0xa6,0x19,0xa6,0x19,0xa6,0x19,0xa6,0x19,
    0xa6,0x19,0xa6,0x19,0xa6,0x19,0xa6,0x19,0xa6,0x19,0xa6,0x19,0xa6,0x19,0xa6,0x19,0xa6,0x19,0xa6,0x19,0xa6,0x19,0xa6,0x19,
    0xa6,0x19,0xa6,0x19,0xa6,0x19,0xa6,0x19,0xa6,0x19,0xa6,0x19,0xa6,0x19,0xa6,0x19,0xa6,0x19,0xa6,0x19,0xa6,0x19,0xa6,0x19,
    0xa6,0x19,0xa6,0x19,0xa6,0x19,0xa6,0x19,0xa6,0x19,0xa6,0x19,0xa6,0x19,0xa6,0x19,0xa6,0x19,0x86,0x19,0x86,0x19,0xa6,0x19,
    0x86,0x19,0x86,0x19,0x86,0x19,0x86,0x19,0x86,0x19,0x86,0x19,0x86,0x19,0x86,0x19,0x86,0x19,0x86,0x19,0x86,0x19,0x86,0x19,
    0x86,0x19,0x86,0x19,0x86,0x19,0x86,0x11,0x86,0x19,0x86,0x19,0x86,0x19,0x86,0x19,0x86,0x19,0x86,0x19,0x86,0x19,0x86,0x19,
    0x86,0x19,0x86,0x19,0x86,0x19,0x86,0x11,0x86,0x11,0x86,0x19,0x86,0x19,0x86,0x11,0x86,0x19,0x85,0x11,0x85,0x19,0x85,0x11,
    0x85,0x19,0x86,0x19,0x85,0x11,0x85,0x11,0x65,0x11,0x65,0x11,0x65,0x11,0x65,0x11,0x65,0x11,0x65,0x11,0x65,0x11,0x65,0x11,
    0x65,0x11,0x65,0x11,0x65,0x11,0x65,0x11,0x65,0x11,0x65,0x11,0x85,0x11,0x65,0x11,0x65,0x11,0x65,0x11,0x65,0x11,0x65,0x11,
    0x65,0x11,0x65,0x11,0x65,0x11,0x65,0x11,0x65,0x11,0x65,0x11,0x65,0x11,0x65,0x11,0x65,0x11,0x65,0x11,0x65,0x11,0x65,0x11,
    0x65,0x11,0x65,0x11,0x65,0x11,0x65,0x11,0x65,0x11,0x65,0x11,0x65,0x11,0x86,0x19,0x86,0x19,0x65,0x19,0x45,0x19,0x24,0x19,
    0x45,0x21,0xa6,0x31,0x00,0x00,0x00,0x00,0x00,0x00,0x00,0x00,0x00,0x00,0x00,0x00,0x00,0x00,0x00,0x00,0x00,0x00,0x00,0x00,
    0x00,0x00,0x00,0x00,0x00,0x00,0x00,0x00,0x00,0x00,0x00,0x00,0x00,0x00,0x00,0x00,0x00,0x00,0x00,0x00,0x00,0x00,0x00,0x00,
    0x00,0x00,0x00,0x00,0x00,0x00,0x00,0x00,0x00,0x00,0x00,0x00,0x00,0x00,0x00,0x00,0x00,0x00,0x00,0x00,0x00,0x00,0x00,0x00,
    0x00,0x00,0x00,0x00,0xc7,0x29,0xe7,0x29,0xe7,0x21,0x28,0x22,0x69,0x32,0xcb,0x42,0xeb,0x42,0xcb,0x42,0xeb,0x42,0xcb,0x42,
    0xcb,0x42,0xeb,0x42,0xeb,0x42,0xcb,0x42,0xeb,0x42,0x0b,0x4b,0x0b,0x4b,0x0b,0x4b,0x0c,0x4b,0xeb,0x42,0xeb,0x42,0xeb,0x42,
    0xeb,0x42,0xeb,0x42,0xeb,0x42,0xeb,0x42,0xeb,0x42,0xeb,0x42,0xeb,0x42,0xeb,0x42,0xeb,0x42,0xcb,0x42,0xeb,0x42,0xeb,0x42,
    0xeb,0x4a,0xeb,0x42,0xeb,0x42,0xcb,0x42,0xeb,0x42,0xeb,0x42,0xeb,0x4a,0xeb,0x42,0xeb,0x42,0xeb,0x42,0xeb,0x42,0xeb,0x42,
    0x0b,0x4b,0xeb,0x42,0xeb,0x42,0x0b,0x4b,0x0b,0x4b,0xeb,0x42,0xcb,0x42,0xcb,0x42,0xeb,0x42,0xeb,0x42,0xcb,0x42,0xcb,0x42,
    0xcb,0x42,0xcb,0x42,0xcb,0x42,0xcb,0x42,0xcb,0x42,0xcb,0x42,0xeb,0x42,0xeb,0x42,0xeb,0x42,0xeb,0x42,0xcb,0x42,0xcb,0x3a,
    0xcb,0x42,0xcb,0x3a,0xcb,0x42,0xcb,0x42,0xeb,0x42,0xcb,0x42,0xca,0x3a,0xcb,0x42,0xcb,0x42,0xeb,0x42,0xeb,0x42,0xeb,0x42,
    0xcb,0x42,0xcb,0x42,0xcb,0x3a,0xcb,0x42,0xcb,0x3a,0xca,0x42,0xca,0x42,0xaa,0x3a,0xca,0x42,0xcb,0x42,0xca,0x42,0xca,0x3a,
    0xca,0x42,0xcb,0x42,0xca,0x3a,0xca,0x42,0xcb,0x42,0xcb,0x42,0xcb,0x42,0xcb,0x3a,0xeb,0x42,0xcb,0x42,0xeb,0x42,0xca,0x3a,
    0xaa,0x3a,0xaa,0x3a,0xaa,0x3a,0xaa,0x3a,0xaa,0x3a,0xaa,0x3a,0xaa,0x3a,0xca,0x42,0xca,0x3a,0xaa,0x3a,0xaa,0x3a,0xaa,0x3a,
    0xaa,0x3a,0xaa,0x3a,0xaa,0x3a,0xca,0x42,0xaa,0x3a,0xaa,0x3a,0xaa,0x3a,0x8a,0x32,0xaa,0x3a,0xaa,0x3a,0xaa,0x3a,0xaa,0x3a,
    0xaa,0x3a,0xaa,0x3a,0x8a,0x3a,0x8a,0x3a,0x89,0x32,0x89,0x32,0x89,0x32,0x8a,0x32,0x8a,0x3a,0xaa,0x3a,0xaa,0x3a,0x8a,0x3a,
    0x8a,0x3a,0x8a,0x3a,0x89,0x32,0x69,0x32,0x8a,0x3a,0x8a,0x32,0x8a,0x32,0x8a,0x3a,0x8a,0x3a,0x8a,0x3a,0x8a,0x3a,0x89,0x32,
    0x69,0x32,0x8a,0x3a,0x8a,0x3a,0x89,0x32,0x69,0x32,0x69,0x32,0x89,0x32,0x89,0x32,0x69,0x32,0x89,0x32,0x89,0x32,0x69,0x32,
    0x69,0x32,0x69,0x32,0x69,0x32,0x69,0x32,0x89,0x32,0x69,0x32,0x69,0x32,0x69,0x32,0x69,0x32,0x69,0x32,0x69,0x32,0x69,0x32,
    0x69,0x32,0x69,0x32,0x69,0x32,0x69,0x32,0x69,0x32,0x69,0x32,0x69,0x32,0x49,0x32,0x49,0x32,0x49,0x32,0x49,0x32,0x49,0x32,
    0x49,0x2a,0x49,0x2a,0x49,0x32,0x49,0x32,0x69,0x32,0x49,0x32,0x49,0x2a,0x49,0x32,0x49,0x2a,0x49,0x32,0x49,0x32,0x49,0x32,
    0x49,0x32,0x49,0x2a,0x49,0x32,0x49,0x2a,0x49,0x32,0x49,0x2a,0x49,0x2a,0x48,0x2a,0x49,0x2a,0x49,0x32,0x49,0x32,0x49,0x2a,
    0x49,0x32,0x49,0x32,0x49,0x32,0x49,0x32,0x49,0x2a,0x49,0x32,0x49,0x32,0x28,0x2a,0x48,0x2a,0x28,0x2a,0x28,0x2a,0x28,0x2a,
    0x28,0x2a,0x28,0x2a,0x28,0x2a,0x28,0x2a,0x28,0x2a,0x28,0x2a,0x28,0x2a,0x28,0x2a,0x28,0x2a,0x28,0x2a,0x28,0x2a,0x28,0x2a,
    0x28,0x2a,0x28,0x2a,0x28,0x2a,0x28,0x2a,0x28,0x2a,0x28,0x2a,0x28,0x2a,0x28,0x2a,0x28,0x2a,0x08,0x2a,0x08,0x2a,0x08,0x2a,
    0x08,0x2a,0x08,0x2a,0x08,0x2a,0x28,0x2a,0x08,0x2a,0x08,0x2a,0x08,0x2a,0x08,0x2a,0x08,0x2a,0x08,0x22,0x08,0x2a,0x08,0x22,
    0x08,0x2a,0x08,0x2a,0x08,0x2a,0x08,0x2a,0x08,0x22,0x08,0x2a,0x08,0x22,0x08,0x22,0x08,0x2a,0x08,0x2a,0x07,0x22,0x08,0x22,
    0x07,0x22,0x07,0x22,0x08,0x22,0x08,0x22,0x07,0x22,0x07,0x22,0xe7,0x21,0xe7,0x21,0x07,0x22,0x07,0x22,0xe7,0x21,0x07,0x22,
    0xe7,0x21,0x07,0x22,0x07,0x22,0xe7,0x21,0xe7,0x21,0xe7,0x21,0xe7,0x21,0xe7,0x21,0xe7,0x21,0xe7,0x21,0xe7,0x21,0x07,0x22,
    0xe7,0x21,0xe7,0x21,0xe7,0x21,0xe7,0x21,0xe7,0x21,0xe7,0x21,0xe7,0x21,0xe7,0x21,0xe7,0x21,0xe7,0x21,0xe7,0x21,0xe7,0x21,
    0xe7,0x21,0xe7,0x21,0xe7,0x21,0xe7,0x21,0xe7,0x21,0xe7,0x21,0xe7,0x21,0xe7,0x21,0xe7,0x21,0xe7,0x21,0xe7,0x21,0xc7,0x21,
    0xe7,0x21,0xc7,0x21,0xc7,0x21,0xe7,0x21,0xc7,0x21,0xc7,0x21,0xe7,0x21,0xc7,0x21,0xc7,0x21,0xc7,0x21,0xc7,0x21,0xc7,0x21,
    0xc7,0x21,0xc7,0x21,0xc7,0x21,0xc7,0x21,0xc7,0x21,0xc7,0x21,0xc7,0x21,0xc7,0x21,0xc7,0x21,0xc7,0x21,0xc7,0x21,0xc7,0x21,
    0xc7,0x21,0xc7,0x21,0xc7,0x21,0xc7,0x21,0xc7,0x21,0xc7,0x21,0xc7,0x21,0xc7,0x21,0xc7,0x21,0xc7,0x21,0xc6,0x21,0xc7,0x21,
    0xc7,0x21,0xc7,0x21,0xc6,0x21,0xc7,0x21,0xc7,0x21,0xc6,0x21,0xc7,0x21,0xc6,0x21,0xc6,0x21,0xc7,0x21,0xc6,0x21,0xa6,0x21,
    0xc6,0x21,0xa6,0x21,0xc6,0x21,0xc6,0x21,0xc6,0x21,0xc6,0x21,0xa6,0x19,0xa6,0x19,0xa6,0x19,0xa6,0x19,0xa6,0x21,0xa6,0x19,
    0xa6,0x19,0xa6,0x19,0xa6,0x19,0xa6,0x19,0xa6,0x19,0xa6,0x19,0xa6,0x19,0xa6,0x19,0xa6,0x19,0xa6,0x19,0xa6,0x19,0xa6,0x19,
    0xa6,0x19,0xa6,0x19,0xa6,0x19,0xa6,0x19,0xa6,0x19,0xa6,0x19,0xa6,0x19,0xa6,0x19,0xa6,0x19,0xa6,0x19,0xa6,0x19,0xa6,0x19,
    0xa6,0x19,0x86,0x19,0x45,0x19,0x24,0x19,0x45,0x21,0x86,0x29,0x00,0x00,0x00,0x00,0x00,0x00,0x00,0x00,0x00,0x00,0x00,0x00,
    0x00,0x00,0x00,0x00,0x00,0x00,0x00,0x00,0x00,0x00,0x00,0x00,0x00,0x00,0x00,0x00,0x00,0x00,0x00,0x00,0x00,0x00,0x00,0x00,
    0x00,0x00,0x00,0x00,0x00,0x00,0x00,0x00,0x00,0x00,0x00,0x00,0x00,0x00,0x00,0x00,0x00,0x00,0x00,0x00,0x00,0x00,0x00,0x00,
    0x00,0x00,0x00,0x00,0x00,0x00,0x00,0x00,0x00,0x00,0x00,0x00,0xc7,0x29,0xc7,0x21,0x08,0x22,0x49,0x2a,0x4d,0x53,0x71,0x7c,
    0x30,0x74,0x51,0x74,0x51,0x7c,0x71,0x7c,0x51,0x74,0x71,0x7c,0xb2,0x84,0x92,0x84,0x71,0x7c,0x71,0x7c,0x71,0x7c,0x51,0x74,
    0x51,0x74,0x50,0x74,0x51,0x7c,0x71,0x7c,0x51,0x7c,0x71,0x7c,0x51,0x7c,0x71,0x7c,0x71,0x7c,0x71,0x7c,0x71,0x7c,0x30,0x74,
    0x51,0x7c,0x51,0x7c,0x51,0x74,0x50,0x74,0x51,0x74,0x50,0x74,0x50,0x74,0x30,0x74,0x50,0x74,0x30,0x74,0x50,0x74,0x51,0x74,
    0x51,0x7c,0x71,0x7c,0x71,0x7c,0x50,0x74,0x51,0x74,0x50,0x74,0x51,0x74,0x50,0x74,0x51,0x74,0x51,0x74,0x30,0x74,0x50,0x74,
    0x30,0x74,0x30,0x74,0x30,0x74,0x30,0x74,0x51,0x74,0x51,0x74,0x51,0x74,0x51,0x74,0x30,0x74,0x30,0x74,0x30,0x74,0x30,0x74,
    0x10,0x74,0x30,0x74,0x51,0x74,0x51,0x74,0x30,0x74,0x30,0x74,0x10,0x6c,0x30,0x74,0x30,0x74,0x51,0x74,0x30,0x74,0x51,0x74,
    0x51,0x74,0x30,0x74,0x10,0x6c,0x30,0x74,0x50,0x74,0x30,0x74,0x30,0x74,0x10,0x6c,0x10,0x74,0x10,0x74,0x10,0x74,0x30,0x74,
    0x10,0x6c,0x0f,0x6c,0x30,0x74,0x10,0x74,0x10,0x6c,0x30,0x74,0x30,0x74,0x30,0x74,0x30,0x74,0x30,0x74,0x10,0x6c,0x10,0x6c,
    0xef,0x6b,0xcf,0x63,0xef,0x6b,0x10,0x6c,0x30,0x74,0x10,0x6c,0xef,0x6b,0xcf,0x63,0xcf,0x63,0xef,0x6b,0x0f,0x6c,0x0f,0x6c,
    0x0f,0x6c,0x10,0x6c,0x10,0x6c,0xef,0x6b,0xef,0x6b,0xef,0x6b,0xef,0x6b,0xcf,0x6b,0xae,0x63,0xce,0x63,0xce,0x63,0xcf,0x63,
    0xae,0x63,0xae,0x63,0xef,0x6b,0xcf,0x63,0x8e,0x5b,0x8e,0x5b,0x8e,0x63,0xae,0x63,0xce,0x63,0xae,0x63,0xcf,0x63,0xae,0x63,
    0x8e,0x5b,0x6d,0x5b,0x8e,0x5b,0xae,0x63,0x8e,0x63,0xae,0x63,0x8e,0x63,0x8e,0x5b,0xae,0x63,0xce,0x63,0x8d,0x5b,0x6d,0x5b,
    0x6d,0x53,0x6d,0x5b,0x8e,0x5b,0x8e,0x5b,0x6d,0x5b,0x4d,0x53,0x6d,0x5b,0x6d,0x5b,0x8e,0x5b,0x6d,0x5b,0x6d,0x5b,0x8e,0x5b,
    0x8e,0x5b,0x4d,0x53,0x4d,0x53,0x6d,0x5b,0x6d,0x5b,0x6d,0x5b,0x6d,0x5b,0x4d,0x53,0x4d,0x53,0x6d,0x5b,0x4d,0x53,0x4d,0x53,
    0x4d,0x53,0x2c,0x53,0x2c,0x53,0x4d,0x53,0x4d,0x53,0x2c,0x53,0x4d,0x53,0x2c,0x53,0x2c,0x53,0x2c,0x4b,0x2c,0x53,0x2c,0x53,
    0x0c,0x4b,0x0c,0x4b,0x0b,0x4b,0x0b,0x4b,0x0c,0x4b,0x0c,0x4b,0x0b,0x4b,0xeb,0x4a,0x0c,0x4b,0xeb,0x4a,0x0c,0x4b,0x0b,0x4b,
    0xeb,0x4a,0x0c,0x4b,0x0c,0x4b,0x0c,0x4b,0x0c,0x4b,0x0c,0x4b,0x0c,0x4b,0x0b,0x4b,0xeb,0x4a,0xeb,0x42,0xeb,0x42,0xeb,0x42,
    0xcb,0x42,0xcb,0x42,0xaa,0x42,0xcb,0x42,0xcb,0x42,0xcb,0x42,0xca,0x42,0xaa,0x42,0xaa,0x3a,0xaa,0x3a,0xcb,0x42,0xca,0x42,
    0xca,0x42,0xcb,0x42,0xaa,0x3a,0xaa,0x3a,0xaa,0x3a,0xaa,0x3a,0xaa,0x3a,0xaa,0x3a,0xaa,0x42,0xaa,0x42,0x8a,0x3a,0xaa,0x3a,
    0xaa,0x3a,0x8a,0x3a,0x8a,0x3a,0x8a,0x3a,0x8a,0x3a,0x8a,0x3a,0x8a,0x3a,0x8a,0x3a,0x8a,0x3a,0x8a,0x3a,0x8a,0x3a,0x8a,0x3a,
    0x8a,0x3a,0x8a,0x3a,0x8a,0x3a,0x8a,0x3a,0x8a,0x3a,0x89,0x3a,0x69,0x3a,0x69,0x3a,0x69,0x3a,0x69,0x32,0x69,0x32,0x69,0x32,
    0x69,0x3a,0x69,0x32,0x69,0x32,0x69,0x32,0x49,0x32,0x49,0x32,0x49,0x32,0x69,0x32,0x49,0x32,0x49,0x32,0x49,0x32,0x49,0x32,
    0x69,0x32,0x69,0x32,0x49,0x32,0x69,0x32,0x49,0x32,0x49,0x32,0x49,0x32,0x49,0x32,0x49,0x32,0x49,0x32,0x49,0x32,0x49,0x32,
    0x49,0x32,0x48,0x32,0x49,0x32,0x48,0x32,0x49,0x32,0x28,0x32,0x28,0x32,0x28,0x2a,0x28,0x2a,0x28,0x2a,0x28,0x2a,0x28,0x2a,
    0x28,0x2a,0x28,0x2a,0x28,0x2a,0x28,0x2a,0x28,0x2a,0x28,0x2a,0x28,0x2a,0x28,0x2a,0x28,0x2a,0x28,0x2a,0x28,0x2a,0x28,0x2a,
    0x28,0x2a,0x28,0x2a,0x28,0x2a,0x08,0x2a,0x08,0x2a,0x08,0x2a,0x08,0x2a,0x08,0x2a,0x08,0x2a,0x08,0x2a,0x08,0x2a,0x08,0x2a,
    0x08,0x2a,0x08,0x2a,0x08,0x2a,0x08,0x2a,0x08,0x2a,0x08,0x2a,0x08,0x2a,0x08,0x2a,0x08,0x2a,0x08,0x2a,0x08,0x2a,0x08,0x2a,
    0x08,0x2a,0x07,0x2a,0x07,0x2a,0x08,0x2a,0x07,0x2a,0x07,0x2a,0xe7,0x21,0xe7,0x29,0xe7,0x29,0xe7,0x29,0xe7,0x29,0x07,0x2a,
    0xe7,0x29,0xe7,0x29,0xe7,0x21,0xe7,0x29,0xe7,0x29,0xe7,0x21,0xe7,0x21,0xe7,0x21,0xe7,0x21,0xe7,0x21,0xe7,0x21,0xe7,0x21,
    0xe7,0x21,0xe7,0x21,0xe7,0x21,0xe7,0x21,0xe7,0x21,0xe7,0x21,0xe7,0x21,0xe7,0x21,0xe7,0x21,0xe7,0x21,0xe7,0x21,0xc7,0x21,
    0xc7,0x21,0xc7,0x21,0xe7,0x21,0xe7,0x21,0xe7,0x21,0xe7,0x21,0xc7,0x21,0xc7,0x21,0xc7,0x21,0xc7,0x21,0xc7,0x21,0xc7,0x21,
    0xc7,0x21,0xc7,0x21,0xc7,0x21,0xc7,0x21,0xc7,0x21,0xc7,0x21,0xc7,0x21,0xc7,0x21,0xc7,0x21,0xc7,0x21,0xc7,0x21,0xc7,0x21,
    0xc7,0x21,0xc7,0x21,0xc7,0x21,0xc7,0x21,0xc7,0x21,0xc7,0x21,0xc7,0x21,0xc7,0x21,0xc7,0x21,0xc7,0x21,0xc7,0x21,0xc7,0x21,
    0xc6,0x21,0xc6,0x21,0xc6,0x21,0xc6,0x21,0xa6,0x21,0x86,0x19,0x65,0x19,0x24,0x19,0x24,0x19,0x65,0x29,0x00,0x00,0x00,0x00,
    0x00,0x00,0x00,0x00,0x00,0x00,0x00,0x00,0x00,0x00,0x00,0x00,0x00,0x00,0x00,0x00,0x00,0x00,0x00,0x00,0x00,0x00,0x00,0x00,
    0x00,0x00,0x00,0x00,0x00,0x00,0x00,0x00,0x00,0x00,0x00,0x00,0x00,0x00,0x00,0x00,0x00,0x00,0x00,0x00,0x00,0x00,0x00,0x00,
    0x00,0x00,0x00,0x00,0x00,0x00,0x00,0x00,0x00,0x00,0x00,0x00,0x00,0x00,0x00,0x00,0x00,0x00,0x00,0x00,0x86,0x21,0xc7,0x21,
    0x07,0x22,0x48,0x2a,0xeb,0x42,0xef,0x6b,0xef,0x6b,0xef,0x6b,0x30,0x74,0x30,0x74,0x30,0x74,0x10,0x6c,0x10,0x74,0x50,0x74,
    0x30,0x74,0x30,0x74,0x10,0x6c,0x10,0x6c,0x50,0x74,0x30,0x74,0x10,0x6c,0x30,0x74,0x30,0x74,0x51,0x74,0x30,0x74,0x51,0x7c,
    0x51,0x74,0x30,0x74,0x10,0x6c,0x10,0x6c,0x10,0x74,0x50,0x74,0x30,0x74,0x30,0x74,0x30,0x74,0x10,0x74,0x10,0x6c,0x30,0x74,
    0x30,0x74,0x10,0x6c,0x10,0x6c,0x10,0x6c,0x10,0x74,0xef,0x6b,0xcf,0x63,0xef,0x6b,0x30,0x74,0xef,0x6b,0x10,0x6c,0x10,0x6c,
    0x0f,0x6c,0x30,0x74,0x10,0x6c,0xcf,0x63,0xef,0x6b,0xcf,0x63,0xef,0x6b,0xef,0x6b,0x10,0x6c,0x10,0x74,0x0f,0x6c,0xef,0x6b,
    0x10,0x6c,0x10,0x6c,0x10,0x6c,0x10,0x6c,0xef,0x6b,0x0f,0x6c,0x0f,0x6c,0x10,0x6c,0x10,0x6c,0xef,0x6b,0xef,0x6b,0xef,0x6b,
    0xef,0x6b,0xcf,0x63,0xef,0x6b,0xef,0x6b,0xef,0x6b,0x10,0x6c,0x10,0x6c,0x10,0x6c,0xef,0x6b,0xcf,0x63,0x10,0x6c,0xef,0x6b,
    0xef,0x6b,0xcf,0x6b,0xae,0x63,0xce,0x63,0xef,0x6b,0xef,0x6b,0xcf,0x63,0xef,0x6b,0xef,0x6b,0xef,0x6b,0xcf,0x63,0xcf,0x63,
    0xce,0x63,0xae,0x63,0xae,0x63,0xae,0x63,0xae,0x63,0xef,0x6b,0xef,0x6b,0xef,0x6b,0xcf,0x63,0xae,0x63,0xcf,0x63,0xcf,0x63,
    0xef,0x6b,0xef,0x6b,0xce,0x63,0xae,0x5b,0x8e,0x5b,0x8e,0x5b,0x6d,0x5b,0x8e,0x5b,0xae,0x63,0xae,0x63,0xae,0x63,0xae,0x63,
    0xae,0x63,0x8e,0x5b,0x4d,0x53,0x6d,0x53,0x6d,0x5b,0x8d,0x5b,0x6d,0x5b,0x6d,0x53,0x6d,0x5b,0x8d,0x5b,0x8e,0x5b,0x6d,0x5b,
    0x6d,0x5b,0x6d,0x5b,0xae,0x63,0x6d,0x5b,0x6d,0x5b,0x6d,0x5b,0x6d,0x5b,0x6d,0x5b,0x8e,0x5b,0x6d,0x5b,0x6d,0x5b,0x4d,0x53,
    0x6d,0x5b,0x8e,0x5b,0x8d,0x5b,0x4d,0x53,0x4d,0x53,0x2c,0x53,0x2c,0x53,0x2c,0x53,0x4d,0x53,0x4c,0x53,0x6d,0x5b,0x4d,0x53,
    0x6d,0x5b,0x4c,0x53,0x2c,0x53,0x4c,0x53,0x4c,0x53,0x2c,0x4b,0x4c,0x53,0x4c,0x53,0x2c,0x53,0x2c,0x53,0x2c,0x53,0x0c,0x4b,
    0x0c,0x4b,0x0c,0x4b,0x0c,0x4b,0x0b,0x4b,0xeb,0x42,0xeb,0x4a,0x0c,0x4b,0x0c,0x4b,0x0c,0x4b,0x0c,0x4b,0x2c,0x53,0x2c,0x53,
    0x0c,0x4b,0xeb,0x42,0xeb,0x4a,0xeb,0x42,0xeb,0x42,0xeb,0x4a,0xeb,0x4a,0xeb,0x4a,0xeb,0x42,0x0b,0x4b,0xeb,0x4a,0xeb,0x4a,
    0xeb,0x4a,0xeb,0x4a,0xcb,0x42,0xcb,0x42,0xcb,0x42,0xcb,0x42,0xcb,0x42,0xcb,0x42,0xcb,0x42,0xcb,0x42,0xcb,0x42,0xeb,0x4a,
    0xcb,0x42,0xca,0x42,0xca,0x42,0xcb,0x42,0xca,0x42,0xcb,0x42,0xcb,0x42,0xaa,0x42,0xaa,0x3a,0xaa,0x3a,0xaa,0x3a,0xaa,0x3a,
    0xaa,0x3a,0xaa,0x3a,0xca,0x42,0xcb,0x42,0xaa,0x42,0x8a,0x3a,0x8a,0x3a,0x8a,0x3a,0x8a,0x3a,0x8a,0x3a,0x8a,0x3a,0x8a,0x3a,
    0x8a,0x3a,0x8a,0x3a,0x8a,0x3a,0x69,0x3a,0x69,0x32,0x89,0x3a,0x8a,0x3a,0x89,0x3a,0x89,0x3a,0x89,0x3a,0x89,0x3a,0x8a,0x3a,
    0x8a,0x3a,0x69,0x3a,0x69,0x3a,0x69,0x32,0x69,0x32,0x69,0x32,0x69,0x3a,0x69,0x32,0x49,0x32,0x69,0x32,0x69,0x32,0x69,0x32,
    0x69,0x32,0x69,0x32,0x69,0x32,0x69,0x32,0x49,0x32,0x69,0x32,0x69,0x32,0x49,0x32,0x69,0x32,0x49,0x32,0x49,0x32,0x49,0x32,
    0x49,0x32,0x49,0x32,0x49,0x32,0x49,0x32,0x48,0x32,0x49,0x32,0x48,0x32,0x48,0x32,0x28,0x32,0x28,0x32,0x48,0x32,0x48,0x32,
    0x48,0x32,0x48,0x32,0x48,0x32,0x28,0x2a,0x28,0x2a,0x28,0x2a,0x28,0x32,0x28,0x2a,0x28,0x2a,0x28,0x2a,0x28,0x2a,0x28,0x2a,
    0x28,0x2a,0x28,0x2a,0x28,0x2a,0x28,0x2a,0x28,0x2a,0x28,0x2a,0x28,0x2a,0x28,0x2a,0x28,0x2a,0x08,0x2a,0x28,0x2a,0x28,0x2a,
    0x28,0x2a,0x08,0x2a,0x08,0x2a,0x08,0x2a,0x08,0x2a,0x08,0x2a,0x08,0x2a,0x08,0x2a,0x08,0x2a,0x08,0x2a,0x08,0x2a,0x08,0x2a,
    0x08,0x2a,0x08,0x2a,0x08,0x2a,0x08,0x2a,0x08,0x2a,0x08,0x2a,0x08,0x2a,0x08,0x2a,0x08,0x2a,0x08,0x2a,0x07,0x2a,0x07,0x2a,
    0x08,0x2a,0x07,0x2a,0x08,0x2a,0x07,0x2a,0x07,0x2a,0x07,0x2a,0x07,0x2a,0xe7,0x29,0xe7,0x29,0xe7,0x29,0xe7,0x29,0xe7,0x29,
    0xe7,0x29,0xe7,0x29,0xe7,0x21,0xe7,0x21,0xe7,0x21,0xe7,0x21,0xe7,0x29,0xe7,0x21,0xe7,0x21,0xe7,0x21,0xe7,0x21,0xe7,0x21,
    0xe7,0x21,0xe7,0x21,0xe7,0x21,0xe7,0x21,0xe7,0x21,0xe7,0x21,0xe7,0x21,0xe7,0x21,0xe7,0x21,0xc7,0x21,0xc7,0x21,0xc7,0x21,
    0xe7,0x21,0xe7,0x21,0xe7,0x21,0xc7,0x21,0xc7,0x21,0xc7,0x21,0xc7,0x21,0xc7,0x21,0xc7,0x21,0xc7,0x21,0xc7,0x21,0xc7,0x21,
    0xc7,0x21,0xc7,0x21,0xc7,0x21,0xc7,0x21,0xc7,0x21,0xc7,0x21,0xc7,0x21,0xc7,0x21,0xc7,0x21,0xc7,0x21,0xc7,0x21,0xc7,0x21,
    0xc7,0x21,0xc7,0x21,0xc7,0x21,0xc7,0x21,0xc7,0x21,0xc7,0x21,0xc6,0x21,0xc6,0x21,0xc7,0x21,0xc7,0x21,0xc6,0x21,0xc7,0x21,
    0xc7,0x21,0xa6,0x21,0xc6,0x21,0xc6,0x21,0xa6,0x21,0xc6,0x21,0xc6,0x21,0xc6,0x21,0xa6,0x21,0x86,0x19,0x45,0x19,0x24,0x19,
    0x24,0x19,0x24,0x21,0x00,0x00,0x00,0x00,0x00,0x00,0x00,0x00,0x00,0x00,0x00,0x00,0x00,0x00,0x00,0x00,0x00,0x00,0x00,0x00,
    0x00,0x00,0x00,0x00,0x00,0x00,0x00,0x00,0x00,0x00,0x00,0x00,0x00,0x00,0x00,0x00,0x00,0x00,0x00,0x00,0x00,0x00,0x00,0x00,
    0x00,0x00,0x00,0x00,0x00,0x00,0x00,0x00,0x00,0x00,0x00,0x00,0x00,0x00,0x00,0x00,0x00,0x00,0x00,0x00,0x00,0x00,0x00,0x00,
    0x00,0x00,0x00,0x00,0xa6,0x29,0xc7,0x21,0xe7,0x21,0x08,0x22,0x48,0x2a,0x89,0x32,0x8a,0x3a,0x8a,0x3a,0x8a,0x3a,0x69,0x32,
    0x69,0x32,0x8a,0x3a,0x8a,0x32,0x8a,0x3a,0xca,0x42,0xaa,0x3a,0x8a,0x3a,0xaa,0x3a,0xaa,0x3a,0x8a,0x3a,0xaa,0x3a,0xaa,0x3a,
    0xaa,0x3a,0xaa,0x3a,0x8a,0x3a,0x89,0x32,0x8a,0x32,0x8a,0x3a,0x8a,0x3a,0x8a,0x3a,0x8a,0x3a,0xaa,0x3a,0x89,0x32,0x8a,0x32,
    0x8a,0x32,0xaa,0x3a,0xaa,0x3a,0xaa,0x3a,0x8a,0x32,0x89,0x32,0xaa,0x3a,0x8a,0x32,0x8a,0x32,0xaa,0x3a,0xaa,0x3a,0xca,0x42,
    0xca,0x3a,0xaa,0x3a,0xaa,0x3a,0xaa,0x3a,0x89,0x32,0x8a,0x32,0xaa,0x3a,0xaa,0x3a,0xaa,0x3a,0x8a,0x32,0x8a,0x32,0x8a,0x3a,
    0x8a,0x32,0xaa,0x3a,0x8a,0x32,0xaa,0x3a,0xaa,0x3a,0xaa,0x3a,0x8a,0x32,0x8a,0x32,0x8a,0x3a,0x89,0x32,0x8a,0x32,0x89,0x32,
    0x89,0x32,0x8a,0x32,0x8a,0x32,0x8a,0x32,0x8a,0x32,0x89,0x32,0x8a,0x3a,0x89,0x32,0x8a,0x32,0x8a,0x3a,0x8a,0x3a,0x8a,0x3a,
    0x8a,0x32,0x8a,0x3a,0x8a,0x3a,0x8a,0x32,0x89,0x32,0x8a,0x3a,0x8a,0x32,0x8a,0x3a,0x8a,0x3a,0x89,0x32,0x69,0x32,0x69,0x32,
    0x89,0x32,0x8a,0x32,0x8a,0x3a,0x8a,0x32,0xaa,0x3a,0xaa,0x3a,0x8a,0x3a,0x89,0x32,0x89,0x32,0x8a,0x3a,0x89,0x32,0x69,0x32,
    0x89,0x32,0x69,0x32,0x69,0x32,0x69,0x32,0x8a,0x3a,0x89,0x32,0x69,0x32,0x8a,0x3a,0x89,0x32,0x8a,0x32,0x89,0x32,0x89,0x32,
    0x69,0x32,0x69,0x32,0x69,0x32,0x69,0x32,0x69,0x32,0x69,0x32,0x69,0x32,0x69,0x32,0x69,0x32,0x69,0x32,0x8a,0x32,0x69,0x32,
    0x69,0x32,0x69,0x32,0x49,0x2a,0x49,0x32,0x69,0x32,0x69,0x32,0x89,0x3a,0x69,0x32,0x89,0x32,0x69,0x32,0x69,0x32,0x69,0x32,
    0x69,0x32,0x69,0x32,0x69,0x32,0x69,0x32,0x69,0x32,0x69,0x32,0x69,0x32,0x69,0x32,0x69,0x32,0x69,0x32,0x69,0x32,0x49,0x2a,
    0x49,0x2a,0x49,0x2a,0x49,0x2a,0x49,0x32,0x69,0x32,0x69,0x32,0x69,0x32,0x49,0x2a,0x49,0x2a,0x49,0x2a,0x49,0x32,0x49,0x32,
    0x49,0x2a,0x49,0x2a,0x49,0x32,0x49,0x2a,0x49,0x32,0x49,0x2a,0x49,0x32,0x49,0x32,0x48,0x2a,0x28,0x2a,0x49,0x2a,0x49,0x2a,
    0x48,0x2a,0x49,0x32,0x49,0x2a,0x48,0x2a,0x48,0x2a,0x49,0x32,0x48,0x2a,0x28,0x2a,0x28,0x2a,0x28,0x2a,0x48,0x2a,0x49,0x2a,
    0x48,0x2a,0x49,0x2a,0x28,0x2a,0x28,0x2a,0x28,0x2a,0x28,0x2a,0x28,0x2a,0x28,0x2a,0x28,0x2a,0x28,0x2a,0x28,0x2a,0x28,0x2a,
    0x28,0x2a,0x28,0x2a,0x28,0x2a,0x28,0x2a,0x28,0x2a,0x28,0x2a,0x28,0x2a,0x28,0x2a,0x28,0x2a,0x28,0x2a,0x28,0x2a,0x28,0x2a,
    0x28,0x2a,0x28,0x2a,0x28,0x2a,0x28,0x2a,0x28,0x2a,0x28,0x2a,0x28,0x2a,0x28,0x2a,0x28,0x2a,0x28,0x2a,0x28,0x2a,0x28,0x2a,
    0x08,0x2a,0x28,0x2a,0x28,0x2a,0x08,0x2a,0x08,0x2a,0x08,0x2a,0x08,0x2a,0x08,0x2a,0x08,0x22,0x08,0x2a,0x08,0x2a,0x08,0x2a,
    0x28,0x2a,0x28,0x2a,0x08,0x2a,0x08,0x2a,0x08,0x2a,0x08,0x22,0x08,0x2a,0x08,0x2a,0x08,0x2a,0x08,0x2a,0x08,0x2a,0x08,0x22,
    0x08,0x22,0x08,0x22,0x08,0x2a,0x08,0x2a,0x08,0x22,0x08,0x2a,0x08,0x2a,0x08,0x2a,0x08,0x22,0x08,0x22,0x07,0x22,0x07,0x22,
    0x08,0x2a,0x07,0x22,0x07,0x22,0x07,0x22,0xe7,0x21,0xe7,0x21,0x07,0x22,0x07,0x22,0x07,0x22,0xe7,0x21,0xe7,0x21,0x07,0x22,
    0x07,0x22,0xe7,0x21,0xe7,0x21,0xe7,0x21,0xe7,0x21,0xe7,0x21,0xe7,0x21,0xe7,0x21,0xe7,0x21,0xe7,0x21,0xe7,0x21,0xe7,0x21,
    0xe7,0x21,0xe7,0x21,0xe7,0x21,0xe7,0x21,0xe7,0x21,0xe7,0x21,0xe7,0x21,0xe7,0x21,0xe7,0x21,0xe7,0x21,0xe7,0x21,0xe7,0x21,
    0xe7,0x21,0xe7,0x21,0xe7,0x21,0xe7,0x21,0xe7,0x21,0xe7,0x21,0xe7,0x21,0xe7,0x21,0xe7,0x21,0xe7,0x21,0xe7,0x21,0xe7,0x21,
    0xe7,0x21,0xe7,0x21,0xe7,0x21,0xc7,0x21,0xe7,0x21,0xc7,0x21,0xe7,0x21,0xc7,0x21,0xc7,0x21,0xc7,0x21,0xc7,0x21,0xc7,0x21,
    0xc7,0x21,0xc7,0x21,0xc7,0x21,0xc7,0x21,0xc7,0x21,0xc7,0x21,0xc7,0x21,0xc7,0x21,0xc7,0x21,0xc7,0x21,0xc7,0x21,0xc7,0x21,
    0xc7,0x21,0xc7,0x21,0xc7,0x21,0xc7,0x21,0xc7,0x21,0xc7,0x21,0xc7,0x21,0xc7,0x21,0xc7,0x21,0xc7,0x21,0xc7,0x21,0xc7,0x21,
    0xc7,0x21,0xc7,0x21,0xc6,0x21,0xc7,0x21,0xc7,0x21,0xc6,0x21,0xc6,0x21,0xc7,0x21,0xc6,0x21,0xc6,0x21,0xc6,0x21,0xc6,0x21,
    0xc7,0x21,0xa6,0x21,0xc6,0x21,0xc7,0x21,0xc7,0x21,0xc6,0x21,0xa6,0x21,0xa6,0x21,0xa6,0x21,0xc6,0x21,0xa6,0x19,0xa6,0x21,
    0xa6,0x21,0xa6,0x21,0xa6,0x19,0xa6,0x21,0xa6,0x21,0xa6,0x21,0xa6,0x21,0xa6,0x19,0xa6,0x19,0xa6,0x21,0xa6,0x19,0xa6,0x19,
    0xa6,0x19,0xa6,0x19,0xa6,0x19,0xa6,0x19,0xa6,0x19,0xa6,0x21,0xa6,0x19,0xa6,0x19,0xa6,0x19,0xa6,0x19,0xa6,0x19,0xa6,0x19,
    0xa6,0x19,0xa6,0x19,0xa6,0x19,0xa6,0x19,0xa6,0x19,0xa6,0x19,0xa6,0x19,0xa6,0x19,0xa6,0x19,0xa6,0x19,0xa6,0x19,0xa6,0x19,
    0x86,0x19,0x85,0x19,0x45,0x19,0x04,0x11,0x24,0x19,0x24,0x21,0x00,0x00,0x00,0x00,0x00,0x00,0x00,0x00,0x00,0x00,0x00,0x00,
    0x00,0x00,0x00,0x00,0x00,0x00,0x00,0x00,0x00,0x00,0x00,0x00,0x00,0x00,0x00,0x00,0x00,0x00,0x00,0x00,0x00,0x00,0x00,0x00,
    0x00,0x00,0x00,0x00,0x00,0x00,0x00,0x00,0x00,0x00,0x00,0x00,0x00,0x00,0x00,0x00,0x00,0x00,0x00,0x00,0x00,0x00,0x00,0x00,
    0x00,0x00,0x00,0x00,0x00,0x00,0x00,0x00,0x00,0x00,0x00,0x00,0xc7,0x31,0xa6,0x29,0xc7,0x21,0xe7,0x21,0x08,0x22,0x08,0x22,
    0x08,0x22,0x08,0x22,0x08,0x22,0x08,0x22,0x08,0x22,0x08,0x22,0x08,0x22,0x08,0x22,0x08,0x22,0x08,0x22,0x08,0x22,0x08,0x22,
    0x08,0x22,0x08,0x22,0x08,0x22,0x08,0x22,0x08,0x22,0x08,0x22,0x08,0x22,0x08,0x22,0x08,0x22,0x28,0x22,0x08,0x22,0x08,0x22,
    0x28,0x22,0x08,0x22,0x08,0x22,0x08,0x22,0x08,0x22,0x28,0x22,0x08,0x22,0x28,0x22,0x08,0x22,0x08,0x22,0x08,0x22,0x28,0x22,
    0x28,0x22,0x28,0x22,0x08,0x22,0x08,0x22,0x28,0x22,0x08,0x22,0x08,0x22,0x28,0x22,0x08,0x22,0x08,0x22,0x08,0x22,0x08,0x22,
    0x08,0x22,0x08,0x22,0x28,0x22,0x28,0x22,0x08,0x22,0x08,0x22,0x08,0x22,0x08,0x22,0x08,0x22,0x08,0x22,0x08,0x22,0x08,0x22,
    0x08,0x22,0x08,0x22,0x08,0x22,0x08,0x22,0x08,0x22,0x08,0x22,0x08,0x22,0x08,0x22,0x08,0x22,0x08,0x22,0x08,0x22,0x08,0x22,
    0x08,0x22,0x08,0x22,0x08,0x22,0x08,0x22,0x08,0x22,0x08,0x22,0x08,0x22,0x08,0x22,0x08,0x22,0x08,0x22,0x08,0x22,0x08,0x22,
    0x08,0x22,0x08,0x22,0x08,0x22,0x08,0x22,0x08,0x22,0x08,0x22,0x08,0x22,0x08,0x22,0x08,0x22,0x08,0x22,0x08,0x22,0x08,0x22,
    0x08,0x22,0x08,0x22,0x08,0x22,0x08,0x22,0x08,0x22,0x08,0x22,0x08,0x22,0x08,0x22,0x08,0x22,0x08,0x22,0x08,0x22,0x08,0x22,
    0x08,0x22,0x08,0x22,0x08,0x22,0x08,0x22,0x08,0x22,0x08,0x22,0x08,0x22,0x08,0x22,0x08,0x22,0x08,0x22,0x08,0x22,0x08,0x22,
    0x08,0x22,0x08,0x22,0x08,0x22,0x08,0x22,0x08,0x22,0x08,0x22,0x08,0x22,0x08,0x22,0x08,0x22,0x08,0x22,0x08,0x22,0x08,0x22,
    0x08,0x22,0x08,0x22,0x08,0x22,0x08,0x22,0x08,0x22,0x08,0x22,0x08,0x22,0x08,0x22,0x07,0x22,0x08,0x22,0x08,0x22,0x08,0x22,
    0x08,0x22,0x07,0x22,0x08,0x22,0x08,0x22,0x08,0x22,0x07,0x22,0x08,0x22,0x08,0x22,0x07,0x22,0x07,0x22,0x07,0x22,0x07,0x22,
    0x07,0x22,0x08,0x22,0x07,0x22,0x07,0x22,0x07,0x22,0xe7,0x21,0x07,0x22,0x07,0x22,0xe7,0x21,0xe7,0x21,0xe7,0x21,0xe7,0x21,
    0x07,0x22,0xe7,0x21,0x07,0x22,0xe7,0x21,0xe7,0x21,0xe7,0x21,0xe7,0x21,0xe7,0x21,0xe7,0x21,0xe7,0x21,0xe7,0x21,0xe7,0x21,
    0x07,0x22,0xe7,0x21,0xe7,0x21,0xe7,0x21,0xe7,0x21,0xe7,0x21,0xe7,0x21,0xe7,0x21,0xe7,0x21,0xe7,0x21,0xe7,0x21,0xe7,0x21,
    0xe7,0x21,0xe7,0x21,0xe7,0x21,0xe7,0x21,0xe7,0x21,0xe7,0x21,0xe7,0x21,0xe7,0x21,0xe7,0x21,0xe7,0x21,0xe7,0x21,0xe7,0x21,
    0xe7,0x21,0xe7,0x21,0xe7,0x21,0xe7,0x21,0xe7,0x21,0xe7,0x21,0xe7,0x21,0xe7,0x21,0xe7,0x21,0xe7,0x21,0xe7,0x21,0xe7,0x21,
    0xe7,0x21,0xe7,0x21,0xe7,0x21,0xe7,0x21,0xe7,0x21,0xe7,0x21,0xe7,0x21,0xe7,0x21,0xe7,0x21,0xe7,0x21,0xe7,0x21,0xe7,0x21,
    0xe7,0x21,0xe7,0x21,0xe7,0x21,0xe7,0x21,0xe7,0x21,0xe7,0x21,0xe7,0x21,0xe7,0x21,0xe7,0x21,0xe7,0x21,0xe7,0x21,0xc7,0x21,
    0xe7,0x21,0xc7,0x21,0xe7,0x21,0xc7,0x21,0xc7,0x21,0xc7,0x21,0xc7,0x21,0xc7,0x21,0xc7,0x21,0xc7,0x21,0xe7,0x21,0xc7,0x21,
    0xc7,0x21,0xc7,0x21,0xc7,0x21,0xc7,0x21,0xc7,0x21,0xc7,0x21,0xc7,0x21,0xc7,0x21,0xc7,0x21,0xc7,0x21,0xc7,0x21,0xc7,0x21,
    0xc7,0x21,0xc7,0x21,0xc7,0x21,0xc7,0x21,0xc7,0x19,0xc7,0x21,0xc7,0x21,0xc7,0x19,0xc7,0x21,0xc7,0x21,0xc7,0x19,0xc7,0x19,
    0xc7,0x21,0xc7,0x21,0xc7,0x21,0xc7,0x21,0xc7,0x21,0xc6,0x19,0xc7,0x21,0xc7,0x19,0xc7,0x19,0xc7,0x19,0xc6,0x19,0xc6,0x19,
    0xc6,0x19,0xc6,0x19,0xc7,0x19,0xc6,0x19,0xc6,0x19,0xc6,0x19,0xc6,0x19,0xa6,0x19,0xa6,0x19,0xa6,0x19,0xc6,0x19,0xa6,0x19,
    0xc6,0x19,0xa6,0x19,0xa6,0x19,0xa6,0x19,0xa6,0x19,0xa6,0x19,0xa6,0x19,0xc6,0x19,0xa6,0x19,0xa6,0x19,0xc6,0x19,0xa6,0x19,
    0xa6,0x19,0xa6,0x19,0xa6,0x19,0xa6,0x19,0xa6,0x19,0xa6,0x19,0xa6,0x19,0xa6,0x19,0xa6,0x19,0xa6,0x19,0xa6,0x19,0xa6,0x19,
    0xa6,0x19,0xa6,0x19,0xa6,0x19,0xa6,0x19,0xa6,0x19,0xa6,0x19,0xa6,0x19,0xa6,0x19,0xa6,0x19,0xa6,0x19,0xa6,0x19,0xa6,0x19,
    0xa6,0x19,0xa6,0x19,0xa6,0x19,0xa6,0x19,0xa6,0x19,0xa6,0x19,0xa6,0x19,0xa6,0x19,0xa6,0x19,0xa6,0x19,0xa6,0x19,0xa6,0x19,
    0xa6,0x19,0xa6,0x19,0xa6,0x19,0xa6,0x19,0xa6,0x19,0xa6,0x19,0xa6,0x19,0xa6,0x19,0xa6,0x19,0xa6,0x19,0xa6,0x19,0xa6,0x19,
    0xa6,0x19,0xa6,0x19,0xa6,0x19,0xa6,0x19,0xa6,0x19,0x86,0x19,0xa6,0x19,0x86,0x19,0xa6,0x19,0xa6,0x19,0x86,0x19,0xa6,0x19,
    0x86,0x19,0x86,0x19,0xa6,0x19,0x86,0x19,0x86,0x19,0xa6,0x19,0x86,0x19,0x86,0x19,0x86,0x19,0x86,0x19,0x86,0x19,0x86,0x19,
    0x86,0x19,0x86,0x19,0x86,0x19,0x86,0x19,0x86,0x19,0x86,0x19,0x86,0x19,0x86,0x19,0x86,0x19,0x86,0x19,0x86,0x19,0x86,0x19,
    0x86,0x19,0x86,0x19,0x86,0x19,0x86,0x19,0x85,0x19,0x65,0x19,0x24,0x19,0x04,0x19,0x45,0x21,0x85,0x29,0x00,0x00,0x00,0x00,
    0x00,0x00,0x00,0x00,0x00,0x00,0x00,0x00,0x00,0x00,0x00,0x00,0x00,0x00,0x00,0x00,0x00,0x00,0x00,0x00,0x00,0x00,0x00,0x00,
    0x00,0x00,0x00,0x00,0x00,0x00,0x00,0x00,0x00,0x00,0x00,0x00,0x00,0x00,0x00,0x00,0x00,0x00,0x00,0x00,0x00,0x00,0x00,0x00,
    0x00,0x00,0x00,0x00,0x00,0x00,0x00,0x00,0x00,0x00,0x00,0x00,0x00,0x00,0x00,0x00,0x00,0x00,0x00,0x00,0x00,0x00,0x86,0x29,
    0xa6,0x21,0xc7,0x21,0xc7,0x21,0xe7,0x21,0xe7,0x21,0xe7,0x21,0xe7,0x21,0xe7,0x21,0xc7,0x21,0xc7,0x21,0xc7,0x21,0xc7,0x21,
    0xe7,0x21,0xe7,0x21,0xe7,0x21,0xe7,0x21,0xe7,0x21,0xe7,0x21,0xe7,0x21,0xe7,0x21,0xe7,0x21,0xe7,0x21,0xe7,0x21,0xe7,0x21,
    0xe7,0x21,0xe7,0x21,0xe7,0x21,0xe7,0x21,0xe7,0x21,0xe7,0x21,0xe7,0x21,0xe7,0x21,0xc7,0x21,0xe7,0x21,0xe7,0x21,0xe7,0x21,
    0xe7,0x21,0xe7,0x21,0xe7,0x21,0xe7,0x21,0xe7,0x21,0xe7,0x21,0xe7,0x21,0xe7,0x21,0xe7,0x21,0xe7,0x21,0xe7,0x21,0xe7,0x21,
    0xe7,0x21,0xe7,0x21,0xe7,0x21,0xe7,0x21,0xe7,0x21,0xe7,0x21,0xe7,0x21,0xe7,0x21,0xe7,0x21,0xe7,0x21,0xe7,0x21,0xe7,0x21,
    0xe7,0x21,0xe7,0x21,0xe7,0x21,0xe7,0x21,0xe7,0x21,0xe7,0x21,0xe7,0x21,0xe7,0x21,0xe7,0x21,0xc7,0x21,0xe7,0x21,0xe7,0x21,
    0xe7,0x21,0xe7,0x21,0xe7,0x21,0xe7,0x21,0xe7,0x21,0xe7,0x21,0xe7,0x21,0xe7,0x21,0xe7,0x21,0xe7,0x21,0xe7,0x21,0xe7,0x21,
    0xe7,0x21,0xe7,0x21,0xe7,0x21,0xe7,0x21,0xe7,0x21,0xe7,0x21,0xe7,0x21,0xe7,0x21,0xe7,0x21,0xe7,0x21,0xe7,0x21,0xe7,0x21,
    0xe7,0x21,0xc7,0x21,0xc7,0x21,0xe7,0x21,0xe7,0x21,0xe7,0x21,0xe7,0x21,0xe7,0x21,0xe7,0x21,0xe7,0x21,0xc7,0x21,0xe7,0x21,
    0xe7,0x21,0xe7,0x21,0xe7,0x21,0xe7,0x21,0xe7,0x21,0xe7,0x21,0xc7,0x21,0xc7,0x21,0xe7,0x21,0xe7,0x21,0xc7,0x21,0xe7,0x21,
    0xc7,0x21,0xc7,0x21,0xc7,0x21,0xc7,0x21,0xe7,0x21,0xc7,0x21,0xe7,0x21,0xc7,0x21,0xe7,0x21,0xc7,0x21,0xc7,0x21,0xc7,0x21,
    0xe7,0x21,0xc7,0x21,0xe7,0x21,0xc7,0x21,0xc7,0x21,0xc7,0x21,0xc7,0x21,0xc7,0x21,0xc7,0x21,0xc7,0x21,0xc7,0x21,0xe7,0x21,
    0xc7,0x21,0xe7,0x21,0xc7,0x21,0xc7,0x21,0xc7,0x21,0xc7,0x21,0xc7,0x21,0xc7,0x21,0xc7,0x21,0xc7,0x21,0xc7,0x21,0xc7,0x21,
    0xc7,0x21,0xc7,0x21,0xc7,0x21,0xc7,0x21,0xc7,0x21,0xc7,0x21,0xc7,0x21,0xc7,0x21,0xc7,0x21,0xc7,0x21,0xc7,0x21,0xc7,0x21,
    0xc7,0x21,0xc7,0x21,0xc7,0x21,0xc7,0x21,0xc7,0x21,0xc7,0x21,0xc7,0x21,0xc7,0x21,0xc7,0x21,0xc7,0x19,0xc7,0x21,0xc7,0x21,
    0xc7,0x21,0xc7,0x21,0xc7,0x21,0xc7,0x21,0xc7,0x21,0xc7,0x21,0xc7,0x21,0xc7,0x21,0xc7,0x21,0xc7,0x21,0xc7,0x21,0xc7,0x21,
    0xc7,0x21,0xc7,0x21,0xc7,0x21,0xc7,0x21,0xc7,0x21,0xc7,0x21,0xc7,0x21,0xc7,0x21,0xc7,0x21,0xc7,0x21,0xc7,0x21,0xc7,0x21,
    0xc7,0x21,0xc7,0x21,0xc7,0x21,0xc7,0x21,0xc7,0x21,0xc7,0x21,0xc6,0x19,0xc6,0x19,0xc7,0x21,0xc7,0x21,0xc7,0x21,0xc6,0x19,
    0xc7,0x21,0xc7,0x19,0xc7,0x21,0xa6,0x19,0xc7,0x21,0xa6,0x19,0xc7,0x21,0xc7,0x21,0xc6,0x21,0xc7,0x21,0xa6,0x19,0xc6,0x19,
    0xa6,0x19,0xa6,0x19,0xa6,0x19,0xa6,0x19,0xa6,0x19,0xa6,0x19,0xa6,0x19,0xc6,0x21,0xa6,0x19,0xa6,0x19,0xa6,0x19,0xa6,0x19,
    0xa6,0x19,0xa6,0x19,0xa6,0x19,0xa6,0x19,0xa6,0x19,0xa6,0x19,0xa6,0x19,0xa6,0x19,0xa6,0x19,0xa6,0x19,0xa6,0x21,0xa6,0x19,
    0xa6,0x21,0xa6,0x19,0xa6,0x19,0xa6,0x19,0xa6,0x19,0xa6,0x19,0xa6,0x19,0xa6,0x19,0xa6,0x19,0xa6,0x19,0xa6,0x19,0xa6,0x19,
    0xa6,0x19,0xa6,0x19,0xa6,0x19,0xa6,0x19,0xa6,0x19,0xa6,0x19,0xa6,0x19,0xa6,0x19,0xa6,0x19,0xa6,0x19,0xa6,0x19,0xa6,0x19,
    0xa6,0x19,0xa6,0x19,0xa6,0x19,0xa6,0x19,0xa6,0x19,0xa6,0x19,0xa6,0x19,0xa6,0x19,0xa6,0x19,0xa6,0x19,0xa6,0x19,0xa6,0x19,
    0xa6,0x19,0xa6,0x19,0xa6,0x19,0xa6,0x19,0xa6,0x19,0xa6,0x19,0xa6,0x19,0xa6,0x19,0xa6,0x19,0xa6,0x19,0xa6,0x19,0x86,0x19,
    0xa6,0x19,0x86,0x19,0xa6,0x19,0xa6,0x19,0xa6,0x19,0xa6,0x19,0xa6,0x19,0xa6,0x19,0x86,0x19,0x86,0x19,0x86,0x19,0x86,0x19,
    0x86,0x19,0x86,0x19,0x86,0x19,0x86,0x19,0xa6,0x19,0x86,0x19,0x86,0x19,0x86,0x19,0x86,0x19,0x86,0x19,0x86,0x19,0x86,0x19,
    0x86,0x19,0x86,0x19,0x86,0x19,0x86,0x19,0x86,0x19,0x86,0x19,0x86,0x19,0x86,0x19,0x86,0x19,0x86,0x19,0x86,0x19,0x86,0x19,
    0x86,0x19,0x86,0x19,0x86,0x19,0x86,0x19,0x86,0x19,0x86,0x19,0x86,0x19,0x86,0x19,0x86,0x19,0x86,0x19,0x86,0x19,0x86,0x19,
    0x86,0x19,0x86,0x19,0x86,0x19,0x86,0x19,0x86,0x19,0x86,0x19,0x86,0x19,0x86,0x19,0x86,0x19,0x86,0x19,0x86,0x19,0x86,0x19,
    0x86,0x19,0x86,0x19,0x86,0x19,0x86,0x19,0x86,0x19,0x86,0x19,0x85,0x19,0x86,0x19,0x85,0x19,0x85,0x19,0x86,0x19,0x85,0x19,
    0x65,0x19,0x65,0x19,0x65,0x19,0x65,0x19,0x85,0x19,0x65,0x19,0x86,0x19,0x65,0x19,0x85,0x19,0x65,0x19,0x86,0x19,0x86,0x19,
    0x65,0x19,0x65,0x19,0x65,0x19,0x65,0x19,0x65,0x19,0x65,0x19,0x65,0x19,0x65,0x19,0x65,0x19,0x65,0x19,0x65,0x19,0x65,0x19,
    0x65,0x19,0x65,0x19,0x65,0x19,0x65,0x19,0x65,0x19,0x65,0x19,0x65,0x19,0x65,0x19,0x65,0x19,0x45,0x19,0x24,0x19,0x45,0x21,
    0x66,0x29,0x00,0x00,0x00,0x00,0x00,0x00,0x00,0x00,0x00,0x00,0x00,0x00,0x00,0x00,0x00,0x00,0x00,0x00,0x00,0x00,0x00,0x00,
    0x00,0x00,0x00,0x00,0x00,0x00,0x00,0x00,0x00,0x00,0x00,0x00,0x00,0x00,0x00,0x00,0x00,0x00,0x00,0x00,0x00,0x00,0x00,0x00,
    0x00,0x00,0x00,0x00,0x00,0x00,0x00,0x00,0x00,0x00,0x00,0x00,0x00,0x00,0x00,0x00,0x00,0x00,0x00,0x00,0x00,0x00,0x00,0x00,
    0x00,0x00,0x00,0x00,0x00,0x00,0x00,0x00,0x65,0x21,0x86,0x21,0x86,0x21,0xa6,0x21,0xa6,0x21,0xa6,0x21,0xa6,0x21,0xa6,0x21,
    0xa6,0x21,0xa6,0x21,0xa6,0x21,0xa6,0x21,0xa6,0x21,0xa6,0x21,0xa6,0x21,0xa6,0x21,0xa6,0x21,0xa6,0x21,0xa6,0x21,0xa6,0x21,
    0xa6,0x21,0xa6,0x21,0xa6,0x21,0xa6,0x21,0xa6,0x21,0xa6,0x21,0xa6,0x21,0xa6,0x29,0xa6,0x21,0xc6,0x21,0xa6,0x21,0xa6,0x21,
    0xa6,0x21,0xa6,0x21,0xa6,0x21,0xa6,0x21,0xa6,0x21,0xa6,0x21,0xa6,0x21,0xa6,0x21,0xa6,0x21,0xa6,0x21,0xa6,0x21,0xa6,0x21,
    0xa6,0x21,0xa6,0x21,0xa6,0x21,0xa6,0x21,0xa6,0x21,0xa6,0x21,0xa6,0x21,0xa6,0x21,0xa6,0x21,0xa6,0x21,0xa6,0x21,0xa6,0x21,
    0xc6,0x21,0xa6,0x21,0xc6,0x21,0xc6,0x21,0xa6,0x21,0xa6,0x21,0xa6,0x21,0xa6,0x21,0xa6,0x21,0xa6,0x21,0xa6,0x21,0xa6,0x21,
    0xa6,0x21,0xa6,0x21,0xa6,0x21,0xa6,0x21,0xa6,0x21,0xa6,0x21,0xa6,0x21,0xa6,0x21,0xa6,0x21,0xa6,0x21,0xa6,0x21,0xa6,0x21,
    0xa6,0x21,0xa6,0x21,0xa6,0x21,0xa6,0x21,0xa6,0x21,0xa6,0x21,0xa6,0x21,0xa6,0x21,0xa6,0x21,0xa6,0x21,0xa6,0x21,0xa6,0x21,
    0xa6,0x21,0xa6,0x21,0xa6,0x21,0xa6,0x21,0xa6,0x21,0xa6,0x21,0xa6,0x21,0xa6,0x21,0xa6,0x21,0xa6,0x21,0xa6,0x21,0xa6,0x21,
    0xa6,0x21,0xa6,0x21,0xa6,0x21,0xa6,0x21,0xa6,0x21,0xa6,0x21,0xa6,0x21,0xa6,0x21,0xa6,0x21,0xa6,0x21,0xa6,0x21,0xa6,0x21,
    0xa6,0x21,0xa6,0x21,0xa6,0x21,0xa6,0x21,0xa6,0x21,0xa6,0x21,0xa6,0x21,0xa6,0x21,0xa6,0x21,0xa6,0x21,0xa6,0x21,0xa6,0x21,
    0xa6,0x21,0xa6,0x21,0xa6,0x21,0xa6,0x21,0xa6,0x21,0xa6,0x21,0xa6,0x21,0xa6,0x21,0xa6,0x21,0xa6,0x21,0xa6,0x21,0xa6,0x21,
    0xa6,0x21,0xa6,0x21,0xa6,0x21,0xa6,0x21,0xa6,0x21,0xa6,0x21,0xa6,0x21,0xa6,0x21,0xa6,0x21,0xa6,0x21,0xa6,0x21,0xa6,0x21,
    0xa6,0x21,0xa6,0x21,0xa6,0x21,0xa6,0x21,0xa6,0x21,0xa6,0x21,0xa6,0x21,0xa6,0x21,0xa6,0x21,0xa6,0x21,0xa6,0x21,0xa6,0x21,
    0xa6,0x21,0x86,0x21,0xa6,0x21,0x86,0x21,0xa6,0x21,0x86,0x21,0xa6,0x21,0xa6,0x21,0xa6,0x21,0xa6,0x21,0xa6,0x21,0xa6,0x21,
    0xa6,0x21,0xa6,0x21,0xa6,0x21,0xa6,0x21,0xa6,0x21,0xa6,0x21,0xa6,0x21,0xa6,0x21,0x86,0x21,0xa6,0x21,0x86,0x21,0x86,0x21,
    0xa6,0x21,0x86,0x21,0xa6,0x21,0x86,0x21,0xa6,0x21,0x86,0x21,0xa6,0x21,0x86,0x21,0xa6,0x21,0xa6,0x21,0xa6,0x21,0xa6,0x21,
    0xa6,0x21,0x86,0x21,0x86,0x21,0x86,0x21,0x86,0x21,0x86,0x21,0x86,0x21,0x86,0x21,0x86,0x21,0x86,0x21,0xa6,0x21,0x86,0x21,
    0xa6,0x21,0x86,0x21,0x86,0x21,0x86,0x21,0x86,0x21,0x86,0x21,0x86,0x21,0x86,0x21,0x86,0x21,0x86,0x21,0x86,0x21,0x86,0x21,
    0x86,0x21,0xa6,0x21,0x86,0x21,0x86,0x21,0x86,0x21,0x86,0x21,0x86,0x21,0x86,0x21,0x86,0x21,0x86,0x21,0x86,0x21,0x86,0x21,
    0x85,0x21,0x86,0x21,0x86,0x21,0x86,0x21,0x86,0x21,0x86,0x21,0x86,0x21,0xa6,0x21,0x86,0x21,0x86,0x21,0xa6,0x21,0x86,0x21,
    0x86,0x21,0x86,0x21,0x86,0x21,0x86,0x21,0x86,0x21,0x86,0x21,0x86,0x21,0x86,0x21,0x86,0x21,0x86,0x21,0x86,0x21,0x86,0x21,
    0xa6,0x21,0x86,0x21,0x86,0x21,0x86,0x21,0x86,0x21,0x86,0x21,0x86,0x21,0x86,0x21,0x86,0x21,0x86,0x21,0x86,0x21,0x86,0x21,
    0x86,0x21,0x86,0x21,0x86,0x21,0x86,0x21,0x86,0x21,0x86,0x21,0x86,0x21,0x86,0x21,0x86,0x21,0x85,0x21,0x85,0x21,0x86,0x21,
    0x86,0x21,0x86,0x21,0x86,0x21,0x86,0x21,0x86,0x21,0x86,0x21,0x86,0x21,0x85,0x21,0x85,0x21,0x86,0x21,0x86,0x21,0x86,0x21,
    0x86,0x21,0x86,0x21,0x86,0x21,0x85,0x21,0x85,0x21,0x85,0x21,0x85,0x21,0x85,0x21,0x86,0x21,0x86,0x21,0x65,0x21,0x86,0x21,
    0x85,0x21,0x86,0x21,0x86,0x21,0x86,0x21,0x86,0x21,0x86,0x21,0x85,0x21,0x86,0x21,0x85,0x21,0x85,0x21,0x86,0x21,0x86,0x21,
    0x65,0x21,0x86,0x21,0x85,0x21,0x85,0x21,0x86,0x21,0x85,0x21,0x65,0x21,0x65,0x21,0x85,0x21,0x65,0x21,0x85,0x21,0x86,0x21,
    0x85,0x21,0x86,0x21,0x86,0x21,0x86,0x21,0x65,0x21,0x85,0x21,0x85,0x21,0x65,0x21,0x85,0x21,0x85,0x21,0x86,0x21,0x85,0x21,
    0x65,0x21,0x65,0x21,0x65,0x21,0x85,0x21,0x85,0x21,0x65,0x21,0x65,0x21,0x86,0x21,0x65,0x21,0x65,0x21,0x65,0x21,0x65,0x21,
    0x65,0x21,0x85,0x21,0x85,0x21,0x65,0x21,0x85,0x21,0x65,0x21,0x65,0x21,0x65,0x21,0x65,0x21,0x65,0x21,0x65,0x21,0x65,0x21,
    0x85,0x21,0x65,0x21,0x65,0x21,0x65,0x21,0x65,0x21,0x65,0x21,0x65,0x21,0x65,0x21,0x65,0x21,0x65,0x21,0x65,0x21,0x65,0x21,
    0x65,0x21,0x65,0x21,0x65,0x21,0x65,0x21,0x65,0x21,0x65,0x21,0x65,0x21,0x65,0x21,0x65,0x21,0x65,0x21,0x65,0x21,0x65,0x21,
    0x65,0x21,0x65,0x21,0x65,0x21,0x65,0x21,0x65,0x21,0x65,0x21,0x65,0x21,0x65,0x21,0x65,0x21,0x65,0x21,0x65,0x21,0x65,0x21,
    0x65,0x21,0x65,0x21,0x65,0x21,0x65,0x29,0x00,0x00,0x00,0x00,0x00,0x00,0x00,0x00,0x00,0x00,0x00,0x00,0x00,0x00,0x00,0x00,
    0x00,0x00,0x00,0x00,0x00,0x00,0x00,0x00,0x00,0x00,0x00,0x00,0x00,0x00,0x00,0x00,0x00,0x00,0x00,0x00,0x00,0x00,0x00,0x00,
    0x00,0x00,0x00,0x00,0x00,0x00,0x00,0x00,0x00,0x00,0x00,0x00,0x00,0x00,0x00,0x00,0x00,0x00,0x00,0x00,0x00,0x00,0x00,0x00,
    0x00,0x00,0x00,0x00,0x00,0x00,0x00,0x00,0x00,0x00,0x00,0x00,0x00,0x00,0x00,0x00,0x00,0x00,0x24,0x19,0xa6,0x29,0x65,0x21,
    0xa6,0x29,0xa7,0x31,0xa6,0x29,0xa6,0x29,0x86,0x29,0xa6,0x29,0xa6,0x29,0x86,0x29,0xa6,0x29,0x86,0x21,0x86,0x29,0x86,0x21,
    0xa6,0x29,0x86,0x21,0xa6,0x29,0xa6,0x29,0x86,0x29,0xa6,0x29,0x86,0x29,0xa6,0x29,0xa6,0x29,0xa6,0x29,0x86,0x29,0xa6,0x29,
    0xa6,0x29,0xc7,0x31,0x86,0x29,0xa6,0x29,0x86,0x29,0xa6,0x29,0x86,0x29,0xa6,0x29,0x65,0x29,0x86,0x29,0x86,0x29,0x65,0x21,
    0xa6,0x29,0x86,0x29,0xa6,0x29,0x65,0x21,0xa6,0x29,0xa6,0x29,0x86,0x29,0xa6,0x29,0xa6,0x29,0x86,0x29,0x86,0x29,0xa6,0x31,
    0x86,0x29,0xa6,0x29,0xa6,0x29,0x86,0x21,0xc7,0x29,0x86,0x21,0x86,0x29,0x65,0x21,0x86,0x21,0x86,0x29,0xa6,0x29,0x86,0x21,
    0x66,0x21,0x65,0x21,0x86,0x29,0x86,0x29,0x65,0x21,0x86,0x21,0x86,0x21,0xa6,0x29,0xc7,0x29,0x86,0x21,0x65,0x21,0xa6,0x29,
    0x86,0x29,0xc7,0x29,0x86,0x21,0x86,0x29,0xa6,0x29,0x65,0x29,0xa6,0x29,0xa6,0x29,0x86,0x29,0x86,0x29,0xa6,0x29,0x86,0x21,
    0xc7,0x29,0xa6,0x29,0xa6,0x29,0x86,0x29,0xa6,0x29,0x86,0x21,0xa6,0x29,0x86,0x29,0xa6,0x29,0x86,0x21,0xc7,0x29,0x65,0x21,
    0xa6,0x29,0x86,0x29,0x86,0x29,0xa6,0x29,0x86,0x29,0x86,0x29,0x86,0x29,0xa6,0x29,0xa6,0x29,0xa6,0x29,0x86,0x29,0x65,0x29,
    0xa6,0x29,0xa6,0x29,0xa6,0x29,0x86,0x29,0x65,0x21,0xa6,0x29,0x86,0x21,0xa6,0x29,0x86,0x29,0x86,0x29,0x65,0x21,0xc6,0x31,
    0xc7,0x31,0x65,0x29,0xa6,0x29,0x65,0x21,0x86,0x29,0xa6,0x21,0x86,0x29,0xa6,0x29,0xa6,0x29,0xc7,0x31,0xa6,0x29,0x86,0x29,
    0x86,0x29,0x65,0x21,0x86,0x29,0xa6,0x29,0x86,0x29,0xa6,0x29,0xa6,0x29,0xa6,0x29,0x86,0x29,0xa6,0x29,0xc7,0x31,0xa6,0x29,
    0xa6,0x29,0xa6,0x29,0x86,0x21,0x86,0x29,0x86,0x29,0x86,0x29,0xa6,0x21,0xa6,0x29,0xa6,0x29,0xa6,0x29,0xa6,0x29,0x86,0x29,
    0xa7,0x29,0x86,0x29,0xa6,0x29,0xa7,0x31,0xa6,0x29,0xc7,0x29,0xa6,0x29,0xa6,0x31,0xc7,0x31,0xc7,0x31,0xa6,0x29,0xa6,0x29,
    0xa6,0x21,0x86,0x29,0x86,0x29,0x86,0x29,0x86,0x29,0x86,0x29,0xa6,0x29,0xa6,0x29,0xa6,0x29,0xa6,0x29,0x86,0x29,0xc7,0x31,
    0xa6,0x29,0xa6,0x29,0xa6,0x29,0xa6,0x29,0x86,0x29,0xa6,0x29,0x86,0x21,0xa6,0x29,0xa6,0x29,0x86,0x29,0xa6,0x29,0x86,0x29,
    0xa6,0x29,0xa6,0x29,0x86,0x29,0xa6,0x21,0x86,0x29,0xc7,0x31,0xa6,0x29,0x86,0x29,0xc7,0x29,0x86,0x29,0xa6,0x29,0x86,0x29,
    0x86,0x29,0x86,0x29,0xa6,0x29,0x86,0x29,0x86,0x29,0x86,0x29,0x86,0x29,0xa6,0x29,0x86,0x29,0x86,0x29,0x86,0x29,0x86,0x29,
    0xa6,0x29,0x86,0x29,0xa6,0x29,0xa6,0x31,0xa6,0x31,0x65,0x29,0xa6,0x29,0x86,0x29,0x86,0x29,0x86,0x29,0xa6,0x29,0x86,0x29,
    0xa6,0x29,0x86,0x29,0x86,0x29,0x86,0x29,0xa6,0x29,0x86,0x29,0x85,0x21,0x86,0x29,0x65,0x21,0x86,0x29,0x65,0x21,0x65,0x21,
    0xa6,0x29,0x86,0x21,0xa6,0x29,0x86,0x29,0xa6,0x29,0xa6,0x31,0xa6,0x31,0x86,0x29,0xa6,0x31,0xa6,0x29,0x86,0x29,0x65,0x29,
    0xa6,0x29,0x86,0x21,0x86,0x29,0x86,0x29,0xa6,0x29,0x86,0x29,0x86,0x29,0xa6,0x29,0x86,0x29,0xc7,0x31,0xa6,0x31,0xa6,0x29,
    0x86,0x29,0x86,0x29,0xa6,0x31,0xa6,0x31,0x65,0x29,0x65,0x21,0xa6,0x29,0x86,0x21,0x65,0x21,0x65,0x29,0x86,0x29,0x86,0x29,
    0xa6,0x29,0x66,0x29,0x86,0x29,0x86,0x29,0x86,0x29,0xa6,0x29,0x86,0x29,0x86,0x21,0x86,0x21,0xc7,0x29,0x86,0x29,0x86,0x29,
    0x86,0x29,0x65,0x29,0x86,0x29,0x86,0x29,0x85,0x21,0x86,0x29,0x86,0x21,0xa6,0x29,0x65,0x21,0x86,0x29,0xc7,0x29,0xa6,0x29,
    0x86,0x29,0x86,0x29,0x86,0x29,0xa6,0x29,0x86,0x29,0x65,0x29,0x86,0x29,0x65,0x21,0x86,0x29,0x86,0x29,0x65,0x29,0x65,0x21,
    0x86,0x29,0x86,0x29,0x65,0x29,0x86,0x29,0xa6,0x29,0x86,0x29,0x86,0x29,0xa6,0x29,0xa6,0x31,0x86,0x29,0xa6,0x29,0x86,0x29,
    0x86,0x21,0x86,0x29,0xc7,0x31,0x86,0x29,0xa6,0x29,0xa6,0x29,0x86,0x29,0xa6,0x29,0x86,0x29,0x86,0x31,0x86,0x29,0xa6,0x31,
    0xa6,0x29,0xa6,0x31,0xc7,0x31,0xa6,0x29,0xa6,0x31,0x86,0x29,0x86,0x29,0x86,0x29,0x86,0x29,0x86,0x29,0x86,0x29,0x86,0x29,
    0x86,0x29,0x86,0x29,0xa6,0x31,0x86,0x29,0x65,0x29,0x86,0x29,0x86,0x29,0x86,0x21,0xa6,0x31,0x86,0x29,0x86,0x29,0xa6,0x31,
    0xa6,0x29,0x86,0x29,0xa6,0x29,0x86,0x29,0xa6,0x29,0x86,0x29,0xa6,0x29,0x86,0x29,0xa6,0x29,0x86,0x29,0x86,0x29,0xa6,0x29,
    0xa6,0x31,0xa6,0x31,0xa6,0x29,0x86,0x29,0x86,0x29,0xa6,0x31,0x65,0x29,0x86,0x29,0x86,0x29,0x86,0x29,0x65,0x21,0x86,0x29,
    0x86,0x29,0x65,0x29,0x86,0x29,0xa6,0x29,0x86,0x29,0xa6,0x29,0xa6,0x29,0x86,0x29,0x86,0x29,0x86,0x29,0x65,0x21,0x86,0x29,
    0xa6,0x29,0x86,0x29,0xa6,0x29,0x86,0x29,0x86,0x29,0x65,0x21,0x85,0x19,0x00,0x00,0x00,0x00,0x00,0x00,0x00,0x00,0x00,0x00,
    0x00,0x00,0x00,0x00,0x00,0x00,0x00,0x00,0x00,0x00,0x00,0x00,0x00,0x00,0x00,0x00,0x00,0x00,0x00,0x00,0x00,0x00,0x00,0x00,
    0x00,0x00,0x00,0x00,0x00,0x00,0x00,0x00,0x00,0x00,0x00,0x00,0x00,0x00,0x00,0x00,0x00,0x00,0x00,0x00,0x00,0x00,0x00,0x00,
    0x00,0x00,0x00,0x00,0x00,0x00,0x00,0x00,0x00,0x00,0x00,0x00,0x00,0x00,0x00,0x00,0x00,0x00,0x00,0x00,0x00,0x00,0x00,0x00,
    0x00,0x00,0x00,0x00,0x00,0x00,0x00,0x00,0x00,0x00,0x00,0x00,0x00,0x00,0x00,0x00,0x00,0x00,0x00,0x00,0x00,0x00,0x00,0x00,
    0x00,0x00,0x00,0x00,0x00,0x00,0x00,0x00,0x00,0x00,0x00,0x00,0x00,0x00,0x00,0x00,0x00,0x00,0x00,0x00,0x00,0x00,0x00,0x00,
    0x00,0x00,0x00,0x00,0x00,0x00,0x00,0x00,0x00,0x00,0x00,0x00,0x00,0x00,0x00,0x00,0x00,0x00,0x00,0x00,0x00,0x00,0x41,0x08,
    0x00,0x00,0x00,0x00,0x00,0x00,0x00,0x00,0x00,0x00,0x00,0x00,0x00,0x00,0x00,0x00,0x00,0x00,0x00,0x00,0x00,0x00,0x00,0x00,
    0x00,0x00,0x00,0x00,0x00,0x00,0x00,0x00,0x00,0x00,0x00,0x00,0x00,0x00,0x00,0x00,0x00,0x00,0x00,0x00,0x00,0x00,0x00,0x00,
    0x00,0x00,0x00,0x00,0x00,0x00,0x00,0x00,0x00,0x00,0x00,0x00,0x00,0x00,0x00,0x00,0x00,0x00,0x00,0x00,0x00,0x00,0x00,0x00,
    0x00,0x00,0x00,0x00,0x00,0x00,0x00,0x00,0x00,0x00,0x00,0x00,0x00,0x00,0x00,0x00,0x00,0x00,0x00,0x00,0x00,0x00,0x00,0x00,
    0x00,0x00,0x00,0x00,0x00,0x00,0x00,0x00,0x00,0x00,0x00,0x00,0x00,0x00,0x00,0x00,0x00,0x00,0x00,0x00,0x00,0x00,0x40,0x00,
    0x00,0x00,0x00,0x00,0x00,0x00,0x00,0x00,0x00,0x00,0x41,0x00,0x00,0x00,0x00,0x00,0x00,0x00,0x00,0x00,0x00,0x00,0x00,0x00,
    0x00,0x00,0x00,0x00,0x00,0x00,0x00,0x00,0x00,0x00,0x00,0x00,0x00,0x00,0x00,0x00,0x00,0x00,0x00,0x00,0x00,0x00,0x00,0x00,
    0x00,0x00,0x81,0x08,0x00,0x00,0x00,0x00,0x00,0x00,0x00,0x00,0x00,0x00,0x00,0x00,0x00,0x00,0x00,0x00,0x00,0x00,0x00,0x00,
    0x00,0x00,0x00,0x00,0x00,0x00,0x00,0x00,0x00,0x00,0x00,0x00,0x00,0x00,0x00,0x00,0x00,0x00,0x00,0x00,0x00,0x00,0x00,0x00,
    0x00,0x00,0x00,0x00,0x00,0x00,0x00,0x00,0x00,0x00,0x00,0x00,0x00,0x00,0x00,0x00,0x00,0x00,0x00,0x00,0x00,0x00,0x00,0x00,
    0x00,0x00,0x00,0x00,0x00,0x00,0x00,0x00,0x00,0x00,0x00,0x00,0x00,0x00,0x00,0x00,0x00,0x00,0x00,0x00,0x00,0x00,0x00,0x00,
    0x00,0x00,0x00,0x00,0x00,0x00,0x00,0x00,0x00,0x00,0x00,0x00,0x00,0x00,0x00,0x00,0x00,0x00,0x00,0x00,0x00,0x00,0x00,0x00,
    0x00,0x00,0x00,0x00,0x00,0x00,0x00,0x00,0x00,0x00,0x00,0x00,0x00,0x00,0x40,0x00,0x00,0x00,0x00,0x00,0x00,0x00,0x00,0x00,
    0x00,0x00,0x00,0x00,0x00,0x00,0x00,0x00,0x00,0x00,0x00,0x00,0x00,0x00,0x00,0x00,0x61,0x00,0x00,0x00,0x00,0x00,0x00,0x00,
    0x00,0x00,0x00,0x00,0x00,0x00,0x00,0x00,0x00,0x00,0x00,0x00,0x00,0x00,0x00,0x00,0x00,0x00,0x00,0x00,0x00,0x00,0x00,0x00,
    0x00,0x00,0x00,0x00,0x00,0x00,0x00,0x00,0x00,0x00,0x00,0x00,0x00,0x00,0x00,0x00,0x00,0x00,0x00,0x00,0x00,0x00,0x00,0x00,
    0x00,0x00,0x00,0x00,0x00,0x00,0x00,0x00,0x00,0x00,0x00,0x00,0x00,0x00,0x00,0x00,0x20,0x00,0x00,0x00,0x00,0x00,0x00,0x00,
    0x00,0x00,0x00,0x00,0x00,0x00,0x00,0x00,0x00,0x00,0x00,0x00,0x00,0x00,0x00,0x00,0x00,0x00,0xa2,0x08,0x00,0x00,0x00,0x00,
    0x00,0x00,0x00,0x00,0x00,0x00,0x00,0x00,0x00,0x00,0x00,0x00,0x00,0x00,0x00,0x00,0x00,0x00,0x00,0x00,0x00,0x00,0x00,0x00,
    0x00,0x00,0x00,0x00,0x00,0x00,0x00,0x00,0x00,0x00,0x00,0x00,0x00,0x00,0x00,0x00,0x00,0x00,0x00,0x00,0x00,0x00,0x00,0x00,
    0x00,0x00,0x00,0x00,0x00,0x00,0x00,0x00,0x00,0x00,0x00,0x00,0x00,0x00,0x00,0x00,0x00,0x00,0x00,0x00,0x00,0x00,0x00,0x00,
    0x00,0x00,0x00,0x00,0x00,0x00,0x00,0x00,0x00,0x00,0x00,0x00,0x00,0x00,0x00,0x00,0x00,0x00,0x00,0x00,0x00,0x00,0x00,0x00,
    0x00,0x00,0x00,0x00,0x00,0x00,0x00,0x00,0x00,0x00,0x00,0x00,0x00,0x00,0x00,0x00,0x00,0x00,0x00,0x00,0x00,0x00,0x00,0x00,
    0x00,0x00,0x00,0x00,0x00,0x00,0x00,0x00,0x00,0x00,0x00,0x00,0x00,0x00,0x00,0x00,0x00,0x00,0x00,0x00,0x00,0x00,0x00,0x00,
    0x00,0x00,0x00,0x00,0x00,0x00,0x00,0x00,0x00,0x00,0x00,0x00,0x00,0x00,0x00,0x00,0x00,0x00,0x00,0x00,0x00,0x00,0x00,0x00,
    0x00,0x00,0x00,0x00,0x00,0x00,0x00,0x00,0x00,0x00,0x00,0x00,0x00,0x00,0x00,0x00,0x00,0x00,0x00,0x00,0x00,0x00,0x00,0x00,
    0x00,0x00,0x00,0x00,0x00,0x00,0x00,0x00,0x00,0x00,0x00,0x00,0x00,0x00,0x00,0x00,0x00,0x00,0x00,0x00,0x00,0x00,0x00,0x00,
    0x00,0x00,0x00,0x00,0x00,0x00,0x00,0x00,0x00,0x00,0x00,0x00,0x00,0x00,0x00,0x00,0x00,0x00,0x00,0x00,0x00,0x00,0x00,0x00,
    0x00,0x00,0x00,0x00,0x00,0x00,0x00,0x00,0x00,0x00,0x00,0x00,0x00,0x00,0x00,0x00,0x00,0x00,0x00,0x00,0x00,0x00,0x00,0x00,
    0x00,0x00,0x00,0x00,0x00,0x00,0x00,0x00,0x61,0x08,0x00,0x00,0x00,0x00,0x00,0x00,0x00,0x00,0x00,0x00,0x00,0x00,0x00,0x00,
    0x00,0x00,0x00,0x00,0x00,0x00,0x00,0x00,0x00,0x00,0x00,0x00,0x00,0x00,0x00,0x00,0x00,0x00,0x00,0x00,0x00,0x00,0x00,0x00,
    0x00,0x00,0x00,0x00,0x00,0x00,0x00,0x00,0x00,0x00,0x00,0x00,0x00,0x00,0x00,0x00,0x00,0x00,0x00,0x00,0x00,0x00,0x00,0x00,
    0x00,0x00,0x00,0x00,0x00,0x00,0x00,0x00,0x00,0x00,0x00,0x00,0x00,0x00,0x00,0x00,0x00,0x00,0x00,0x00,0x00,0x00,0x00,0x00,
    0x00,0x00,0x00,0x00,0x00,0x00,0x00,0x00,0x00,0x00,0x00,0x00,0x00,0x00,0x00,0x00,0x00,0x00,0x00,0x00,0x00,0x00,0x00,0x00,
    0x00,0x00,0x00,0x00,0x00,0x00,0x00,0x00,0x00,0x00,0x00,0x00,0x00,0x00,0x00,0x00,0x00,0x00,0x00,0x00,0x00,0x00,0x00,0x00,
    0x00,0x00,0x00,0x00,0x00,0x00,0x00,0x00,0x00,0x00,0x00,0x00,0x00,0x00,0x00,0x00,0x00,0x00,0x00,0x00,0x00,0x00,0x00,0x00,
    0x00,0x00,0x00,0x00,0x00,0x00,0x00,0x00,0x00,0x00,0x00,0x00,0x00,0x00,0x00,0x00,0x00,0x00,0x00,0x00,0x00,0x00,0x00,0x00,
    0x00,0x00,0x00,0x00,0x00,0x00,0x00,0x00,0x00,0x00,0x00,0x00,0x00,0x00,0x00,0x00,0x00,0x00,0x00,0x00,0x00,0x00,0x00,0x00,
    0x00,0x00,0x00,0x00,0x00,0x00,0x00,0x00,0x00,0x00,0x00,0x00,0x00,0x00,0x00,0x00,0x00,0x00,0x00,0x00,0x00,0x00,0x00,0x00,
    0x00,0x00,0x00,0x00,0x00,0x00,0x00,0x00,0x00,0x00,0x00,0x00,0x00,0x00,0x00,0x00,0x00,0x00,0x00,0x00,0x00,0x00,0x00,0x00,
    0x00,0x00,0x00,0x00,0x00,0x00,0x00,0x00,0x00,0x00,0x00,0x00,0x00,0x00,0x00,0x00,0x00,0x00,0x00,0x00,0x00,0x00,0x00,0x00,
    0x00,0x00,0x00,0x00,0x00,0x00,0x00,0x00,0x00,0x00,0x00,0x00,0x00,0x00,0x00,0x00,0x00,0x00,0x00,0x00,0x00,0x00,0x00,0x00,
    0x00,0x00,0x00,0x00,0x00,0x00,0x00,0x00,0x00,0x00,0x00,0x00,0x00,0x00,0x00,0x00,0x00,0x00,0x00,0x00,0x00,0x00,0x00,0x00,
    0x00,0x00,0x00,0x00,0x00,0x00,0x00,0x00,0x00,0x00,0x00,0x00,0x00,0x00,0x00,0x00,0x00,0x00,0x00,0x00,0x00,0x00,0x00,0x00,
    0x00,0x00,0x00,0x00,0x00,0x00,0x00,0x00,0x00,0x00,0x00,0x00,0x00,0x00,0x00,0x00,0x00,0x00,0x00,0x00,0x00,0x00,0x00,0x00,
    0x00,0x00,0x00,0x00,0x00,0x00,0x00,0x00,0x00,0x00,0x00,0x00,0x00,0x00,0x00,0x00,0x00,0x00,0x00,0x00,0x00,0x00,0x00,0x00,
    0x00,0x00,0x00,0x00,0x00,0x00,0x00,0x00,0x00,0x00,0x00,0x00,0x00,0x00,0x00,0x00,0x00,0x00,0x00,0x00,0x00,0x00,0x00,0x00,
    0x00,0x00,0x00,0x00,0x00,0x00,0x00,0x00,0x00,0x00,0x00,0x00,0x00,0x00,0x00,0x00,0x00,0x00,0x00,0x00,0x00,0x00,0x00,0x00,
    0x00,0x00,0x00,0x00,0x00,0x00,0x00,0x00,0x00,0x00,0x00,0x00,0x00,0x00,0x00,0x00,0x00,0x00,0x00,0x00,0x00,0x00,0x00,0x00,
    0x00,0x00,0x00,0x00,0x00,0x00,0x00,0x00,0x00,0x00,0x00,0x00,0x00,0x00,0x00,0x00,0x00,0x00,0x00,0x00,0x00,0x00,0x00,0x00,
    0x00,0x00,0x00,0x00,0x00,0x00,0x00,0x00,0x00,0x00,0x00,0x00,0x00,0x00,0x00,0x00,0x00,0x00,0x00,0x00,0x00,0x00,0x00,0x00,
    0x00,0x00,0x00,0x00,0x00,0x00,0x00,0x00,0x00,0x00,0x00,0x00,0x00,0x00,0x00,0x00,0x00,0x00,0x00,0x00,0x00,0x00,0x00,0x00,
    0x00,0x00,0x00,0x00,0x00,0x00,0x00,0x00,0x00,0x00,0x00,0x00,0x00,0x00,0x00,0x00,0x00,0x00,0x00,0x00,0x00,0x00,0x00,0x00,
    0x00,0x00,0x00,0x00,0x00,0x00,0x00,0x00,0x00,0x00,0x00,0x00,0x00,0x00,0x00,0x00,0x00,0x00,0x00,0x00,0x00,0x00,0x00,0x00,
    0x00,0x00,0x00,0x00,0x00,0x00,0x00,0x00,0x00,0x00,0x00,0x00,0x00,0x00,0x00,0x00,0x00,0x00,0x00,0x00,0x00,0x00,0x00,0x00,
    0x00,0x00,0x00,0x00,0x00,0x00,0x00,0x00,0x00,0x00,0x00,0x00,0x00,0x00,0x00,0x00,0x00,0x00,0x00,0x00,0x00,0x00,0x00,0x00,
    0x00,0x00,0x00,0x00,0x00,0x00,0x00,0x00,0x00,0x00,0x00,0x00,0x00,0x00,0x00,0x00,0x00,0x00,0x00,0x00,0x00,0x00,0x00,0x00,
    0x00,0x00,0x00,0x00,0x00,0x00,0x00,0x00,0x00,0x00,0x00,0x00,0x00,0x00,0x00,0x00,0x00,0x00,0x00,0x00,0x00,0x00,0x00,0x00,
    0x00,0x00,0x00,0x00,0x00,0x00,0x00,0x00,0x00,0x00,0x00,0x00,0x00,0x00,0x00,0x00,0x00,0x00,0x00,0x00,0x00,0x00,0x00,0x00,
    0x00,0x00,0x00,0x00,0x00,0x00,0x00,0x00,0x00,0x00,0x00,0x00,0x00,0x00,0x00,0x00,0x00,0x00,0x00,0x00,0x00,0x00,0x00,0x00,
    0x00,0x00,0x00,0x00,0x00,0x00,0x00,0x00,0x00,0x00,0x00,0x00,0x00,0x00,0x00,0x00,0x00,0x00,0x00,0x00,0x00,0x00,0x00,0x00,
    0x00,0x00,0x00,0x00,0x00,0x00,0x00,0x00,0x00,0x00,0x00,0x00,0x00,0x00,0x00,0x00,0x00,0x00,0x00,0x00,0x00,0x00,0x00,0x00,
    0x00,0x00,0x00,0x00,0x00,0x00,0x00,0x00,0x00,0x00,0x00,0x00,0x00,0x00,0x00,0x00,0x00,0x00,0x00,0x00,0x00,0x00,0x00,0x00,
    0x00,0x00,0x00,0x00,0x00,0x00,0x00,0x00,0x00,0x00,0x00,0x00,0x00,0x00,0x00,0x00,0x00,0x00,0x00,0x00,0x00,0x00,0x00,0x00,
    0x00,0x00,0x00,0x00,0x00,0x00,0x00,0x00,0x00,0x00,0x00,0x00,0x00,0x00,0x00,0x00,0x00,0x00,0x00,0x00,0x00,0x00,0x00,0x00,
    0x00,0x00,0x00,0x00,0x00,0x00,0x00,0x00,0x00,0x00,0x00,0x00,0x00,0x00,0x00,0x00,0x00,0x00,0x00,0x00,0x00,0x00,0x00,0x00,
    0x00,0x00,0x00,0x00,0x00,0x00,0x00,0x00,0x00,0x00,0x00,0x00,0x00,0x00,0x00,0x00,0x00,0x00,0x00,0x00,0x00,0x00,0x00,0x00,
    0x00,0x00,0x00,0x00,0x00,0x00,0x00,0x00,0x00,0x00,0x00,0x00,0x00,0x00,0x00,0x00,0x00,0x00,0x00,0x00,0x00,0x00,0x00,0x00,
    0x00,0x00,0x00,0x00,0x00,0x00,0x00,0x00,0x00,0x00,0x00,0x00,0x00,0x00,0x00,0x00,0x00,0x00,0x00,0x00,0x00,0x00,0x00,0x00,
    0x00,0x00,0x00,0x00,0x00,0x00,0x00,0x00,0x00,0x00,0x00,0x00,0x00,0x00,0x00,0x00,0x00,0x00,0x00,0x00,0x00,0x00,0x00,0x00,
    0x00,0x00,0x00,0x00,0x00,0x00,0x00,0x00,0x00,0x00,0x00,0x00,0x00,0x00,0x00,0x00,0x00,0x00,0x00,0x00,0x00,0x00,0x00,0x00,
    0x00,0x00,0x00,0x00,0x00,0x00,0x00,0x00,0x00,0x00,0x00,0x00,0x00,0x00,0x00,0x00,0x00,0x00,0x00,0x00,0x00,0x00,0x00,0x00,
    0x00,0x00,0x00,0x00,0x00,0x00,0x00,0x00,0x00,0x00,0x00,0x00,0x00,0x00,0x00,0x00,0x00,0x00,0x00,0x00,0x00,0x00,0x00,0x00,
    0x00,0x00,0x00,0x00,0x00,0x00,0x00,0x00,0x00,0x00,0x00,0x00,0x00,0x00,0x00,0x00,0x00,0x00,0x00,0x00,0x00,0x00,0x00,0x00,
    0x00,0x00,0x00,0x00,0x00,0x00,0x00,0x00,0x00,0x00,0x00,0x00,0x00,0x00,0x00,0x00,0x00,0x00,0x00,0x00,0x00,0x00,0x00,0x00,
    0x00,0x00,0x00,0x00,0x00,0x00,0x00,0x00,0x00,0x00,0x00,0x00,0x00,0x00,0x00,0x00,0x00,0x00,0x00,0x00,0x00,0x00,0x00,0x00,
    0x00,0x00,0x00,0x00,0x00,0x00,0x00,0x00,0x00,0x00,0x00,0x00,0x00,0x00,0x00,0x00,0x00,0x00,0x00,0x00,0x00,0x00,0x00,0x00,
    0x00,0x00,0x00,0x00,0x00,0x00,0x00,0x00,0x00,0x00,0x00,0x00,0x00,0x00,0x00,0x00,0x00,0x00,0x00,0x00,0x00,0x00,0x00,0x00,
    0x00,0x00,0x00,0x00,0x00,0x00,0x00,0x00,0x00,0x00,0x00,0x00,0x00,0x00,0x00,0x00,0x00,0x00,0x00,0x00,0x00,0x00,0x00,0x00,
    0x00,0x00,0x00,0x00,0x00,0x00,0x00,0x00,0x00,0x00,0x00,0x00,0x00,0x00,0x00,0x00,0x00,0x00,0x00,0x00,0x00,0x00,0x00,0x00,
    0x00,0x00,0x00,0x00,0x00,0x00,0x00,0x00,0x00,0x00,0x00,0x00,0x00,0x00,0x00,0x00,0x00,0x00,0x00,0x00,0x00,0x00,0x00,0x00,
    0x00,0x00,0x00,0x00,0x00,0x00,0x00,0x00,0x00,0x00,0x00,0x00,0x00,0x00,0x00,0x00,0x00,0x00,0x00,0x00,0x00,0x00,0x00,0x00,
    0x00,0x00,0x00,0x00,0x00,0x00,0x00,0x00,0x00,0x00,0x00,0x00,0x00,0x00,0x00,0x00,0x00,0x00,0x00,0x00,0x00,0x00,0x00,0x00,
    0x00,0x00,0x00,0x00,0x00,0x00,0x00,0x00,0x00,0x00,0x00,0x00,0x00,0x00,0x00,0x00,0x00,0x00,0x00,0x00,0x00,0x00,0x00,0x00,
    0x00,0x00,0x00,0x00,0x00,0x00,0x00,0x00,0x00,0x00,0x00,0x00,0x00,0x00,0x00,0x00,0x00,0x00,0x00,0x00,0x00,0x00,0x00,0x00,
    0x00,0x00,0x00,0x00,0x00,0x00,0x00,0x00,0x00,0x00,0x00,0x00,0x00,0x00,0x00,0x00,0x00,0x00,0x00,0x00,0x00,0x00,0x00,0x00,
    0x00,0x00,0x00,0x00,0x00,0x00,0x00,0x00,0x00,0x00,0x00,0x00,0x00,0x00,0x00,0x00,0x00,0x00,0x00,0x00,0x00,0x00,0x00,0x00,
    0x00,0x00,0x00,0x00,0x00,0x00,0x00,0x00,0x00,0x00,0x00,0x00,0x00,0x00,0x00,0x00,0x00,0x00,0x00,0x00,0x00,0x00,0x00,0x00,
    0x00,0x00,0x00,0x00,0x00,0x00,0x00,0x00,0x00,0x00,0x00,0x00,0x00,0x00,0x00,0x00,0x00,0x00,0x00,0x00,0x00,0x00,0x00,0x00,
    0x00,0x00,0x00,0x00,0x00,0x00,0x00,0x00,0x00,0x00,0x00,0x00,0x00,0x00,0x00,0x00,0x00,0x00,0x00,0x00,0x00,0x00,0x00,0x00,
    0x00,0x00,0x00,0x00,0x00,0x00,0x00,0x00,0x00,0x00,0x00,0x00,0x00,0x00,0x00,0x00,0x00,0x00,0x00,0x00,0x00,0x00,0x00,0x00,
    0x00,0x00,0x00,0x00,0x00,0x00,0x00,0x00,0x00,0x00,0x00,0x00,0x00,0x00,0x00,0x00,0x00,0x00,0x00,0x00,0x00,0x00,0x00,0x00,
    0x00,0x00,0x00,0x00,0x00,0x00,0x00,0x00,0x00,0x00,0x00,0x00,0x00,0x00,0x00,0x00,0x00,0x00,0x00,0x00,0x00,0x00,0x00,0x00,
    0x00,0x00,0x00,0x00,0x00,0x00,0x00,0x00,0x00,0x00,0x00,0x00,0x00,0x00,0x00,0x00,0x00,0x00,0x00,0x00,0x00,0x00,0x00,0x00,
    0x00,0x00,0x00,0x00,0x00,0x00,0x00,0x00,0x00,0x00,0x00,0x00,0x00,0x00,0x00,0x00,0x00,0x00,0x00,0x00,0x00,0x00,0x00,0x00,
    0x00,0x00,0x00,0x00,0x00,0x00,0x00,0x00,0x00,0x00,0x00,0x00,0x00,0x00,0x00,0x00,0x00,0x00,0x00,0x00,0x00,0x00,0x00,0x00,
    0x00,0x00,0x00,0x00,0x00,0x00,0x00,0x00,0x00,0x00,0x00,0x00,0x00,0x00,0x00,0x00,0x00,0x00,0x00,0x00,0x00,0x00,0x00,0x00,
    0x00,0x00,0x00,0x00,0x00,0x00,0x00,0x00,0x00,0x00,0x00,0x00,0x00,0x00,0x00,0x00,0x00,0x00,0x00,0x00,0x00,0x00,0x00,0x00,
    0x00,0x00,0x00,0x00,0x00,0x00,0x00,0x00,0x00,0x00,0x00,0x00,0x00,0x00,0x00,0x00,0x00,0x00,0x00,0x00,0x00,0x00,0x00,0x00,
    0x00,0x00,0x00,0x00,0x00,0x00,0x00,0x00,0x00,0x00,0x00,0x00,0x00,0x00,0x00,0x00,0x00,0x00,0x00,0x00,0x00,0x00,0x00,0x00,
    0x00,0x00,0x00,0x00,0x00,0x00,0x00,0x00,0x00,0x00,0x00,0x00,0x00,0x00,0x00,0x00,0x00,0x00,0x00,0x00,0x00,0x00,0x00,0x00,
    0x00,0x00,0x00,0x00,0x00,0x00,0x00,0x00,0x00,0x00,0x00,0x00,0x00,0x00,0x00,0x00,0x00,0x00,0x00,0x00,0x00,0x00,0x00,0x00,
    0x00,0x00,0x00,0x00,0x00,0x00,0x00,0x00,0x00,0x00,0x00,0x00,0x00,0x00,0x00,0x00,0x00,0x00,0x00,0x00,0x00,0x00,0x00,0x00,
    0x00,0x00,0x00,0x00,0x00,0x00,0x00,0x00,0x00,0x00,0x00,0x00,0x00,0x00,0x00,0x00,0x00,0x00,0x00,0x00,0x00,0x00,0x00,0x00,
    0x00,0x00,0x00,0x00,0x00,0x00,0x00,0x00,0x00,0x00,0x00,0x00,0x00,0x00,0x00,0x00,0x00,0x00,0x00,0x00,0x00,0x00,0x00,0x00,
    0x00,0x00,0x00,0x00,0x00,0x00,0x00,0x00,0x00,0x00,0x00,0x00,0x00,0x00,0x00,0x00,0x00,0x00,0x00,0x00,0x00,0x00,0x00,0x00,
    0x00,0x00,0x00,0x00,0x00,0x00,0x00,0x00,0x00,0x00,0x00,0x00,0x00,0x00,0x00,0x00,0x00,0x00,0x00,0x00,0x00,0x00,0x00,0x00,
    0x00,0x00,0x00,0x00,0x00,0x00,0x00,0x00,0x00,0x00,0x00,0x00,0x00,0x00,0x00,0x00,0x00,0x00,0x00,0x00,0x00,0x00,0x00,0x00,
    0x00,0x00,0x00,0x00,0x00,0x00,0x00,0x00,0x00,0x00,0x00,0x00,0x00,0x00,0x00,0x00,0x00,0x00,0x00,0x00,0x00,0x00,0x00,0x00,
    0x00,0x00,0x00,0x00,0x00,0x00,0x00,0x00,0x00,0x00,0x00,0x00,0x00,0x00,0x00,0x00,0x00,0x00,0x00,0x00,0x00,0x00,0x00,0x00,
    0x00,0x00,0x00,0x00,0x00,0x00,0x00,0x00,0x00,0x00,0x00,0x00,0x00,0x00,0x00,0x00,0x00,0x00,0x00,0x00,0x00,0x00,0x00,0x00,
    0x00,0x00,0x00,0x00,0x00,0x00,0x00,0x00,0x00,0x00,0x00,0x00,0x00,0x00,0x00,0x00,0x00,0x00,0x00,0x00,0x00,0x00,0x00,0x00,
    0x00,0x00,0x00,0x00,0x00,0x00,0x00,0x00,0x00,0x00,0x00,0x00,0x00,0x00,0x00,0x00,0x00,0x00,0x00,0x00,0x00,0x00,0x00,0x00,
    0x00,0x00,0x00,0x00,0x00,0x00,0x00,0x00,0x00,0x00,0x00,0x00,0x00,0x00,0x00,0x00,0x00,0x00,0x00,0x00,0x00,0x00,0x00,0x00,
    0x00,0x00,0x00,0x00,0x00,0x00,0x00,0x00,0x00,0x00,0x00,0x00,0x00,0x00,0x00,0x00,0x00,0x00,0x00,0x00,0x00,0x00,0x00,0x00,
    0x00,0x00,0x00,0x00,0x00,0x00,0x00,0x00,0x00,0x00,0x00,0x00,0x00,0x00,0x00,0x00,0x00,0x00,0x00,0x00,0x00,0x00,0x00,0x00,
    0x00,0x00,0x00,0x00,0x00,0x00,0x00,0x00,0x00,0x00,0x00,0x00,0x00,0x00,0x00,0x00,0x00,0x00,0x00,0x00,0x00,0x00,0x00,0x00,
    0x00,0x00,0x00,0x00,0x00,0x00,0x00,0x00,0x00,0x00,0x00,0x00,0x00,0x00,0x00,0x00,0x00,0x00,0x00,0x00,0x00,0x00,0x00,0x00,
    0x00,0x00,0x00,0x00,0x00,0x00,0x00,0x00,0x00,0x00,0x00,0x00,0x00,0x00,0x00,0x00,0x00,0x00,0x00,0x00,0x00,0x00,0x00,0x00,
    0x00,0x00,0x00,0x00,0x00,0x00,0x00,0x00,0x00,0x00,0x00,0x00,0x00,0x00,0x00,0x00,0x00,0x00,0x00,0x00,0x00,0x00,0x00,0x00,
    0x00,0x00,0x00,0x00,0x00,0x00,0x00,0x00,0x00,0x00,0x00,0x00,0x00,0x00,0x00,0x00,0x00,0x00,0x00,0x00,0x00,0x00,0x00,0x00,
    0x00,0x00,0x00,0x00,0x00,0x00,0x00,0x00,0x00,0x00,0x00,0x00,0x00,0x00,0x00,0x00,0x00,0x00,0x00,0x00,0x00,0x00,0x00,0x00,
    0x00,0x00,0x00,0x00,0x00,0x00,0x00,0x00,0x00,0x00,0x00,0x00,0x00,0x00,0x00,0x00,0x00,0x00,0x00,0x00,0x00,0x00,0x00,0x00,
    0x00,0x00,0x00,0x00,0x00,0x00,0x00,0x00,0x00,0x00,0x00,0x00,0x00,0x00,0x00,0x00,0x00,0x00,0x00,0x00,0x00,0x00,0x00,0x00,
    0x00,0x00,0x00,0x00,0x00,0x00,0x00,0x00,0x00,0x00,0x00,0x00,0x00,0x00,0x00,0x00,0x00,0x00,0x00,0x00,0x00,0x00,0x00,0x00,
    0x00,0x00,0x00,0x00,0x00,0x00,0x00,0x00,0x00,0x00,0x00,0x00,0x00,0x00,0x00,0x00,0x00,0x00,0x00,0x00,0x00,0x00,0x00,0x00,
    0x00,0x00,0x00,0x00,0x00,0x00,0x00,0x00,0x00,0x00,0x00,0x00,0x00,0x00,0x00,0x00,0x00,0x00,0x00,0x00,0x00,0x00,0x00,0x00,
    0x00,0x00,0x00,0x00,0x00,0x00,0x00,0x00,0x00,0x00,0x00,0x00,0x00,0x00,0x00,0x00,0x00,0x00,0x00,0x00,0x00,0x00,0x00,0x00,
    0x00,0x00,0x00,0x00,0x00,0x00,0x00,0x00,0x00,0x00,0x00,0x00,0x00,0x00,0x00,0x00,0x00,0x00,0x00,0x00,0x00,0x00,0x00,0x00,
    0x00,0x00,0x00,0x00,0x00,0x00,0x00,0x00,0x00,0x00,0x00,0x00,0x00,0x00,0x00,0x00,0x00,0x00,0x00,0x00,0x00,0x00,0x00,0x00,
    0x00,0x00,0x00,0x00,0x00,0x00,0x00,0x00,0x00,0x00,0x00,0x00,0x00,0x00,0x00,0x00,0x00,0x00,0x00,0x00,0x00,0x00,0x00,0x00,
    0x00,0x00,0x00,0x00,0x00,0x00,0x00,0x00,0x00,0x00,0x00,0x00,0x00,0x00,0x00,0x00,0x00,0x00,0x00,0x00,0x00,0x00,0x00,0x00,
    0x00,0x00,0x00,0x00,0x00,0x00,0x00,0x00,0x00,0x00,0x00,0x00,0x00,0x00,0x00,0x00,0x00,0x00,0x00,0x00,0x00,0x00,0x00,0x00,
    0x00,0x00,0x00,0x00,0x00,0x00,0x00,0x00,0x00,0x00,0x00,0x00,0x00,0x00,0x00,0x00,0x00,0x00,0x00,0x00,0x00,0x00,0x00,0x00,
    0x00,0x00,0x00,0x00,0x00,0x00,0x00,0x00,0x00,0x00,0x00,0x00,0x00,0x00,0x00,0x00,0x00,0x00,0x00,0x00,0x00,0x00,0x00,0x00,
    0x00,0x00,0x00,0x00,0x00,0x00,0x00,0x00,0x00,0x00,0x00,0x00,0x00,0x00,0x00,0x00,0x00,0x00,0x00,0x00,0x00,0x00,0x00,0x00,
    0x00,0x00,0x00,0x00,0x00,0x00,0x00,0x00,0x00,0x00,0x00,0x00,0x00,0x00,0x00,0x00,0x00,0x00,0x00,0x00,0x00,0x00,0x00,0x00,
    0x00,0x00,0x00,0x00,0x00,0x00,0x00,0x00,0x00,0x00,0x00,0x00,0x00,0x00,0x00,0x00,0x00,0x00,0x00,0x00,0x00,0x00,0x00,0x00,
    0x00,0x00,0x00,0x00,0x00,0x00,0x00,0x00,0x00,0x00,0x00,0x00,0x00,0x00,0x00,0x00,0x00,0x00,0x00,0x00,0x00,0x00,0x00,0x00,
    0x00,0x00,0x00,0x00,0x00,0x00,0x00,0x00,0x00,0x00,0x00,0x00,0x00,0x00,0x00,0x00,0x00,0x00,0x00,0x00,0x00,0x00,0x00,0x00,
    0x00,0x00,0x00,0x00,0x00,0x00,0x00,0x00,0x00,0x00,0x00,0x00,0x00,0x00,0x00,0x00,0x00,0x00,0x00,0x00,0x00,0x00,0x00,0x00,
    0x00,0x00,0x00,0x00,0x00,0x00,0x00,0x00,0x00,0x00,0x00,0x00,0x00,0x00,0x00,0x00,0x00,0x00,0x00,0x00,0x00,0x00,0x00,0x00,
    0x00,0x00,0x00,0x00,0x00,0x00,0x00,0x00,0x00,0x00,0x00,0x00,0x00,0x00,0x00,0x00,0x00,0x00,0x00,0x00,0x00,0x00,0x00,0x00,
    0x00,0x00,0x00,0x00,0x00,0x00,0x00,0x00,0x00,0x00,0x00,0x00,0x00,0x00,0x00,0x00,0x00,0x00,0x00,0x00,0x00,0x00,0x00,0x00,
    0x00,0x00,0x00,0x00,0x00,0x00,0x00,0x00,0x00,0x00,0x00,0x00,0x00,0x00,0x00,0x00,0x00,0x00,0x00,0x00,0x00,0x00,0x00,0x00,
    0x00,0x00,0x00,0x00,0x00,0x00,0x00,0x00,0x00,0x00,0x00,0x00,0x00,0x00,0x00,0x00,0x00,0x00,0x00,0x00,0x00,0x00,0x00,0x00,
    0x00,0x00,0x00,0x00,0x00,0x00,0x00,0x00,0x00,0x00,0x00,0x00,0x00,0x00,0x00,0x00,0x00,0x00,0x00,0x00,0x00,0x00,0x00,0x00,
    0x00,0x00,0x00,0x00,0x00,0x00,0x00,0x00,0x00,0x00,0x00,0x00,0x00,0x00,0x00,0x00,0x00,0x00,0x00,0x00,0x00,0x00,0x00,0x00,
    0x00,0x00,0x00,0x00,0x00,0x00,0x00,0x00,0x00,0x00,0x00,0x00,0x00,0x00,0x00,0x00,0x00,0x00,0x00,0x00,0x00,0x00,0x00,0x00,
    0x00,0x00,0x00,0x00,0x00,0x00,0x00,0x00,0x00,0x00,0x00,0x00,0x00,0x00,0x00,0x00,0x00,0x00,0x00,0x00,0x00,0x00,0x00,0x00,
    0x00,0x00,0x00,0x00,0x00,0x00,0x00,0x00,0x00,0x00,0x00,0x00,0x00,0x00,0x00,0x00,0x00,0x00,0x00,0x00,0x00,0x00,0x00,0x00,
    0x00,0x00,0x00,0x00,0x00,0x00,0x00,0x00,0x00,0x00,0x00,0x00,0x00,0x00,0x00,0x00,0x00,0x00,0x00,0x00,0x00,0x00,0x00,0x00,
    0x00,0x00,0x00,0x00,0x00,0x00,0x00,0x00,0x00,0x00,0x00,0x00,0x00,0x00,0x00,0x00,0x00,0x00,0x00,0x00,0x00,0x00,0x00,0x00,
    0x00,0x00,0x00,0x00,0x00,0x00,0x00,0x00,0x00,0x00,0x00,0x00,0x00,0x00,0x00,0x00,0x00,0x00,0x00,0x00,0x00,0x00,0x00,0x00,
    0x00,0x00,0x00,0x00,0x00,0x00,0x00,0x00,0x00,0x00,0x00,0x00,0x00,0x00,0x00,0x00,0x00,0x00,0x00,0x00,0x00,0x00,0x00,0x00,
    0x00,0x00,0x00,0x00,0x00,0x00,0x00,0x00,0x00,0x00,0x00,0x00,0x00,0x00,0x00,0x00,0x00,0x00,0x00,0x00,0x00,0x00,0x00,0x00,
    0x00,0x00,0x00,0x00,0x00,0x00,0x00,0x00,0x00,0x00,0x00,0x00,0x00,0x00,0x00,0x00,0x00,0x00,0x00,0x00,0x00,0x00,0x00,0x00,
    0x00,0x00,0x00,0x00,0x00,0x00,0x00,0x00,0x00,0x00,0x00,0x00,0x00,0x00,0x00,0x00,0x00,0x00,0x00,0x00,0x00,0x00,0x00,0x00,
    0x00,0x00,0x00,0x00,0x00,0x00,0x00,0x00,0x00,0x00,0x00,0x00,0x00,0x00,0x00,0x00,0x00,0x00,0x00,0x00,0x00,0x00,0x00,0x00,
    0x00,0x00,0x00,0x00,0x00,0x00,0x00,0x00,0x00,0x00,0x00,0x00,0x00,0x00,0x00,0x00,0x00,0x00,0x00,0x00,0x00,0x00,0x00,0x00,
    0x00,0x00,0x00,0x00,0x00,0x00,0x00,0x00,0x00,0x00,0x00,0x00,0x00,0x00,0x00,0x00,0x00,0x00,0x00,0x00,0x00,0x00,0x00,0x00,
    0x00,0x00,0x00,0x00,0x00,0x00,0x00,0x00,0x00,0x00,0x00,0x00,0x00,0x00,0x00,0x00,0x00,0x00,0x00,0x00,0x00,0x00,0x00,0x00,
    0x00,0x00,0x00,0x00,0x00,0x00,0x00,0x00,0x00,0x00,0x00,0x00,0x00,0x00,0x00,0x00,0x00,0x00,0x00,0x00,0x00,0x00,0x00,0x00,
    0x00,0x00,0x00,0x00,0x00,0x00,0x00,0x00,0x00,0x00,0x00,0x00,0x00,0x00,0x00,0x00,0x00,0x00,0x00,0x00,0x00,0x00,0x00,0x00,
    0x00,0x00,0x00,0x00,0x00,0x00,0x00,0x00,0x00,0x00,0x00,0x00,0x00,0x00,0x00,0x00,0x00,0x00,0x00,0x00,0x00,0x00,0x00,0x00,
    0x00,0x00,0x00,0x00,0x00,0x00,0x00,0x00,0x00,0x00,0x00,0x00,0x00,0x00,0x00,0x00,0x00,0x00,0x00,0x00,0x00,0x00,0x00,0x00,
    0x00,0x00,0x00,0x00,0x00,0x00,0x00,0x00,0x00,0x00,0x00,0x00,0x00,0x00,0x00,0x00,0x00,0x00,0x00,0x00,0x00,0x00,0x00,0x00,
    0x00,0x00,0x00,0x00,0x00,0x00,0x00,0x00,0x00,0x00,0x00,0x00,0x00,0x00,0x00,0x00,0x00,0x00,0x00,0x00,0x00,0x00,0x00,0x00,
    0x00,0x00,0x00,0x00,0x00,0x00,0x00,0x00,0x00,0x00,0x00,0x00,0x00,0x00,0x00,0x00,0x00,0x00,0x00,0x00,0x00,0x00,0x00,0x00,
    0x00,0x00,0x00,0x00,0x00,0x00,0x00,0x00,0x00,0x00,0x00,0x00,0x00,0x00,0x00,0x00,0x00,0x00,0x00,0x00,0x00,0x00,0x00,0x00,
    0x00,0x00,0x00,0x00,0x00,0x00,0x00,0x00,0x00,0x00,0x00,0x00,0x00,0x00,0x00,0x00,0x00,0x00,0x00,0x00,0x00,0x00,0x00,0x00,
    0x00,0x00,0x00,0x00,0x00,0x00,0x00,0x00,0x00,0x00,0x00,0x00,0x00,0x00,0x00,0x00,0x00,0x00,0x00,0x00,0x00,0x00,0x00,0x00,
    0x00,0x00,0x00,0x00,0x00,0x00,0x00,0x00,0x00,0x00,0x00,0x00,0x00,0x00,0x00,0x00,0x00,0x00,0x00,0x00,0x00,0x00,0x00,0x00,
    0x00,0x00,0x00,0x00,0x00,0x00,0x00,0x00,0x00,0x00,0x00,0x00,0x00,0x00,0x00,0x00,0x00,0x00,0x00,0x00,0x00,0x00,0x00,0x00,
    0x00,0x00,0x00,0x00,0x00,0x00,0x00,0x00,0x00,0x00,0x00,0x00,0x00,0x00,0x00,0x00,0x00,0x00,0x00,0x00,0x00,0x00,0x00,0x00,
    0x00,0x00,0x00,0x00,0x00,0x00,0x00,0x00,0x00,0x00,0x00,0x00,0x00,0x00,0x00,0x00,0x00,0x00,0x00,0x00,0x00,0x00,0x00,0x00,
    0x00,0x00,0x00,0x00,0x00,0x00,0x00,0x00,0x00,0x00,0x00,0x00,0x00,0x00,0x00,0x00,0x00,0x00,0x00,0x00,0x00,0x00,0x00,0x00,
    0x00,0x00,0x00,0x00,0x00,0x00,0x00,0x00,0x00,0x00,0x00,0x00,0x00,0x00,0x00,0x00,0x00,0x00,0x00,0x00,0x00,0x00,0x00,0x00,
    0x00,0x00,0x00,0x00,0x00,0x00,0x00,0x00,0x00,0x00,0x00,0x00,0x00,0x00,0x00,0x00,0x00,0x00,0x00,0x00,0x00,0x00,0x00,0x00,
    0x00,0x00,0x00,0x00,0x00,0x00,0x00,0x00,0x00,0x00,0x00,0x00,0x00,0x00,0x00,0x00,0x00,0x00,0x00,0x00,0x00,0x00,0x00,0x00,
    0x00,0x00,0x00,0x00,0x00,0x00,0x00,0x00,0x00,0x00,0x00,0x00,0x00,0x00,0x00,0x00,0x00,0x00,0x00,0x00,0x00,0x00,0x00,0x00,
    0x00,0x00,0x00,0x00,0x00,0x00,0x00,0x00,0x00,0x00,0x00,0x00,0x00,0x00,0x00,0x00,0x00,0x00,0x00,0x00,0x00,0x00,0x00,0x00,
    0x00,0x00,0x00,0x00,0x00,0x00,0x00,0x00,0x00,0x00,0x00,0x00,0x00,0x00,0x00,0x00,0x00,0x00,0x00,0x00,0x00,0x00,0x00,0x00,
    0x00,0x00,0x00,0x00,0x00,0x00,0x00,0x00,0x00,0x00,0x00,0x00,0x00,0x00,0x00,0x00,0x00,0x00,0x00,0x00,0x00,0x00,0x00,0x00,
    0x00,0x00,0x00,0x00,0x00,0x00,0x00,0x00,0x00,0x00,0x00,0x00,0x00,0x00,0x00,0x00,0x00,0x00,0x00,0x00,0x00,0x00,0x00,0x00,
    0x00,0x00,0x00,0x00,0x00,0x00,0x00,0x00,0x00,0x00,0x00,0x00,0x00,0x00,0x00,0x00,0x00,0x00,0x00,0x00,0x00,0x00,0x00,0x00,
    0x00,0x00,0x00,0x00,0x00,0x00,0x00,0x00,0x00,0x00,0x00,0x00,0x00,0x00,0x00,0x00,0x00,0x00,0x00,0x00,0x00,0x00,0x00,0x00,
    0x00,0x00,0x00,0x00,0x00,0x00,0x00,0x00,0x00,0x00,0x00,0x00,0x00,0x00,0x00,0x00,0x00,0x00,0x00,0x00,0x00,0x00,0x00,0x00,
    0x00,0x00,0x00,0x00,0x00,0x00,0x00,0x00,0x00,0x00,0x00,0x00,0x00,0x00,0x00,0x00,0x00,0x00,0x00,0x00,0x00,0x00,0x00,0x00,
    0x00,0x00,0x00,0x00,0x00,0x00,0x00,0x00,0x00,0x00,0x00,0x00,0x00,0x00,0x00,0x00,0x00,0x00,0x00,0x00,0x00,0x00,0x00,0x00,
    0x00,0x00,0x00,0x00,0x00,0x00,0x00,0x00,0x00,0x00,0x00,0x00,0x00,0x00,0x00,0x00,0x00,0x00,0x00,0x00,0x00,0x00,0x00,0x00,
    0x00,0x00,0x00,0x00,0x00,0x00,0x00,0x00,0x00,0x00,0x00,0x00,0x00,0x00,0x00,0x00,0x00,0x00,0x00,0x00,0x00,0x00,0x00,0x00,
    0x00,0x00,0x00,0x00,0x00,0x00,0x00,0x00,0x00,0x00,0x00,0x00,0x00,0x00,0x00,0x00,0x00,0x00,0x00,0x00,0x00,0x00,0x00,0x00,
    0x00,0x00,0x00,0x00,0x00,0x00,0x00,0x00,0x00,0x00,0x00,0x00,0x00,0x00,0x00,0x00,0x00,0x00,0x00,0x00,0x00,0x00,0x00,0x00,
    0x00,0x00,0x00,0x00,0x00,0x00,0x00,0x00,0x00,0x00,0x00,0x00,0x00,0x00,0x00,0x00,0x00,0x00,0x00,0x00,0x00,0x00,0x00,0x00,
    0x00,0x00,0x00,0x00,0x00,0x00,0x00,0x00,0x00,0x00,0x00,0x00,0x00,0x00,0x00,0x00,0x00,0x00,0x00,0x00,0x00,0x00,0x00,0x00,
    0x00,0x00,0x00,0x00,0x00,0x00,0x00,0x00,0x00,0x00,0x00,0x00,0x00,0x00,0x00,0x00,0x00,0x00,0x00,0x00,0x00,0x00,0x00,0x00,
    0x00,0x00,0x00,0x00,0x00,0x00,0x00,0x00,0x00,0x00,0x00,0x00,0x00,0x00,0x00,0x00,0x00,0x00,0x00,0x00,0x00,0x00,0x00,0x00,
    0x00,0x00,0x00,0x00,0x00,0x00,0x00,0x00,0x00,0x00,0x00,0x00,0x00,0x00,0x00,0x00,0x00,0x00,0x00,0x00,0x00,0x00,0x00,0x00,
    0x00,0x00,0x00,0x00,0x00,0x00,0x00,0x00,0x00,0x00,0x00,0x00,0x00,0x00,0x00,0x00,0x00,0x00,0x00,0x00,0x00,0x00,0x00,0x00,
    0x00,0x00,0x00,0x00,0x00,0x00,0x00,0x00,0x00,0x00,0x00,0x00,0x00,0x00,0x00,0x00,0x00,0x00,0x00,0x00,0x00,0x00,0x00,0x00,
    0x00,0x00,0x00,0x00,0x00,0x00,0x00,0x00,0x00,0x00,0x00,0x00,0x00,0x00,0x00,0x00,0x00,0x00,0x00,0x00,0x00,0x00,0x00,0x00,
    0x00,0x00,0x00,0x00,0x00,0x00,0x00,0x00,0x00,0x00,0x00,0x00,0x00,0x00,0x00,0x00,0x00,0x00,0x00,0x00,0x00,0x00,0x00,0x00,
    0x00,0x00,0x00,0x00,0x00,0x00,0x00,0x00,0x00,0x00,0x00,0x00,0x00,0x00,0x00,0x00,0x00,0x00,0x00,0x00,0x00,0x00,0x00,0x00,
    0x00,0x00,0x00,0x00,0x00,0x00,0x00,0x00,0x00,0x00,0x00,0x00,0x00,0x00,0x00,0x00,0x00,0x00,0x00,0x00,0x00,0x00,0x00,0x00,
    0x00,0x00,0x00,0x00,0x00,0x00,0x00,0x00,0x00,0x00,0x00,0x00,0x00,0x00,0x00,0x00,0x00,0x00,0x00,0x00,0x00,0x00,0x00,0x00,
    0x00,0x00,0x00,0x00,0x00,0x00,0x00,0x00,0x00,0x00,0x00,0x00,0x00,0x00,0x00,0x00,0x00,0x00,0x00,0x00,0x00,0x00,0x00,0x00,
    0x00,0x00,0x00,0x00,0x00,0x00,0x00,0x00,0x00,0x00,0x00,0x00,0x00,0x00,0x00,0x00,0x00,0x00,0x00,0x00,0x00,0x00,0x00,0x00,
    0x00,0x00,0x00,0x00,0x00,0x00,0x00,0x00,0x00,0x00,0x00,0x00,0x00,0x00,0x00,0x00,0x00,0x00,0x00,0x00,0x00,0x00,0x00,0x00,
    0x00,0x00,0x00,0x00,0x00,0x00,0x00,0x00,0x00,0x00,0x00,0x00,0x00,0x00,0x00,0x00,0x00,0x00,0x00,0x00,0x00,0x00,0x00,0x00,
    0x00,0x00,0x00,0x00,0x00,0x00,0x00,0x00,0x00,0x00,0x00,0x00,0x00,0x00,0x00,0x00,0x00,0x00,0x00,0x00,0x00,0x00,0x00,0x00,
    0x00,0x00,0x00,0x00,0x00,0x00,0x00,0x00,0x00,0x00,0x00,0x00,0x00,0x00,0x00,0x00,0x00,0x00,0x00,0x00,0x00,0x00,0x00,0x00,
    0x00,0x00,0x00,0x00,0x00,0x00,0x00,0x00,0x00,0x00,0x00,0x00,0x00,0x00,0x00,0x00,0x00,0x00,0x00,0x00,0x00,0x00,0x00,0x00,
    0x00,0x00,0x00,0x00,0x00,0x00,0x00,0x00,0x00,0x00,0x00,0x00,0x00,0x00,0x00,0x00,0x00,0x00,0x00,0x00,0x00,0x00,0x00,0x00,
    0x00,0x00,0x00,0x00,0x00,0x00,0x00,0x00,0x00,0x00,0x00,0x00,0x00,0x00,0x00,0x00,0x00,0x00,0x00,0x00,0x00,0x00,0x00,0x00,
    0x00,0x00,0x00,0x00,0x00,0x00,0x00,0x00,0x00,0x00,0x00,0x00,0x00,0x00,0x00,0x00,0x00,0x00,0x00,0x00,0x00,0x00,0x00,0x00,
    0x00,0x00,0x00,0x00,0x00,0x00,0x00,0x00,0x00,0x00,0x00,0x00,0x00,0x00,0x00,0x00,0x00,0x00,0x00,0x00,0x00,0x00,0x00,0x00,
    0x00,0x00,0x00,0x00,0x00,0x00,0x00,0x00,0x00,0x00,0x00,0x00,0x00,0x00,0x00,0x00,0x00,0x00,0x00,0x00,0x00,0x00,0x00,0x00,
    0x00,0x00,0x00,0x00,0x00,0x00,0x00,0x00,0x00,0x00,0x00,0x00,0x00,0x00,0x00,0x00,0x00,0x00,0x00,0x00,0x00,0x00,0x00,0x00,
    0x00,0x00,0x00,0x00,0x00,0x00,0x00,0x00,0x00,0x00,0x00,0x00,0x00,0x00,0x00,0x00,0x00,0x00,0x00,0x00,0x00,0x00,0x00,0x00,
    0x00,0x00,0x00,0x00,0x00,0x00,0x00,0x00,0x00,0x00,0x00,0x00,0x00,0x00,0x00,0x00,0x00,0x00,0x00,0x00,0x00,0x00,0x00,0x00,
    0x00,0x00,0x00,0x00,0x00,0x00,0x00,0x00,0x00,0x00,0x00,0x00,0x00,0x00,0x00,0x00,0x00,0x00,0x00,0x00,0x00,0x00,0x00,0x00,
    0x00,0x00,0x00,0x00,0x00,0x00,0x00,0x00,0x00,0x00,0x00,0x00,0x00,0x00,0x00,0x00,0x00,0x00,0x00,0x00,0x00,0x00,0x00,0x00,
    0x00,0x00,0x00,0x00,0x00,0x00,0x00,0x00,0x00,0x00,0x00,0x00,0x00,0x00,0x00,0x00,0x00,0x00,0x00,0x00,0x00,0x00,0x00,0x00,
    0x00,0x00,0x00,0x00,0x00,0x00,0x00,0x00,0x00,0x00,0x00,0x00,0x00,0x00,0x00,0x00,0x00,0x00,0x00,0x00,0x00,0x00,0x00,0x00,
    0x00,0x00,0x00,0x00,0x00,0x00,0x00,0x00,0x00,0x00,0x00,0x00,0x00,0x00,0x00,0x00,0x00,0x00,0x00,0x00,0x00,0x00,0x00,0x00,
    0x00,0x00,0x00,0x00,0x00,0x00,0x00,0x00,0x00,0x00,0x00,0x00,0x00,0x00,0x00,0x00,0x00,0x00,0x00,0x00,0x00,0x00,0x00,0x00,
    0x00,0x00,0x00,0x00,0x00,0x00,0x00,0x00,0x00,0x00,0x00,0x00,0x00,0x00,0x00,0x00,0x00,0x00,0x00,0x00,0x00,0x00,0x00,0x00,
    0x00,0x00,0x00,0x00,0x00,0x00,0x00,0x00,0x00,0x00,0x00,0x00,0x00,0x00,0x00,0x00,0x00,0x00,0x00,0x00,0x00,0x00,0x00,0x00,
    0x00,0x00,0x00,0x00,0x00,0x00,0x00,0x00,0x00,0x00,0x00,0x00,0x00,0x00,0x00,0x00,0x00,0x00,0x00,0x00,0x00,0x00,0x00,0x00,
    0x00,0x00,0x00,0x00,0x00,0x00,0x00,0x00,0x00,0x00,0x00,0x00,0x00,0x00,0x00,0x00,0x00,0x00,0x00,0x00,0x00,0x00,0x00,0x00,
    0x00,0x00,0x00,0x00,0x00,0x00,0x00,0x00,0x00,0x00,0x00,0x00,0x00,0x00,0x00,0x00,0x00,0x00,0x00,0x00,0x00,0x00,0x00,0x00,
    0x00,0x00,0x00,0x00,0x00,0x00,0x00,0x00,0x00,0x00,0x00,0x00,0x00,0x00,0x00,0x00,0x00,0x00,0x00,0x00,0x00,0x00,0x00,0x00,
    0x00,0x00,0x00,0x00,0x00,0x00,0x00,0x00,0x00,0x00,0x00,0x00,0x00,0x00,0x00,0x00,0x00,0x00,0x00,0x00,0x00,0x00,0x00,0x00,
    0x00,0x00,0x00,0x00,0x00,0x00,0x00,0x00,0x00,0x00,0x00,0x00,0x00,0x00,0x00,0x00,0x00,0x00,0x00,0x00,0x00,0x00,0x00,0x00,
    0x00,0x00,0x00,0x00,0x00,0x00,0x00,0x00,0x00,0x00,0x00,0x00,0x00,0x00,0x00,0x00,0x00,0x00,0x00,0x00,0x00,0x00,0x00,0x00,
    0x00,0x00,0x00,0x00,0x00,0x00,0x00,0x00,0x00,0x00,0x00,0x00,0x00,0x00,0x00,0x00,0x00,0x00,0x00,0x00,0x00,0x00,0x00,0x00,
    0x00,0x00,0x00,0x00,0x00,0x00,0x00,0x00,0x00,0x00,0x00,0x00,0x00,0x00,0x00,0x00,0x00,0x00,0x00,0x00,0x00,0x00,0x00,0x00,
    0x00,0x00,0x00,0x00,0x00,0x00,0x00,0x00,0x00,0x00,0x00,0x00,0x00,0x00,0x00,0x00,0x00,0x00,0x00,0x00,0x00,0x00,0x00,0x00,
    0x00,0x00,0x00,0x00,0x00,0x00,0x00,0x00,0x00,0x00,0x00,0x00,0x00,0x00,0x00,0x00,0x00,0x00,0x00,0x00,0x00,0x00,0x00,0x00,
    0x00,0x00,0x00,0x00,0x00,0x00,0x00,0x00,0x00,0x00,0x00,0x00,0x00,0x00,0x00,0x00,0x00,0x00,0x00,0x00,0x00,0x00,0x00,0x00,
    0x00,0x00,0x00,0x00,0x00,0x00,0x00,0x00,0x00,0x00,0x00,0x00,0x00,0x00,0x00,0x00,0x00,0x00,0x00,0x00,0x00,0x00,0x00,0x00,
    0x00,0x00,0x00,0x00,0x00,0x00,0x00,0x00,0x00,0x00,0x00,0x00,0x00,0x00,0x00,0x00,0x00,0x00,0x00,0x00,0x00,0x00,0x00,0x00,
    0x00,0x00,0x00,0x00,0x00,0x00,0x00,0x00,0x00,0x00,0x00,0x00,0x00,0x00,0x00,0x00,0x00,0x00,0x00,0x00,0x00,0x00,0x00,0x00,
    0x00,0x00,0x00,0x00,0x00,0x00,0x00,0x00,0x00,0x00,0x00,0x00,0x00,0x00,0x00,0x00,0x00,0x00,0x00,0x00,0x00,0x00,0x00,0x00,
    0x00,0x00,0x00,0x00,0x00,0x00,0x00,0x00,0x00,0x00,0x00,0x00,0x00,0x00,0x00,0x00,0x00,0x00,0x00,0x00,0x00,0x00,0x00,0x00,
    0x00,0x00,0x00,0x00,0x00,0x00,0x00,0x00,0x00,0x00,0x00,0x00,0x00,0x00,0x00,0x00,0x00,0x00,0x00,0x00,0x00,0x00,0x00,0x00,
    0x00,0x00,0x00,0x00,0x00,0x00,0x00,0x00,0x00,0x00,0x00,0x00,0x00,0x00,0x00,0x00,0x00,0x00,0x00,0x00,0x00,0x00,0x00,0x00,
    0x00,0x00,0x00,0x00,0x00,0x00,0x00,0x00,0x00,0x00,0x00,0x00,0x00,0x00,0x00,0x00,0x00,0x00,0x00,0x00,0x00,0x00,0x00,0x00,
    0x00,0x00,0x00,0x00,0x00,0x00,0x00,0x00,0x00,0x00,0x00,0x00,0x00,0x00,0x00,0x00,0x00,0x00,0x00,0x00,0x00,0x00,0x00,0x00,
    0x00,0x00,0x00,0x00,0x00,0x00,0x00,0x00,0x00,0x00,0x00,0x00,0x00,0x00,0x00,0x00,0x00,0x00,0x00,0x00,0x00,0x00,0x00,0x00,
    0x00,0x00,0x00,0x00,0x00,0x00,0x00,0x00,0x00,0x00,0x00,0x00,0x00,0x00,0x00,0x00,0x00,0x00,0x00,0x00,0x00,0x00,0x00,0x00,
    0x00,0x00,0x00,0x00,0x00,0x00,0x00,0x00,0x00,0x00,0x00,0x00,0x00,0x00,0x00,0x00,0x00,0x00,0x00,0x00,0x00,0x00,0x00,0x00,
    0x00,0x00,0x00,0x00,0x00,0x00,0x00,0x00,0x00,0x00,0x00,0x00,0x00,0x00,0x00,0x00,0x00,0x00,0x00,0x00,0x00,0x00,0x00,0x00,
    0x00,0x00,0x00,0x00,0x00,0x00,0x00,0x00,0x00,0x00,0x00,0x00,0x00,0x00,0x00,0x00,0x00,0x00,0x00,0x00,0x00,0x00,0x00,0x00,
    0x00,0x00,0x00,0x00,0x00,0x00,0x00,0x00,0x00,0x00,0x00,0x00,0x00,0x00,0x00,0x00,0x00,0x00,0x00,0x00,0x00,0x00,0x00,0x00,
    0x00,0x00,0x00,0x00,0x00,0x00,0x00,0x00,0x00,0x00,0x00,0x00,0x00,0x00,0x00,0x00,0x00,0x00,0x00,0x00,0x00,0x00,0x00,0x00,
    0x00,0x00,0x00,0x00,0x00,0x00,0x00,0x00,0x00,0x00,0x00,0x00,0x00,0x00,0x00,0x00,0x00,0x00,0x00,0x00,0x00,0x00,0x00,0x00,
    0x00,0x00,0x00,0x00,0x00,0x00,0x00,0x00,0x00,0x00,0x00,0x00,0x00,0x00,0x00,0x00,0x00,0x00,0x00,0x00,0x00,0x00,0x00,0x00,
    0x00,0x00,0x00,0x00,0x00,0x00,0x00,0x00,0x00,0x00,0x00,0x00,0x00,0x00,0x00,0x00,0x00,0x00,0x00,0x00,0x00,0x00,0x00,0x00,
    0x00,0x00,0x00,0x00,0x00,0x00,0x00,0x00,0x00,0x00,0x00,0x00,0x00,0x00,0x00,0x00,0x00,0x00,0x00,0x00,0x00,0x00,0x00,0x00,
    0x00,0x00,0x00,0x00,0x00,0x00,0x00,0x00,0x00,0x00,0x00,0x00,0x00,0x00,0x00,0x00,0x00,0x00,0x00,0x00,0x00,0x00,0x00,0x00,
    0x00,0x00,0x00,0x00,0x00,0x00,0x00,0x00,0x00,0x00,0x00,0x00,0x00,0x00,0x00,0x00,0x00,0x00,0x00,0x00,0x00,0x00,0x00,0x00,
    0x00,0x00,0x00,0x00,0x00,0x00,0x00,0x00,0x00,0x00,0x00,0x00,0x00,0x00,0x00,0x00,0x00,0x00,0x00,0x00,0x00,0x00,0x00,0x00,
    0x00,0x00,0x00,0x00,0x00,0x00,0x00,0x00,0x00,0x00,0x00,0x00,0x00,0x00,0x00,0x00,0x00,0x00,0x00,0x00,0x00,0x00,0x00,0x00,
    0x00,0x00,0x00,0x00,0x00,0x00,0x00,0x00,0x00,0x00,0x00,0x00,0x00,0x00,0x00,0x00,0x00,0x00,0x00,0x00,0x00,0x00,0x00,0x00,
    0x00,0x00,0x00,0x00,0x00,0x00,0x00,0x00,0x00,0x00,0x00,0x00,0x00,0x00,0x00,0x00,0x00,0x00,0x00,0x00,0x00,0x00,0x00,0x00,
    0x00,0x00,0x00,0x00,0x00,0x00,0x00,0x00,0x00,0x00,0x00,0x00,0x00,0x00,0x00,0x00,0x00,0x00,0x00,0x00,0x00,0x00,0x00,0x00,
    0x00,0x00,0x00,0x00,0x00,0x00,0x00,0x00,0x00,0x00,0x00,0x00,0x00,0x00,0x00,0x00,0x00,0x00,0x00,0x00,0x00,0x00,0x00,0x00,
    0x00,0x00,0x00,0x00,0x00,0x00,0x00,0x00,0x00,0x00,0x00,0x00,0x00,0x00,0x00,0x00,0x00,0x00,0x00,0x00,0x00,0x00,0x00,0x00,
    0x00,0x00,0x00,0x00,0x00,0x00,0x00,0x00,0x00,0x00,0x00,0x00,0x00,0x00,0x00,0x00,0x00,0x00,0x00,0x00,0x00,0x00,0x00,0x00,
    0x00,0x00,0x00,0x00,0x00,0x00,0x00,0x00,0x00,0x00,0x00,0x00,0x00,0x00,0x00,0x00,0x00,0x00,0x00,0x00,0x00,0x00,0x00,0x00,
    0x00,0x00,0x00,0x00,0x00,0x00,0x00,0x00,0x00,0x00,0x00,0x00,0x00,0x00,0x00,0x00,0x00,0x00,0x00,0x00,0x00,0x00,0x00,0x00,
    0x00,0x00,0x00,0x00,0x00,0x00,0x00,0x00,0x00,0x00,0x00,0x00,0x00,0x00,0x00,0x00,0x00,0x00,0x00,0x00,0x00,0x00,0x00,0x00,
    0x00,0x00,0x00,0x00,0x00,0x00,0x00,0x00,0x00,0x00,0x00,0x00,0x00,0x00,0x00,0x00,0x00,0x00,0x00,0x00,0x00,0x00,0x00,0x00,
    0x00,0x00,0x00,0x00,0x00,0x00,0x00,0x00,0x00,0x00,0x00,0x00,0x00,0x00,0x00,0x00,0x00,0x00,0x00,0x00,0x00,0x00,0x00,0x00,
    0x00,0x00,0x00,0x00,0x00,0x00,0x00,0x00,0x00,0x00,0x00,0x00,0x00,0x00,0x00,0x00,0x00,0x00,0x00,0x00,0x00,0x00,0x00,0x00,
    0x00,0x00,0x00,0x00,0x00,0x00,0x00,0x00,0x00,0x00,0x00,0x00,0x00,0x00,0x00,0x00,0x00,0x00,0x00,0x00,0x00,0x00,0x00,0x00,
    0x00,0x00,0x00,0x00,0x00,0x00,0x00,0x00,0x00,0x00,0x00,0x00,0x00,0x00,0x00,0x00,0x00,0x00,0x00,0x00,0x00,0x00,0x00,0x00,
    0x00,0x00,0x00,0x00,0x00,0x00,0x00,0x00,0x00,0x00,0x00,0x00,0x00,0x00,0x00,0x00,0x00,0x00,0x00,0x00,0x00,0x00,0x00,0x00,
    0x00,0x00,0x00,0x00,0x00,0x00,0x00,0x00,0x00,0x00,0x00,0x00,0x00,0x00,0x00,0x00,0x00,0x00,0x00,0x00,0x00,0x00,0x00,0x00,
    0x00,0x00,0x00,0x00,0x00,0x00,0x00,0x00,0x00,0x00,0x00,0x00,0x00,0x00,0x00,0x00,0x00,0x00,0x00,0x00,0x00,0x00,0x00,0x00,
    0x00,0x00,0x00,0x00,0x00,0x00,0x00,0x00,0x00,0x00,0x00,0x00,0x00,0x00,0x00,0x00,0x00,0x00,0x00,0x00,0x00,0x00,0x00,0x00,
    0x00,0x00,0x00,0x00,0x00,0x00,0x00,0x00,0x00,0x00,0x00,0x00,0x00,0x00,0x00,0x00,0x00,0x00,0x00,0x00,0x00,0x00,0x00,0x00,
    0x00,0x00,0x00,0x00,0x00,0x00,0x00,0x00,0x00,0x00,0x00,0x00,0x00,0x00,0x00,0x00,0x00,0x00,0x00,0x00,0x00,0x00,0x00,0x00,
    0x00,0x00,0x00,0x00,0x00,0x00,0x00,0x00,0x00,0x00,0x00,0x00,0x00,0x00,0x00,0x00,0x00,0x00,0x00,0x00,0x00,0x00,0x00,0x00,
    0x00,0x00,0x00,0x00,0x00,0x00,0x00,0x00,0x00,0x00,0x00,0x00,0x00,0x00,0x00,0x00,0x00,0x00,0x00,0x00,0x00,0x00,0x00,0x00,
    0x00,0x00,0x00,0x00,0x00,0x00,0x00,0x00,0x00,0x00,0x00,0x00,0x00,0x00,0x00,0x00,0x00,0x00,0x00,0x00,0x00,0x00,0x00,0x00,
    0x00,0x00,0x00,0x00,0x00,0x00,0x00,0x00,0x00,0x00,0x00,0x00,0x00,0x00,0x00,0x00,0x00,0x00,0x00,0x00,0x00,0x00,0x00,0x00,
    0x00,0x00,0x00,0x00,0x00,0x00,0x00,0x00,0x00,0x00,0x00,0x00,0x00,0x00,0x00,0x00,0x00,0x00,0x00,0x00,0x00,0x00,0x00,0x00,
    0x00,0x00,0x00,0x00,0x00,0x00,0x00,0x00,0x00,0x00,0x00,0x00,0x00,0x00,0x00,0x00,0x00,0x00,0x00,0x00,0x00,0x00,0x00,0x00,
    0x00,0x00,0x00,0x00,0x00,0x00,0x00,0x00,0x00,0x00,0x00,0x00,0x00,0x00,0x00,0x00,0x00,0x00,0x00,0x00,0x00,0x00,0x00,0x00,
    0x00,0x00,0x00,0x00,0x00,0x00,0x00,0x00,0x00,0x00,0x00,0x00,0x00,0x00,0x00,0x00,0x00,0x00,0x00,0x00,0x00,0x00,0x00,0x00,
    0x00,0x00,0x00,0x00,0x00,0x00,0x00,0x00,0x00,0x00,0x00,0x00,0x00,0x00,0x00,0x00,0x00,0x00,0x00,0x00,0x00,0x00,0x00,0x00,
    0x00,0x00,0x00,0x00,0x00,0x00,0x00,0x00,0x00,0x00,0x00,0x00,0x00,0x00,0x00,0x00,0x00,0x00,0x00,0x00,0x00,0x00,0x00,0x00,
    0x00,0x00,0x00,0x00,0x00,0x00,0x00,0x00,0x00,0x00,0x00,0x00,0x00,0x00,0x00,0x00,0x00,0x00,0x00,0x00,0x00,0x00,0x00,0x00,
    0x00,0x00,0x00,0x00,0x00,0x00,0x00,0x00,0x00,0x00,0x00,0x00,0x00,0x00,0x00,0x00,0x00,0x00,0x00,0x00,0x00,0x00,0x00,0x00,
    0x00,0x00,0x00,0x00,0x00,0x00,0x00,0x00,0x00,0x00,0x00,0x00,0x00,0x00,0x00,0x00,0x00,0x00,0x00,0x00,0x00,0x00,0x00,0x00,
    0x00,0x00,0x00,0x00,0x00,0x00,0x00,0x00,0x00,0x00,0x00,0x00,0x00,0x00,0x00,0x00,0x00,0x00,0x00,0x00,0x00,0x00,0x00,0x00,
    0x00,0x00,0x00,0x00,0x00,0x00,0x00,0x00,0x00,0x00,0x00,0x00,0x00,0x00,0x00,0x00,0x00,0x00,0x00,0x00,0x00,0x00,0x00,0x00,
    0x00,0x00,0x00,0x00,0x00,0x00,0x00,0x00,0x00,0x00,0x00,0x00,0x00,0x00,0x00,0x00,0x00,0x00,0x00,0x00,0x00,0x00,0x00,0x00,
    0x00,0x00,0x00,0x00,0x00,0x00,0x00,0x00,0x00,0x00,0x00,0x00,0x00,0x00,0x00,0x00,0x00,0x00,0x00,0x00,0x00,0x00,0x00,0x00,
    0x00,0x00,0x00,0x00,0x00,0x00,0x00,0x00,0x00,0x00,0x00,0x00,0x00,0x00,0x00,0x00,0x00,0x00,0x00,0x00,0x00,0x00,0x00,0x00,
    0x00,0x00,0x00,0x00,0x00,0x00,0x00,0x00,0x00,0x00,0x00,0x00,0x00,0x00,0x00,0x00,0x00,0x00,0x00,0x00,0x00,0x00,0x00,0x00,
    0x00,0x00,0x00,0x00,0x00,0x00,0x00,0x00,0x00,0x00,0x00,0x00,0x00,0x00,0x00,0x00,0x00,0x00,0x00,0x00,0x00,0x00,0x00,0x00,
    0x00,0x00,0x00,0x00,0x00,0x00,0x00,0x00,0x00,0x00,0x00,0x00,0x00,0x00,0x00,0x00,0x00,0x00,0x00,0x00,0x00,0x00,0x00,0x00,
    0x00,0x00,0x00,0x00,0x00,0x00,0x00,0x00,0x00,0x00,0x00,0x00,0x00,0x00,0x00,0x00,0x00,0x00,0x00,0x00,0x00,0x00,0x00,0x00,
    0x00,0x00,0x00,0x00,0x00,0x00,0x00,0x00,0x00,0x00,0x00,0x00,0x00,0x00,0x00,0x00,0x00,0x00,0x00,0x00,0x00,0x00,0x00,0x00,
    0x00,0x00,0x00,0x00,0x00,0x00,0x00,0x00,0x00,0x00,0x00,0x00,0x00,0x00,0x00,0x00,0x00,0x00,0x00,0x00,0x00,0x00,0x00,0x00,
    0x00,0x00,0x00,0x00,0x00,0x00,0x00,0x00,0x00,0x00,0x00,0x00,0x00,0x00,0x00,0x00,0x00,0x00,0x00,0x00,0x00,0x00,0x00,0x00,
    0x00,0x00,0x00,0x00,0x00,0x00,0x00,0x00,0x00,0x00,0x00,0x00,0x00,0x00,0x00,0x00,0x00,0x00,0x00,0x00,0x00,0x00,0x00,0x00,
    0x00,0x00,0x00,0x00,0x00,0x00,0x00,0x00,0x00,0x00,0x00,0x00,0x00,0x00,0x00,0x00,0x00,0x00,0x00,0x00,0x00,0x00,0x00,0x00,
    0x00,0x00,0x00,0x00,0x00,0x00,0x00,0x00,0x00,0x00,0x00,0x00,0x00,0x00,0x00,0x00,0x00,0x00,0x00,0x00,0x00,0x00,0x00,0x00,
    0x00,0x00,0x00,0x00,0x00,0x00,0x00,0x00,0x00,0x00,0x00,0x00,0x00,0x00,0x00,0x00,0x00,0x00,0x00,0x00,0x00,0x00,0x00,0x00,
    0x00,0x00,0x00,0x00,0x00,0x00,0x00,0x00,0x00,0x00,0x00,0x00,0x00,0x00,0x00,0x00,0x00,0x00,0x00,0x00,0x00,0x00,0x00,0x00,
    0x00,0x00,0x00,0x00,0x00,0x00,0x00,0x00,0x00,0x00,0x00,0x00,0x00,0x00,0x00,0x00,0x00,0x00,0x00,0x00,0x00,0x00,0x00,0x00,
    0x00,0x00,0x00,0x00,0x00,0x00,0x00,0x00,0x00,0x00,0x00,0x00,0x00,0x00,0x00,0x00,0x00,0x00,0x00,0x00,0x00,0x00,0x00,0x00,
    0x00,0x00,0x00,0x00,0x00,0x00,0x00,0x00,0x00,0x00,0x00,0x00,0x00,0x00,0x00,0x00,0x00,0x00,0x00,0x00,0x00,0x00,0x00,0x00,
    0x00,0x00,0x00,0x00,0x00,0x00,0x00,0x00,0x00,0x00,0x00,0x00,0x00,0x00,0x00,0x00,0x00,0x00,0x00,0x00,0x00,0x00,0x00,0x00,
    0x00,0x00,0x00,0x00,0x00,0x00,0x00,0x00,0x00,0x00,0x00,0x00,0x00,0x00,0x00,0x00,0x00,0x00,0x00,0x00,0x00,0x00,0x00,0x00,
    0x00,0x00,0x00,0x00,0x00,0x00,0x00,0x00,0x00,0x00,0x00,0x00,0x00,0x00,0x00,0x00,0x00,0x00,0x00,0x00,0x00,0x00,0x00,0x00,
    0x00,0x00,0x00,0x00,0x00,0x00,0x00,0x00,0x00,0x00,0x00,0x00,0x00,0x00,0x00,0x00,0x00,0x00,0x00,0x00,0x00,0x00,0x00,0x00,
    0x00,0x00,0x00,0x00,0x00,0x00,0x00,0x00,0x00,0x00,0x00,0x00,0x00,0x00,0x00,0x00,0x00,0x00,0x00,0x00,0x00,0x00,0x00,0x00,
    0x00,0x00,0x00,0x00,0x00,0x00,0x00,0x00,0x00,0x00,0x00,0x00,0x00,0x00,0x00,0x00,0x00,0x00,0x00,0x00,0x00,0x00,0x00,0x00,
    0x00,0x00,0x00,0x00,0x00,0x00,0x00,0x00,0x00,0x00,0x00,0x00,0x00,0x00,0x00,0x00,0x00,0x00,0x00,0x00,0x00,0x00,0x00,0x00,
    0x00,0x00,0x00,0x00,0x00,0x00,0x00,0x00,0x00,0x00,0x00,0x00,0x00,0x00,0x00,0x00,0x00,0x00,0x00,0x00,0x00,0x00,0x00,0x00,
    0x00,0x00,0x00,0x00,0x00,0x00,0x00,0x00,0x00,0x00,0x00,0x00,0x00,0x00,0x00,0x00,0x00,0x00,0x00,0x00,0x00,0x00,0x00,0x00,
    0x00,0x00,0x00,0x00,0x00,0x00,0x00,0x00,0x00,0x00,0x00,0x00,0x00,0x00,0x00,0x00,0x00,0x00,0x00,0x00,0x00,0x00,0x00,0x00,
    0x00,0x00,0x00,0x00,0x00,0x00,0x00,0x00,0x00,0x00,0x00,0x00,0x00,0x00,0x00,0x00,0x00,0x00,0x00,0x00,0x00,0x00,0x00,0x00,
    0x00,0x00,0x00,0x00,0x00,0x00,0x00,0x00,0x00,0x00,0x00,0x00,0x00,0x00,0x00,0x00,0x00,0x00,0x00,0x00,0x00,0x00,0x00,0x00,
    0x00,0x00,0x00,0x00,0x00,0x00,0x00,0x00,0x00,0x00,0x00,0x00,0x00,0x00,0x00,0x00,0x00,0x00,0x00,0x00,0x00,0x00,0x00,0x00,
    0x00,0x00,0x00,0x00,0x00,0x00,0x00,0x00,0x00,0x00,0x00,0x00,0x00,0x00,0x00,0x00,0x00,0x00,0x00,0x00,0x00,0x00,0x00,0x00,
    0x00,0x00,0x00,0x00,0x00,0x00,0x00,0x00,0x00,0x00,0x00,0x00,0x00,0x00,0x00,0x00,0x00,0x00,0x00,0x00,0x00,0x00,0x00,0x00,
    0x00,0x00,0x00,0x00,0x00,0x00,0x00,0x00,0x00,0x00,0x00,0x00,0x00,0x00,0x00,0x00,0x00,0x00,0x00,0x00,0x00,0x00,0x00,0x00,
    0x00,0x00,0x00,0x00,0x00,0x00,0x00,0x00,0x00,0x00,0x00,0x00,0x00,0x00,0x00,0x00,0x00,0x00,0x00,0x00,0x00,0x00,0x00,0x00,
    0x00,0x00,0x00,0x00,0x00,0x00,0x00,0x00,0x00,0x00,0x00,0x00,0x00,0x00,0x00,0x00,0x00,0x00,0x00,0x00,0x00,0x00,0x00,0x00,
    0x00,0x00,0x00,0x00,0x00,0x00,0x00,0x00,0x00,0x00,0x00,0x00,0x00,0x00,0x00,0x00,0x00,0x00,0x00,0x00,0x00,0x00,0x00,0x00,
    0x00,0x00,0x00,0x00,0x00,0x00,0x00,0x00,0x00,0x00,0x00,0x00,0x00,0x00,0x00,0x00,0x00,0x00,0x00,0x00,0x00,0x00,0x00,0x00,
    0x00,0x00,0x00,0x00,0x00,0x00,0x00,0x00,0x00,0x00,0x00,0x00,0x00,0x00,0x00,0x00,0x00,0x00,0x00,0x00,0x00,0x00,0x00,0x00,
    0x00,0x00,0x00,0x00,0x00,0x00,0x00,0x00,0x00,0x00,0x00,0x00,0x00,0x00,0x00,0x00,0x00,0x00,0x00,0x00,0x00,0x00,0x00,0x00,
    0x00,0x00,0x00,0x00,0x00,0x00,0x00,0x00,0x00,0x00,0x00,0x00,0x00,0x00,0x00,0x00,0x00,0x00,0x00,0x00,0x00,0x00,0x00,0x00,
    0x00,0x00,0x00,0x00,0x00,0x00,0x00,0x00,0x00,0x00,0x00,0x00,0x00,0x00,0x00,0x00,0x00,0x00,0x00,0x00,0x00,0x00,0x00,0x00,
    0x00,0x00,0x00,0x00,0x00,0x00,0x00,0x00,0x00,0x00,0x00,0x00,0x00,0x00,0x00,0x00,0x00,0x00,0x00,0x00,0x00,0x00,0x00,0x00,
    0x00,0x00,0x00,0x00,0x00,0x00,0x00,0x00,0x00,0x00,0x00,0x00,0x00,0x00,0x00,0x00,0x00,0x00,0x00,0x00,0x00,0x00,0x00,0x00,
    0x00,0x00,0x00,0x00,0x00,0x00,0x00,0x00,0x00,0x00,0x00,0x00,0x00,0x00,0x00,0x00,0x00,0x00,0x00,0x00,0x00,0x00,0x00,0x00,
    0x00,0x00,0x00,0x00,0x00,0x00,0x00,0x00,0x00,0x00,0x00,0x00,0x00,0x00,0x00,0x00,0x00,0x00,0x00,0x00,0x00,0x00,0x00,0x00,
    0x00,0x00,0x00,0x00,0x00,0x00,0x00,0x00,0x00,0x00,0x00,0x00,0x00,0x00,0x00,0x00,0x00,0x00,0x00,0x00,0x00,0x00,0x00,0x00,
    0x00,0x00,0x00,0x00,0x00,0x00,0x00,0x00,0x00,0x00,0x00,0x00,0x00,0x00,0x00,0x00,0x00,0x00,0x00,0x00,0x00,0x00,0x00,0x00,
    0x00,0x00,0x00,0x00,0x00,0x00,0x00,0x00,0x00,0x00,0x00,0x00,0x00,0x00,0x00,0x00,0x00,0x00,0x00,0x00,0x00,0x00,0x00,0x00,
    0x00,0x00,0x00,0x00,0x00,0x00,0x00,0x00,0x00,0x00,0x00,0x00,0x00,0x00,0x00,0x00,0x00,0x00,0x00,0x00,0x00,0x00,0x00,0x00,
    0x00,0x00,0x00,0x00,0x00,0x00,0x00,0x00,0x00,0x00,0x00,0x00,0x00,0x00,0x00,0x00,0x00,0x00,0x00,0x00,0x00,0x00,0x00,0x00,
    0x00,0x00,0x00,0x00,0x00,0x00,0x00,0x00,0x00,0x00,0x00,0x00,0x00,0x00,0x00,0x00,0x00,0x00,0x00,0x00,0x00,0x00,0x00,0x00,
    0x00,0x00,0x00,0x00,0x00,0x00,0x00,0x00,0x00,0x00,0x00,0x00,0x00,0x00,0x00,0x00,0x00,0x00,0x00,0x00,0x00,0x00,0x00,0x00,
    0x00,0x00,0x00,0x00,0x00,0x00,0x00,0x00,0x00,0x00,0x00,0x00,0x00,0x00,0x00,0x00,0x00,0x00,0x00,0x00,0x00,0x00,0x00,0x00,
    0x00,0x00,0x00,0x00,0x00,0x00,0x00,0x00,0x00,0x00,0x00,0x00,0x00,0x00,0x00,0x00,0x00,0x00,0x00,0x00,0x00,0x00,0x00,0x00,
    0x00,0x00,0x00,0x00,0x00,0x00,0x00,0x00,0x00,0x00,0x00,0x00,0x00,0x00,0x00,0x00,0x00,0x00,0x00,0x00,0x00,0x00,0x00,0x00,
    0x00,0x00,0x00,0x00,0x00,0x00,0x00,0x00,0x00,0x00,0x00,0x00,0x00,0x00,0x00,0x00,0x00,0x00,0x00,0x00,0x00,0x00,0x00,0x00,
    0x00,0x00,0x00,0x00,0x00,0x00,0x00,0x00,0x00,0x00,0x00,0x00,0x00,0x00,0x00,0x00,0x00,0x00,0x00,0x00,0x00,0x00,0x00,0x00,
    0x00,0x00,0x00,0x00,0x00,0x00,0x00,0x00,0x00,0x00,0x00,0x00,0x00,0x00,0x00,0x00,0x00,0x00,0x00,0x00,0x00,0x00,0x00,0x00,
    0x00,0x00,0x00,0x00,0x00,0x00,0x00,0x00,0x00,0x00,0x00,0x00,0x00,0x00,0x00,0x00,0x00,0x00,0x00,0x00,0x00,0x00,0x00,0x00,
    0x00,0x00,0x00,0x00,0x00,0x00,0x00,0x00,0x00,0x00,0x00,0x00,0x00,0x00,0x00,0x00,0x00,0x00,0x00,0x00,0x00,0x00,0x00,0x00,
    0x00,0x00,0x00,0x00,0x00,0x00,0x00,0x00,0x00,0x00,0x00,0x00,0x00,0x00,0x00,0x00,0x00,0x00,0x00,0x00,0x00,0x00,0x00,0x00,
    0x00,0x00,0x00,0x00,0x00,0x00,0x00,0x00,0x00,0x00,0x00,0x00,0x00,0x00,0x00,0x00,0x00,0x00,0x00,0x00,0x00,0x00,0x00,0x00,
    0x00,0x00,0x00,0x00,0x00,0x00,0x00,0x00,0x00,0x00,0x00,0x00,0x00,0x00,0x00,0x00,0x00,0x00,0x00,0x00,0x00,0x00,0x00,0x00,
    0x00,0x00,0x00,0x00,0x00,0x00,0x00,0x00,0x00,0x00,0x00,0x00,0x00,0x00,0x00,0x00,0x00,0x00,0x00,0x00,0x00,0x00,0x00,0x00,
    0x00,0x00,0x00,0x00,0x00,0x00,0x00,0x00,0x00,0x00,0x00,0x00,0x00,0x00,0x00,0x00,0x00,0x00,0x00,0x00,0x00,0x00,0x00,0x00,
    0x00,0x00,0x00,0x00,0x00,0x00,0x00,0x00,0x00,0x00,0x00,0x00,0x00,0x00,0x00,0x00,0x00,0x00,0x00,0x00,0x00,0x00,0x00,0x00,
    0x00,0x00,0x00,0x00,0x00,0x00,0x00,0x00,0x00,0x00,0x00,0x00,0x00,0x00,0x00,0x00,0x00,0x00,0x00,0x00,0x00,0x00,0x00,0x00,
    0x00,0x00,0x00,0x00,0x00,0x00,0x00,0x00,0x00,0x00,0x00,0x00,0x00,0x00,0x00,0x00,0x00,0x00,0x00,0x00,0x00,0x00,0x00,0x00,
    0x00,0x00,0x00,0x00,0x00,0x00,0x00,0x00,0x00,0x00,0x00,0x00,0x00,0x00,0x00,0x00,0x00,0x00,0x00,0x00,0x00,0x00,0x00,0x00,
    0x00,0x00,0x00,0x00,0x00,0x00,0x00,0x00,0x00,0x00,0x00,0x00,0x00,0x00,0x00,0x00,0x00,0x00,0x00,0x00,0x00,0x00,0x00,0x00,
    0x00,0x00,0x00,0x00,0x00,0x00,0x00,0x00,0x00,0x00,0x00,0x00,0x00,0x00,0x00,0x00,0x00,0x00,0x00,0x00,0x00,0x00,0x00,0x00,
    0x00,0x00,0x00,0x00,0x00,0x00,0x00,0x00,0x00,0x00,0x00,0x00,0x00,0x00,0x00,0x00,0x00,0x00,0x00,0x00,0x00,0x00,0x00,0x00,
    0x00,0x00,0x00,0x00,0x00,0x00,0x00,0x00,0x00,0x00,0x00,0x00,0x00,0x00,0x00,0x00,0x00,0x00,0x00,0x00,0x00,0x00,0x00,0x00,
    0x00,0x00,0x00,0x00,0x00,0x00,0x00,0x00,0x00,0x00,0x00,0x00,0x00,0x00,0x00,0x00,0x00,0x00,0x00,0x00,0x00,0x00,0x00,0x00,
    0x00,0x00,0x00,0x00,0x00,0x00,0x00,0x00,0x00,0x00,0x00,0x00,0x00,0x00,0x00,0x00,0x00,0x00,0x00,0x00,0x00,0x00,0x00,0x00,
    0x00,0x00,0x00,0x00,0x00,0x00,0x00,0x00,0x00,0x00,0x00,0x00,0x00,0x00,0x00,0x00,0x00,0x00,0x00,0x00,0x00,0x00,0x00,0x00,
    0x00,0x00,0x00,0x00,0x00,0x00,0x00,0x00,0x00,0x00,0x00,0x00,0x00,0x00,0x00,0x00,0x00,0x00,0x00,0x00,0x00,0x00,0x00,0x00,
    0x00,0x00,0x00,0x00,0x00,0x00,0x00,0x00,0x00,0x00,0x00,0x00,0x00,0x00,0x00,0x00,0x00,0x00,0x00,0x00,0x00,0x00,0x00,0x00,
    0x00,0x00,0x00,0x00,0x00,0x00,0x00,0x00,0x00,0x00,0x00,0x00,0x00,0x00,0x00,0x00,0x00,0x00,0x00,0x00,0x00,0x00,0x00,0x00,
    0x00,0x00,0x00,0x00,0x00,0x00,0x00,0x00,0x00,0x00,0x00,0x00,0x00,0x00,0x00,0x00,0x00,0x00,0x00,0x00,0x00,0x00,0x00,0x00,
    0x00,0x00,0x00,0x00,0x00,0x00,0x00,0x00,0x00,0x00,0x00,0x00,0x00,0x00,0x00,0x00,0x00,0x00,0x00,0x00,0x00,0x00,0x00,0x00,
    0x00,0x00,0x00,0x00,0x00,0x00,0x00,0x00,0x00,0x00,0x00,0x00,0x00,0x00,0x00,0x00,0x00,0x00,0x00,0x00,0x00,0x00,0x00,0x00,
    0x00,0x00,0x00,0x00,0x00,0x00,0x00,0x00,0x00,0x00,0x00,0x00,0x00,0x00,0x00,0x00,0x00,0x00,0x00,0x00,0x00,0x00,0x00,0x00,
    0x00,0x00,0x00,0x00,0x00,0x00,0x00,0x00,0x00,0x00,0x00,0x00,0x00,0x00,0x00,0x00,0x00,0x00,0x00,0x00,0x00,0x00,0x00,0x00,
    0x00,0x00,0x00,0x00,0x00,0x00,0x00,0x00,0x00,0x00,0x00,0x00,0x00,0x00,0x00,0x00,0x00,0x00,0x00,0x00,0x00,0x00,0x00,0x00,
    0x00,0x00,0x00,0x00,0x00,0x00,0x00,0x00,0x00,0x00,0x00,0x00,0x00,0x00,0x00,0x00,0x00,0x00,0x00,0x00,0x00,0x00,0x00,0x00,
    0x00,0x00,0x00,0x00,0x00,0x00,0x00,0x00,0x00,0x00,0x00,0x00,0x00,0x00,0x00,0x00,0x00,0x00,0x00,0x00,0x00,0x00,0x00,0x00,
    0x00,0x00,0x00,0x00,0x00,0x00,0x00,0x00,0x00,0x00,0x00,0x00,0x00,0x00,0x00,0x00,0x00,0x00,0x00,0x00,0x00,0x00,0x00,0x00,
    0x00,0x00,0x00,0x00,0x00,0x00,0x00,0x00,0x00,0x00,0x00,0x00,0x00,0x00,0x00,0x00,0x00,0x00,0x00,0x00,0x00,0x00,0x00,0x00,
    0x00,0x00,0x00,0x00,0x00,0x00,0x00,0x00,0x00,0x00,0x00,0x00,0x00,0x00,0x00,0x00,0x00,0x00,0x00,0x00,0x00,0x00,0x00,0x00,
    0x00,0x00,0x00,0x00,0x00,0x00,0x00,0x00,0x00,0x00,0x00,0x00,0x00,0x00,0x00,0x00,0x00,0x00,0x00,0x00,0x00,0x00,0x00,0x00,
    0x00,0x00,0x00,0x00,0x00,0x00,0x00,0x00,0x00,0x00,0x00,0x00,0x00,0x00,0x00,0x00,0x00,0x00,0x00,0x00,0x00,0x00,0x00,0x00,
    0x00,0x00,0x00,0x00,0x00,0x00,0x00,0x00,0x00,0x00,0x00,0x00,0x00,0x00,0x00,0x00,0x00,0x00,0x00,0x00,0x00,0x00,0x00,0x00,
    0x00,0x00,0x00,0x00,0x00,0x00,0x00,0x00,0x00,0x00,0x00,0x00,0x00,0x00,0x00,0x00,0x00,0x00,0x00,0x00,0x00,0x00,0x00,0x00,
    0x00,0x00,0x00,0x00,0x00,0x00,0x00,0x00,0x00,0x00,0x00,0x00,0x00,0x00,0x00,0x00,0x00,0x00,0x00,0x00,0x00,0x00,0x00,0x00,
    0x00,0x00,0x00,0x00,0x00,0x00,0x00,0x00,0x00,0x00,0x00,0x00,0x00,0x00,0x00,0x00,0x00,0x00,0x00,0x00,0x00,0x00,0x00,0x00,
    0x00,0x00,0x00,0x00,0x00,0x00,0x00,0x00,0x00,0x00,0x00,0x00,0x00,0x00,0x00,0x00,0x00,0x00,0x00,0x00,0x00,0x00,0x00,0x00,
    0x00,0x00,0x00,0x00,0x00,0x00,0x00,0x00,0x00,0x00,0x00,0x00,0x00,0x00,0x00,0x00,0x00,0x00,0x00,0x00,0x00,0x00,0x00,0x00,
    0x00,0x00,0x00,0x00,0x00,0x00,0x00,0x00,0x00,0x00,0x00,0x00,0x00,0x00,0x00,0x00,0x00,0x00,0x00,0x00,0x00,0x00,0x00,0x00,
    0x00,0x00,0x00,0x00,0x00,0x00,0x00,0x00,0x00,0x00,0x00,0x00,0x00,0x00,0x00,0x00,0x00,0x00,0x00,0x00,0x00,0x00,0x00,0x00,
    0x00,0x00,0x00,0x00,0x00,0x00,0x00,0x00,0x00,0x00,0x00,0x00,0x00,0x00,0x00,0x00,0x00,0x00,0x00,0x00,0x00,0x00,0x00,0x00,
    0x00,0x00,0x00,0x00,0x00,0x00,0x00,0x00,0x00,0x00,0x00,0x00,0x00,0x00,0x00,0x00,0x00,0x00,0x00,0x00,0x00,0x00,0x00,0x00,
    0x00,0x00,0x00,0x00,0x00,0x00,0x00,0x00,0x00,0x00,0x00,0x00,0x00,0x00,0x00,0x00,0x00,0x00,0x00,0x00,0x00,0x00,0x00,0x00,
    0x00,0x00,0x00,0x00,0x00,0x00,0x00,0x00,0x00,0x00,0x00,0x00,0x00,0x00,0x00,0x00,0x00,0x00,0x00,0x00,0x00,0x00,0x00,0x00,
    0x00,0x00,0x00,0x00,0x00,0x00,0x00,0x00,0x00,0x00,0x00,0x00,0x00,0x00,0x00,0x00,0x00,0x00,0x00,0x00,0x00,0x00,0x00,0x00,
    0x00,0x00,0x00,0x00,0x00,0x00,0x00,0x00,0x00,0x00,0x00,0x00,0x00,0x00,0x00,0x00,0x00,0x00,0x00,0x00,0x00,0x00,0x00,0x00,
    0x00,0x00,0x00,0x00,0x00,0x00,0x00,0x00,0x00,0x00,0x00,0x00,0x00,0x00,0x00,0x00,0x00,0x00,0x00,0x00,0x00,0x00,0x00,0x00,
    0x00,0x00,0x00,0x00,0x00,0x00,0x00,0x00,0x00,0x00,0x00,0x00,0x00,0x00,0x00,0x00,0x00,0x00,0x00,0x00,0x00,0x00,0x00,0x00,
    0x00,0x00,0x00,0x00,0x00,0x00,0x00,0x00,0x00,0x00,0x00,0x00,0x00,0x00,0x00,0x00,0x00,0x00,0x00,0x00,0x00,0x00,0x00,0x00,
    0x00,0x00,0x00,0x00,0x00,0x00,0x00,0x00,0x00,0x00,0x00,0x00,0x00,0x00,0x00,0x00,0x00,0x00,0x00,0x00,0x00,0x00,0x00,0x00,
    0x00,0x00,0x00,0x00,0x00,0x00,0x00,0x00,0x00,0x00,0x00,0x00,0x00,0x00,0x00,0x00,0x00,0x00,0x00,0x00,0x00,0x00,0x00,0x00,
    0x00,0x00,0x00,0x00,0x00,0x00,0x00,0x00,0x00,0x00,0x00,0x00,0x00,0x00,0x00,0x00,0x00,0x00,0x00,0x00,0x00,0x00,0x00,0x00,
    0x00,0x00,0x00,0x00,0x00,0x00,0x00,0x00,0x00,0x00,0x00,0x00,0x00,0x00,0x00,0x00,0x00,0x00,0x00,0x00,0x00,0x00,0x00,0x00,
    0x00,0x00,0x00,0x00,0x00,0x00,0x00,0x00,0x00,0x00,0x00,0x00,0x00,0x00,0x00,0x00,0x00,0x00,0x00,0x00,0x00,0x00,0x00,0x00,
    0x00,0x00,0x00,0x00,0x00,0x00,0x00,0x00,0x00,0x00,0x00,0x00,0x00,0x00,0x00,0x00,0x00,0x00,0x00,0x00,0x00,0x00,0x00,0x00,
    0x00,0x00,0x00,0x00,0x00,0x00,0x00,0x00,0x00,0x00,0x00,0x00,0x00,0x00,0x00,0x00,0x00,0x00,0x00,0x00,0x00,0x00,0x00,0x00,
    0x00,0x00,0x00,0x00,0x00,0x00,0x00,0x00,0x00,0x00,0x00,0x00,0x00,0x00,0x00,0x00,0x00,0x00,0x00,0x00,0x00,0x00,0x00,0x00,
    0x00,0x00,0x00,0x00,0x00,0x00,0x00,0x00,0x00,0x00,0x00,0x00,0x00,0x00,0x00,0x00,0x00,0x00,0x00,0x00,0x00,0x00,0x00,0x00,
    0x00,0x00,0x00,0x00,0x00,0x00,0x00,0x00,0x00,0x00,0x00,0x00,0x00,0x00,0x00,0x00,0x00,0x00,0x00,0x00,0x00,0x00,0x00,0x00,
    0x00,0x00,0x00,0x00,0x00,0x00,0x00,0x00,0x00,0x00,0x00,0x00,0x00,0x00,0x00,0x00,0x00,0x00,0x00,0x00,0x00,0x00,0x00,0x00,
    0x00,0x00,0x00,0x00,0x00,0x00,0x00,0x00,0x00,0x00,0x00,0x00,0x00,0x00,0x00,0x00,0x00,0x00,0x00,0x00,0x00,0x00,0x00,0x00,
    0x00,0x00,0x00,0x00,0x00,0x00,0x00,0x00,0x00,0x00,0x00,0x00,0x00,0x00,0x00,0x00,0x00,0x00,0x00,0x00,0x00,0x00,0x00,0x00,
    0x00,0x00,0x00,0x00,0x00,0x00,0x00,0x00,0x00,0x00,0x00,0x00,0x00,0x00,0x00,0x00,0x00,0x00,0x00,0x00,0x00,0x00,0x00,0x00,
    0x00,0x00,0x00,0x00,0x00,0x00,0x00,0x00,0x00,0x00,0x00,0x00,0x00,0x00,0x00,0x00,0x00,0x00,0x00,0x00,0x00,0x00,0x00,0x00,
    0x00,0x00,0x00,0x00,0x00,0x00,0x00,0x00,0x00,0x00,0x00,0x00,0x00,0x00,0x00,0x00,0x00,0x00,0x00,0x00,0x00,0x00,0x00,0x00,
    0x00,0x00,0x00,0x00,0x00,0x00,0x00,0x00,0x00,0x00,0x00,0x00,0x00,0x00,0x00,0x00,0x00,0x00,0x00,0x00,0x00,0x00,0x00,0x00,
    0x00,0x00,0x00,0x00,0x00,0x00,0x00,0x00,0x00,0x00,0x00,0x00,0x00,0x00,0x00,0x00,0x00,0x00,0x00,0x00,0x00,0x00,0x00,0x00,
    0x00,0x00,0x00,0x00,0x00,0x00,0x00,0x00,0x00,0x00,0x00,0x00,0x00,0x00,0x00,0x00,0x00,0x00,0x00,0x00,0x00,0x00,0x00,0x00,
    0x00,0x00,0x00,0x00,0x00,0x00,0x00,0x00,0x00,0x00,0x00,0x00,0x00,0x00,0x00,0x00,0x00,0x00,0x00,0x00,0x00,0x00,0x00,0x00,
    0x00,0x00,0x00,0x00,0x00,0x00,0x00,0x00,0x00,0x00,0x00,0x00,0x00,0x00,0x00,0x00,0x00,0x00,0x00,0x00,0x00,0x00,0x00,0x00,
    0x00,0x00,0x00,0x00,0x00,0x00,0x00,0x00,0x00,0x00,0x00,0x00,0x00,0x00,0x00,0x00,0x00,0x00,0x00,0x00,0x00,0x00,0x00,0x00,
    0x00,0x00,0x00,0x00,0x00,0x00,0x00,0x00,0x00,0x00,0x00,0x00,0x00,0x00,0x00,0x00,0x00,0x00,0x00,0x00,0x00,0x00,0x00,0x00,
    0x00,0x00,0x00,0x00,0x00,0x00,0x00,0x00,0x00,0x00,0x00,0x00,0x00,0x00,0x00,0x00,0x00,0x00,0x00,0x00,0x00,0x00,0x00,0x00,
    0x00,0x00,0x00,0x00,0x00,0x00,0x00,0x00,0x00,0x00,0x00,0x00,0x00,0x00,0x00,0x00,0x00,0x00,0x00,0x00,0x00,0x00,0x00,0x00,
    0x00,0x00,0x00,0x00,0x00,0x00,0x00,0x00,0x00,0x00,0x00,0x00,0x00,0x00,0x00,0x00,0x00,0x00,0x00,0x00,0x00,0x00,0x00,0x00,
    0x00,0x00,0x00,0x00,0x00,0x00,0x00,0x00,0x00,0x00,0x00,0x00,0x00,0x00,0x00,0x00,0x00,0x00,0x00,0x00,0x00,0x00,0x00,0x00,
    0x00,0x00,0x00,0x00,0x00,0x00,0x00,0x00,0x00,0x00,0x00,0x00,0x00,0x00,0x00,0x00,0x00,0x00,0x00,0x00,0x00,0x00,0x00,0x00,
    0x00,0x00,0x00,0x00,0x00,0x00,0x00,0x00,0x00,0x00,0x00,0x00,0x00,0x00,0x00,0x00,0x00,0x00,0x00,0x00,0x00,0x00,0x00,0x00,
    0x00,0x00,0x00,0x00,0x00,0x00,0x00,0x00,0x00,0x00,0x00,0x00,0x00,0x00,0x00,0x00,0x00,0x00,0x00,0x00,0x00,0x00,0x00,0x00,
    0x00,0x00,0x00,0x00,0x00,0x00,0x00,0x00,0x00,0x00,0x00,0x00,0x00,0x00,0x00,0x00,0x00,0x00,0x00,0x00,0x00,0x00,0x00,0x00,
    0x00,0x00,0x00,0x00,0x00,0x00,0x00,0x00,0x00,0x00,0x00,0x00,0x00,0x00,0x00,0x00,0x00,0x00,0x00,0x00,0x00,0x00,0x00,0x00,
    0x00,0x00,0x00,0x00,0x00,0x00,0x00,0x00,0x00,0x00,0x00,0x00,0x00,0x00,0x00,0x00,0x00,0x00,0x00,0x00,0x00,0x00,0x00,0x00,
    0x00,0x00,0x00,0x00,0x00,0x00,0x00,0x00,0x00,0x00,0x00,0x00,0x00,0x00,0x00,0x00,0x00,0x00,0x00,0x00,0x00,0x00,0x00,0x00,
    0x00,0x00,0x00,0x00,0x00,0x00,0x00,0x00,0x00,0x00,0x00,0x00,0x00,0x00,0x00,0x00,0x00,0x00,0x00,0x00,0x00,0x00,0x00,0x00,
    0x00,0x00,0x00,0x00,0x00,0x00,0x00,0x00,0x00,0x00,0x00,0x00,0x00,0x00,0x00,0x00,0x00,0x00,0x00,0x00,0x00,0x00,0x00,0x00,
    0x00,0x00,0x00,0x00,0x00,0x00,0x00,0x00,0x00,0x00,0x00,0x00,0x00,0x00,0x00,0x00,0x00,0x00,0x00,0x00,0x00,0x00,0x00,0x00,
    0x00,0x00,0x00,0x00,0x00,0x00,0x00,0x00,0x00,0x00,0x00,0x00,0x00,0x00,0x00,0x00,0x00,0x00,0x00,0x00,0x00,0x00,0x00,0x00,
    0x00,0x00,0x00,0x00,0x00,0x00,0x00,0x00,0x00,0x00,0x00,0x00,0x00,0x00,0x00,0x00,0x00,0x00,0x00,0x00,0x00,0x00,0x00,0x00,
    0x00,0x00,0x00,0x00,0x00,0x00,0x00,0x00,0x00,0x00,0x00,0x00,0x00,0x00,0x00,0x00,0x00,0x00,0x00,0x00,0x00,0x00,0x00,0x00,
    0x00,0x00,0x00,0x00,0x00,0x00,0x00,0x00,0x00,0x00,0x00,0x00,0x00,0x00,0x00,0x00,0x00,0x00,0x00,0x00,0x00,0x00,0x00,0x00,
    0x00,0x00,0x00,0x00,0x00,0x00,0x00,0x00,0x00,0x00,0x00,0x00,0x00,0x00,0x00,0x00,0x00,0x00,0x00,0x00,0x00,0x00,0x00,0x00,
    0x00,0x00,0x00,0x00,0x00,0x00,0x00,0x00,0x00,0x00,0x00,0x00,0x00,0x00,0x00,0x00,0x00,0x00,0x00,0x00,0x00,0x00,0x00,0x00,
    0x00,0x00,0x00,0x00,0x00,0x00,0x00,0x00,0x00,0x00,0x00,0x00,0x00,0x00,0x00,0x00,0x00,0x00,0x00,0x00,0x00,0x00,0x00,0x00,
    0x00,0x00,0x00,0x00,0x00,0x00,0x00,0x00,0x00,0x00,0x00,0x00,0x00,0x00,0x00,0x00,0x00,0x00,0x00,0x00,0x00,0x00,0x00,0x00,
    0x00,0x00,0x00,0x00,0x00,0x00,0x00,0x00,0x00,0x00,0x00,0x00,0x00,0x00,0x00,0x00,0x00,0x00,0x00,0x00,0x00,0x00,0x00,0x00,
    0x00,0x00,0x00,0x00,0x00,0x00,0x00,0x00,0x00,0x00,0x00,0x00,0x00,0x00,0x00,0x00,0x00,0x00,0x00,0x00,0x00,0x00,0x00,0x00,
    0x00,0x00,0x00,0x00,0x00,0x00,0x00,0x00,0x00,0x00,0x00,0x00,0x00,0x00,0x00,0x00,0x00,0x00,0x00,0x00,0x00,0x00,0x00,0x00,
    0x00,0x00,0x00,0x00,0x00,0x00,0x00,0x00,0x00,0x00,0x00,0x00,0x00,0x00,0x00,0x00,0x00,0x00,0x00,0x00,0x00,0x00,0x00,0x00,
    0x00,0x00,0x00,0x00,0x00,0x00,0x00,0x00,0x00,0x00,0x00,0x00,0x00,0x00,0x00,0x00,0x00,0x00,0x00,0x00,0x00,0x00,0x00,0x00,
    0x00,0x00,0x00,0x00,0x00,0x00,0x00,0x00,0x00,0x00,0x00,0x00,0x00,0x00,0x00,0x00,0x00,0x00,0x00,0x00,0x00,0x00,0x00,0x00,
    0x00,0x00,0x00,0x00,0x00,0x00,0x00,0x00,0x00,0x00,0x00,0x00,0x00,0x00,0x00,0x00,0x00,0x00,0x00,0x00,0x00,0x00,0x00,0x00,
    0x00,0x00,0x00,0x00,0x00,0x00,0x00,0x00,0x00,0x00,0x00,0x00,0x00,0x00,0x00,0x00,0x00,0x00,0x00,0x00,0x00,0x00,0x00,0x00,
    0x00,0x00,0x00,0x00,0x00,0x00,0x00,0x00,0x00,0x00,0x00,0x00,0x00,0x00,0x00,0x00,0x00,0x00,0x00,0x00,0x00,0x00,0x00,0x00,
    0x00,0x00,0x00,0x00,0x00,0x00,0x00,0x00,0x00,0x00,0x00,0x00,0x00,0x00,0x00,0x00,0x00,0x00,0x00,0x00,0x00,0x00,0x00,0x00,
    0x00,0x00,0x00,0x00,0x00,0x00,0x00,0x00,0x00,0x00,0x00,0x00,0x00,0x00,0x00,0x00,0x00,0x00,0x00,0x00,0x00,0x00,0x00,0x00,
    0x00,0x00,0x00,0x00,0x00,0x00,0x00,0x00,0x00,0x00,0x00,0x00,0x00,0x00,0x00,0x00,0x00,0x00,0x00,0x00,0x00,0x00,0x00,0x00,
    0x00,0x00,0x00,0x00,0x00,0x00,0x00,0x00,0x00,0x00,0x00,0x00,0x00,0x00,0x00,0x00,0x00,0x00,0x00,0x00,0x00,0x00,0x00,0x00,
    0x00,0x00,0x00,0x00,0x00,0x00,0x00,0x00,0x00,0x00,0x00,0x00,0x00,0x00,0x00,0x00,0x00,0x00,0x00,0x00,0x00,0x00,0x00,0x00,
    0x00,0x00,0x00,0x00,0x00,0x00,0x00,0x00,0x00,0x00,0x00,0x00,0x00,0x00,0x00,0x00,0x00,0x00,0x00,0x00,0x00,0x00,0x00,0x00,
    0x00,0x00,0x00,0x00,0x00,0x00,0x00,0x00,0x00,0x00,0x00,0x00,0x00,0x00,0x00,0x00,0x00,0x00,0x00,0x00,0x00,0x00,0x00,0x00,
    0x00,0x00,0x00,0x00,0x00,0x00,0x00,0x00,0x00,0x00,0x00,0x00,0x00,0x00,0x00,0x00,0x00,0x00,0x00,0x00,0x00,0x00,0x00,0x00,
    0x00,0x00,0x00,0x00,0x00,0x00,0x00,0x00,0x00,0x00,0x00,0x00,0x00,0x00,0x00,0x00,0x00,0x00,0x00,0x00,0x00,0x00,0x00,0x00,
    0x00,0x00,0x00,0x00,0x00,0x00,0x00,0x00,0x00,0x00,0x00,0x00,0x00,0x00,0x00,0x00,0x00,0x00,0x00,0x00,0x00,0x00,0x00,0x00,
    0x00,0x00,0x00,0x00,0x00,0x00,0x00,0x00,0x00,0x00,0x00,0x00,0x00,0x00,0x00,0x00,0x00,0x00,0x00,0x00,0x00,0x00,0x00,0x00,
    0x00,0x00,0x00,0x00,0x00,0x00,0x00,0x00,0x00,0x00,0x00,0x00,0x00,0x00,0x00,0x00,0x00,0x00,0x00,0x00,0x00,0x00,0x00,0x00,
    0x00,0x00,0x00,0x00,0x00,0x00,0x00,0x00,0x00,0x00,0x00,0x00,0x00,0x00,0x00,0x00,0x00,0x00,0x00,0x00,0x00,0x00,0x00,0x00,
    0x00,0x00,0x00,0x00,0x00,0x00,0x00,0x00,0x00,0x00,0x00,0x00,0x00,0x00,0x00,0x00,0x00,0x00,0x00,0x00,0x00,0x00,0x00,0x00,
    0x00,0x00,0x00,0x00,0x00,0x00,0x00,0x00,0x00,0x00,0x00,0x00,0x00,0x00,0x00,0x00,0x00,0x00,0x00,0x00,0x00,0x00,0x00,0x00,
    0x00,0x00,0x00,0x00,0x00,0x00,0x00,0x00,0x00,0x00,0x00,0x00,0x00,0x00,0x00,0x00,0x00,0x00,0x00,0x00,0x00,0x00,0x00,0x00,
    0x00,0x00,0x00,0x00,0x00,0x00,0x00,0x00,0x00,0x00,0x00,0x00,0x00,0x00,0x00,0x00,0x00,0x00,0x00,0x00,0x00,0x00,0x00,0x00,
    0x00,0x00,0x00,0x00,0x00,0x00,0x00,0x00,0x00,0x00,0x00,0x00,0x00,0x00,0x00,0x00,0x00,0x00,0x00,0x00,0x00,0x00,0x00,0x00,
    0x00,0x00,0x00,0x00,0x00,0x00,0x00,0x00,0x00,0x00,0x00,0x00,0x00,0x00,0x00,0x00,0x00,0x00,0x00,0x00,0x00,0x00,0x00,0x00,
    0x00,0x00,0x00,0x00,0x00,0x00,0x00,0x00,0x00,0x00,0x00,0x00,0x00,0x00,0x00,0x00,0x00,0x00,0x00,0x00,0x00,0x00,0x00,0x00,
    0x00,0x00,0x00,0x00,0x00,0x00,0x00,0x00,0x00,0x00,0x00,0x00,0x00,0x00,0x00,0x00,0x00,0x00,0x00,0x00,0x00,0x00,0x00,0x00,
    0x00,0x00,0x00,0x00,0x00,0x00,0x00,0x00,0x00,0x00,0x00,0x00,0x00,0x00,0x00,0x00,0x00,0x00,0x00,0x00,0x00,0x00,0x00,0x00,
    0x00,0x00,0x00,0x00,0x00,0x00,0x00,0x00,0x00,0x00,0x00,0x00,0x00,0x00,0x00,0x00,0x00,0x00,0x00,0x00,0x00,0x00,0x00,0x00,
    0x00,0x00,0x00,0x00,0x00,0x00,0x00,0x00,0x00,0x00,0x00,0x00,0x00,0x00,0x00,0x00,0x00,0x00,0x00,0x00,0x00,0x00,0x00,0x00,
    0x00,0x00,0x00,0x00,0x00,0x00,0x00,0x00,0x00,0x00,0x00,0x00,0x00,0x00,0x00,0x00,0x00,0x00,0x00,0x00,0x00,0x00,0x00,0x00,
    0x00,0x00,0x00,0x00,0x00,0x00,0x00,0x00,0x00,0x00,0x00,0x00,0x00,0x00,0x00,0x00,0x00,0x00,0x00,0x00,0x00,0x00,0x00,0x00,
    0x00,0x00,0x00,0x00,0x00,0x00,0x00,0x00,0x00,0x00,0x00,0x00,0x00,0x00,0x00,0x00,0x00,0x00,0x00,0x00,0x00,0x00,0x00,0x00,
    0x00,0x00,0x00,0x00,0x00,0x00,0x00,0x00,0x00,0x00,0x00,0x00,0x00,0x00,0x00,0x00,0x00,0x00,0x00,0x00,0x00,0x00,0x00,0x00,
    0x00,0x00,0x00,0x00,0x00,0x00,0x00,0x00,0x00,0x00,0x00,0x00,0x00,0x00,0x00,0x00,0x00,0x00,0x00,0x00,0x00,0x00,0x00,0x00,
    0x00,0x00,0x00,0x00,0x00,0x00,0x00,0x00,0x00,0x00,0x00,0x00,0x00,0x00,0x00,0x00,0x00,0x00,0x00,0x00,0x00,0x00,0x00,0x00,
    0x00,0x00,0x00,0x00,0x00,0x00,0x00,0x00,0x00,0x00,0x00,0x00,0x00,0x00,0x00,0x00,0x00,0x00,0x00,0x00,0x00,0x00,0x00,0x00,
    0x00,0x00,0x00,0x00,0x00,0x00,0x00,0x00,0x00,0x00,0x00,0x00,0x00,0x00,0x00,0x00,0x00,0x00,0x00,0x00,0x00,0x00,0x00,0x00,
    0x00,0x00,0x00,0x00,0x00,0x00,0x00,0x00,0x00,0x00,0x00,0x00,0x00,0x00,0x00,0x00,0x00,0x00,0x00,0x00,0x00,0x00,0x00,0x00,
    0x00,0x00,0x00,0x00,0x00,0x00,0x00,0x00,0x00,0x00,0x00,0x00,0x00,0x00,0x00,0x00,0x00,0x00,0x00,0x00,0x00,0x00,0x00,0x00,
    0x00,0x00,0x00,0x00,0x00,0x00,0x00,0x00,0x00,0x00,0x00,0x00,0x00,0x00,0x00,0x00,0x00,0x00,0x00,0x00,0x00,0x00,0x00,0x00,
    0x00,0x00,0x00,0x00,0x00,0x00,0x00,0x00,0x00,0x00,0x00,0x00,0x00,0x00,0x00,0x00,0x00,0x00,0x00,0x00,0x00,0x00,0x00,0x00,
    0x00,0x00,0x00,0x00,0x00,0x00,0x00,0x00,0x00,0x00,0x00,0x00,0x00,0x00,0x00,0x00,0x00,0x00,0x00,0x00,0x00,0x00,0x00,0x00,
    0x00,0x00,0x00,0x00,0x00,0x00,0x00,0x00,0x00,0x00,0x00,0x00,0x00,0x00,0x00,0x00,0x00,0x00,0x00,0x00,0x00,0x00,0x00,0x00,
    0x00,0x00,0x00,0x00,0x00,0x00,0x00,0x00,0x00,0x00,0x00,0x00,0x00,0x00,0x00,0x00,0x00,0x00,0x00,0x00,0x00,0x00,0x00,0x00,
    0x00,0x00,0x00,0x00,0x00,0x00,0x00,0x00,0x00,0x00,0x00,0x00,0x00,0x00,0x00,0x00,0x00,0x00,0x00,0x00,0x00,0x00,0x00,0x00,
    0x00,0x00,0x00,0x00,0x00,0x00,0x00,0x00,0x00,0x00,0x00,0x00,0x00,0x00,0x00,0x00,0x00,0x00,0x00,0x00,0x00,0x00,0x00,0x00,
    0x00,0x00,0x00,0x00,0x00,0x00,0x00,0x00,0x00,0x00,0x00,0x00,0x00,0x00,0x00,0x00,0x00,0x00,0x00,0x00,0x00,0x00,0x00,0x00,
    0x00,0x00,0x00,0x00,0x00,0x00,0x00,0x00,0x00,0x00,0x00,0x00,0x00,0x00,0x00,0x00,0x00,0x00,0x00,0x00,0x00,0x00,0x00,0x00,
    0x00,0x00,0x00,0x00,0x00,0x00,0x00,0x00,0x00,0x00,0x00,0x00,0x00,0x00,0x00,0x00,0x00,0x00,0x00,0x00,0x00,0x00,0x00,0x00,
    0x00,0x00,0x00,0x00,0x00,0x00,0x00,0x00,0x00,0x00,0x00,0x00,0x00,0x00,0x00,0x00,0x00,0x00,0x00,0x00,0x00,0x00,0x00,0x00,
    0x00,0x00,0x00,0x00,0x00,0x00,0x00,0x00,0x00,0x00,0x00,0x00,0x00,0x00,0x00,0x00,0x00,0x00,0x00,0x00,0x00,0x00,0x00,0x00,
    0x00,0x00,0x00,0x00,0x00,0x00,0x00,0x00,0x00,0x00,0x00,0x00,0x00,0x00,0x00,0x00,0x00,0x00,0x00,0x00,0x00,0x00,0x00,0x00,
    0x00,0x00,0x00,0x00,0x00,0x00,0x00,0x00,0x00,0x00,0x00,0x00,0x00,0x00,0x00,0x00,0x00,0x00,0x00,0x00,0x00,0x00,0x00,0x00,
    0x00,0x00,0x00,0x00,0x00,0x00,0x00,0x00,0x00,0x00,0x00,0x00,0x00,0x00,0x00,0x00,0x00,0x00,0x00,0x00,0x00,0x00,0x00,0x00,
    0x00,0x00,0x00,0x00,0x00,0x00,0x00,0x00,0x00,0x00,0x00,0x00,0x00,0x00,0x00,0x00,0x00,0x00,0x00,0x00,0x00,0x00,0x00,0x00,
    0x00,0x00,0x00,0x00,0x00,0x00,0x00,0x00,0x00,0x00,0x00,0x00,0x00,0x00,0x00,0x00,0x00,0x00,0x00,0x00,0x00,0x00,0x00,0x00,
    0x00,0x00,0x00,0x00,0x00,0x00,0x00,0x00,0x00,0x00,0x00,0x00,0x00,0x00,0x00,0x00,0x00,0x00,0x00,0x00,0x00,0x00,0x00,0x00,
    0x00,0x00,0x00,0x00,0x00,0x00,0x00,0x00,0x00,0x00,0x00,0x00,0x00,0x00,0x00,0x00,0x00,0x00,0x00,0x00,0x00,0x00,0x00,0x00,
    0x00,0x00,0x00,0x00,0x00,0x00,0x00,0x00,0x00,0x00,0x00,0x00,0x00,0x00,0x00,0x00,0x00,0x00,0x00,0x00,0x00,0x00,0x00,0x00,
    0x00,0x00,0x00,0x00,0x00,0x00,0x00,0x00,0x00,0x00,0x00,0x00,0x00,0x00,0x00,0x00,0x00,0x00,0x00,0x00,0x00,0x00,0x00,0x00,
    0x00,0x00,0x00,0x00,0x00,0x00,0x00,0x00,0x00,0x00,0x00,0x00,0x00,0x00,0x00,0x00,0x00,0x00,0x00,0x00,0x00,0x00,0x00,0x00,
    0x00,0x00,0x00,0x00,0x00,0x00,0x00,0x00,0x00,0x00,0x00,0x00,0x00,0x00,0x00,0x00,0x00,0x00,0x00,0x00,0x00,0x00,0x00,0x00,
    0x00,0x00,0x00,0x00,0x00,0x00,0x00,0x00,0x00,0x00,0x00,0x00,0x00,0x00,0x00,0x00,0x00,0x00,0x00,0x00,0x00,0x00,0x00,0x00,
    0x00,0x00,0x00,0x00,0x00,0x00,0x00,0x00,0x00,0x00,0x00,0x00,0x00,0x00,0x00,0x00,0x00,0x00,0x00,0x00,0x00,0x00,0x00,0x00,
    0x00,0x00,0x00,0x00,0x00,0x00,0x00,0x00,0x00,0x00,0x00,0x00,0x00,0x00,0x00,0x00,0x00,0x00,0x00,0x00,0x00,0x00,0x00,0x00,
    0x00,0x00,0x00,0x00,0x00,0x00,0x00,0x00,0x00,0x00,0x00,0x00,0x00,0x00,0x00,0x00,0x00,0x00,0x00,0x00,0x00,0x00,0x00,0x00,
    0x00,0x00,0x00,0x00,0x00,0x00,0x00,0x00,0x00,0x00,0x00,0x00,0x00,0x00,0x00,0x00,0x00,0x00,0x00,0x00,0x00,0x00,0x00,0x00,
    0x00,0x00,0x00,0x00,0x00,0x00,0x00,0x00,0x00,0x00,0x00,0x00,0x00,0x00,0x00,0x00,0x00,0x00,0x00,0x00,0x00,0x00,0x00,0x00,
    0x00,0x00,0x00,0x00,0x00,0x00,0x00,0x00,0x00,0x00,0x00,0x00,0x00,0x00,0x00,0x00,0x00,0x00,0x00,0x00,0x00,0x00,0x00,0x00,
    0x00,0x00,0x00,0x00,0x00,0x00,0x00,0x00,0x00,0x00,0x00,0x00,0x00,0x00,0x00,0x00,0x00,0x00,0x00,0x00,0x00,0x00,0x00,0x00,
    0x00,0x00,0x00,0x00,0x00,0x00,0x00,0x00,0x00,0x00,0x00,0x00,0x00,0x00,0x00,0x00,0x00,0x00,0x00,0x00,0x00,0x00,0x00,0x00,
    0x00,0x00,0x00,0x00,0x00,0x00,0x00,0x00,0x00,0x00,0x00,0x00,0x00,0x00,0x00,0x00,0x00,0x00,0x00,0x00,0x00,0x00,0x00,0x00,
    0x00,0x00,0x00,0x00,0x00,0x00,0x00,0x00,0x00,0x00,0x00,0x00,0x00,0x00,0x00,0x00,0x00,0x00,0x00,0x00,0x00,0x00,0x00,0x00,
    0x00,0x00,0x00,0x00,0x00,0x00,0x00,0x00,0x00,0x00,0x00,0x00,0x00,0x00,0x00,0x00,0x00,0x00,0x00,0x00,0x00,0x00,0x00,0x00,
    0x00,0x00,0x00,0x00,0x00,0x00,0x00,0x00,0x00,0x00,0x00,0x00,0x00,0x00,0x00,0x00,0x00,0x00,0x00,0x00,0x00,0x00,0x00,0x00,
    0x00,0x00,0x00,0x00,0x00,0x00,0x00,0x00,0x00,0x00,0x00,0x00,0x00,0x00,0x00,0x00,0x00,0x00,0x00,0x00,0x00,0x00,0x00,0x00,
    0x00,0x00,0x00,0x00,0x00,0x00,0x00,0x00,0x00,0x00,0x00,0x00,0x00,0x00,0x00,0x00,0x00,0x00,0x00,0x00,0x00,0x00,0x00,0x00,
    0x00,0x00,0x00,0x00,0x00,0x00,0x00,0x00,0x00,0x00,0x00,0x00,0x00,0x00,0x00,0x00,0x00,0x00,0x00,0x00,0x00,0x00,0x00,0x00,
    0x00,0x00,0x00,0x00,0x00,0x00,0x00,0x00,0x00,0x00,0x00,0x00,0x00,0x00,0x00,0x00,0x00,0x00,0x00,0x00,0x00,0x00,0x00,0x00,
    0x00,0x00,0x00,0x00,0x00,0x00,0x00,0x00,0x00,0x00,0x00,0x00,0x00,0x00,0x00,0x00,0x00,0x00,0x00,0x00,0x00,0x00,0x00,0x00,
    0x00,0x00,0x00,0x00,0x00,0x00,0x00,0x00,0x00,0x00,0x00,0x00,0x00,0x00,0x00,0x00,0x00,0x00,0x00,0x00,0x00,0x00,0x00,0x00,
    0x00,0x00,0x00,0x00,0x00,0x00,0x00,0x00,0x00,0x00,0x00,0x00,0x00,0x00,0x00,0x00,0x00,0x00,0x00,0x00,0x00,0x00,0x00,0x00,
    0x00,0x00,0x00,0x00,0x00,0x00,0x00,0x00,0x00,0x00,0x00,0x00,0x00,0x00,0x00,0x00,0x00,0x00,0x00,0x00,0x00,0x00,0x00,0x00,
    0x00,0x00,0x00,0x00,0x00,0x00,0x00,0x00,0x00,0x00,0x00,0x00,0x00,0x00,0x00,0x00,0x00,0x00,0x00,0x00,0x00,0x00,0x00,0x00,
    0x00,0x00,0x00,0x00,0x00,0x00,0x00,0x00,0x00,0x00,0x00,0x00,0x00,0x00,0x00,0x00,0x00,0x00,0x00,0x00,0x00,0x00,0x00,0x00,
    0x00,0x00,0x00,0x00,0x00,0x00,0x00,0x00,0x00,0x00,0x00,0x00,0x00,0x00,0x00,0x00,0x00,0x00,0x00,0x00,0x00,0x00,0x00,0x00,
    0x00,0x00,0x00,0x00,0x00,0x00,0x00,0x00,0x00,0x00,0x00,0x00,0x00,0x00,0x00,0x00,0x00,0x00,0x00,0x00,0x00,0x00,0x00,0x00,
    0x00,0x00,0x00,0x00,0x00,0x00,0x00,0x00,0x00,0x00,0x00,0x00,0x00,0x00,0x00,0x00,0x00,0x00,0x00,0x00,0x00,0x00,0x00,0x00,
    0x00,0x00,0x00,0x00,0x00,0x00,0x00,0x00,0x00,0x00,0x00,0x00,0x00,0x00,0x00,0x00,0x00,0x00,0x00,0x00,0x00,0x00,0x00,0x00,
    0x00,0x00,0x00,0x00,0x00,0x00,0x00,0x00,0x00,0x00,0x00,0x00,0x00,0x00,0x00,0x00,0x00,0x00,0x00,0x00,0x00,0x00,0x00,0x00,
    0x00,0x00,0x00,0x00,0x00,0x00,0x00,0x00,0x00,0x00,0x00,0x00,0x00,0x00,0x00,0x00,0x00,0x00,0x00,0x00,0x00,0x00,0x00,0x00,
    0x00,0x00,0x00,0x00,0x00,0x00,0x00,0x00,0x00,0x00,0x00,0x00,0x00,0x00,0x00,0x00,0x00,0x00,0x00,0x00,0x00,0x00,0x00,0x00,
    0x00,0x00,0x00,0x00,0x00,0x00,0x00,0x00,0x00,0x00,0x00,0x00,0x00,0x00,0x00,0x00,0x00,0x00,0x00,0x00,0x00,0x00,0x00,0x00,
    0x00,0x00,0x00,0x00,0x00,0x00,0x00,0x00,0x00,0x00,0x00,0x00,0x00,0x00,0x00,0x00,0x00,0x00,0x00,0x00,0x00,0x00,0x00,0x00,
    0x00,0x00,0x00,0x00,0x00,0x00,0x00,0x00,0x00,0x00,0x00,0x00,0x00,0x00,0x00,0x00,0x00,0x00,0x00,0x00,0x00,0x00,0x00,0x00,
    0x00,0x00,0x00,0x00,0x00,0x00,0x00,0x00,0x00,0x00,0x00,0x00,0x00,0x00,0x00,0x00,0x00,0x00,0x00,0x00,0x00,0x00,0x00,0x00,
    0x00,0x00,0x00,0x00,0x00,0x00,0x00,0x00,0x00,0x00,0x00,0x00,0x00,0x00,0x00,0x00,0x00,0x00,0x00,0x00,0x00,0x00,0x00,0x00,
    0x00,0x00,0x00,0x00,0x00,0x00,0x00,0x00,0x00,0x00,0x00,0x00,0x00,0x00,0x00,0x00,0x00,0x00,0x00,0x00,0x00,0x00,0x00,0x00,
    0x00,0x00,0x00,0x00,0x00,0x00,0x00,0x00,0x00,0x00,0x00,0x00,0x00,0x00,0x00,0x00,0x00,0x00,0x00,0x00,0x00,0x00,0x00,0x00,
    0x00,0x00,0x00,0x00,0x00,0x00,0x00,0x00,0x00,0x00,0x00,0x00,0x00,0x00,0x00,0x00,0x00,0x00,0x00,0x00,0x00,0x00,0x00,0x00,
    0x00,0x00,0x00,0x00,0x00,0x00,0x00,0x00,0x00,0x00,0x00,0x00,0x00,0x00,0x00,0x00,0x00,0x00,0x00,0x00,0x00,0x00,0x00,0x00,
    0x00,0x00,0x00,0x00,0x00,0x00,0x00,0x00,0x00,0x00,0x00,0x00,0x00,0x00,0x00,0x00,0x00,0x00,0x00,0x00,0x00,0x00,0x00,0x00,
    0x00,0x00,0x00,0x00,0x00,0x00,0x00,0x00,0x00,0x00,0x00,0x00,0x00,0x00,0x00,0x00,0x00,0x00,0x00,0x00,0x00,0x00,0x00,0x00,
    0x00,0x00,0x00,0x00,0x00,0x00,0x00,0x00,0x00,0x00,0x00,0x00,0x00,0x00,0x00,0x00,0x00,0x00,0x00,0x00,0x00,0x00,0x00,0x00,
    0x00,0x00,0x00,0x00,0x00,0x00,0x00,0x00,0x00,0x00,0x00,0x00,0x00,0x00,0x00,0x00,0x00,0x00,0x00,0x00,0x00,0x00,0x00,0x00,
    0x00,0x00,0x00,0x00,0x00,0x00,0x00,0x00,0x00,0x00,0x00,0x00,0x00,0x00,0x00,0x00,0x00,0x00,0x00,0x00,0x00,0x00,0x00,0x00,
    0x00,0x00,0x00,0x00,0x00,0x00,0x00,0x00,0x00,0x00,0x00,0x00,0x00,0x00,0x00,0x00,0x00,0x00,0x00,0x00,0x00,0x00,0x00,0x00,
    0x00,0x00,0x00,0x00,0x00,0x00,0x00,0x00,0x00,0x00,0x00,0x00,0x00,0x00,0x00,0x00,0x00,0x00,0x00,0x00,0x00,0x00,0x00,0x00,
    0x00,0x00,0x00,0x00,0x00,0x00,0x00,0x00,0x00,0x00,0x00,0x00,0x00,0x00,0x00,0x00,0x00,0x00,0x00,0x00,0x00,0x00,0x00,0x00,
    0x00,0x00,0x00,0x00,0x00,0x00,0x00,0x00,0x00,0x00,0x00,0x00,0x00,0x00,0x00,0x00,0x00,0x00,0x00,0x00,0x00,0x00,0x00,0x00,
    0x00,0x00,0x00,0x00,0x00,0x00,0x00,0x00,0x00,0x00,0x00,0x00,0x00,0x00,0x00,0x00,0x00,0x00,0x00,0x00,0x00,0x00,0x00,0x00,
    0x00,0x00,0x00,0x00,0x00,0x00,0x00,0x00,0x00,0x00,0x00,0x00,0x00,0x00,0x00,0x00,0x00,0x00,0x00,0x00,0x00,0x00,0x00,0x00,
    0x00,0x00,0x00,0x00,0x00,0x00,0x00,0x00,0x00,0x00,0x00,0x00,0x00,0x00,0x00,0x00,0x00,0x00,0x00,0x00,0x00,0x00,0x00,0x00,
    0x00,0x00,0x00,0x00,0x00,0x00,0x00,0x00,0x00,0x00,0x00,0x00,0x00,0x00,0x00,0x00,0x00,0x00,0x00,0x00,0x00,0x00,0x00,0x00,
    0x00,0x00,0x00,0x00,0x00,0x00,0x00,0x00,0x00,0x00,0x00,0x00,0x00,0x00,0x00,0x00,0x00,0x00,0x00,0x00,0x00,0x00,0x00,0x00,
    0x00,0x00,0x00,0x00,0x00,0x00,0x00,0x00,0x00,0x00,0x00,0x00,0x00,0x00,0x00,0x00,0x00,0x00,0x00,0x00,0x00,0x00,0x00,0x00,
    0x00,0x00,0x00,0x00,0x00,0x00,0x00,0x00,0x00,0x00,0x00,0x00,0x00,0x00,0x00,0x00,0x00,0x00,0x00,0x00,0x00,0x00,0x00,0x00,
    0x00,0x00,0x00,0x00,0x00,0x00,0x00,0x00,0x00,0x00,0x00,0x00,0x00,0x00,0x00,0x00,0x00,0x00,0x00,0x00,0x00,0x00,0x00,0x00,
    0x00,0x00,0x00,0x00,0x00,0x00,0x00,0x00,0x00,0x00,0x00,0x00,0x00,0x00,0x00,0x00,0x00,0x00,0x00,0x00,0x00,0x00,0x00,0x00,
    0x00,0x00,0x00,0x00,0x00,0x00,0x00,0x00,0x00,0x00,0x00,0x00,0x00,0x00,0x00,0x00,0x00,0x00,0x00,0x00,0x00,0x00,0x00,0x00,
    0x00,0x00,0x00,0x00,0x00,0x00,0x00,0x00,0x00,0x00,0x00,0x00,0x00,0x00,0x00,0x00,0x00,0x00,0x00,0x00,0x00,0x00,0x00,0x00,
    0x00,0x00,0x00,0x00,0x00,0x00,0x00,0x00,0x00,0x00,0x00,0x00,0x00,0x00,0x00,0x00,0x00,0x00,0x00,0x00,0x00,0x00,0x00,0x00,
    0x00,0x00,0x00,0x00,0x00,0x00,0x00,0x00,0x00,0x00,0x00,0x00,0x00,0x00,0x00,0x00,0x00,0x00,0x00,0x00,0x00,0x00,0x00,0x00,
    0x00,0x00,0x00,0x00,0x00,0x00,0x00,0x00,0x00,0x00,0x00,0x00,0x00,0x00,0x00,0x00,0x00,0x00,0x00,0x00,0x00,0x00,0x00,0x00,
    0x00,0x00,0x00,0x00,0x00,0x00,0x00,0x00,0x00,0x00,0x00,0x00,0x00,0x00,0x00,0x00,0x00,0x00,0x00,0x00,0x00,0x00,0x00,0x00,
    0x00,0x00,0x00,0x00,0x00,0x00,0x00,0x00,0x00,0x00,0x00,0x00,0x00,0x00,0x00,0x00,0x00,0x00,0x00,0x00,0x00,0x00,0x00,0x00,
    0x00,0x00,0x00,0x00,0x00,0x00,0x00,0x00,0x00,0x00,0x00,0x00,0x00,0x00,0x00,0x00,0x00,0x00,0x00,0x00,0x00,0x00,0x00,0x00,
    0x00,0x00,0x00,0x00,0x00,0x00,0x00,0x00,0x00,0x00,0x00,0x00,0x00,0x00,0x00,0x00,0x00,0x00,0x00,0x00,0x00,0x00,0x00,0x00,
    0x00,0x00,0x00,0x00,0x00,0x00,0x00,0x00,0x00,0x00,0x00,0x00,0x00,0x00,0x00,0x00,0x00,0x00,0x00,0x00,0x00,0x00,0x00,0x00,
    0x00,0x00,0x00,0x00,0x00,0x00,0x00,0x00,0x00,0x00,0x00,0x00,0x00,0x00,0x00,0x00,0x00,0x00,0x00,0x00,0x00,0x00,0x00,0x00,
    0x00,0x00,0x00,0x00,0x00,0x00,0x00,0x00,0x00,0x00,0x00,0x00,0x00,0x00,0x00,0x00,0x00,0x00,0x00,0x00,0x00,0x00,0x00,0x00,
    0x00,0x00,0x00,0x00,0x00,0x00,0x00,0x00,0x00,0x00,0x00,0x00,0x00,0x00,0x00,0x00,0x00,0x00,0x00,0x00,0x00,0x00,0x00,0x00,
    0x00,0x00,0x00,0x00,0x00,0x00,0x00,0x00,0x00,0x00,0x00,0x00,0x00,0x00,0x00,0x00,0x00,0x00,0x00,0x00,0x00,0x00,0x00,0x00,
    0x00,0x00,0x00,0x00,0x00,0x00,0x00,0x00,0x00,0x00,0x00,0x00,0x00,0x00,0x00,0x00,0x00,0x00,0x00,0x00,0x00,0x00,0x00,0x00,
    0x00,0x00,0x00,0x00,0x00,0x00,0x00,0x00,0x00,0x00,0x00,0x00,0x00,0x00,0x00,0x00,0x00,0x00,0x00,0x00,0x00,0x00,0x00,0x00,
    0x00,0x00,0x00,0x00,0x00,0x00,0x00,0x00,0x00,0x00,0x00,0x00,0x00,0x00,0x00,0x00,0x00,0x00,0x00,0x00,0x00,0x00,0x00,0x00,
    0x00,0x00,0x00,0x00,0x00,0x00,0x00,0x00,0x00,0x00,0x00,0x00,0x00,0x00,0x00,0x00,0x00,0x00,0x00,0x00,0x00,0x00,0x00,0x00,
    0x00,0x00,0x00,0x00,0x00,0x00,0x00,0x00,0x00,0x00,0x00,0x00,0x00,0x00,0x00,0x00,0x00,0x00,0x00,0x00,0x00,0x00,0x00,0x00,
    0x00,0x00,0x00,0x00,0x00,0x00,0x00,0x00,0x00,0x00,0x00,0x00,0x00,0x00,0x00,0x00,0x00,0x00,0x00,0x00,0x00,0x00,0x00,0x00,
    0x00,0x00,0x00,0x00,0x00,0x00,0x00,0x00,0x00,0x00,0x00,0x00,0x00,0x00,0x00,0x00,0x00,0x00,0x00,0x00,0x00,0x00,0x00,0x00,
    0x00,0x00,0x00,0x00,0x00,0x00,0x00,0x00,0x00,0x00,0x00,0x00,0x00,0x00,0x00,0x00,0x00,0x00,0x00,0x00,0x00,0x00,0x00,0x00,
    0x00,0x00,0x00,0x00,0x00,0x00,0x00,0x00,0x00,0x00,0x00,0x00,0x00,0x00,0x00,0x00,0x00,0x00,0x00,0x00,0x00,0x00,0x00,0x00,
    0x00,0x00,0x00,0x00,0x00,0x00,0x00,0x00,0x00,0x00,0x00,0x00,0x00,0x00,0x00,0x00,0x00,0x00,0x00,0x00,0x00,0x00,0x00,0x00,
    0x00,0x00,0x00,0x00,0x00,0x00,0x00,0x00,0x00,0x00,0x00,0x00,0x00,0x00,0x00,0x00,0x00,0x00,0x00,0x00,0x00,0x00,0x00,0x00,
    0x00,0x00,0x00,0x00,0x00,0x00,0x00,0x00,0x00,0x00,0x00,0x00,0x00,0x00,0x00,0x00,0x00,0x00,0x00,0x00,0x00,0x00,0x00,0x00,
    0x00,0x00,0x00,0x00,0x00,0x00,0x00,0x00,0x00,0x00,0x00,0x00,0x00,0x00,0x00,0x00,0x00,0x00,0x00,0x00,0x00,0x00,0x00,0x00,
    0x00,0x00,0x00,0x00,0x00,0x00,0x00,0x00,0x00,0x00,0x00,0x00,0x00,0x00,0x00,0x00,0x00,0x00,0x00,0x00,0x00,0x00,0x00,0x00,
    0x00,0x00,0x00,0x00,0x00,0x00,0x00,0x00,0x00,0x00,0x00,0x00,0x00,0x00,0x00,0x00,0x00,0x00,0x00,0x00,0x00,0x00,0x00,0x00,
    0x00,0x00,0x00,0x00,0x00,0x00,0x00,0x00,0x00,0x00,0x00,0x00,0x00,0x00,0x00,0x00,0x00,0x00,0x00,0x00,0x00,0x00,0x00,0x00,
    0x00,0x00,0x00,0x00,0x00,0x00,0x00,0x00,0x00,0x00,0x00,0x00,0x00,0x00,0x00,0x00,0x00,0x00,0x00,0x00,0x00,0x00,0x00,0x00,
    0x00,0x00,0x00,0x00,0x00,0x00,0x00,0x00,0x00,0x00,0x00,0x00,0x00,0x00,0x00,0x00,0x00,0x00,0x00,0x00,0x00,0x00,0x00,0x00,
    0x00,0x00,0x00,0x00,0x00,0x00,0x00,0x00,0x00,0x00,0x00,0x00,0x00,0x00,0x00,0x00,0x00,0x00,0x00,0x00,0x00,0x00,0x00,0x00,
    0x00,0x00,0x00,0x00,0x00,0x00,0x00,0x00,0x00,0x00,0x00,0x00,0x00,0x00,0x00,0x00,0x00,0x00,0x00,0x00,0x00,0x00,0x00,0x00,
    0x00,0x00,0x00,0x00,0x00,0x00,0x00,0x00,0x00,0x00,0x00,0x00,0x00,0x00,0x00,0x00,0x00,0x00,0x00,0x00,0x00,0x00,0x00,0x00,
    0x00,0x00,0x00,0x00,0x00,0x00,0x00,0x00,0x00,0x00,0x00,0x00,0x00,0x00,0x00,0x00,0x00,0x00,0x00,0x00,0x00,0x00,0x00,0x00,
    0x00,0x00,0x00,0x00,0x00,0x00,0x00,0x00,0x00,0x00,0x00,0x00,0x00,0x00,0x00,0x00,0x00,0x00,0x00,0x00,0x00,0x00,0x00,0x00,
    0x00,0x00,0x00,0x00,0x00,0x00,0x00,0x00,0x00,0x00,0x00,0x00,0x00,0x00,0x00,0x00,0x00,0x00,0x00,0x00,0x00,0x00,0x00,0x00,
    0x00,0x00,0x00,0x00,0x00,0x00,0x00,0x00,0x00,0x00,0x00,0x00,0x00,0x00,0x00,0x00,0x00,0x00,0x00,0x00,0x00,0x00,0x00,0x00,
    0x00,0x00,0x00,0x00,0x00,0x00,0x00,0x00,0x00,0x00,0x00,0x00,0x00,0x00,0x00,0x00,0x00,0x00,0x00,0x00,0x00,0x00,0x00,0x00,
    0x00,0x00,0x00,0x00,0x00,0x00,0x00,0x00,0x00,0x00,0x00,0x00,0x00,0x00,0x00,0x00,0x00,0x00,0x00,0x00,0x00,0x00,0x00,0x00,
    0x00,0x00,0x00,0x00,0x00,0x00,0x00,0x00,0x00,0x00,0x00,0x00,0x00,0x00,0x00,0x00,0x00,0x00,0x00,0x00,0x00,0x00,0x00,0x00,
    0x00,0x00,0x00,0x00,0x00,0x00,0x00,0x00,0x00,0x00,0x00,0x00,0x00,0x00,0x00,0x00,0x00,0x00,0x00,0x00,0x00,0x00,0x00,0x00,
    0x00,0x00,0x00,0x00,0x00,0x00,0x00,0x00,0x00,0x00,0x00,0x00,0x00,0x00,0x00,0x00,0x00,0x00,0x00,0x00,0x00,0x00,0x00,0x00,
    0x00,0x00,0x00,0x00,0x00,0x00,0x00,0x00,0x00,0x00,0x00,0x00,0x00,0x00,0x00,0x00,0x00,0x00,0x00,0x00,0x00,0x00,0x00,0x00,
    0x00,0x00,0x00,0x00,0x00,0x00,0x00,0x00,0x00,0x00,0x00,0x00,0x00,0x00,0x00,0x00,0x00,0x00,0x00,0x00,0x00,0x00,0x00,0x00,
    0x00,0x00,0x00,0x00,0x00,0x00,0x00,0x00,0x00,0x00,0x00,0x00,0x00,0x00,0x00,0x00,0x00,0x00,0x00,0x00,0x00,0x00,0x00,0x00,
    0x00,0x00,0x00,0x00,0x00,0x00,0x00,0x00,0x00,0x00,0x00,0x00,0x00,0x00,0x00,0x00,0x00,0x00,0x00,0x00,0x00,0x00,0x00,0x00,
    0x00,0x00,0x00,0x00,0x00,0x00,0x00,0x00,0x00,0x00,0x00,0x00,0x00,0x00,0x00,0x00,0x00,0x00,0x00,0x00,0x00,0x00,0x00,0x00,
    0x00,0x00,0x00,0x00,0x00,0x00,0x00,0x00,0x00,0x00,0x00,0x00,0x00,0x00,0x00,0x00,0x00,0x00,0x00,0x00,0x00,0x00,0x00,0x00,
    0x00,0x00,0x00,0x00,0x00,0x00,0x00,0x00,0x00,0x00,0x00,0x00,0x00,0x00,0x00,0x00,0x00,0x00,0x00,0x00,0x00,0x00,0x00,0x00,
    0x00,0x00,0x00,0x00,0x00,0x00,0x00,0x00,0x00,0x00,0x00,0x00,0x00,0x00,0x00,0x00,0x00,0x00,0x00,0x00,0x00,0x00,0x00,0x00,
    0x00,0x00,0x00,0x00,0x00,0x00,0x00,0x00,0x00,0x00,0x00,0x00,0x00,0x00,0x00,0x00,0x00,0x00,0x00,0x00,0x00,0x00,0x00,0x00,
    0x00,0x00,0x00,0x00,0x00,0x00,0x00,0x00,0x00,0x00,0x00,0x00,0x00,0x00,0x00,0x00,0x00,0x00,0x00,0x00,0x00,0x00,0x00,0x00,
    0x00,0x00,0x00,0x00,0x00,0x00,0x00,0x00,0x00,0x00,0x00,0x00,0x00,0x00,0x00,0x00,0x00,0x00,0x00,0x00,0x00,0x00,0x00,0x00,
    0x00,0x00,0x00,0x00,0x00,0x00,0x00,0x00,0x00,0x00,0x00,0x00,0x00,0x00,0x00,0x00,0x00,0x00,0x00,0x00,0x00,0x00,0x00,0x00,
    0x00,0x00,0x00,0x00,0x00,0x00,0x00,0x00,0x00,0x00,0x00,0x00,0x00,0x00,0x00,0x00,0x00,0x00,0x00,0x00,0x00,0x00,0x00,0x00,
    0x00,0x00,0x00,0x00,0x00,0x00,0x00,0x00,0x00,0x00,0x00,0x00,0x00,0x00,0x00,0x00,0x00,0x00,0x00,0x00,0x00,0x00,0x00,0x00,
    0x00,0x00,0x00,0x00,0x00,0x00,0x00,0x00,0x00,0x00,0x00,0x00,0x00,0x00,0x00,0x00,0x00,0x00,0x00,0x00,0x00,0x00,0x00,0x00,
    0x00,0x00,0x00,0x00,0x00,0x00,0x00,0x00,0x00,0x00,0x00,0x00,0x00,0x00,0x00,0x00,0x00,0x00,0x00,0x00,0x00,0x00,0x00,0x00,
    0x00,0x00,0x00,0x00,0x00,0x00,0x00,0x00,0x00,0x00,0x00,0x00,0x00,0x00,0x00,0x00,0x00,0x00,0x00,0x00,0x00,0x00,0x00,0x00,
    0x00,0x00,0x00,0x00,0x00,0x00,0x00,0x00,0x00,0x00,0x00,0x00,0x00,0x00,0x00,0x00,0x00,0x00,0x00,0x00,0x00,0x00,0x00,0x00,
    0x00,0x00,0x00,0x00,0x00,0x00,0x00,0x00,0x00,0x00,0x00,0x00,0x00,0x00,0x00,0x00,0x00,0x00,0x00,0x00,0x00,0x00,0x00,0x00,
    0x00,0x00,0x00,0x00,0x00,0x00,0x00,0x00,0x00,0x00,0x00,0x00,0x00,0x00,0x00,0x00,0x00,0x00,0x00,0x00,0x00,0x00,0x00,0x00,
    0x00,0x00,0x00,0x00,0x00,0x00,0x00,0x00,0x00,0x00,0x00,0x00,0x00,0x00,0x00,0x00,0x00,0x00,0x00,0x00,0x00,0x00,0x00,0x00,
    0x00,0x00,0x00,0x00,0x00,0x00,0x00,0x00,0x00,0x00,0x00,0x00,0x00,0x00,0x00,0x00,0x00,0x00,0x00,0x00,0x00,0x00,0x00,0x00,
    0x00,0x00,0x00,0x00,0x00,0x00,0x00,0x00,0x00,0x00,0x00,0x00,0x00,0x00,0x00,0x00,0x00,0x00,0x00,0x00,0x00,0x00,0x00,0x00,
    0x00,0x00,0x00,0x00,0x00,0x00,0x00,0x00,0x00,0x00,0x00,0x00,0x00,0x00,0x00,0x00,0x00,0x00,0x00,0x00,0x00,0x00,0x00,0x00,
    0x00,0x00,0x00,0x00,0x00,0x00,0x00,0x00,0x00,0x00,0x00,0x00,0x00,0x00,0x00,0x00,0x00,0x00,0x00,0x00,0x00,0x00,0x00,0x00,
    0x00,0x00,0x00,0x00,0x00,0x00,0x00,0x00,0x00,0x00,0x00,0x00,0x00,0x00,0x00,0x00,0x00,0x00,0x00,0x00,0x00,0x00,0x00,0x00,
    0x00,0x00,0x00,0x00,0x00,0x00,0x00,0x00,0x00,0x00,0x00,0x00,0x00,0x00,0x00,0x00,0x00,0x00,0x00,0x00,0x00,0x00,0x00,0x00,
    0x00,0x00,0x00,0x00,0x00,0x00,0x00,0x00,0x00,0x00,0x00,0x00,0x00,0x00,0x00,0x00,0x00,0x00,0x00,0x00,0x00,0x00,0x00,0x00,
    0x00,0x00,0x00,0x00,0x00,0x00,0x00,0x00,0x00,0x00,0x00,0x00,0x00,0x00,0x00,0x00,0x00,0x00,0x00,0x00,0x00,0x00,0x00,0x00,
    0x00,0x00,0x00,0x00,0x00,0x00,0x00,0x00,0x00,0x00,0x00,0x00,0x00,0x00,0x00,0x00,0x00,0x00,0x00,0x00,0x00,0x00,0x00,0x00,
    0x00,0x00,0x00,0x00,0x00,0x00,0x00,0x00,0x00,0x00,0x00,0x00,0x00,0x00,0x00,0x00,0x00,0x00,0x00,0x00,0x00,0x00,0x00,0x00,
    0x00,0x00,0x00,0x00,0x00,0x00,0x00,0x00,0x00,0x00,0x00,0x00,0x00,0x00,0x00,0x00,0x00,0x00,0x00,0x00,0x00,0x00,0x00,0x00,
    0x00,0x00,0x00,0x00,0x00,0x00,0x00,0x00,0x00,0x00,0x00,0x00,0x00,0x00,0x00,0x00,0x00,0x00,0x00,0x00,0x00,0x00,0x00,0x00,
    0x00,0x00,0x00,0x00,0x00,0x00,0x00,0x00,0x00,0x00,0x00,0x00,0x00,0x00,0x00,0x00,0x00,0x00,0x00,0x00,0x00,0x00,0x00,0x00,
    0x00,0x00,0x00,0x00,0x00,0x00,0x00,0x00,0x00,0x00,0x00,0x00,0x00,0x00,0x00,0x00,0x00,0x00,0x00,0x00,0x00,0x00,0x00,0x00,
    0x00,0x00,0x00,0x00,0x00,0x00,0x00,0x00,0x00,0x00,0x00,0x00,0x00,0x00,0x00,0x00,0x00,0x00,0x00,0x00,0x00,0x00,0x00,0x00,
    0x00,0x00,0x00,0x00,0x00,0x00,0x00,0x00,0x00,0x00,0x00,0x00,0x00,0x00,0x00,0x00,0x00,0x00,0x00,0x00,0x00,0x00,0x00,0x00,
    0x00,0x00,0x00,0x00,0x00,0x00,0x00,0x00,0x00,0x00,0x00,0x00,0x00,0x00,0x00,0x00,0x00,0x00,0x00,0x00,0x00,0x00,0x00,0x00,
    0x00,0x00,0x00,0x00,0x00,0x00,0x00,0x00,0x00,0x00,0x00,0x00,0x00,0x00,0x00,0x00,0x00,0x00,0x00,0x00,0x00,0x00,0x00,0x00,
    0x00,0x00,0x00,0x00,0x00,0x00,0x00,0x00,0x00,0x00,0x00,0x00,0x00,0x00,0x00,0x00,0x00,0x00,0x00,0x00,0x00,0x00,0x00,0x00,
    0x00,0x00,0x00,0x00,0x00,0x00,0x00,0x00,0x00,0x00,0x00,0x00,0x00,0x00,0x00,0x00,0x00,0x00,0x00,0x00,0x00,0x00,0x00,0x00,
    0x00,0x00,0x00,0x00,0x00,0x00,0x00,0x00,0x00,0x00,0x00,0x00,0x00,0x00,0x00,0x00,0x00,0x00,0x00,0x00,0x00,0x00,0x00,0x00,
    0x00,0x00,0x00,0x00,0x00,0x00,0x00,0x00,0x00,0x00,0x00,0x00,0x00,0x00,0x00,0x00,0x00,0x00,0x00,0x00,0x00,0x00,0x00,0x00,
    0x00,0x00,0x00,0x00,0x00,0x00,0x00,0x00,0x00,0x00,0x00,0x00,0x00,0x00,0x00,0x00,0x00,0x00,0x00,0x00,0x00,0x00,0x00,0x00,
    0x00,0x00,0x00,0x00,0x00,0x00,0x00,0x00,0x00,0x00,0x00,0x00,0x00,0x00,0x00,0x00,0x00,0x00,0x00,0x00,0x00,0x00,0x00,0x00,
    0x00,0x00,0x00,0x00,0x00,0x00,0x00,0x00,0x00,0x00,0x00,0x00,0x00,0x00,0x00,0x00,0x00,0x00,0x00,0x00,0x00,0x00,0x00,0x00,
    0x00,0x00,0x00,0x00,0x00,0x00,0x00,0x00,0x00,0x00,0x00,0x00,0x00,0x00,0x00,0x00,0x00,0x00,0x00,0x00,0x00,0x00,0x00,0x00,
    0x00,0x00,0x00,0x00,0x00,0x00,0x00,0x00,0x00,0x00,0x00,0x00,0x00,0x00,0x00,0x00,0x00,0x00,0x00,0x00,0x00,0x00,0x00,0x00,
    0x00,0x00,0x00,0x00,0x00,0x00,0x00,0x00,0x00,0x00,0x00,0x00,0x00,0x00,0x00,0x00,0x00,0x00,0x00,0x00,0x00,0x00,0x00,0x00,
    0x00,0x00,0x00,0x00,0x00,0x00,0x00,0x00,0x00,0x00,0x00,0x00,0x00,0x00,0x00,0x00,0x00,0x00,0x00,0x00,0x00,0x00,0x00,0x00,
    0x00,0x00,0x00,0x00,0x00,0x00,0x00,0x00,0x00,0x00,0x00,0x00,0x00,0x00,0x00,0x00,0x00,0x00,0x00,0x00,0x00,0x00,0x00,0x00,
    0x00,0x00,0x00,0x00,0x00,0x00,0x00,0x00,0x00,0x00,0x00,0x00,0x00,0x00,0x00,0x00,0x00,0x00,0x00,0x00,0x00,0x00,0x00,0x00,
    0x00,0x00,0x00,0x00,0x00,0x00,0x00,0x00,0x00,0x00,0x00,0x00,0x00,0x00,0x00,0x00,0x00,0x00,0x00,0x00,0x00,0x00,0x00,0x00,
    0x00,0x00,0x00,0x00,0x00,0x00,0x00,0x00,0x00,0x00,0x00,0x00,0x00,0x00,0x00,0x00,0x00,0x00,0x00,0x00,0x00,0x00,0x00,0x00,
    0x00,0x00,0x00,0x00,0x00,0x00,0x00,0x00,0x00,0x00,0x00,0x00,0x00,0x00,0x00,0x00,0x00,0x00,0x00,0x00,0x00,0x00,0x00,0x00,
    0x00,0x00,0x00,0x00,0x00,0x00,0x00,0x00,0x00,0x00,0x00,0x00,0x00,0x00,0x00,0x00,0x00,0x00,0x00,0x00,0x00,0x00,0x00,0x00,
    0x00,0x00,0x00,0x00,0x00,0x00,0x00,0x00,0x00,0x00,0x00,0x00,0x00,0x00,0x00,0x00,0x00,0x00,0x00,0x00,0x00,0x00,0x00,0x00,
    0x00,0x00,0x00,0x00,0x00,0x00,0x00,0x00,0x00,0x00,0x00,0x00,0x00,0x00,0x00,0x00,0x00,0x00,0x00,0x00,0x00,0x00,0x00,0x00,
    0x00,0x00,0x00,0x00,0x00,0x00,0x00,0x00,0x00,0x00,0x00,0x00,0x00,0x00,0x00,0x00,0x00,0x00,0x00,0x00,0x00,0x00,0x00,0x00,
    0x00,0x00,0x00,0x00,0x00,0x00,0x00,0x00,0x00,0x00,0x00,0x00,0x00,0x00,0x00,0x00,0x00,0x00,0x00,0x00,0x00,0x00,0x00,0x00,
    0x00,0x00,0x00,0x00,0x00,0x00,0x00,0x00,0x00,0x00,0x00,0x00,0x00,0x00,0x00,0x00,0x00,0x00,0x00,0x00,0x00,0x00,0x00,0x00,
    0x00,0x00,0x00,0x00,0x00,0x00,0x00,0x00,0x00,0x00,0x00,0x00,0x00,0x00,0x00,0x00,0x00,0x00,0x00,0x00,0x00,0x00,0x00,0x00,
    0x00,0x00,0x00,0x00,0x00,0x00,0x00,0x00,0x00,0x00,0x00,0x00,0x00,0x00,0x00,0x00,0x00,0x00,0x00,0x00,0x00,0x00,0x00,0x00,
    0x00,0x00,0x00,0x00,0x00,0x00,0x00,0x00,0x00,0x00,0x00,0x00,0x00,0x00,0x00,0x00,0x00,0x00,0x00,0x00,0x00,0x00,0x00,0x00,
    0x00,0x00,0x00,0x00,0x00,0x00,0x00,0x00,0x00,0x00,0x00,0x00,0x00,0x00,0x00,0x00,0x00,0x00,0x00,0x00,0x00,0x00,0x00,0x00,
    0x00,0x00,0x00,0x00,0x00,0x00,0x00,0x00,0x00,0x00,0x00,0x00,0x00,0x00,0x00,0x00,0x00,0x00,0x00,0x00,0x00,0x00,0x00,0x00,
    0x00,0x00,0x00,0x00,0x00,0x00,0x00,0x00,0x00,0x00,0x00,0x00,0x00,0x00,0x00,0x00,0x00,0x00,0x00,0x00,0x00,0x00,0x00,0x00,
    0x00,0x00,0x00,0x00,0x00,0x00,0x00,0x00,0x00,0x00,0x00,0x00,0x00,0x00,0x00,0x00,0x00,0x00,0x00,0x00,0x00,0x00,0x00,0x00,
    0x00,0x00,0x00,0x00,0x00,0x00,0x00,0x00,0x00,0x00,0x00,0x00,0x00,0x00,0x00,0x00,0x00,0x00,0x00,0x00,0x00,0x00,0x00,0x00,
    0x00,0x00,0x00,0x00,0x00,0x00,0x00,0x00,0x00,0x00,0x00,0x00,0x00,0x00,0x00,0x00,0x00,0x00,0x00,0x00,0x00,0x00,0x00,0x00,
    0x00,0x00,0x00,0x00,0x00,0x00,0x00,0x00,0x00,0x00,0x00,0x00,0x00,0x00,0x00,0x00,0x00,0x00,0x00,0x00,0x00,0x00,0x00,0x00,
    0x00,0x00,0x00,0x00,0x00,0x00,0x00,0x00,0x00,0x00,0x00,0x00,0x00,0x00,0x00,0x00,0x00,0x00,0x00,0x00,0x00,0x00,0x00,0x00,
    0x00,0x00,0x00,0x00,0x00,0x00,0x00,0x00,0x00,0x00,0x00,0x00,0x00,0x00,0x00,0x00,0x00,0x00,0x00,0x00,0x00,0x00,0x00,0x00,
    0x00,0x00,0x00,0x00,0x00,0x00,0x00,0x00,0x00,0x00,0x00,0x00,0x00,0x00,0x00,0x00,0x00,0x00,0x00,0x00,0x00,0x00,0x00,0x00,
    0x00,0x00,0x00,0x00,0x00,0x00,0x00,0x00,0x00,0x00,0x00,0x00,0x00,0x00,0x00,0x00,0x00,0x00,0x00,0x00,0x00,0x00,0x00,0x00,
    0x00,0x00,0x00,0x00,0x00,0x00,0x00,0x00,0x00,0x00,0x00,0x00,0x00,0x00,0x00,0x00,0x00,0x00,0x00,0x00,0x00,0x00,0x00,0x00,
    0x00,0x00,0x00,0x00,0x00,0x00,0x00,0x00,0x00,0x00,0x00,0x00,0x00,0x00,0x00,0x00,0x00,0x00,0x00,0x00,0x00,0x00,0x00,0x00,
    0x00,0x00,0x00,0x00,0x00,0x00,0x00,0x00,0x00,0x00,0x00,0x00,0x00,0x00,0x00,0x00,0x00,0x00,0x00,0x00,0x00,0x00,0x00,0x00,
    0x00,0x00,0x00,0x00,0x00,0x00,0x00,0x00,0x00,0x00,0x00,0x00,0x00,0x00,0x00,0x00,0x00,0x00,0x00,0x00,0x00,0x00,0x00,0x00,
    0x00,0x00,0x00,0x00,0x00,0x00,0x00,0x00,0x00,0x00,0x00,0x00,0x00,0x00,0x00,0x00,0x00,0x00,0x00,0x00,0x00,0x00,0x00,0x00,
    0x00,0x00,0x00,0x00,0x00,0x00,0x00,0x00,0x00,0x00,0x00,0x00,0x00,0x00,0x00,0x00,0x00,0x00,0x00,0x00,0x00,0x00,0x00,0x00,
    0x00,0x00,0x00,0x00,0x00,0x00,0x00,0x00,0x00,0x00,0x00,0x00,0x00,0x00,0x00,0x00,0x00,0x00,0x00,0x00,0x00,0x00,0x00,0x00,
    0x00,0x00,0x00,0x00,0x00,0x00,0x00,0x00,0x00,0x00,0x00,0x00,0x00,0x00,0x00,0x00,0x00,0x00,0x00,0x00,0x00,0x00,0x00,0x00,
    0x00,0x00,0x00,0x00,0x00,0x00,0x00,0x00,0x00,0x00,0x00,0x00,0x00,0x00,0x00,0x00,0x00,0x00,0x00,0x00,0x00,0x00,0x00,0x00,
    0x00,0x00,0x00,0x00,0x00,0x00,0x00,0x00,0x00,0x00,0x00,0x00,0x00,0x00,0x00,0x00,0x00,0x00,0x00,0x00,0x00,0x00,0x00,0x00,
    0x00,0x00,0x00,0x00,0x00,0x00,0x00,0x00,0x00,0x00,0x00,0x00,0x00,0x00,0x00,0x00,0x00,0x00,0x00,0x00,0x00,0x00,0x00,0x00,
    0x00,0x00,0x00,0x00,0x00,0x00,0x00,0x00,0x00,0x00,0x00,0x00,0x00,0x00,0x00,0x00,0x00,0x00,0x00,0x00,0x00,0x00,0x00,0x00,
    0x00,0x00,0x00,0x00,0x00,0x00,0x00,0x00,0x00,0x00,0x00,0x00,0x00,0x00,0x00,0x00,0x00,0x00,0x00,0x00,0x00,0x00,0x00,0x00,
    0x00,0x00,0x00,0x00,0x00,0x00,0x00,0x00,0x00,0x00,0x00,0x00,0x00,0x00,0x00,0x00,0x00,0x00,0x00,0x00,0x00,0x00,0x00,0x00,
    0x00,0x00,0x00,0x00,0x00,0x00,0x00,0x00,0x00,0x00,0x00,0x00,0x00,0x00,0x00,0x00,0x00,0x00,0x00,0x00,0x00,0x00,0x00,0x00,
    0x00,0x00,0x00,0x00,0x00,0x00,0x00,0x00,0x00,0x00,0x00,0x00,0x00,0x00,0x00,0x00,0x00,0x00,0x00,0x00,0x00,0x00,0x00,0x00,
    0x00,0x00,0x00,0x00,0x00,0x00,0x00,0x00,0x00,0x00,0x00,0x00,0x00,0x00,0x00,0x00,0x00,0x00,0x00,0x00,0x00,0x00,0x00,0x00,
    0x00,0x00,0x00,0x00,0x00,0x00,0x00,0x00,0x00,0x00,0x00,0x00,0x00,0x00,0x00,0x00,0x00,0x00,0x00,0x00,0x00,0x00,0x00,0x00,
    0x00,0x00,0x00,0x00,0x00,0x00,0x00,0x00,0x00,0x00,0x00,0x00,0x00,0x00,0x00,0x00,0x00,0x00,0x00,0x00,0x00,0x00,0x00,0x00,
    0x00,0x00,0x00,0x00,0x00,0x00,0x00,0x00,0x00,0x00,0x00,0x00,0x00,0x00,0x00,0x00,0x00,0x00,0x00,0x00,0x00,0x00,0x00,0x00,
    0x00,0x00,0x00,0x00,0x00,0x00,0x00,0x00,0x00,0x00,0x00,0x00,0x00,0x00,0x00,0x00,0x00,0x00,0x00,0x00,0x00,0x00,0x00,0x00,
    0x00,0x00,0x00,0x00,0x00,0x00,0x00,0x00,0x00,0x00,0x00,0x00,0x00,0x00,0x00,0x00,0x00,0x00,0x00,0x00,0x00,0x00,0x00,0x00,
    0x00,0x00,0x00,0x00,0x00,0x00,0x00,0x00,0x00,0x00,0x00,0x00,0x00,0x00,0x00,0x00,0x00,0x00,0x00,0x00,0x00,0x00,0x00,0x00,
    0x00,0x00,0x00,0x00,0x00,0x00,0x00,0x00,0x00,0x00,0x00,0x00,0x00,0x00,0x00,0x00,0x00,0x00,0x00,0x00,0x00,0x00,0x00,0x00,
    0x00,0x00,0x00,0x00,0x00,0x00,0x00,0x00,0x00,0x00,0x00,0x00,0x00,0x00,0x00,0x00,0x00,0x00,0x00,0x00,0x00,0x00,0x00,0x00,
    0x00,0x00,0x00,0x00,0x00,0x00,0x00,0x00,0x00,0x00,0x00,0x00,0x00,0x00,0x00,0x00,0x00,0x00,0x00,0x00,0x00,0x00,0x00,0x00,
    0x00,0x00,0x00,0x00,0x00,0x00,0x00,0x00,0x00,0x00,0x00,0x00,0x00,0x00,0x00,0x00,0x00,0x00,0x00,0x00,0x00,0x00,0x00,0x00,
    0x00,0x00,0x00,0x00,0x00,0x00,0x00,0x00,0x00,0x00,0x00,0x00,0x00,0x00,0x00,0x00,0x00,0x00,0x00,0x00,0x00,0x00,0x00,0x00,
    0x00,0x00,0x00,0x00,0x00,0x00,0x00,0x00,0x00,0x00,0x00,0x00,0x00,0x00,0x00,0x00,0x00,0x00,0x00,0x00,0x00,0x00,0x00,0x00,
    0x00,0x00,0x00,0x00,0x00,0x00,0x00,0x00,0x00,0x00,0x00,0x00,0x00,0x00,0x00,0x00,0x00,0x00,0x00,0x00,0x00,0x00,0x00,0x00,
    0x00,0x00,0x00,0x00,0x00,0x00,0x00,0x00,0x00,0x00,0x00,0x00,0x00,0x00,0x00,0x00,0x00,0x00,0x00,0x00,0x00,0x00,0x00,0x00,
    0x00,0x00,0x00,0x00,0x00,0x00,0x00,0x00,0x00,0x00,0x00,0x00,0x00,0x00,0x00,0x00,0x00,0x00,0x00,0x00,0x00,0x00,0x00,0x00,
    0x00,0x00,0x00,0x00,0x00,0x00,0x00,0x00,0x00,0x00,0x00,0x00,0x00,0x00,0x00,0x00,0x00,0x00,0x00,0x00,0x00,0x00,0x00,0x00,
    0x00,0x00,0x00,0x00,0x00,0x00,0x00,0x00,0x00,0x00,0x00,0x00,0x00,0x00,0x00,0x00,0x00,0x00,0x00,0x00,0x00,0x00,0x00,0x00,
    0x00,0x00,0x00,0x00,0x00,0x00,0x00,0x00,0x00,0x00,0x00,0x00,0x00,0x00,0x00,0x00,0x00,0x00,0x00,0x00,0x00,0x00,0x00,0x00,
    0x00,0x00,0x00,0x00,0x00,0x00,0x00,0x00,0x00,0x00,0x00,0x00,0x00,0x00,0x00,0x00,0x00,0x00,0x00,0x00,0x00,0x00,0x00,0x00,
    0x00,0x00,0x00,0x00,0x00,0x00,0x00,0x00,0x00,0x00,0x00,0x00,0x00,0x00,0x00,0x00,0x00,0x00,0x00,0x00,0x00,0x00,0x00,0x00,
    0x00,0x00,0x00,0x00,0x00,0x00,0x00,0x00,0x00,0x00,0x00,0x00,0x00,0x00,0x00,0x00,0x00,0x00,0x00,0x00,0x00,0x00,0x00,0x00,
    0x00,0x00,0x00,0x00,0x00,0x00,0x00,0x00,0x00,0x00,0x00,0x00,0x00,0x00,0x00,0x00,0x00,0x00,0x00,0x00,0x00,0x00,0x00,0x00,
    0x00,0x00,0x00,0x00,0x00,0x00,0x00,0x00,0x00,0x00,0x00,0x00,0x00,0x00,0x00,0x00,0x00,0x00,0x00,0x00,0x00,0x00,0x00,0x00,
    0x00,0x00,0x00,0x00,0x00,0x00,0x00,0x00,0x00,0x00,0x00,0x00,0x00,0x00,0x00,0x00,0x00,0x00,0x00,0x00,0x00,0x00,0x00,0x00,
    0x00,0x00,0x00,0x00,0x00,0x00,0x00,0x00,0x00,0x00,0x00,0x00,0x00,0x00,0x00,0x00,0x00,0x00,0x00,0x00,0x00,0x00,0x00,0x00,
    0x00,0x00,0x00,0x00,0x00,0x00,0x00,0x00,0x00,0x00,0x00,0x00,0x00,0x00,0x00,0x00,0x00,0x00,0x00,0x00,0x00,0x00,0x00,0x00,
    0x00,0x00,0x00,0x00,0x00,0x00,0x00,0x00,0x00,0x00,0x00,0x00,0x00,0x00,0x00,0x00,0x00,0x00,0x00,0x00,0x00,0x00,0x00,0x00,
    0x00,0x00,0x00,0x00,0x00,0x00,0x00,0x00,0x00,0x00,0x00,0x00,0x00,0x00,0x00,0x00,0x00,0x00,0x00,0x00,0x00,0x00,0x00,0x00,
    0x00,0x00,0x00,0x00,0x00,0x00,0x00,0x00,0x00,0x00,0x00,0x00,0x00,0x00,0x00,0x00,0x00,0x00,0x00,0x00,0x00,0x00,0x00,0x00,
    0x00,0x00,0x00,0x00,0x00,0x00,0x00,0x00,0x00,0x00,0x00,0x00,0x00,0x00,0x00,0x00,0x00,0x00,0x00,0x00,0x00,0x00,0x00,0x00,
    0x00,0x00,0x00,0x00,0x00,0x00,0x00,0x00,0x00,0x00,0x00,0x00,0x00,0x00,0x00,0x00,0x00,0x00,0x00,0x00,0x00,0x00,0x00,0x00,
    0x00,0x00,0x00,0x00,0x00,0x00,0x00,0x00,0x00,0x00,0x00,0x00,0x00,0x00,0x00,0x00,0x00,0x00,0x00,0x00,0x00,0x00,0x00,0x00,
    0x00,0x00,0x00,0x00,0x00,0x00,0x00,0x00,0x00,0x00,0x00,0x00,0x00,0x00,0x00,0x00,0x00,0x00,0x00,0x00,0x00,0x00,0x00,0x00,
    0x00,0x00,0x00,0x00,0x00,0x00,0x00,0x00,0x00,0x00,0x00,0x00,0x00,0x00,0x00,0x00,0x00,0x00,0x00,0x00,0x00,0x00,0x00,0x00,
    0x00,0x00,0x00,0x00,0x00,0x00,0x00,0x00,0x00,0x00,0x00,0x00,0x00,0x00,0x00,0x00,0x00,0x00,0x00,0x00,0x00,0x00,0x00,0x00,
    0x00,0x00,0x00,0x00,0x00,0x00,0x00,0x00,0x00,0x00,0x00,0x00,0x00,0x00,0x00,0x00,0x00,0x00,0x00,0x00,0x00,0x00,0x00,0x00,
    0x00,0x00,0x00,0x00,0x00,0x00,0x00,0x00,0x00,0x00,0x00,0x00,0x00,0x00,0x00,0x00,0x00,0x00,0x00,0x00,0x00,0x00,0x00,0x00,
    0x00,0x00,0x00,0x00,0x00,0x00,0x00,0x00,0x00,0x00,0x00,0x00,0x00,0x00,0x00,0x00,0x00,0x00,0x00,0x00,0x00,0x00,0x00,0x00,
    0x00,0x00,0x00,0x00,0x00,0x00,0x00,0x00,0x00,0x00,0x00,0x00,0x00,0x00,0x00,0x00,0x00,0x00,0x00,0x00,0x00,0x00,0x00,0x00,
    0x00,0x00,0x00,0x00,0x00,0x00,0x00,0x00,0x00,0x00,0x00,0x00,0x00,0x00,0x00,0x00,0x00,0x00,0x00,0x00,0x00,0x00,0x00,0x00,
    0x00,0x00,0x00,0x00,0x00,0x00,0x00,0x00,0x00,0x00,0x00,0x00,0x00,0x00,0x00,0x00,0x00,0x00,0x00,0x00,0x00,0x00,0x00,0x00,
    0x00,0x00,0x00,0x00,0x00,0x00,0x00,0x00,0x00,0x00,0x00,0x00,0x00,0x00,0x00,0x00,0x00,0x00,0x00,0x00,0x00,0x00,0x00,0x00,
    0x00,0x00,0x00,0x00,0x00,0x00,0x00,0x00,0x00,0x00,0x00,0x00,0x00,0x00,0x00,0x00,0x00,0x00,0x00,0x00,0x00,0x00,0x00,0x00,
    0x00,0x00,0x00,0x00,0x00,0x00,0x00,0x00,0x00,0x00,0x00,0x00,0x00,0x00,0x00,0x00,0x00,0x00,0x00,0x00,0x00,0x00,0x00,0x00,
    0x00,0x00,0x00,0x00,0x00,0x00,0x00,0x00,0x00,0x00,0x00,0x00,0x00,0x00,0x00,0x00,0x00,0x00,0x00,0x00,0x00,0x00,0x00,0x00,
    0x00,0x00,0x00,0x00,0x00,0x00,0x00,0x00,0x00,0x00,0x00,0x00,0x00,0x00,0x00,0x00,0x00,0x00,0x00,0x00,0x00,0x00,0x00,0x00,
    0x00,0x00,0x00,0x00,0x00,0x00,0x00,0x00,0x00,0x00,0x00,0x00,0x00,0x00,0x00,0x00,0x00,0x00,0x00,0x00,0x00,0x00,0x00,0x00,
    0x00,0x00,0x00,0x00,0x00,0x00,0x00,0x00,0x00,0x00,0x00,0x00,0x00,0x00,0x00,0x00,0x00,0x00,0x00,0x00,0x00,0x00,0x00,0x00,
    0x00,0x00,0x00,0x00,0x00,0x00,0x00,0x00,0x00,0x00,0x00,0x00,0x00,0x00,0x00,0x00,0x00,0x00,0x00,0x00,0x00,0x00,0x00,0x00,
    0x00,0x00,0x00,0x00,0x00,0x00,0x00,0x00,0x00,0x00,0x00,0x00,0x00,0x00,0x00,0x00,0x00,0x00,0x00,0x00,0x00,0x00,0x00,0x00,
    0x00,0x00,0x00,0x00,0x00,0x00,0x00,0x00,0x00,0x00,0x00,0x00,0x00,0x00,0x00,0x00,0x00,0x00,0x00,0x00,0x00,0x00,0x00,0x00,
    0x00,0x00,0x00,0x00,0x00,0x00,0x00,0x00,0x00,0x00,0x00,0x00,0x00,0x00,0x00,0x00,0x00,0x00,0x00,0x00,0x00,0x00,0x00,0x00,
    0x00,0x00,0x00,0x00,0x00,0x00,0x00,0x00,0x00,0x00,0x00,0x00,0x00,0x00,0x00,0x00,0x00,0x00,0x00,0x00,0x00,0x00,0x00,0x00,
    0x00,0x00,0x00,0x00,0x00,0x00,0x00,0x00,0x00,0x00,0x00,0x00,0x00,0x00,0x00,0x00,0x00,0x00,0x00,0x00,0x00,0x00,0x00,0x00,
    0x00,0x00,0x00,0x00,0x00,0x00,0x00,0x00,0x00,0x00,0x00,0x00,0x00,0x00,0x00,0x00,0x00,0x00,0x00,0x00,0x00,0x00,0x00,0x00,
    0x00,0x00,0x00,0x00,0x00,0x00,0x00,0x00,0x00,0x00,0x00,0x00,0x00,0x00,0x00,0x00,0x00,0x00,0x00,0x00,0x00,0x00,0x00,0x00,
    0x00,0x00,0x00,0x00,0x00,0x00,0x00,0x00,0x00,0x00,0x00,0x00,0x00,0x00,0x00,0x00,0x00,0x00,0x00,0x00,0x00,0x00,0x00,0x00,
    0x00,0x00,0x00,0x00,0x00,0x00,0x00,0x00,0x00,0x00,0x00,0x00,0x00,0x00,0x00,0x00,0x00,0x00,0x00,0x00,0x00,0x00,0x00,0x00,
    0x00,0x00,0x00,0x00,0x00,0x00,0x00,0x00,0x00,0x00,0x00,0x00,0x00,0x00,0x00,0x00,0x00,0x00,0x00,0x00,0x00,0x00,0x00,0x00,
    0x00,0x00,0x00,0x00,0x00,0x00,0x00,0x00,0x00,0x00,0x00,0x00,0x00,0x00,0x00,0x00,0x00,0x00,0x00,0x00,0x00,0x00,0x00,0x00,
    0x00,0x00,0x00,0x00,0x00,0x00,0x00,0x00,0x00,0x00,0x00,0x00,0x00,0x00,0x00,0x00,0x00,0x00,0x00,0x00,0x00,0x00,0x00,0x00,
    0x00,0x00,0x00,0x00,0x00,0x00,0x00,0x00,0x00,0x00,0x00,0x00,0x00,0x00,0x00,0x00,0x00,0x00,0x00,0x00,0x00,0x00,0x00,0x00,
    0x00,0x00,0x00,0x00,0x00,0x00,0x00,0x00,0x00,0x00,0x00,0x00,0x00,0x00,0x00,0x00,0x00,0x00,0x00,0x00,0x00,0x00,0x00,0x00,
    0x00,0x00,0x00,0x00,0x00,0x00,0x00,0x00,0x00,0x00,0x00,0x00,0x00,0x00,0x00,0x00,0x00,0x00,0x00,0x00,0x00,0x00,0x00,0x00,
    0x00,0x00,0x00,0x00,0x00,0x00,0x00,0x00,0x00,0x00,0x00,0x00,0x00,0x00,0x00,0x00,0x00,0x00,0x00,0x00,0x00,0x00,0x00,0x00,
    0x00,0x00,0x00,0x00,0x00,0x00,0x00,0x00,0x00,0x00,0x00,0x00,0x00,0x00,0x00,0x00,0x00,0x00,0x00,0x00,0x00,0x00,0x00,0x00,
    0x00,0x00,0x00,0x00,0x00,0x00,0x00,0x00,0x00,0x00,0x00,0x00,0x00,0x00,0x00,0x00,0x00,0x00,0x00,0x00,0x00,0x00,0x00,0x00,
    0x00,0x00,0x00,0x00,0x00,0x00,0x00,0x00,0x00,0x00,0x00,0x00,0x00,0x00,0x00,0x00,0x00,0x00,0x00,0x00,0x00,0x00,0x00,0x00,
    0x00,0x00,0x00,0x00,0x00,0x00,0x00,0x00,0x00,0x00,0x00,0x00,0x00,0x00,0x00,0x00,0x00,0x00,0x00,0x00,0x00,0x00,0x00,0x00,
    0x00,0x00,0x00,0x00,0x00,0x00,0x00,0x00,0x00,0x00,0x00,0x00,0x00,0x00,0x00,0x00,0x00,0x00,0x00,0x00,0x00,0x00,0x00,0x00,
    0x00,0x00,0x00,0x00,0x00,0x00,0x00,0x00,0x00,0x00,0x00,0x00,0x00,0x00,0x00,0x00,0x00,0x00,0x00,0x00,0x00,0x00,0x00,0x00,
    0x00,0x00,0x00,0x00,0x00,0x00,0x00,0x00,0x00,0x00,0x00,0x00,0x00,0x00,0x00,0x00,0x00,0x00,0x00,0x00,0x00,0x00,0x00,0x00,
    0x00,0x00,0x00,0x00,0x00,0x00,0x00,0x00,0x00,0x00,0x00,0x00,0x00,0x00,0x00,0x00,0x00,0x00,0x00,0x00,0x00,0x00,0x00,0x00,
    0x00,0x00,0x00,0x00,0x00,0x00,0x00,0x00,0x00,0x00,0x00,0x00,0x00,0x00,0x00,0x00,0x00,0x00,0x00,0x00,0x00,0x00,0x00,0x00,
    0x00,0x00,0x00,0x00,0x00,0x00,0x00,0x00,0x00,0x00,0x00,0x00,0x00,0x00,0x00,0x00,0x00,0x00,0x00,0x00,0x00,0x00,0x00,0x00,
    0x00,0x00,0x00,0x00,0x00,0x00,0x00,0x00,0x00,0x00,0x00,0x00,0x00,0x00,0x00,0x00,0x00,0x00,0x00,0x00,0x00,0x00,0x00,0x00,
    0x00,0x00,0x00,0x00,0x00,0x00,0x00,0x00,0x00,0x00,0x00,0x00,0x00,0x00,0x00,0x00,0x00,0x00,0x00,0x00,0x00,0x00,0x00,0x00,
    0x00,0x00,0x00,0x00,0x00,0x00,0x00,0x00,0x00,0x00,0x00,0x00,0x00,0x00,0x00,0x00,0x00,0x00,0x00,0x00,0x00,0x00,0x00,0x00,
    0x00,0x00,0x00,0x00,0x00,0x00,0x00,0x00,0x00,0x00,0x00,0x00,0x00,0x00,0x00,0x00,0x00,0x00,0x00,0x00,0x00,0x00,0x00,0x00,
    0x00,0x00,0x00,0x00,0x00,0x00,0x00,0x00,0x00,0x00,0x00,0x00,0x00,0x00,0x00,0x00,0x00,0x00,0x00,0x00,0x00,0x00,0x00,0x00,
    0x00,0x00,0x00,0x00,0x00,0x00,0x00,0x00,0x00,0x00,0x00,0x00,0x00,0x00,0x00,0x00,0x00,0x00,0x00,0x00,0x00,0x00,0x00,0x00,
    0x00,0x00,0x00,0x00,0x00,0x00,0x00,0x00,0x00,0x00,0x00,0x00,0x00,0x00,0x00,0x00,0x00,0x00,0x00,0x00,0x00,0x00,0x00,0x00,
    0x00,0x00,0x00,0x00,0x00,0x00,0x00,0x00,0x00,0x00,0x00,0x00,0x00,0x00,0x00,0x00,0x00,0x00,0x00,0x00,0x00,0x00,0x00,0x00,
    0x00,0x00,0x00,0x00,0x00,0x00,0x00,0x00,0x00,0x00,0x00,0x00,0x00,0x00,0x00,0x00,0x00,0x00,0x00,0x00,0x00,0x00,0x00,0x00,
    0x00,0x00,0x00,0x00,0x00,0x00,0x00,0x00,0x00,0x00,0x00,0x00,0x00,0x00,0x00,0x00,0x00,0x00,0x00,0x00,0x00,0x00,0x00,0x00,
    0x00,0x00,0x00,0x00,0x00,0x00,0x00,0x00,0x00,0x00,0x00,0x00,0x00,0x00,0x00,0x00,0x00,0x00,0x00,0x00,0x00,0x00,0x00,0x00,
    0x00,0x00,0x00,0x00,0x00,0x00,0x00,0x00,0x00,0x00,0x00,0x00,0x00,0x00,0x00,0x00,0x00,0x00,0x00,0x00,0x00,0x00,0x00,0x00,
    0x00,0x00,0x00,0x00,0x00,0x00,0x00,0x00,0x00,0x00,0x00,0x00,0x00,0x00,0x00,0x00,0x00,0x00,0x00,0x00,0x00,0x00,0x00,0x00,
    0x00,0x00,0x00,0x00,0x00,0x00,0x00,0x00,0x00,0x00,0x00,0x00,0x00,0x00,0x00,0x00,0x00,0x00,0x00,0x00,0x00,0x00,0x00,0x00,
    0x00,0x00,0x00,0x00,0x00,0x00,0x00,0x00,0x00,0x00,0x00,0x00,0x00,0x00,0x00,0x00,0x00,0x00,0x00,0x00,0x00,0x00,0x00,0x00,
    0x00,0x00,0x00,0x00,0x00,0x00,0x00,0x00,0x00,0x00,0x00,0x00,0x00,0x00,0x00,0x00,0x00,0x00,0x00,0x00,0x00,0x00,0x00,0x00,
    0x00,0x00,0x00,0x00,0x00,0x00,0x00,0x00,0x00,0x00,0x00,0x00,0x00,0x00,0x00,0x00,0x00,0x00,0x00,0x00,0x00,0x00,0x00,0x00,
    0x00,0x00,0x00,0x00,0x00,0x00,0x00,0x00,0x00,0x00,0x00,0x00,0x00,0x00,0x00,0x00,0x00,0x00,0x00,0x00,0x00,0x00,0x00,0x00,
    0x00,0x00,0x00,0x00,0x00,0x00,0x00,0x00,0x00,0x00,0x00,0x00,0x00,0x00,0x00,0x00,0x00,0x00,0x00,0x00,0x00,0x00,0x00,0x00,
    0x00,0x00,0x00,0x00,0x00,0x00,0x00,0x00,0x00,0x00,0x00,0x00,0x00,0x00,0x00,0x00,0x00,0x00,0x00,0x00,0x00,0x00,0x00,0x00,
    0x00,0x00,0x00,0x00,0x00,0x00,0x00,0x00,0x00,0x00,0x00,0x00,0x00,0x00,0x00,0x00,0x00,0x00,0x00,0x00,0x00,0x00,0x00,0x00,
    0x00,0x00,0x00,0x00,0x00,0x00,0x00,0x00,0x00,0x00,0x00,0x00,0x00,0x00,0x00,0x00,0x00,0x00,0x00,0x00,0x00,0x00,0x00,0x00,
    0x00,0x00,0x00,0x00,0x00,0x00,0x00,0x00,0x00,0x00,0x00,0x00,0x00,0x00,0x00,0x00,0x00,0x00,0x00,0x00,0x00,0x00,0x00,0x00,
    0x00,0x00,0x00,0x00,0x00,0x00,0x00,0x00,0x00,0x00,0x00,0x00,0x00,0x00,0x00,0x00,0x00,0x00,0x00,0x00,0x00,0x00,0x00,0x00,
    0x00,0x00,0x00,0x00,0x00,0x00,0x00,0x00,0x00,0x00,0x00,0x00,0x00,0x00,0x00,0x00,0x00,0x00,0x00,0x00,0x00,0x00,0x00,0x00,
    0x00,0x00,0x00,0x00,0x00,0x00,0x00,0x00,0x00,0x00,0x00,0x00,0x00,0x00,0x00,0x00,0x00,0x00,0x00,0x00,0x00,0x00,0x00,0x00,
    0x00,0x00,0x00,0x00,0x00,0x00,0x00,0x00,0x00,0x00,0x00,0x00,0x00,0x00,0x00,0x00,0x00,0x00,0x00,0x00,0x00,0x00,0x00,0x00,
    0x00,0x00,0x00,0x00,0x00,0x00,0x00,0x00,0x00,0x00,0x00,0x00,0x00,0x00,0x00,0x00,0x00,0x00,0x00,0x00,0x00,0x00,0x00,0x00,
    0x00,0x00,0x00,0x00,0x00,0x00,0x00,0x00,0x00,0x00,0x00,0x00,0x00,0x00,0x00,0x00,0x00,0x00,0x00,0x00,0x00,0x00,0x00,0x00,
    0x00,0x00,0x00,0x00,0x00,0x00,0x00,0x00,0x00,0x00,0x00,0x00,0x00,0x00,0x00,0x00,0x00,0x00,0x00,0x00,0x00,0x00,0x00,0x00,
    0x00,0x00,0x00,0x00,0x00,0x00,0x00,0x00,0x00,0x00,0x00,0x00,0x00,0x00,0x00,0x00,0x00,0x00,0x00,0x00,0x00,0x00,0x00,0x00,
    0x00,0x00,0x00,0x00,0x00,0x00,0x00,0x00,0x00,0x00,0x00,0x00,0x00,0x00,0x00,0x00,0x00,0x00,0x00,0x00,0x00,0x00,0x00,0x00,
    0x00,0x00,0x00,0x00,0x00,0x00,0x00,0x00,0x00,0x00,0x00,0x00,0x00,0x00,0x00,0x00,0x00,0x00,0x00,0x00,0x00,0x00,0x00,0x00,
    0x00,0x00,0x00,0x00,0x00,0x00,0x00,0x00,0x00,0x00,0x00,0x00,0x00,0x00,0x00,0x00,0x00,0x00,0x00,0x00,0x00,0x00,0x00,0x00,
    0x00,0x00,0x00,0x00,0x00,0x00,0x00,0x00,0x00,0x00,0x00,0x00,0x00,0x00,0x00,0x00,0x00,0x00,0x00,0x00,0x00,0x00,0x00,0x00,
    0x00,0x00,0x00,0x00,0x00,0x00,0x00,0x00,0x00,0x00,0x00,0x00,0x00,0x00,0x00,0x00,0x00,0x00,0x00,0x00,0x00,0x00,0x00,0x00,
    0x00,0x00,0x00,0x00,0x00,0x00,0x00,0x00,0x00,0x00,0x00,0x00,0x00,0x00,0x00,0x00,0x00,0x00,0x00,0x00,0x00,0x00,0x00,0x00,
    0x00,0x00,0x00,0x00,0x00,0x00,0x00,0x00,0x00,0x00,0x00,0x00,0x00,0x00,0x00,0x00,0x00,0x00,0x00,0x00,0x00,0x00,0x00,0x00,
    0x00,0x00,0x00,0x00,0x00,0x00,0x00,0x00,0x00,0x00,0x00,0x00,0x00,0x00,0x00,0x00,0x00,0x00,0x00,0x00,0x00,0x00,0x00,0x00,
    0x00,0x00,0x00,0x00,0x00,0x00,0x00,0x00,0x00,0x00,0x00,0x00,0x00,0x00,0x00,0x00,0x00,0x00,0x00,0x00,0x00,0x00,0x00,0x00,
    0x00,0x00,0x00,0x00,0x00,0x00,0x00,0x00,0x00,0x00,0x00,0x00,0x00,0x00,0x00,0x00,0x00,0x00,0x00,0x00,0x00,0x00,0x00,0x00,
    0x00,0x00,0x00,0x00,0x00,0x00,0x00,0x00,0x00,0x00,0x00,0x00,0x00,0x00,0x00,0x00,0x00,0x00,0x00,0x00,0x00,0x00,0x00,0x00,
    0x00,0x00,0x00,0x00,0x00,0x00,0x00,0x00,0x00,0x00,0x00,0x00,0x00,0x00,0x00,0x00,0x00,0x00,0x00,0x00,0x00,0x00,0x00,0x00,
    0x00,0x00,0x00,0x00,0x00,0x00,0x00,0x00,0x00,0x00,0x00,0x00,0x00,0x00,0x00,0x00,0x00,0x00,0x00,0x00,0x00,0x00,0x00,0x00,
    0x00,0x00,0x00,0x00,0x00,0x00,0x00,0x00,0x00,0x00,0x00,0x00,0x00,0x00,0x00,0x00,0x00,0x00,0x00,0x00,0x00,0x00,0x00,0x00,
    0x00,0x00,0x00,0x00,0x00,0x00,0x00,0x00,0x00,0x00,0x00,0x00,0x00,0x00,0x00,0x00,0x00,0x00,0x00,0x00,0x00,0x00,0x00,0x00,
    0x00,0x00,0x00,0x00,0x00,0x00,0x00,0x00,0x00,0x00,0x00,0x00,0x00,0x00,0x00,0x00,0x00,0x00,0x00,0x00,0x00,0x00,0x00,0x00,
    0x00,0x00,0x00,0x00,0x00,0x00,0x00,0x00,0x00,0x00,0x00,0x00,0x00,0x00,0x00,0x00,0x00,0x00,0x00,0x00,0x00,0x00,0x00,0x00,
    0x00,0x00,0x00,0x00,0x00,0x00,0x00,0x00,0x00,0x00,0x00,0x00,0x00,0x00,0x00,0x00,0x00,0x00,0x00,0x00,0x00,0x00,0x00,0x00,
    0x00,0x00,0x00,0x00,0x00,0x00,0x00,0x00,0x00,0x00,0x00,0x00,0x00,0x00,0x00,0x00,0x00,0x00,0x00,0x00,0x00,0x00,0x00,0x00,
    0x00,0x00,0x00,0x00,0x00,0x00,0x00,0x00,0x00,0x00,0x00,0x00,0x00,0x00,0x00,0x00,0x00,0x00,0x00,0x00,0x00,0x00,0x00,0x00,
    0x00,0x00,0x00,0x00,0x00,0x00,0x00,0x00,0x00,0x00,0x00,0x00,0x00,0x00,0x00,0x00,0x00,0x00,0x00,0x00,0x00,0x00,0x00,0x00,
    0x00,0x00,0x00,0x00,0x00,0x00,0x00,0x00,0x00,0x00,0x00,0x00,0x00,0x00,0x00,0x00,0x00,0x00,0x00,0x00,0x00,0x00,0x00,0x00,
    0x00,0x00,0x00,0x00,0x00,0x00,0x00,0x00,0x00,0x00,0x00,0x00,0x00,0x00,0x00,0x00,0x00,0x00,0x00,0x00,0x00,0x00,0x00,0x00,
    0x00,0x00,0x00,0x00,0x00,0x00,0x00,0x00,0x00,0x00,0x00,0x00,0x00,0x00,0x00,0x00,0x00,0x00,0x00,0x00,0x00,0x00,0x00,0x00,
    0x00,0x00,0x00,0x00,0x00,0x00,0x00,0x00,0x00,0x00,0x00,0x00,0x00,0x00,0x00,0x00,0x00,0x00,0x00,0x00,0x00,0x00,0x00,0x00,
    0x00,0x00,0x00,0x00,0x00,0x00,0x00,0x00,0x00,0x00,0x00,0x00,0x00,0x00,0x00,0x00,0x00,0x00,0x00,0x00,0x00,0x00,0x00,0x00,
    0x00,0x00,0x00,0x00,0x00,0x00,0x00,0x00,0x00,0x00,0x00,0x00,0x00,0x00,0x00,0x00,0x00,0x00,0x00,0x00,0x00,0x00,0x00,0x00,
    0x00,0x00,0x00,0x00,0x00,0x00,0x00,0x00,0x00,0x00,0x00,0x00,0x00,0x00,0x00,0x00,0x00,0x00,0x00,0x00,0x00,0x00,0x00,0x00,
    0x00,0x00,0x00,0x00,0x00,0x00,0x00,0x00,0x00,0x00,0x00,0x00,0x00,0x00,0x00,0x00,0x00,0x00,0x00,0x00,0x00,0x00,0x00,0x00,
    0x00,0x00,0x00,0x00,0x00,0x00,0x00,0x00,0x00,0x00,0x00,0x00,0x00,0x00,0x00,0x00,0x00,0x00,0x00,0x00,0x00,0x00,0x00,0x00,
    0x00,0x00,0x00,0x00,0x00,0x00,0x00,0x00,0x00,0x00,0x00,0x00,0x00,0x00,0x00,0x00,0x00,0x00,0x00,0x00,0x00,0x00,0x00,0x00,
    0x00,0x00,0x00,0x00,0x00,0x00,0x00,0x00,0x00,0x00,0x00,0x00,0x00,0x00,0x00,0x00,0x00,0x00,0x00,0x00,0x00,0x00,0x00,0x00,
    0x00,0x00,0x00,0x00,0x00,0x00,0x00,0x00,0x00,0x00,0x00,0x00,0x00,0x00,0x00,0x00,0x00,0x00,0x00,0x00,0x00,0x00,0x00,0x00,
    0x00,0x00,0x00,0x00,0x00,0x00,0x00,0x00,0x00,0x00,0x00,0x00,0x00,0x00,0x00,0x00,0x00,0x00,0x00,0x00,0x00,0x00,0x00,0x00,
    0x00,0x00,0x00,0x00,0x00,0x00,0x00,0x00,0x00,0x00,0x00,0x00,0x00,0x00,0x00,0x00,0x00,0x00,0x00,0x00,0x00,0x00,0x00,0x00,
    0x00,0x00,0x00,0x00,0x00,0x00,0x00,0x00,0x00,0x00,0x00,0x00,0x00,0x00,0x00,0x00,0x00,0x00,0x00,0x00,0x00,0x00,0x00,0x00,
    0x00,0x00,0x00,0x00,0x00,0x00,0x00,0x00,0x00,0x00,0x00,0x00,0x00,0x00,0x00,0x00,0x00,0x00,0x00,0x00,0x00,0x00,0x00,0x00,
    0x00,0x00,0x00,0x00,0x00,0x00,0x00,0x00,0x00,0x00,0x00,0x00,0x00,0x00,0x00,0x00,0x00,0x00,0x00,0x00,0x00,0x00,0x00,0x00,
    0x00,0x00,0x00,0x00,0x00,0x00,0x00,0x00,0x00,0x00,0x00,0x00,0x00,0x00,0x00,0x00,0x00,0x00,0x00,0x00,0x00,0x00,0x00,0x00,
    0x00,0x00,0x00,0x00,0x00,0x00,0x00,0x00,0x00,0x00,0x00,0x00,0x00,0x00,0x00,0x00,0x00,0x00,0x00,0x00,0x00,0x00,0x00,0x00,
    0x00,0x00,0x00,0x00,0x00,0x00,0x00,0x00,0x00,0x00,0x00,0x00,0x00,0x00,0x00,0x00,0x00,0x00,0x00,0x00,0x00,0x00,0x00,0x00,
    0x00,0x00,0x00,0x00,0x00,0x00,0x00,0x00,0x00,0x00,0x00,0x00,0x00,0x00,0x00,0x00,0x00,0x00,0x00,0x00,0x00,0x00,0x00,0x00,
    0x00,0x00,0x00,0x00,0x00,0x00,0x00,0x00,0x00,0x00,0x00,0x00,0x00,0x00,0x00,0x00,0x00,0x00,0x00,0x00,0x00,0x00,0x00,0x00,
    0x00,0x00,0x00,0x00,0x00,0x00,0x00,0x00,0x00,0x00,0x00,0x00,0x00,0x00,0x00,0x00,0x00,0x00,0x00,0x00,0x00,0x00,0x00,0x00,
    0x00,0x00,0x00,0x00,0x00,0x00,0x00,0x00,0x00,0x00,0x00,0x00,0x00,0x00,0x00,0x00,0x00,0x00,0x00,0x00,0x00,0x00,0x00,0x00,
    0x00,0x00,0x00,0x00,0x00,0x00,0x00,0x00,0x00,0x00,0x00,0x00,0x00,0x00,0x00,0x00,0x00,0x00,0x00,0x00,0x00,0x00,0x00,0x00,
    0x00,0x00,0x00,0x00,0x00,0x00,0x00,0x00,0x00,0x00,0x00,0x00,0x00,0x00,0x00,0x00,0x00,0x00,0x00,0x00,0x00,0x00,0x00,0x00,
    0x00,0x00,0x00,0x00,0x00,0x00,0x00,0x00,0x00,0x00,0x00,0x00,0x00,0x00,0x00,0x00,0x00,0x00,0x00,0x00,0x00,0x00,0x00,0x00,
    0x00,0x00,0x00,0x00,0x00,0x00,0x00,0x00,0x00,0x00,0x00,0x00,0x00,0x00,0x00,0x00,0x00,0x00,0x00,0x00,0x00,0x00,0x00,0x00,
    0x00,0x00,0x00,0x00,0x00,0x00,0x00,0x00,0x00,0x00,0x00,0x00,0x00,0x00,0x00,0x00,0x00,0x00,0x00,0x00,0x00,0x00,0x00,0x00,
    0x00,0x00,0x00,0x00,0x00,0x00,0x00,0x00,0x00,0x00,0x00,0x00,0x00,0x00,0x00,0x00,0x00,0x00,0x00,0x00,0x00,0x00,0x00,0x00,
    0x00,0x00,0x00,0x00,0x00,0x00,0x00,0x00,0x00,0x00,0x00,0x00,0x00,0x00,0x00,0x00,0x00,0x00,0x00,0x00,0x00,0x00,0x00,0x00,
    0x00,0x00,0x00,0x00,0x00,0x00,0x00,0x00,0x00,0x00,0x00,0x00,0x00,0x00,0x00,0x00,0x00,0x00,0x00,0x00,0x00,0x00,0x00,0x00,
    0x00,0x00,0x00,0x00,0x00,0x00,0x00,0x00,0x00,0x00,0x00,0x00,0x00,0x00,0x00,0x00,0x00,0x00,0x00,0x00,0x00,0x00,0x00,0x00,
    0x00,0x00,0x00,0x00,0x00,0x00,0x00,0x00,0x00,0x00,0x00,0x00,0x00,0x00,0x00,0x00,0x00,0x00,0x00,0x00,0x00,0x00,0x00,0x00,
    0x00,0x00,0x00,0x00,0x00,0x00,0x00,0x00,0x00,0x00,0x00,0x00,0x00,0x00,0x00,0x00,0x00,0x00,0x00,0x00,0x00,0x00,0x00,0x00,
    0x00,0x00,0x00,0x00,0x00,0x00,0x00,0x00,0x00,0x00,0x00,0x00,0x00,0x00,0x00,0x00,0x00,0x00,0x00,0x00,0x00,0x00,0x00,0x00,
    0x00,0x00,0x00,0x00,0x00,0x00,0x00,0x00,0x00,0x00,0x00,0x00,0x00,0x00,0x00,0x00,0x00,0x00,0x00,0x00,0x00,0x00,0x00,0x00,
    0x00,0x00,0x00,0x00,0x00,0x00,0x00,0x00,0x00,0x00,0x00,0x00,0x00,0x00,0x00,0x00,0x00,0x00,0x00,0x00,0x00,0x00,0x00,0x00,
    0x00,0x00,0x00,0x00,0x00,0x00,0x00,0x00,0x00,0x00,0x00,0x00,0x00,0x00,0x00,0x00,0x00,0x00,0x00,0x00,0x00,0x00,0x00,0x00,
    0x00,0x00,0x00,0x00,0x00,0x00,0x00,0x00,0x00,0x00,0x00,0x00,0x00,0x00,0x00,0x00,0x00,0x00,0x00,0x00,0x00,0x00,0x00,0x00,
    0x00,0x00,0x00,0x00,0x00,0x00,0x00,0x00,0x00,0x00,0x00,0x00,0x00,0x00,0x00,0x00,0x00,0x00,0x00,0x00,0x00,0x00,0x00,0x00,
    0x00,0x00,0x00,0x00,0x00,0x00,0x00,0x00,0x00,0x00,0x00,0x00,0x00,0x00,0x00,0x00,0x00,0x00,0x00,0x00,0x00,0x00,0x00,0x00,
    0x00,0x00,0x00,0x00,0x00,0x00,0x00,0x00,0x00,0x00,0x00,0x00,0x00,0x00,0x00,0x00,0x00,0x00,0x00,0x00,0x00,0x00,0x00,0x00,
    0x00,0x00,0x00,0x00,0x00,0x00,0x00,0x00,0x00,0x00,0x00,0x00,0x00,0x00,0x00,0x00,0x00,0x00,0x00,0x00,0x00,0x00,0x00,0x00,
    0x00,0x00,0x00,0x00,0x00,0x00,0x00,0x00,0x00,0x00,0x00,0x00,0x00,0x00,0x00,0x00,0x00,0x00,0x00,0x00,0x00,0x00,0x00,0x00,
    0x00,0x00,0x00,0x00,0x00,0x00,0x00,0x00,0x00,0x00,0x00,0x00,0x00,0x00,0x00,0x00,0x00,0x00,0x00,0x00,0x00,0x00,0x00,0x00,
    0x00,0x00,0x00,0x00,0x00,0x00,0x00,0x00,0x00,0x00,0x00,0x00,0x00,0x00,0x00,0x00,0x00,0x00,0x00,0x00,0x00,0x00,0x00,0x00,
    0x00,0x00,0x00,0x00,0x00,0x00,0x00,0x00,0x00,0x00,0x00,0x00,0x00,0x00,0x00,0x00,0x00,0x00,0x00,0x00,0x00,0x00,0x00,0x00,
    0x00,0x00,0x00,0x00,0x00,0x00,0x00,0x00,0x00,0x00,0x00,0x00,0x00,0x00,0x00,0x00,0x00,0x00,0x00,0x00,0x00,0x00,0x00,0x00,
    0x00,0x00,0x00,0x00,0x00,0x00,0x00,0x00,0x00,0x00,0x00,0x00,0x00,0x00,0x00,0x00,0x00,0x00,0x00,0x00,0x00,0x00,0x00,0x00,
    0x00,0x00,0x00,0x00,0x00,0x00,0x00,0x00,0x00,0x00,0x00,0x00,0x00,0x00,0x00,0x00,0x00,0x00,0x00,0x00,0x00,0x00,0x00,0x00,
    0x00,0x00,0x00,0x00,0x00,0x00,0x00,0x00,0x00,0x00,0x00,0x00,0x00,0x00,0x00,0x00,0x00,0x00,0x00,0x00,0x00,0x00,0x00,0x00,
    0x00,0x00,0x00,0x00,0x00,0x00,0x00,0x00,0x00,0x00,0x00,0x00,0x00,0x00,0x00,0x00,0x00,0x00,0x00,0x00,0x00,0x00,0x00,0x00,
    0x00,0x00,0x00,0x00,0x00,0x00,0x00,0x00,0x00,0x00,0x00,0x00,0x00,0x00,0x00,0x00,0x00,0x00,0x00,0x00,0x00,0x00,0x00,0x00,
    0x00,0x00,0x00,0x00,0x00,0x00,0x00,0x00,0x00,0x00,0x00,0x00,0x00,0x00,0x00,0x00,0x00,0x00,0x00,0x00,0x00,0x00,0x00,0x00,
    0x00,0x00,0x00,0x00,0x00,0x00,0x00,0x00,0x00,0x00,0x00,0x00,0x00,0x00,0x00,0x00,0x00,0x00,0x00,0x00,0x00,0x00,0x00,0x00,
    0x00,0x00,0x00,0x00,0x00,0x00,0x00,0x00,0x00,0x00,0x00,0x00,0x00,0x00,0x00,0x00,0x00,0x00,0x00,0x00,0x00,0x00,0x00,0x00,
    0x00,0x00,0x00,0x00,0x00,0x00,0x00,0x00,0x00,0x00,0x00,0x00,0x00,0x00,0x00,0x00,0x00,0x00,0x00,0x00,0x00,0x00,0x00,0x00,
    0x00,0x00,0x00,0x00,0x00,0x00,0x00,0x00,0x00,0x00,0x00,0x00,0x00,0x00,0x00,0x00,0x00,0x00,0x00,0x00,0x00,0x00,0x00,0x00,
    0x00,0x00,0x00,0x00,0x00,0x00,0x00,0x00,0x00,0x00,0x00,0x00,0x00,0x00,0x00,0x00,0x00,0x00,0x00,0x00,0x00,0x00,0x00,0x00,
    0x00,0x00,0x00,0x00,0x00,0x00,0x00,0x00,0x00,0x00,0x00,0x00,0x00,0x00,0x00,0x00,0x00,0x00,0x00,0x00,0x00,0x00,0x00,0x00,
    0x00,0x00,0x00,0x00,0x00,0x00,0x00,0x00,0x00,0x00,0x00,0x00,0x00,0x00,0x00,0x00,0x00,0x00,0x00,0x00,0x00,0x00,0x00,0x00,
    0x00,0x00,0x00,0x00,0x00,0x00,0x00,0x00,0x00,0x00,0x00,0x00,0x00,0x00,0x00,0x00,0x00,0x00,0x00,0x00,0x00,0x00,0x00,0x00,
    0x00,0x00,0x00,0x00,0x00,0x00,0x00,0x00,0x00,0x00,0x00,0x00,0x00,0x00,0x00,0x00,0x00,0x00,0x00,0x00,0x00,0x00,0x00,0x00,
    0x00,0x00,0x00,0x00,0x00,0x00,0x00,0x00,0x00,0x00,0x00,0x00,0x00,0x00,0x00,0x00,0x00,0x00,0x00,0x00,0x00,0x00,0x00,0x00,
    0x00,0x00,0x00,0x00,0x00,0x00,0x00,0x00,0x00,0x00,0x00,0x00,0x00,0x00,0x00,0x00,0x00,0x00,0x00,0x00,0x00,0x00,0x00,0x00,
    0x00,0x00,0x00,0x00,0x00,0x00,0x00,0x00,0x00,0x00,0x00,0x00,0x00,0x00,0x00,0x00,0x00,0x00,0x00,0x00,0x00,0x00,0x00,0x00,
    0x00,0x00,0x00,0x00,0x00,0x00,0x00,0x00,0x00,0x00,0x00,0x00,0x00,0x00,0x00,0x00,0x00,0x00,0x00,0x00,0x00,0x00,0x00,0x00,
    0x00,0x00,0x00,0x00,0x00,0x00,0x00,0x00,0x00,0x00,0x00,0x00,0x00,0x00,0x00,0x00,0x00,0x00,0x00,0x00,0x00,0x00,0x00,0x00,
    0x00,0x00,0x00,0x00,0x00,0x00,0x00,0x00,0x00,0x00,0x00,0x00,0x00,0x00,0x00,0x00,0x00,0x00,0x00,0x00,0x00,0x00,0x00,0x00,
    0x00,0x00,0x00,0x00,0x00,0x00,0x00,0x00,0x00,0x00,0x00,0x00,0x00,0x00,0x00,0x00,0x00,0x00,0x00,0x00,0x00,0x00,0x00,0x00,
    0x00,0x00,0x00,0x00,0x00,0x00,0x00,0x00,0x00,0x00,0x00,0x00,0x00,0x00,0x00,0x00,0x00,0x00,0x00,0x00,0x00,0x00,0x00,0x00,
    0x00,0x00,0x00,0x00,0x00,0x00,0x00,0x00,0x00,0x00,0x00,0x00,0x00,0x00,0x00,0x00,0x00,0x00,0x00,0x00,0x00,0x00,0x00,0x00,
    0x00,0x00,0x00,0x00,0x00,0x00,0x00,0x00,0x00,0x00,0x00,0x00,0x00,0x00,0x00,0x00,0x00,0x00,0x00,0x00,0x00,0x00,0x00,0x00,
    0x00,0x00,0x00,0x00,0x00,0x00,0x00,0x00,0x00,0x00,0x00,0x00,0x00,0x00,0x00,0x00,0x00,0x00,0x00,0x00,0x00,0x00,0x00,0x00,
    0x00,0x00,0x00,0x00,0x00,0x00,0x00,0x00,0x00,0x00,0x00,0x00,0x00,0x00,0x00,0x00,0x00,0x00,0x00,0x00,0x00,0x00,0x00,0x00,
    0x00,0x00,0x00,0x00,0x00,0x00,0x00,0x00,0x00,0x00,0x00,0x00,0x00,0x00,0x00,0x00,0x00,0x00,0x00,0x00,0x00,0x00,0x00,0x00,
    0x00,0x00,0x00,0x00,0x00,0x00,0x00,0x00,0x00,0x00,0x00,0x00,0x00,0x00,0x00,0x00,0x00,0x00,0x00,0x00,0x00,0x00,0x00,0x00,
    0x00,0x00,0x00,0x00,0x00,0x00,0x00,0x00,0x00,0x00,0x00,0x00,0x00,0x00,0x00,0x00,0x00,0x00,0x00,0x00,0x00,0x00,0x00,0x00,
    0x00,0x00,0x00,0x00,0x00,0x00,0x00,0x00,0x00,0x00,0x00,0x00,0x00,0x00,0x00,0x00,0x00,0x00,0x00,0x00,0x00,0x00,0x00,0x00,
    0x00,0x00,0x00,0x00,0x00,0x00,0x00,0x00,0x00,0x00,0x00,0x00,0x00,0x00,0x00,0x00,0x00,0x00,0x00,0x00,0x00,0x00,0x00,0x00,
    0x00,0x00,0x00,0x00,0x00,0x00,0x00,0x00,0x00,0x00,0x00,0x00,0x00,0x00,0x00,0x00,0x00,0x00,0x00,0x00,0x00,0x00,0x00,0x00,
    0x00,0x00,0x00,0x00,0x00,0x00,0x00,0x00,0x00,0x00,0x00,0x00,0x00,0x00,0x00,0x00,0x00,0x00,0x00,0x00,0x00,0x00,0x00,0x00,
    0x00,0x00,0x00,0x00,0x00,0x00,0x00,0x00,0x00,0x00,0x00,0x00,0x00,0x00,0x00,0x00,0x00,0x00,0x00,0x00,0x00,0x00,0x00,0x00,
    0x00,0x00,0x00,0x00,0x00,0x00,0x00,0x00,0x00,0x00,0x00,0x00,0x00,0x00,0x00,0x00,0x00,0x00,0x00,0x00,0x00,0x00,0x00,0x00,
    0x00,0x00,0x00,0x00,0x00,0x00,0x00,0x00,0x00,0x00,0x00,0x00,0x00,0x00,0x00,0x00,0x00,0x00,0x00,0x00,0x00,0x00,0x00,0x00,
    0x00,0x00,0x00,0x00,0x00,0x00,0x00,0x00,0x00,0x00,0x00,0x00,0x00,0x00,0x00,0x00,0x00,0x00,0x00,0x00,0x00,0x00,0x00,0x00,
    0x00,0x00,0x00,0x00,0x00,0x00,0x00,0x00,0x00,0x00,0x00,0x00,0x00,0x00,0x00,0x00,0x00,0x00,0x00,0x00,0x00,0x00,0x00,0x00,
    0x00,0x00,0x00,0x00,0x00,0x00,0x00,0x00,0x00,0x00,0x00,0x00,0x00,0x00,0x00,0x00,0x00,0x00,0x00,0x00,0x00,0x00,0x00,0x00,
    0x00,0x00,0x00,0x00,0x00,0x00,0x00,0x00,0x00,0x00,0x00,0x00,0x00,0x00,0x00,0x00,0x00,0x00,0x00,0x00,0x00,0x00,0x00,0x00,
    0x00,0x00,0x00,0x00,0x00,0x00,0x00,0x00,0x00,0x00,0x00,0x00,0x00,0x00,0x00,0x00,0x00,0x00,0x00,0x00,0x00,0x00,0x00,0x00,
    0x00,0x00,0x00,0x00,0x00,0x00,0x00,0x00,0x00,0x00,0x00,0x00,0x00,0x00,0x00,0x00,0x00,0x00,0x00,0x00,0x00,0x00,0x00,0x00,
    0x00,0x00,0x00,0x00,0x00,0x00,0x00,0x00,0x00,0x00,0x00,0x00,0x00,0x00,0x00,0x00,0x00,0x00,0x00,0x00,0x00,0x00,0x00,0x00,
    0x00,0x00,0x00,0x00,0x00,0x00,0x00,0x00,0x00,0x00,0x00,0x00,0x00,0x00,0x00,0x00,0x00,0x00,0x00,0x00,0x00,0x00,0x00,0x00,
    0x00,0x00,0x00,0x00,0x00,0x00,0x00,0x00,0x00,0x00,0x00,0x00,0x00,0x00,0x00,0x00,0x00,0x00,0x00,0x00,0x00,0x00,0x00,0x00,
    0x00,0x00,0x00,0x00,0x00,0x00,0x00,0x00,0x00,0x00,0x00,0x00,0x00,0x00,0x00,0x00,0x00,0x00,0x00,0x00,0x00,0x00,0x00,0x00,
    0x00,0x00,0x00,0x00,0x00,0x00,0x00,0x00,0x00,0x00,0x00,0x00,0x00,0x00,0x00,0x00,0x00,0x00,0x00,0x00,0x00,0x00,0x00,0x00,
    0x00,0x00,0x00,0x00,0x00,0x00,0x00,0x00,0x00,0x00,0x00,0x00,0x00,0x00,0x00,0x00,0x00,0x00,0x00,0x00,0x00,0x00,0x00,0x00,
    0x00,0x00,0x00,0x00,0x00,0x00,0x00,0x00,0x00,0x00,0x00,0x00,0x00,0x00,0x00,0x00,0x00,0x00,0x00,0x00,0x00,0x00,0x00,0x00,
    0x00,0x00,0x00,0x00,0x00,0x00,0x00,0x00,0x00,0x00,0x00,0x00,0x00,0x00,0x00,0x00,0x00,0x00,0x00,0x00,0x00,0x00,0x00,0x00,
    0x00,0x00,0x00,0x00,0x00,0x00,0x00,0x00,0x00,0x00,0x00,0x00,0x00,0x00,0x00,0x00,0x00,0x00,0x00,0x00,0x00,0x00,0x00,0x00,
    0x00,0x00,0x00,0x00,0x00,0x00,0x00,0x00,0x00,0x00,0x00,0x00,0x00,0x00,0x00,0x00,0x00,0x00,0x00,0x00,0x00,0x00,0x00,0x00,
    0x00,0x00,0x00,0x00,0x00,0x00,0x00,0x00,0x00,0x00,0x00,0x00,0x00,0x00,0x00,0x00,0x00,0x00,0x00,0x00,0x00,0x00,0x00,0x00,
    0x00,0x00,0x00,0x00,0x00,0x00,0x00,0x00,0x00,0x00,0x00,0x00,0x00,0x00,0x00,0x00,0x00,0x00,0x00,0x00,0x00,0x00,0x00,0x00,
    0x00,0x00,0x00,0x00,0x00,0x00,0x00,0x00,0x00,0x00,0x00,0x00,0x00,0x00,0x00,0x00,0x00,0x00,0x00,0x00,0x00,0x00,0x00,0x00,
    0x00,0x00,0x00,0x00,0x00,0x00,0x00,0x00,0x00,0x00,0x00,0x00,0x00,0x00,0x00,0x00,0x00,0x00,0x00,0x00,0x00,0x00,0x00,0x00,
    0x00,0x00,0x00,0x00,0x00,0x00,0x00,0x00,0x00,0x00,0x00,0x00,0x00,0x00,0x00,0x00,0x00,0x00,0x00,0x00,0x00,0x00,0x00,0x00,
    0x00,0x00,0x00,0x00,0x00,0x00,0x00,0x00,0x00,0x00,0x00,0x00,0x00,0x00,0x00,0x00,0x00,0x00,0x00,0x00,0x00,0x00,0x00,0x00,
    0x00,0x00,0x00,0x00,0x00,0x00,0x00,0x00,0x00,0x00,0x00,0x00,0x00,0x00,0x00,0x00,0x00,0x00,0x00,0x00,0x00,0x00,0x00,0x00,
    0x00,0x00,0x00,0x00,0x00,0x00,0x00,0x00,0x00,0x00,0x00,0x00,0x00,0x00,0x00,0x00,0x00,0x00,0x00,0x00,0x00,0x00,0x00,0x00,
    0x00,0x00,0x00,0x00,0x00,0x00,0x00,0x00,0x00,0x00,0x00,0x00,0x00,0x00,0x00,0x00,0x00,0x00,0x00,0x00,0x00,0x00,0x00,0x00,
    0x00,0x00,0x00,0x00,0x00,0x00,0x00,0x00,0x00,0x00,0x00,0x00,0x00,0x00,0x00,0x00,0x00,0x00,0x00,0x00,0x00,0x00,0x00,0x00,
    0x00,0x00,0x00,0x00,0x00,0x00,0x00,0x00,0x00,0x00,0x00,0x00,0x00,0x00,0x00,0x00,0x00,0x00,0x00,0x00,0x00,0x00,0x00,0x00,
    0x00,0x00,0x00,0x00,0x00,0x00,0x00,0x00,0x00,0x00,0x00,0x00,0x00,0x00,0x00,0x00,0x00,0x00,0x00,0x00,0x00,0x00,0x00,0x00,
    0x00,0x00,0x00,0x00,0x00,0x00,0x00,0x00,0x00,0x00,0x00,0x00,0x00,0x00,0x00,0x00,0x00,0x00,0x00,0x00,0x00,0x00,0x00,0x00,
    0x00,0x00,0x00,0x00,0x00,0x00,0x00,0x00,0x00,0x00,0x00,0x00,0x00,0x00,0x00,0x00,0x00,0x00,0x00,0x00,0x00,0x00,0x00,0x00,
    0x00,0x00,0x00,0x00,0x00,0x00,0x00,0x00,0x00,0x00,0x00,0x00,0x00,0x00,0x00,0x00,0x00,0x00,0x00,0x00,0x00,0x00,0x00,0x00,
    0x00,0x00,0x00,0x00,0x00,0x00,0x00,0x00,0x00,0x00,0x00,0x00,0x00,0x00,0x00,0x00,0x00,0x00,0x00,0x00,0x00,0x00,0x00,0x00,
    0x00,0x00,0x00,0x00,0x00,0x00,0x00,0x00,0x00,0x00,0x00,0x00,0x00,0x00,0x00,0x00,0x00,0x00,0x00,0x00,0x00,0x00,0x00,0x00,
    0x00,0x00,0x00,0x00,0x00,0x00,0x00,0x00,0x00,0x00,0x00,0x00,0x00,0x00,0x00,0x00,0x00,0x00,0x00,0x00,0x00,0x00,0x00,0x00,
    0x00,0x00,0x00,0x00,0x00,0x00,0x00,0x00,0x00,0x00,0x00,0x00,0x00,0x00,0x00,0x00,0x00,0x00,0x00,0x00,0x00,0x00,0x00,0x00,
    0x00,0x00,0x00,0x00,0x00,0x00,0x00,0x00,0x00,0x00,0x00,0x00,0x00,0x00,0x00,0x00,0x00,0x00,0x00,0x00,0x00,0x00,0x00,0x00,
    0x00,0x00,0x00,0x00,0x00,0x00,0x00,0x00,0x00,0x00,0x00,0x00,0x00,0x00,0x00,0x00,0x00,0x00,0x00,0x00,0x00,0x00,0x00,0x00,
    0x00,0x00,0x00,0x00,0x00,0x00,0x00,0x00,0x00,0x00,0x00,0x00,0x00,0x00,0x00,0x00,0x00,0x00,0x00,0x00,0x00,0x00,0x00,0x00,
    0x00,0x00,0x00,0x00,0x00,0x00,0x00,0x00,0x00,0x00,0x00,0x00,0x00,0x00,0x00,0x00,0x00,0x00,0x00,0x00,0x00,0x00,0x00,0x00,
    0x00,0x00,0x00,0x00,0x00,0x00,0x00,0x00,0x00,0x00,0x00,0x00,0x00,0x00,0x00,0x00,0x00,0x00,0x00,0x00,0x00,0x00,0x00,0x00,
    0x00,0x00,0x00,0x00,0x00,0x00,0x00,0x00,0x00,0x00,0x00,0x00,0x00,0x00,0x00,0x00,0x00,0x00,0x00,0x00,0x00,0x00,0x00,0x00,
    0x00,0x00,0x00,0x00,0x00,0x00,0x00,0x00,0x00,0x00,0x00,0x00,0x00,0x00,0x00,0x00,0x00,0x00,0x00,0x00,0x00,0x00,0x00,0x00,
    0x00,0x00,0x00,0x00,0x00,0x00,0x00,0x00,0x00,0x00,0x00,0x00,0x00,0x00,0x00,0x00,0x00,0x00,0x00,0x00,0x00,0x00,0x00,0x00,
    0x00,0x00,0x00,0x00,0x00,0x00,0x00,0x00,0x00,0x00,0x00,0x00,0x00,0x00,0x00,0x00,0x00,0x00,0x00,0x00,0x00,0x00,0x00,0x00,
    0x00,0x00,0x00,0x00,0x00,0x00,0x00,0x00,0x00,0x00,0x00,0x00,0x00,0x00,0x00,0x00,0x00,0x00,0x00,0x00,0x00,0x00,0x00,0x00,
    0x00,0x00,0x00,0x00,0x00,0x00,0x00,0x00,0x00,0x00,0x00,0x00,0x00,0x00,0x00,0x00,0x00,0x00,0x00,0x00,0x00,0x00,0x00,0x00,
    0x00,0x00,0x00,0x00,0x00,0x00,0x00,0x00,0x00,0x00,0x00,0x00,0x00,0x00,0x00,0x00,0x00,0x00,0x00,0x00,0x00,0x00,0x00,0x00,
    0x00,0x00,0x00,0x00,0x00,0x00,0x00,0x00,0x00,0x00,0x00,0x00,0x00,0x00,0x00,0x00,0x00,0x00,0x00,0x00,0x00,0x00,0x00,0x00,
    0x00,0x00,0x00,0x00,0x00,0x00,0x00,0x00,0x00,0x00,0x00,0x00,0x00,0x00,0x00,0x00,0x00,0x00,0x00,0x00,0x00,0x00,0x00,0x00,
    0x00,0x00,0x00,0x00,0x00,0x00,0x00,0x00,0x00,0x00,0x00,0x00,0x00,0x00,0x00,0x00,0x00,0x00,0x00,0x00,0x00,0x00,0x00,0x00,
    0x00,0x00,0x00,0x00,0x00,0x00,0x00,0x00,0x00,0x00,0x00,0x00,0x00,0x00,0x00,0x00,0x00,0x00,0x00,0x00,0x00,0x00,0x00,0x00,
    0x00,0x00,0x00,0x00,0x00,0x00,0x00,0x00,0x00,0x00,0x00,0x00,0x00,0x00,0x00,0x00,0x00,0x00,0x00,0x00,0x00,0x00,0x00,0x00,
    0x00,0x00,0x00,0x00,0x00,0x00,0x00,0x00,0x00,0x00,0x00,0x00,0x00,0x00,0x00,0x00,0x00,0x00,0x00,0x00,0x00,0x00,0x00,0x00,
    0x00,0x00,0x00,0x00,0x00,0x00,0x00,0x00,0x00,0x00,0x00,0x00,0x00,0x00,0x00,0x00,0x00,0x00,0x00,0x00,0x00,0x00,0x00,0x00,
    0x00,0x00,0x00,0x00,0x00,0x00,0x00,0x00,0x00,0x00,0x00,0x00,0x00,0x00,0x00,0x00,0x00,0x00,0x00,0x00,0x00,0x00,0x00,0x00,
    0x00,0x00,0x00,0x00,0x00,0x00,0x00,0x00,0x00,0x00,0x00,0x00,0x00,0x00,0x00,0x00,0x00,0x00,0x00,0x00,0x00,0x00,0x00,0x00,
    0x00,0x00,0x00,0x00,0x00,0x00,0x00,0x00,0x00,0x00,0x00,0x00,0x00,0x00,0x00,0x00,0x00,0x00,0x00,0x00,0x00,0x00,0x00,0x00,
    0x00,0x00,0x00,0x00,0x00,0x00,0x00,0x00,0x00,0x00,0x00,0x00,0x00,0x00,0x00,0x00,0x00,0x00,0x00,0x00,0x00,0x00,0x00,0x00,
    0x00,0x00,0x00,0x00,0x00,0x00,0x00,0x00,0x00,0x00,0x00,0x00,0x00,0x00,0x00,0x00,0x00,0x00,0x00,0x00,0x00,0x00,0x00,0x00,
    0x00,0x00,0x00,0x00,0x00,0x00,0x00,0x00,0x00,0x00,0x00,0x00,0x00,0x00,0x00,0x00,0x00,0x00,0x00,0x00,0x00,0x00,0x00,0x00,
    0x00,0x00,0x00,0x00,0x00,0x00,0x00,0x00,0x00,0x00,0x00,0x00,0x00,0x00,0x00,0x00,0x00,0x00,0x00,0x00,0x00,0x00,0x00,0x00,
    0x00,0x00,0x00,0x00,0x00,0x00,0x00,0x00,0x00,0x00,0x00,0x00,0x00,0x00,0x00,0x00,0x00,0x00,0x00,0x00,0x00,0x00,0x00,0x00,
    0x00,0x00,0x00,0x00,0x00,0x00,0x00,0x00,0x00,0x00,0x00,0x00,0x00,0x00,0x00,0x00,0x00,0x00,0x00,0x00,0x00,0x00,0x00,0x00,
    0x00,0x00,0x00,0x00,0x00,0x00,0x00,0x00,0x00,0x00,0x00,0x00,0x00,0x00,0x00,0x00,0x00,0x00,0x00,0x00,0x00,0x00,0x00,0x00,
    0x00,0x00,0x00,0x00,0x00,0x00,0x00,0x00,0x00,0x00,0x00,0x00,0x00,0x00,0x00,0x00,0x00,0x00,0x00,0x00,0x00,0x00,0x00,0x00,
    0x00,0x00,0x00,0x00,0x00,0x00,0x00,0x00,0x00,0x00,0x00,0x00,0x00,0x00,0x00,0x00,0x00,0x00,0x00,0x00,0x00,0x00,0x00,0x00,
    0x00,0x00,0x00,0x00,0x00,0x00,0x00,0x00,0x00,0x00,0x00,0x00,0x00,0x00,0x00,0x00,0x00,0x00,0x00,0x00,0x00,0x00,0x00,0x00,
    0x00,0x00,0x00,0x00,0x00,0x00,0x00,0x00,0x00,0x00,0x00,0x00,0x00,0x00,0x00,0x00,0x00,0x00,0x00,0x00,0x00,0x00,0x00,0x00,
    0x00,0x00,0x00,0x00,0x00,0x00,0x00,0x00,0x00,0x00,0x00,0x00,0x00,0x00,0x00,0x00,0x00,0x00,0x00,0x00,0x00,0x00,0x00,0x00,
    0x00,0x00,0x00,0x00,0x00,0x00,0x00,0x00,0x00,0x00,0x00,0x00,0x00,0x00,0x00,0x00,0x00,0x00,0x00,0x00,0x00,0x00,0x00,0x00,
    0x00,0x00,0x00,0x00,0x00,0x00,0x00,0x00,0x00,0x00,0x00,0x00,0x00,0x00,0x00,0x00,0x00,0x00,0x00,0x00,0x00,0x00,0x00,0x00,
    0x00,0x00,0x00,0x00,0x00,0x00,0x00,0x00,0x00,0x00,0x00,0x00,0x00,0x00,0x00,0x00,0x00,0x00,0x00,0x00,0x00,0x00,0x00,0x00,
    0x00,0x00,0x00,0x00,0x00,0x00,0x00,0x00,0x00,0x00,0x00,0x00,0x00,0x00,0x00,0x00,0x00,0x00,0x00,0x00,0x00,0x00,0x00,0x00,
    0x00,0x00,0x00,0x00,0x00,0x00,0x00,0x00,0x00,0x00,0x00,0x00,0x00,0x00,0x00,0x00,0x00,0x00,0x00,0x00,0x00,0x00,0x00,0x00,
    0x00,0x00,0x00,0x00,0x00,0x00,0x00,0x00,0x00,0x00,0x00,0x00,0x00,0x00,0x00,0x00,0x00,0x00,0x00,0x00,0x00,0x00,0x00,0x00,
    0x00,0x00,0x00,0x00,0x00,0x00,0x00,0x00,0x00,0x00,0x00,0x00,0x00,0x00,0x00,0x00,0x00,0x00,0x00,0x00,0x00,0x00,0x00,0x00,
    0x00,0x00,0x00,0x00,0x00,0x00,0x00,0x00,0x00,0x00,0x00,0x00,0x00,0x00,0x00,0x00,0x00,0x00,0x00,0x00,0x00,0x00,0x00,0x00,
    0x00,0x00,0x00,0x00,0x00,0x00,0x00,0x00,0x00,0x00,0x00,0x00,0x00,0x00,0x00,0x00,0x00,0x00,0x00,0x00,0x00,0x00,0x00,0x00,
    0x00,0x00,0x00,0x00,0x00,0x00,0x00,0x00,0x00,0x00,0x00,0x00,0x00,0x00,0x00,0x00,0x00,0x00,0x00,0x00,0x00,0x00,0x00,0x00,
    0x00,0x00,0x00,0x00,0x00,0x00,0x00,0x00,0x00,0x00,0x00,0x00,0x00,0x00,0x00,0x00,0x00,0x00,0x00,0x00,0x00,0x00,0x00,0x00,
    0x00,0x00,0x00,0x00,0x00,0x00,0x00,0x00,0x00,0x00,0x00,0x00,0x00,0x00,0x00,0x00,0x00,0x00,0x00,0x00,0x00,0x00,0x00,0x00,
    0x00,0x00,0x00,0x00,0x00,0x00,0x00,0x00,0x00,0x00,0x00,0x00,0x00,0x00,0x00,0x00,0x00,0x00,0x00,0x00,0x00,0x00,0x00,0x00,
    0x00,0x00,0x00,0x00,0x00,0x00,0x00,0x00,0x00,0x00,0x00,0x00,0x00,0x00,0x00,0x00,0x00,0x00,0x00,0x00,0x00,0x00,0x00,0x00,
    0x00,0x00,0x00,0x00,0x00,0x00,0x00,0x00,0x00,0x00,0x00,0x00,0x00,0x00,0x00,0x00,0x00,0x00,0x00,0x00,0x00,0x00,0x00,0x00,
    0x00,0x00,0x00,0x00,0x00,0x00,0x00,0x00,0x00,0x00,0x00,0x00,0x00,0x00,0x00,0x00,0x00,0x00,0x00,0x00,0x00,0x00,0x00,0x00,
    0x00,0x00,0x00,0x00,0x00,0x00,0x00,0x00,0x00,0x00,0x00,0x00,0x00,0x00,0x00,0x00,0x00,0x00,0x00,0x00,0x00,0x00,0x00,0x00,
    0x00,0x00,0x00,0x00,0x00,0x00,0x00,0x00,0x00,0x00,0x00,0x00,0x00,0x00,0x00,0x00,0x00,0x00,0x00,0x00,0x00,0x00,0x00,0x00,
    0x00,0x00,0x00,0x00,0x00,0x00,0x00,0x00,0x00,0x00,0x00,0x00,0x00,0x00,0x00,0x00,0x00,0x00,0x00,0x00,0x00,0x00,0x00,0x00,
    0x00,0x00,0x00,0x00,0x00,0x00,0x00,0x00,0x00,0x00,0x00,0x00,0x00,0x00,0x00,0x00,0x00,0x00,0x00,0x00,0x00,0x00,0x00,0x00,
    0x00,0x00,0x00,0x00,0x00,0x00,0x00,0x00,0x00,0x00,0x00,0x00,0x00,0x00,0x00,0x00,0x00,0x00,0x00,0x00,0x00,0x00,0x00,0x00,
    0x00,0x00,0x00,0x00,0x00,0x00,0x00,0x00,0x00,0x00,0x00,0x00,0x00,0x00,0x00,0x00,0x00,0x00,0x00,0x00,0x00,0x00,0x00,0x00,
    0x00,0x00,0x00,0x00,0x00,0x00,0x00,0x00,0x00,0x00,0x00,0x00,0x00,0x00,0x00,0x00,0x00,0x00,0x00,0x00,0x00,0x00,0x00,0x00,
    0x00,0x00,0x00,0x00,0x00,0x00,0x00,0x00,0x00,0x00,0x00,0x00,0x00,0x00,0x00,0x00,0x00,0x00,0x00,0x00,0x00,0x00,0x00,0x00,
    0x00,0x00,0x00,0x00,0x00,0x00,0x00,0x00,0x00,0x00,0x00,0x00,0x00,0x00,0x00,0x00,0x00,0x00,0x00,0x00,0x00,0x00,0x00,0x00,
    0x00,0x00,0x00,0x00,0x00,0x00,0x00,0x00,0x00,0x00,0x00,0x00,0x00,0x00,0x00,0x00,0x00,0x00,0x00,0x00,0x00,0x00,0x00,0x00,
    0x00,0x00,0x00,0x00,0x00,0x00,0x00,0x00,0x00,0x00,0x00,0x00,0x00,0x00,0x00,0x00,0x00,0x00,0x00,0x00,0x00,0x00,0x00,0x00,
    0x00,0x00,0x00,0x00,0x00,0x00,0x00,0x00,0x00,0x00,0x00,0x00,0x00,0x00,0x00,0x00,0x00,0x00,0x00,0x00,0x00,0x00,0x00,0x00,
    0x00,0x00,0x00,0x00,0x00,0x00,0x00,0x00,0x00,0x00,0x00,0x00,0x00,0x00,0x00,0x00,0x00,0x00,0x00,0x00,0x00,0x00,0x00,0x00,
    0x00,0x00,0x00,0x00,0x00,0x00,0x00,0x00,0x00,0x00,0x00,0x00,0x00,0x00,0x00,0x00,0x00,0x00,0x00,0x00,0x00,0x00,0x00,0x00,
    0x00,0x00,0x00,0x00,0x00,0x00,0x00,0x00,0x00,0x00,0x00,0x00,0x00,0x00,0x00,0x00,0x00,0x00,0x00,0x00,0x00,0x00,0x00,0x00,
    0x00,0x00,0x00,0x00,0x00,0x00,0x00,0x00,0x00,0x00,0x00,0x00,0x00,0x00,0x00,0x00,0x00,0x00,0x00,0x00,0x00,0x00,0x00,0x00,
    0x00,0x00,0x00,0x00,0x00,0x00,0x00,0x00,0x00,0x00,0x00,0x00,0x00,0x00,0x00,0x00,0x00,0x00,0x00,0x00,0x00,0x00,0x00,0x00,
    0x00,0x00,0x00,0x00,0x00,0x00,0x00,0x00,0x00,0x00,0x00,0x00,0x00,0x00,0x00,0x00,0x00,0x00,0x00,0x00,0x00,0x00,0x00,0x00,
    0x00,0x00,0x00,0x00,0x00,0x00,0x00,0x00,0x00,0x00,0x00,0x00,0x00,0x00,0x00,0x00,0x00,0x00,0x00,0x00,0x00,0x00,0x00,0x00,
    0x00,0x00,0x00,0x00,0x00,0x00,0x00,0x00,0x00,0x00,0x00,0x00,0x00,0x00,0x00,0x00,0x00,0x00,0x00,0x00,0x00,0x00,0x00,0x00,
    0x00,0x00,0x00,0x00,0x00,0x00,0x00,0x00,0x00,0x00,0x00,0x00,0x00,0x00,0x00,0x00,0x00,0x00,0x00,0x00,0x00,0x00,0x00,0x00,
    0x00,0x00,0x00,0x00,0x00,0x00,0x00,0x00,0x00,0x00,0x00,0x00,0x00,0x00,0x00,0x00,0x00,0x00,0x00,0x00,0x00,0x00,0x00,0x00,
    0x00,0x00,0x00,0x00,0x00,0x00,0x00,0x00,0x00,0x00,0x00,0x00,0x00,0x00,0x00,0x00,0x00,0x00,0x00,0x00,0x00,0x00,0x00,0x00,
    0x00,0x00,0x00,0x00,0x00,0x00,0x00,0x00,0x00,0x00,0x00,0x00,0x00,0x00,0x00,0x00,0x00,0x00,0x00,0x00,0x00,0x00,0x00,0x00,
    0x00,0x00,0x00,0x00,0x00,0x00,0x00,0x00,0x00,0x00,0x00,0x00,0x00,0x00,0x00,0x00,0x00,0x00,0x00,0x00,0x00,0x00,0x00,0x00,
    0x00,0x00,0x00,0x00,0x00,0x00,0x00,0x00,0x00,0x00,0x00,0x00,0x00,0x00,0x00,0x00,0x00,0x00,0x00,0x00,0x00,0x00,0x00,0x00,
    0x00,0x00,0x00,0x00,0x00,0x00,0x00,0x00,0x00,0x00,0x00,0x00,0x00,0x00,0x00,0x00,0x00,0x00,0x00,0x00,0x00,0x00,0x00,0x00,
    0x00,0x00,0x00,0x00,0x00,0x00,0x00,0x00,0x00,0x00,0x00,0x00,0x00,0x00,0x00,0x00,0x00,0x00,0x00,0x00,0x00,0x00,0x00,0x00,
    0x00,0x00,0x00,0x00,0x00,0x00,0x00,0x00,0x00,0x00,0x00,0x00,0x00,0x00,0x00,0x00,0x00,0x00,0x00,0x00,0x00,0x00,0x00,0x00,
    0x00,0x00,0x00,0x00,0x00,0x00,0x00,0x00,0x00,0x00,0x00,0x00,0x00,0x00,0x00,0x00,0x00,0x00,0x00,0x00,0x00,0x00,0x00,0x00,
    0x00,0x00,0x00,0x00,0x00,0x00,0x00,0x00,0x00,0x00,0x00,0x00,0x00,0x00,0x00,0x00,0x00,0x00,0x00,0x00,0x00,0x00,0x00,0x00,
    0x00,0x00,0x00,0x00,0x00,0x00,0x00,0x00,0x00,0x00,0x00,0x00,0x00,0x00,0x00,0x00,0x00,0x00,0x00,0x00,0x00,0x00,0x00,0x00,
    0x00,0x00,0x00,0x00,0x00,0x00,0x00,0x00,0x00,0x00,0x00,0x00,0x00,0x00,0x00,0x00,0x00,0x00,0x00,0x00,0x00,0x00,0x00,0x00,
    0x00,0x00,0x00,0x00,0x00,0x00,0x00,0x00,0x00,0x00,0x00,0x00,0x00,0x00,0x00,0x00,0x00,0x00,0x00,0x00,0x00,0x00,0x00,0x00,
    0x00,0x00,0x00,0x00,0x00,0x00,0x00,0x00,0x00,0x00,0x00,0x00,0x00,0x00,0x00,0x00,0x00,0x00,0x00,0x00,0x00,0x00,0x00,0x00,
    0x00,0x00,0x00,0x00,0x00,0x00,0x00,0x00,0x00,0x00,0x00,0x00,0x00,0x00,0x00,0x00,0x00,0x00,0x00,0x00,0x00,0x00,0x00,0x00,
    0x00,0x00,0x00,0x00,0x00,0x00,0x00,0x00,0x00,0x00,0x00,0x00,0x00,0x00,0x00,0x00,0x00,0x00,0x00,0x00,0x00,0x00,0x00,0x00,
    0x00,0x00,0x00,0x00,0x00,0x00,0x00,0x00,0x00,0x00,0x00,0x00,0x00,0x00,0x00,0x00,0x00,0x00,0x00,0x00,0x00,0x00,0x00,0x00,
    0x00,0x00,0x00,0x00,0x00,0x00,0x00,0x00,0x00,0x00,0x00,0x00,0x00,0x00,0x00,0x00,0x00,0x00,0x00,0x00,0x00,0x00,0x00,0x00,
    0x00,0x00,0x00,0x00,0x00,0x00,0x00,0x00,0x00,0x00,0x00,0x00,0x00,0x00,0x00,0x00,0x00,0x00,0x00,0x00,0x00,0x00,0x00,0x00,
    0x00,0x00,0x00,0x00,0x00,0x00,0x00,0x00,0x00,0x00,0x00,0x00,0x00,0x00,0x00,0x00,0x00,0x00,0x00,0x00,0x00,0x00,0x00,0x00,
    0x00,0x00,0x00,0x00,0x00,0x00,0x00,0x00,0x00,0x00,0x00,0x00,0x00,0x00,0x00,0x00,0x00,0x00,0x00,0x00,0x00,0x00,0x00,0x00,
    0x00,0x00,0x00,0x00,0x00,0x00,0x00,0x00,0x00,0x00,0x00,0x00,0x00,0x00,0x00,0x00,0x00,0x00,0x00,0x00,0x00,0x00,0x00,0x00,
    0x00,0x00,0x00,0x00,0x00,0x00,0x00,0x00,0x00,0x00,0x00,0x00,0x00,0x00,0x00,0x00,0x00,0x00,0x00,0x00,0x00,0x00,0x00,0x00,
    0x00,0x00,0x00,0x00,0x00,0x00,0x00,0x00,0x00,0x00,0x00,0x00,0x00,0x00,0x00,0x00,0x00,0x00,0x00,0x00,0x00,0x00,0x00,0x00,
    0x00,0x00,0x00,0x00,0x00,0x00,0x00,0x00,0x00,0x00,0x00,0x00,0x00,0x00,0x00,0x00,0x00,0x00,0x00,0x00,0x00,0x00,0x00,0x00,
    0x00,0x00,0x00,0x00,0x00,0x00,0x00,0x00,0x00,0x00,0x00,0x00,0x00,0x00,0x00,0x00,0x00,0x00,0x00,0x00,0x00,0x00,0x00,0x00,
    0x00,0x00,0x00,0x00,0x00,0x00,0x00,0x00,0x00,0x00,0x00,0x00,0x00,0x00,0x00,0x00,0x00,0x00,0x00,0x00,0x00,0x00,0x00,0x00,
    0x00,0x00,0x00,0x00,0x00,0x00,0x00,0x00,0x00,0x00,0x00,0x00,0x00,0x00,0x00,0x00,0x00,0x00,0x00,0x00,0x00,0x00,0x00,0x00,
    0x00,0x00,0x00,0x00,0x00,0x00,0x00,0x00,0x00,0x00,0x00,0x00,0x00,0x00,0x00,0x00,0x00,0x00,0x00,0x00,0x00,0x00,0x00,0x00,
    0x00,0x00,0x00,0x00,0x00,0x00,0x00,0x00,0x00,0x00,0x00,0x00,0x00,0x00,0x00,0x00,0x00,0x00,0x00,0x00,0x00,0x00,0x00,0x00,
    0x00,0x00,0x00,0x00,0x00,0x00,0x00,0x00,0x00,0x00,0x00,0x00,0x00,0x00,0x00,0x00,0x00,0x00,0x00,0x00,0x00,0x00,0x00,0x00,
    0x00,0x00,0x00,0x00,0x00,0x00,0x00,0x00,0x00,0x00,0x00,0x00,0x00,0x00,0x00,0x00,0x00,0x00,0x00,0x00,0x00,0x00,0x00,0x00,
    0x00,0x00,0x00,0x00,0x00,0x00,0x00,0x00,0x00,0x00,0x00,0x00,0x00,0x00,0x00,0x00,0x00,0x00,0x00,0x00,0x00,0x00,0x00,0x00,
    0x00,0x00,0x00,0x00,0x00,0x00,0x00,0x00,0x00,0x00,0x00,0x00,0x00,0x00,0x00,0x00,0x00,0x00,0x00,0x00,0x00,0x00,0x00,0x00,
    0x00,0x00,0x00,0x00,0x00,0x00,0x00,0x00,0x00,0x00,0x00,0x00,0x00,0x00,0x00,0x00,0x00,0x00,0x00,0x00,0x00,0x00,0x00,0x00,
    0x00,0x00,0x00,0x00,0x00,0x00,0x00,0x00,0x00,0x00,0x00,0x00,0x00,0x00,0x00,0x00,0x00,0x00,0x00,0x00,0x00,0x00,0x00,0x00,
    0x00,0x00,0x00,0x00,0x00,0x00,0x00,0x00,0x00,0x00,0x00,0x00,0x00,0x00,0x00,0x00,0x00,0x00,0x00,0x00,0x00,0x00,0x00,0x00,
    0x00,0x00,0x00,0x00,0x00,0x00,0x00,0x00,0x00,0x00,0x00,0x00,0x00,0x00,0x00,0x00,0x00,0x00,0x00,0x00,0x00,0x00,0x00,0x00,
    0x00,0x00,0x00,0x00,0x00,0x00,0x00,0x00,0x00,0x00,0x00,0x00,0x00,0x00,0x00,0x00,0x00,0x00,0x00,0x00,0x00,0x00,0x00,0x00,
    0x00,0x00,0x00,0x00,0x00,0x00,0x00,0x00,0x00,0x00,0x00,0x00,0x00,0x00,0x00,0x00,0x00,0x00,0x00,0x00,0x00,0x00,0x00,0x00,
    0x00,0x00,0x00,0x00,0x00,0x00,0x00,0x00,0x00,0x00,0x00,0x00,0x00,0x00,0x00,0x00,0x00,0x00,0x00,0x00,0x00,0x00,0x00,0x00,
    0x00,0x00,0x00,0x00,0x00,0x00,0x00,0x00,0x00,0x00,0x00,0x00,0x00,0x00,0x00,0x00,0x00,0x00,0x00,0x00,0x00,0x00,0x00,0x00,
    0x00,0x00,0x00,0x00,0x00,0x00,0x00,0x00,0x00,0x00,0x00,0x00,0x00,0x00,0x00,0x00,0x00,0x00,0x00,0x00,0x00,0x00,0x00,0x00,
    0x00,0x00,0x00,0x00,0x00,0x00,0x00,0x00,0x00,0x00,0x00,0x00,0x00,0x00,0x00,0x00,0x00,0x00,0x00,0x00,0x00,0x00,0x00,0x00,
    0x00,0x00,0x00,0x00,0x00,0x00,0x00,0x00,0x00,0x00,0x00,0x00,0x00,0x00,0x00,0x00,0x00,0x00,0x00,0x00,0x00,0x00,0x00,0x00,
    0x00,0x00,0x00,0x00,0x00,0x00,0x00,0x00,0x00,0x00,0x00,0x00,0x00,0x00,0x00,0x00,0x00,0x00,0x00,0x00,0x00,0x00,0x00,0x00,
    0x00,0x00,0x00,0x00,0x00,0x00,0x00,0x00,0x00,0x00,0x00,0x00,0x00,0x00,0x00,0x00,0x00,0x00,0x00,0x00,0x00,0x00,0x00,0x00,
    0x00,0x00,0x00,0x00,0x00,0x00,0x00,0x00,0x00,0x00,0x00,0x00,0x00,0x00,0x00,0x00,0x00,0x00,0x00,0x00,0x00,0x00,0x00,0x00,
    0x00,0x00,0x00,0x00,0x00,0x00,0x00,0x00,0x00,0x00,0x00,0x00,0x00,0x00,0x00,0x00,0x00,0x00,0x00,0x00,0x00,0x00,0x00,0x00,
    0x00,0x00,0x00,0x00,0x00,0x00,0x00,0x00,0x00,0x00,0x00,0x00,0x00,0x00,0x00,0x00,0x00,0x00,0x00,0x00,0x00,0x00,0x00,0x00,
    0x00,0x00,0x00,0x00,0x00,0x00,0x00,0x00,0x00,0x00,0x00,0x00,0x00,0x00,0x00,0x00,0x00,0x00,0x00,0x00,0x00,0x00,0x00,0x00,
    0x00,0x00,0x00,0x00,0x00,0x00,0x00,0x00,0x00,0x00,0x00,0x00,0x00,0x00,0x00,0x00,0x00,0x00,0x00,0x00,0x00,0x00,0x00,0x00,
    0x00,0x00,0x00,0x00,0x00,0x00,0x00,0x00,0x00,0x00,0x00,0x00,0x00,0x00,0x00,0x00,0x00,0x00,0x00,0x00,0x00,0x00,0x00,0x00,
    0x00,0x00,0x00,0x00,0x00,0x00,0x00,0x00,0x00,0x00,0x00,0x00,0x00,0x00,0x00,0x00,0x00,0x00,0x00,0x00,0x00,0x00,0x00,0x00,
    0x00,0x00,0x00,0x00,0x00,0x00,0x00,0x00,0x00,0x00,0x00,0x00,0x00,0x00,0x00,0x00,0x00,0x00,0x00,0x00,0x00,0x00,0x00,0x00,
    0x00,0x00,0x00,0x00,0x00,0x00,0x00,0x00,0x00,0x00,0x00,0x00,0x00,0x00,0x00,0x00,0x00,0x00,0x00,0x00,0x00,0x00,0x00,0x00,
    0x00,0x00,0x00,0x00,0x00,0x00,0x00,0x00,0x00,0x00,0x00,0x00,0x00,0x00,0x00,0x00,0x00,0x00,0x00,0x00,0x00,0x00,0x00,0x00,
    0x00,0x00,0x00,0x00,0x00,0x00,0x00,0x00,0x00,0x00,0x00,0x00,0x00,0x00,0x00,0x00,0x00,0x00,0x00,0x00,0x00,0x00,0x00,0x00,
    0x00,0x00,0x00,0x00,0x00,0x00,0x00,0x00,0x00,0x00,0x00,0x00,0x00,0x00,0x00,0x00,0x00,0x00,0x00,0x00,0x00,0x00,0x00,0x00,
    0x00,0x00,0x00,0x00,0x00,0x00,0x00,0x00,0x00,0x00,0x00,0x00,0x00,0x00,0x00,0x00,0x00,0x00,0x00,0x00,0x00,0x00,0x00,0x00,
    0x00,0x00,0x00,0x00,0x00,0x00,0x00,0x00,0x00,0x00,0x00,0x00,0x00,0x00,0x00,0x00,0x00,0x00,0x00,0x00,0x00,0x00,0x00,0x00,
    0x00,0x00,0x00,0x00,0x00,0x00,0x00,0x00,0x00,0x00,0x00,0x00,0x00,0x00,0x00,0x00,0x00,0x00,0x00,0x00,0x00,0x00,0x00,0x00,
    0x00,0x00,0x00,0x00,0x00,0x00,0x00,0x00,0x00,0x00,0x00,0x00,0x00,0x00,0x00,0x00,0x00,0x00,0x00,0x00,0x00,0x00,0x00,0x00,
    0x00,0x00,0x00,0x00,0x00,0x00,0x00,0x00,0x00,0x00,0x00,0x00,0x00,0x00,0x00,0x00,0x00,0x00,0x00,0x00,0x00,0x00,0x00,0x00,
    0x00,0x00,0x00,0x00,0x00,0x00,0x00,0x00,0x00,0x00,0x00,0x00,0x00,0x00,0x00,0x00,0x00,0x00,0x00,0x00,0x00,0x00,0x00,0x00,
    0x00,0x00,0x00,0x00,0x00,0x00,0x00,0x00,0x00,0x00,0x00,0x00,0x00,0x00,0x00,0x00,0x00,0x00,0x00,0x00,0x00,0x00,0x00,0x00,
    0x00,0x00,0x00,0x00,0x00,0x00,0x00,0x00,0x00,0x00,0x00,0x00,0x00,0x00,0x00,0x00,0x00,0x00,0x00,0x00,0x00,0x00,0x00,0x00,
    0x00,0x00,0x00,0x00,0x00,0x00,0x00,0x00,0x00,0x00,0x00,0x00,0x00,0x00,0x00,0x00,0x00,0x00,0x00,0x00,0x00,0x00,0x00,0x00,
    0x00,0x00,0x00,0x00,0x00,0x00,0x00,0x00,0x00,0x00,0x00,0x00,0x00,0x00,0x00,0x00,0x00,0x00,0x00,0x00,0x00,0x00,0x00,0x00,
    0x00,0x00,0x00,0x00,0x00,0x00,0x00,0x00,0x00,0x00,0x00,0x00,0x00,0x00,0x00,0x00,0x00,0x00,0x00,0x00,0x00,0x00,0x00,0x00,
    0x00,0x00,0x00,0x00,0x00,0x00,0x00,0x00,0x00,0x00,0x00,0x00,0x00,0x00,0x00,0x00,0x00,0x00,0x00,0x00,0x00,0x00,0x00,0x00,
    0x00,0x00,0x00,0x00,0x00,0x00,0x00,0x00,0x00,0x00,0x00,0x00,0x00,0x00,0x00,0x00,0x00,0x00,0x00,0x00,0x00,0x00,0x00,0x00,
    0x00,0x00,0x00,0x00,0x00,0x00,0x00,0x00,0x00,0x00,0x00,0x00,0x00,0x00,0x00,0x00,0x00,0x00,0x00,0x00,0x00,0x00,0x00,0x00,
    0x00,0x00,0x00,0x00,0x00,0x00,0x00,0x00,0x00,0x00,0x00,0x00,0x00,0x00,0x00,0x00,0x00,0x00,0x00,0x00,0x00,0x00,0x00,0x00,
    0x00,0x00,0x00,0x00,0x00,0x00,0x00,0x00,0x00,0x00,0x00,0x00,0x00,0x00,0x00,0x00,0x00,0x00,0x00,0x00,0x00,0x00,0x00,0x00,
    0x00,0x00,0x00,0x00,0x00,0x00,0x00,0x00,0x00,0x00,0x00,0x00,0x00,0x00,0x00,0x00,0x00,0x00,0x00,0x00,0x00,0x00,0x00,0x00,
    0x00,0x00,0x00,0x00,0x00,0x00,0x00,0x00,0x00,0x00,0x00,0x00,0x00,0x00,0x00,0x00,0x00,0x00,0x00,0x00,0x00,0x00,0x00,0x00,
    0x00,0x00,0x00,0x00,0x00,0x00,0x00,0x00,0x00,0x00,0x00,0x00,0x00,0x00,0x00,0x00,0x00,0x00,0x00,0x00,0x00,0x00,0x00,0x00,
    0x00,0x00,0x00,0x00,0x00,0x00,0x00,0x00,0x00,0x00,0x00,0x00,0x00,0x00,0x00,0x00,0x00,0x00,0x00,0x00,0x00,0x00,0x00,0x00,
    0x00,0x00,0x00,0x00,0x00,0x00,0x00,0x00,0x00,0x00,0x00,0x00,0x00,0x00,0x00,0x00,0x00,0x00,0x00,0x00,0x00,0x00,0x00,0x00,
    0x00,0x00,0x00,0x00,0x00,0x00,0x00,0x00,0x00,0x00,0x00,0x00,0x00,0x00,0x00,0x00,0x00,0x00,0x00,0x00,0x00,0x00,0x00,0x00,
    0x00,0x00,0x00,0x00,0x00,0x00,0x00,0x00,0x00,0x00,0x00,0x00,0x00,0x00,0x00,0x00,0x00,0x00,0x00,0x00,0x00,0x00,0x00,0x00,
    0x00,0x00,0x00,0x00,0x00,0x00,0x00,0x00,0x00,0x00,0x00,0x00,0x00,0x00,0x00,0x00,0x00,0x00,0x00,0x00,0x00,0x00,0x00,0x00,
    0x00,0x00,0x00,0x00,0x00,0x00,0x00,0x00,0x00,0x00,0x00,0x00,0x00,0x00,0x00,0x00,0x00,0x00,0x00,0x00,0x00,0x00,0x00,0x00,
    0x00,0x00,0x00,0x00,0x00,0x00,0x00,0x00,0x00,0x00,0x00,0x00,0x00,0x00,0x00,0x00,0x00,0x00,0x00,0x00,0x00,0x00,0x00,0x00,
    0x00,0x00,0x00,0x00,0x00,0x00,0x00,0x00,0x00,0x00,0x00,0x00,0x00,0x00,0x00,0x00,0x00,0x00,0x00,0x00,0x00,0x00,0x00,0x00,
    0x00,0x00,0x00,0x00,0x00,0x00,0x00,0x00,0x00,0x00,0x00,0x00,0x00,0x00,0x00,0x00,0x00,0x00,0x00,0x00,0x00,0x00,0x00,0x00,
    0x00,0x00,0x00,0x00,0x00,0x00,0x00,0x00,0x00,0x00,0x00,0x00,0x00,0x00,0x00,0x00,0x00,0x00,0x00,0x00,0x00,0x00,0x00,0x00,
    0x00,0x00,0x00,0x00,0x00,0x00,0x00,0x00,0x00,0x00,0x00,0x00,0x00,0x00,0x00,0x00,0x00,0x00,0x00,0x00,0x00,0x00,0x00,0x00,
    0x00,0x00,0x00,0x00,0x00,0x00,0x00,0x00,0x00,0x00,0x00,0x00,0x00,0x00,0x00,0x00,0x00,0x00,0x00,0x00,0x00,0x00,0x00,0x00,
    0x00,0x00,0x00,0x00,0x00,0x00,0x00,0x00,0x00,0x00,0x00,0x00,0x00,0x00,0x00,0x00,0x00,0x00,0x00,0x00,0x00,0x00,0x00,0x00,
    0x00,0x00,0x00,0x00,0x00,0x00,0x00,0x00,0x00,0x00,0x00,0x00,0x00,0x00,0x00,0x00,0x00,0x00,0x00,0x00,0x00,0x00,0x00,0x00,
    0x00,0x00,0x00,0x00,0x00,0x00,0x00,0x00,0x00,0x00,0x00,0x00,0x00,0x00,0x00,0x00,0x00,0x00,0x00,0x00,0x00,0x00,0x00,0x00,
    0x00,0x00,0x00,0x00,0x00,0x00,0x00,0x00,0x00,0x00,0x00,0x00,0x00,0x00,0x00,0x00,0x00,0x00,0x00,0x00,0x00,0x00,0x00,0x00,
    0x00,0x00,0x00,0x00,0x00,0x00,0x00,0x00,0x00,0x00,0x00,0x00,0x00,0x00,0x00,0x00,0x00,0x00,0x00,0x00,0x00,0x00,0x00,0x00,
    0x00,0x00,0x00,0x00,0x00,0x00,0x00,0x00,0x00,0x00,0x00,0x00,0x00,0x00,0x00,0x00,0x00,0x00,0x00,0x00,0x00,0x00,0x00,0x00,
    0x00,0x00,0x00,0x00,0x00,0x00,0x00,0x00,0x00,0x00,0x00,0x00,0x00,0x00,0x00,0x00,0x00,0x00,0x00,0x00,0x00,0x00,0x00,0x00,
    0x00,0x00,0x00,0x00,0x00,0x00,0x00,0x00,0x00,0x00,0x00,0x00,0x00,0x00,0x00,0x00,0x00,0x00,0x00,0x00,0x00,0x00,0x00,0x00,
    0x00,0x00,0x00,0x00,0x00,0x00,0x00,0x00,0x00,0x00,0x00,0x00,0x00,0x00,0x00,0x00,0x00,0x00,0x00,0x00,0x00,0x00,0x00,0x00,
    0x00,0x00,0x00,0x00,0x00,0x00,0x00,0x00,0x00,0x00,0x00,0x00,0x00,0x00,0x00,0x00,0x00,0x00,0x00,0x00,0x00,0x00,0x00,0x00,
    0x00,0x00,0x00,0x00,0x00,0x00,0x00,0x00,0x00,0x00,0x00,0x00,0x00,0x00,0x00,0x00,0x00,0x00,0x00,0x00,0x00,0x00,0x00,0x00,
    0x00,0x00,0x00,0x00,0x00,0x00,0x00,0x00,0x00,0x00,0x00,0x00,0x00,0x00,0x00,0x00,0x00,0x00,0x00,0x00,0x00,0x00,0x00,0x00,
    0x00,0x00,0x00,0x00,0x00,0x00,0x00,0x00,0x00,0x00,0x00,0x00,0x00,0x00,0x00,0x00,0x00,0x00,0x00,0x00,0x00,0x00,0x00,0x00,
    0x00,0x00,0x00,0x00,0x00,0x00,0x00,0x00,0x00,0x00,0x00,0x00,0x00,0x00,0x00,0x00,0x00,0x00,0x00,0x00,0x00,0x00,0x00,0x00,
    0x00,0x00,0x00,0x00,0x00,0x00,0x00,0x00,0x00,0x00,0x00,0x00,0x00,0x00,0x00,0x00,0x00,0x00,0x00,0x00,0x00,0x00,0x00,0x00,
    0x00,0x00,0x00,0x00,0x00,0x00,0x00,0x00,0x00,0x00,0x00,0x00,0x00,0x00,0x00,0x00,0x00,0x00,0x00,0x00,0x00,0x00,0x00,0x00,
    0x00,0x00,0x00,0x00,0x00,0x00,0x00,0x00,0x00,0x00,0x00,0x00,0x00,0x00,0x00,0x00,0x00,0x00,0x00,0x00,0x00,0x00,0x00,0x00,
    0x00,0x00,0x00,0x00,0x00,0x00,0x00,0x00,0x00,0x00,0x00,0x00,0x00,0x00,0x00,0x00,0x00,0x00,0x00,0x00,0x00,0x00,0x00,0x00,
    0x00,0x00,0x00,0x00,0x00,0x00,0x00,0x00,0x00,0x00,0x00,0x00,0x00,0x00,0x00,0x00,0x00,0x00,0x00,0x00,0x00,0x00,0x00,0x00,
    0x00,0x00,0x00,0x00,0x00,0x00,0x00,0x00,0x00,0x00,0x00,0x00,0x00,0x00,0x00,0x00,0x00,0x00,0x00,0x00,0x00,0x00,0x00,0x00,
    0x00,0x00,0x00,0x00,0x00,0x00,0x00,0x00,0x00,0x00,0x00,0x00,0x00,0x00,0x00,0x00,0x00,0x00,0x00,0x00,0x00,0x00,0x00,0x00,
    0x00,0x00,0x00,0x00,0x00,0x00,0x00,0x00,0x00,0x00,0x00,0x00,0x00,0x00,0x00,0x00,0x00,0x00,0x00,0x00,0x00,0x00,0x00,0x00,
    0x00,0x00,0x00,0x00,0x00,0x00,0x00,0x00,0x00,0x00,0x00,0x00,0x00,0x00,0x00,0x00,0x00,0x00,0x00,0x00,0x00,0x00,0x00,0x00,
    0x00,0x00,0x00,0x00,0x00,0x00,0x00,0x00,0x00,0x00,0x00,0x00,0x00,0x00,0x00,0x00,0x00,0x00,0x00,0x00,0x00,0x00,0x00,0x00,
    0x00,0x00,0x00,0x00,0x00,0x00,0x00,0x00,0x00,0x00,0x00,0x00,0x00,0x00,0x00,0x00,0x00,0x00,0x00,0x00,0x00,0x00,0x00,0x00,
    0x00,0x00,0x00,0x00,0x00,0x00,0x00,0x00,0x00,0x00,0x00,0x00,0x00,0x00,0x00,0x00,0x00,0x00,0x00,0x00,0x00,0x00,0x00,0x00,
    0x00,0x00,0x00,0x00,0x00,0x00,0x00,0x00,0x00,0x00,0x00,0x00,0x00,0x00,0x00,0x00,0x00,0x00,0x00,0x00,0x00,0x00,0x00,0x00,
    0x00,0x00,0x00,0x00,0x00,0x00,0x00,0x00,0x00,0x00,0x00,0x00,0x00,0x00,0x00,0x00,0x00,0x00,0x00,0x00,0x00,0x00,0x00,0x00,
    0x00,0x00,0x00,0x00,0x00,0x00,0x00,0x00,0x00,0x00,0x00,0x00,0x00,0x00,0x00,0x00,0x00,0x00,0x00,0x00,0x00,0x00,0x00,0x00,
    0x00,0x00,0x00,0x00,0x00,0x00,0x00,0x00,0x00,0x00,0x00,0x00,0x00,0x00,0x00,0x00,0x00,0x00,0x00,0x00,0x00,0x00,0x00,0x00,
    0x00,0x00,0x00,0x00,0x00,0x00,0x00,0x00,0x00,0x00,0x00,0x00,0x00,0x00,0x00,0x00,0x00,0x00,0x00,0x00,0x00,0x00,0x00,0x00,
    0x00,0x00,0x00,0x00,0x00,0x00,0x00,0x00,0x00,0x00,0x00,0x00,0x00,0x00,0x00,0x00,0x00,0x00,0x00,0x00,0x00,0x00,0x00,0x00,
    0x00,0x00,0x00,0x00,0x00,0x00,0x00,0x00,0x00,0x00,0x00,0x00,0x00,0x00,0x00,0x00,0x00,0x00,0x00,0x00,0x00,0x00,0x00,0x00,
    0x00,0x00,0x00,0x00,0x00,0x00,0x00,0x00,0x00,0x00,0x00,0x00,0x00,0x00,0x00,0x00,0x00,0x00,0x00,0x00,0x00,0x00,0x00,0x00,
    0x00,0x00,0x00,0x00,0x00,0x00,0x00,0x00,0x00,0x00,0x00,0x00,0x00,0x00,0x00,0x00,0x00,0x00,0x00,0x00,0x00,0x00,0x00,0x00,
    0x00,0x00,0x00,0x00,0x00,0x00,0x00,0x00,0x00,0x00,0x00,0x00,0x00,0x00,0x00,0x00,0x00,0x00,0x00,0x00,0x00,0x00,0x00,0x00,
    0x00,0x00,0x00,0x00,0x00,0x00,0x00,0x00,0x00,0x00,0x00,0x00,0x00,0x00,0x00,0x00,0x00,0x00,0x00,0x00,0x00,0x00,0x00,0x00,
    0x00,0x00,0x00,0x00,0x00,0x00,0x00,0x00,0x00,0x00,0x00,0x00,0x00,0x00,0x00,0x00,0x00,0x00,0x00,0x00,0x00,0x00,0x00,0x00,
    0x00,0x00,0x00,0x00,0x00,0x00,0x00,0x00,0x00,0x00,0x00,0x00,0x00,0x00,0x00,0x00,0x00,0x00,0x00,0x00,0x00,0x00,0x00,0x00,
    0x00,0x00,0x00,0x00,0x00,0x00,0x00,0x00,0x00,0x00,0x00,0x00,0x00,0x00,0x00,0x00,0x00,0x00,0x00,0x00,0x00,0x00,0x00,0x00,
    0x00,0x00,0x00,0x00,0x00,0x00,0x00,0x00,0x00,0x00,0x00,0x00,0x00,0x00,0x00,0x00,0x00,0x00,0x00,0x00,0x00,0x00,0x00,0x00,
    0x00,0x00,0x00,0x00,0x00,0x00,0x00,0x00,0x00,0x00,0x00,0x00,0x00,0x00,0x00,0x00,0x00,0x00,0x00,0x00,0x00,0x00,0x00,0x00,
    0x00,0x00,0x00,0x00,0x00,0x00,0x00,0x00,0x00,0x00,0x00,0x00,0x00,0x00,0x00,0x00,0x00,0x00,0x00,0x00,0x00,0x00,0x00,0x00,
    0x00,0x00,0x00,0x00,0x00,0x00,0x00,0x00,0x00,0x00,0x00,0x00,0x00,0x00,0x00,0x00,0x00,0x00,0x00,0x00,0x00,0x00,0x00,0x00,
    0x00,0x00,0x00,0x00,0x00,0x00,0x00,0x00,0x00,0x00,0x00,0x00,0x00,0x00,0x00,0x00,0x00,0x00,0x00,0x00,0x00,0x00,0x00,0x00,
    0x00,0x00,0x00,0x00,0x00,0x00,0x00,0x00,0x00,0x00,0x00,0x00,0x00,0x00,0x00,0x00,0x00,0x00,0x00,0x00,0x00,0x00,0x00,0x00,
    0x00,0x00,0x00,0x00,0x00,0x00,0x00,0x00,0x00,0x00,0x00,0x00,0x00,0x00,0x00,0x00,0x00,0x00,0x00,0x00,0x00,0x00,0x00,0x00,
    0x00,0x00,0x00,0x00,0x00,0x00,0x00,0x00,0x00,0x00,0x00,0x00,0x00,0x00,0x00,0x00,0x00,0x00,0x00,0x00,0x00,0x00,0x00,0x00,
    0x00,0x00,0x00,0x00,0x00,0x00,0x00,0x00,0x00,0x00,0x00,0x00,0x00,0x00,0x00,0x00,0x00,0x00,0x00,0x00,0x00,0x00,0x00,0x00,
    0x00,0x00,0x00,0x00,0x00,0x00,0x00,0x00,0x00,0x00,0x00,0x00,0x00,0x00,0x00,0x00,0x00,0x00,0x00,0x00,0x00,0x00,0x00,0x00,
    0x00,0x00,0x00,0x00,0x00,0x00,0x00,0x00,0x00,0x00,0x00,0x00,0x00,0x00,0x00,0x00,0x00,0x00,0x00,0x00,0x00,0x00,0x00,0x00,
    0x00,0x00,0x00,0x00,0x00,0x00,0x00,0x00,0x00,0x00,0x00,0x00,0x00,0x00,0x00,0x00,0x00,0x00,0x00,0x00,0x00,0x00,0x00,0x00,
    0x00,0x00,0x00,0x00,0x00,0x00,0x00,0x00,0x00,0x00,0x00,0x00,0x00,0x00,0x00,0x00,0x00,0x00,0x00,0x00,0x00,0x00,0x00,0x00,
    0x00,0x00,0x00,0x00,0x00,0x00,0x00,0x00,0x00,0x00,0x00,0x00,0x00,0x00,0x00,0x00,0x00,0x00,0x00,0x00,0x00,0x00,0x00,0x00,
    0x00,0x00,0x00,0x00,0x00,0x00,0x00,0x00,0x00,0x00,0x00,0x00,0x00,0x00,0x00,0x00,0x00,0x00,0x00,0x00,0x00,0x00,0x00,0x00,
    0x00,0x00,0x00,0x00,0x00,0x00,0x00,0x00,0x00,0x00,0x00,0x00,0x00,0x00,0x00,0x00,0x00,0x00,0x00,0x00,0x00,0x00,0x00,0x00,
    0x00,0x00,0x00,0x00,0x00,0x00,0x00,0x00,0x00,0x00,0x00,0x00,0x00,0x00,0x00,0x00,0x00,0x00,0x00,0x00,0x00,0x00,0x00,0x00,
    0x00,0x00,0x00,0x00,0x00,0x00,0x00,0x00,0x00,0x00,0x00,0x00,0x00,0x00,0x00,0x00,0x00,0x00,0x00,0x00,0x00,0x00,0x00,0x00,
    0x00,0x00,0x00,0x00,0x00,0x00,0x00,0x00,0x00,0x00,0x00,0x00,0x00,0x00,0x00,0x00,0x00,0x00,0x00,0x00,0x00,0x00,0x00,0x00,
    0x00,0x00,0x00,0x00,0x00,0x00,0x00,0x00,0x00,0x00,0x00,0x00,0x00,0x00,0x00,0x00,0x00,0x00,0x00,0x00,0x00,0x00,0x00,0x00,
    0x00,0x00,0x00,0x00,0x00,0x00,0x00,0x00,0x00,0x00,0x00,0x00,0x00,0x00,0x00,0x00,0x00,0x00,0x00,0x00,0x00,0x00,0x00,0x00,
    0x00,0x00,0x00,0x00,0x00,0x00,0x00,0x00,0x00,0x00,0x00,0x00,0x00,0x00,0x00,0x00,0x00,0x00,0x00,0x00,0x00,0x00,0x00,0x00,
    0x00,0x00,0x00,0x00,0x00,0x00,0x00,0x00,0x00,0x00,0x00,0x00,0x00,0x00,0x00,0x00,0x00,0x00,0x00,0x00,0x00,0x00,0x00,0x00,
    0x00,0x00,0x00,0x00,0x00,0x00,0x00,0x00,0x00,0x00,0x00,0x00,0x00,0x00,0x00,0x00,0x00,0x00,0x00,0x00,0x00,0x00,0x00,0x00,
    0x00,0x00,0x00,0x00,0x00,0x00,0x00,0x00,0x00,0x00,0x00,0x00,0x00,0x00,0x00,0x00,0x00,0x00,0x00,0x00,0x00,0x00,0x00,0x00,
    0x00,0x00,0x00,0x00,0x00,0x00,0x00,0x00,0x00,0x00,0x00,0x00,0x00,0x00,0x00,0x00,0x00,0x00,0x00,0x00,0x00,0x00,0x00,0x00,
    0x00,0x00,0x00,0x00,0x00,0x00,0x00,0x00,0x00,0x00,0x00,0x00,0x00,0x00,0x00,0x00,0x00,0x00,0x00,0x00,0x00,0x00,0x00,0x00,
    0x00,0x00,0x00,0x00,0x00,0x00,0x00,0x00,0x00,0x00,0x00,0x00,0x00,0x00,0x00,0x00,0x00,0x00,0x00,0x00,0x00,0x00,0x00,0x00,
    0x00,0x00,0x00,0x00,0x00,0x00,0x00,0x00,0x00,0x00,0x00,0x00,0x00,0x00,0x00,0x00,0x00,0x00,0x00,0x00,0x00,0x00,0x00,0x00,
    0x00,0x00,0x00,0x00,0x00,0x00,0x00,0x00,0x00,0x00,0x00,0x00,0x00,0x00,0x00,0x00,0x00,0x00,0x00,0x00,0x00,0x00,0x00,0x00,
    0x00,0x00,0x00,0x00,0x00,0x00,0x00,0x00,0x00,0x00,0x00,0x00,0x00,0x00,0x00,0x00,0x00,0x00,0x00,0x00,0x00,0x00,0x00,0x00,
    0x00,0x00,0x00,0x00,0x00,0x00,0x00,0x00,0x00,0x00,0x00,0x00,0x00,0x00,0x00,0x00,0x00,0x00,0x00,0x00,0x00,0x00,0x00,0x00,
    0x00,0x00,0x00,0x00,0x00,0x00,0x00,0x00,0x00,0x00,0x00,0x00,0x00,0x00,0x00,0x00,0x00,0x00,0x00,0x00,0x00,0x00,0x00,0x00,
    0x00,0x00,0x00,0x00,0x00,0x00,0x00,0x00,0x00,0x00,0x00,0x00,0x00,0x00,0x00,0x00,0x00,0x00,0x00,0x00,0x00,0x00,0x00,0x00,
    0x00,0x00,0x00,0x00,0x00,0x00,0x00,0x00,0x00,0x00,0x00,0x00,0x00,0x00,0x00,0x00,0x00,0x00,0x00,0x00,0x00,0x00,0x00,0x00,
    0x00,0x00,0x00,0x00,0x00,0x00,0x00,0x00,0x00,0x00,0x00,0x00,0x00,0x00,0x00,0x00,0x00,0x00,0x00,0x00,0x00,0x00,0x00,0x00,
    0x00,0x00,0x00,0x00,0x00,0x00,0x00,0x00,0x00,0x00,0x00,0x00,0x00,0x00,0x00,0x00,0x00,0x00,0x00,0x00,0x00,0x00,0x00,0x00,
    0x00,0x00,0x00,0x00,0x00,0x00,0x00,0x00,0x00,0x00,0x00,0x00,0x00,0x00,0x00,0x00,0x00,0x00,0x00,0x00,0x00,0x00,0x00,0x00,
    0x00,0x00,0x00,0x00,0x00,0x00,0x00,0x00,0x00,0x00,0x00,0x00,0x00,0x00,0x00,0x00,0x00,0x00,0x00,0x00,0x00,0x00,0x00,0x00,
    0x00,0x00,0x00,0x00,0x00,0x00,0x00,0x00,0x00,0x00,0x00,0x00,0x00,0x00,0x00,0x00,0x00,0x00,0x00,0x00,0x00,0x00,0x00,0x00,
    0x00,0x00,0x00,0x00,0x00,0x00,0x00,0x00,0x00,0x00,0x00,0x00,0x00,0x00,0x00,0x00,0x00,0x00,0x00,0x00,0x00,0x00,0x00,0x00,
    0x00,0x00,0x00,0x00,0x00,0x00,0x00,0x00,0x00,0x00,0x00,0x00,0x00,0x00,0x00,0x00,0x00,0x00,0x00,0x00,0x00,0x00,0x00,0x00,
    0x00,0x00,0x00,0x00,0x00,0x00,0x00,0x00,0x00,0x00,0x00,0x00,0x00,0x00,0x00,0x00,0x00,0x00,0x00,0x00,0x00,0x00,0x00,0x00,
    0x00,0x00,0x00,0x00,0x00,0x00,0x00,0x00,0x00,0x00,0x00,0x00,0x00,0x00,0x00,0x00,0x00,0x00,0x00,0x00,0x00,0x00,0x00,0x00,
    0x00,0x00,0x00,0x00,0x00,0x00,0x00,0x00,0x00,0x00,0x00,0x00,0x00,0x00,0x00,0x00,0x00,0x00,0x00,0x00,0x00,0x00,0x00,0x00,
    0x00,0x00,0x00,0x00,0x00,0x00,0x00,0x00,0x00,0x00,0x00,0x00,0x00,0x00,0x00,0x00,0x00,0x00,0x00,0x00,0x00,0x00,0x00,0x00,
    0x00,0x00,0x00,0x00,0x00,0x00,0x00,0x00,0x00,0x00,0x00,0x00,0x00,0x00,0x00,0x00,0x00,0x00,0x00,0x00,0x00,0x00,0x00,0x00,
    0x00,0x00,0x00,0x00,0x00,0x00,0x00,0x00,0x00,0x00,0x00,0x00,0x00,0x00,0x00,0x00,0x00,0x00,0x00,0x00,0x00,0x00,0x00,0x00,
    0x00,0x00,0x00,0x00,0x00,0x00,0x00,0x00,0x00,0x00,0x00,0x00,0x00,0x00,0x00,0x00,0x00,0x00,0x00,0x00,0x00,0x00,0x00,0x00,
    0x00,0x00,0x00,0x00,0x00,0x00,0x00,0x00,0x00,0x00,0x00,0x00,0x00,0x00,0x00,0x00,0x00,0x00,0x00,0x00,0x00,0x00,0x00,0x00,
    0x00,0x00,0x00,0x00,0x00,0x00,0x00,0x00,0x00,0x00,0x00,0x00,0x00,0x00,0x00,0x00,0x00,0x00,0x00,0x00,0x00,0x00,0x00,0x00,
    0x00,0x00,0x00,0x00,0x00,0x00,0x00,0x00,0x00,0x00,0x00,0x00,0x00,0x00,0x00,0x00,0x00,0x00,0x00,0x00,0x00,0x00,0x00,0x00,
    0x00,0x00,0x00,0x00,0x00,0x00,0x00,0x00,0x00,0x00,0x00,0x00,0x00,0x00,0x00,0x00,0x00,0x00,0x00,0x00,0x00,0x00,0x00,0x00,
    0x00,0x00,0x00,0x00,0x00,0x00,0x00,0x00,0x00,0x00,0x00,0x00,0x00,0x00,0x00,0x00,0x00,0x00,0x00,0x00,0x00,0x00,0x00,0x00,
    0x00,0x00,0x00,0x00,0x00,0x00,0x00,0x00,0x00,0x00,0x00,0x00,0x00,0x00,0x00,0x00,0x00,0x00,0x00,0x00,0x00,0x00,0x00,0x00,
    0x00,0x00,0x00,0x00,0x00,0x00,0x00,0x00,0x00,0x00,0x00,0x00,0x00,0x00,0x00,0x00,0x00,0x00,0x00,0x00,0x00,0x00,0x00,0x00,
    0x00,0x00,0x00,0x00,0x00,0x00,0x00,0x00,0x00,0x00,0x00,0x00,0x00,0x00,0x00,0x00,0x00,0x00,0x00,0x00,0x00,0x00,0x00,0x00,
    0x00,0x00,0x00,0x00,0x00,0x00,0x00,0x00,0x00,0x00,0x00,0x00,0x00,0x00,0x00,0x00,0x00,0x00,0x00,0x00,0x00,0x00,0x00,0x00,
    0x00,0x00,0x00,0x00,0x00,0x00,0x00,0x00,0x00,0x00,0x00,0x00,0x00,0x00,0x00,0x00,0x00,0x00,0x00,0x00,0x00,0x00,0x00,0x00,
    0x00,0x00,0x00,0x00,0x00,0x00,0x00,0x00,0x00,0x00,0x00,0x00,0x00,0x00,0x00,0x00,0x00,0x00,0x00,0x00,0x00,0x00,0x00,0x00,
    0x00,0x00,0x00,0x00,0x00,0x00,0x00,0x00,0x00,0x00,0x00,0x00,0x00,0x00,0x00,0x00,0x00,0x00,0x00,0x00,0x00,0x00,0x00,0x00,
    0x00,0x00,0x00,0x00,0x00,0x00,0x00,0x00,0x00,0x00,0x00,0x00,0x00,0x00,0x00,0x00,0x00,0x00,0x00,0x00,0x00,0x00,0x00,0x00,
    0x00,0x00,0x00,0x00,0x00,0x00,0x00,0x00,0x00,0x00,0x00,0x00,0x00,0x00,0x00,0x00,0x00,0x00,0x00,0x00,0x00,0x00,0x00,0x00,
    0x00,0x00,0x00,0x00,0x00,0x00,0x00,0x00,0x00,0x00,0x00,0x00,0x00,0x00,0x00,0x00,0x00,0x00,0x00,0x00,0x00,0x00,0x00,0x00,
    0x00,0x00,0x00,0x00,0x00,0x00,0x00,0x00,0x00,0x00,0x00,0x00,0x00,0x00,0x00,0x00,0x00,0x00,0x00,0x00,0x00,0x00,0x00,0x00,
    0x00,0x00,0x00,0x00,0x00,0x00,0x00,0x00,0x00,0x00,0x00,0x00,0x00,0x00,0x00,0x00,0x00,0x00,0x00,0x00,0x00,0x00,0x00,0x00,
    0x00,0x00,0x00,0x00,0x00,0x00,0x00,0x00,0x00,0x00,0x00,0x00,0x00,0x00,0x00,0x00,0x00,0x00,0x00,0x00,0x00,0x00,0x00,0x00,
    0x00,0x00,0x00,0x00,0x00,0x00,0x00,0x00,0x00,0x00,0x00,0x00,0x00,0x00,0x00,0x00,0x00,0x00,0x00,0x00,0x00,0x00,0x00,0x00,
    0x00,0x00,0x00,0x00,0x00,0x00,0x00,0x00,0x00,0x00,0x00,0x00,0x00,0x00,0x00,0x00,0x00,0x00,0x00,0x00,0x00,0x00,0x00,0x00,
    0x00,0x00,0x00,0x00,0x00,0x00,0x00,0x00,0x00,0x00,0x00,0x00,0x00,0x00,0x00,0x00,0x00,0x00,0x00,0x00,0x00,0x00,0x00,0x00,
    0x00,0x00,0x00,0x00,0x00,0x00,0x00,0x00,0x00,0x00,0x00,0x00,0x00,0x00,0x00,0x00,0x00,0x00,0x00,0x00,0x00,0x00,0x00,0x00,
    0x00,0x00,0x00,0x00,0x00,0x00,0x00,0x00,0x00,0x00,0x00,0x00,0x00,0x00,0x00,0x00,0x00,0x00,0x00,0x00,0x00,0x00,0x00,0x00,
    0x00,0x00,0x00,0x00,0x00,0x00,0x00,0x00,0x00,0x00,0x00,0x00,0x00,0x00,0x00,0x00,0x00,0x00,0x00,0x00,0x00,0x00,0x00,0x00,
    0x00,0x00,0x00,0x00,0x00,0x00,0x00,0x00,0x00,0x00,0x00,0x00,0x00,0x00,0x00,0x00,0x00,0x00,0x00,0x00,0x00,0x00,0x00,0x00,
    0x00,0x00,0x00,0x00,0x00,0x00,0x00,0x00,0x00,0x00,0x00,0x00,0x00,0x00,0x00,0x00,0x00,0x00,0x00,0x00,0x00,0x00,0x00,0x00,
    0x00,0x00,0x00,0x00,0x00,0x00,0x00,0x00,0x00,0x00,0x00,0x00,0x00,0x00,0x00,0x00,0x00,0x00,0x00,0x00,0x00,0x00,0x00,0x00,
    0x00,0x00,0x00,0x00,0x00,0x00,0x00,0x00,0x00,0x00,0x00,0x00,0x00,0x00,0x00,0x00,0x00,0x00,0x00,0x00,0x00,0x00,0x00,0x00,
    0x00,0x00,0x00,0x00,0x00,0x00,0x00,0x00,0x00,0x00,0x00,0x00,0x00,0x00,0x00,0x00,0x00,0x00,0x00,0x00,0x00,0x00,0x00,0x00,
    0x00,0x00,0x00,0x00,0x00,0x00,0x00,0x00,0x00,0x00,0x00,0x00,0x00,0x00,0x00,0x00,0x00,0x00,0x00,0x00,0x00,0x00,0x00,0x00,
    0x00,0x00,0x00,0x00,0x00,0x00,0x00,0x00,0x00,0x00,0x00,0x00,0x00,0x00,0x00,0x00,0x00,0x00,0x00,0x00,0x00,0x00,0x00,0x00,
    0x00,0x00,0x00,0x00,0x00,0x00,0x00,0x00,0x00,0x00,0x00,0x00,0x00,0x00,0x00,0x00,0x00,0x00,0x00,0x00,0x00,0x00,0x00,0x00,
    0x00,0x00,0x00,0x00,0x00,0x00,0x00,0x00,0x00,0x00,0x00,0x00,0x00,0x00,0x00,0x00,0x00,0x00,0x00,0x00,0x00,0x00,0x00,0x00,
    0x00,0x00,0x00,0x00,0x00,0x00,0x00,0x00,0x00,0x00,0x00,0x00,0x00,0x00,0x00,0x00,0x00,0x00,0x00,0x00,0x00,0x00,0x00,0x00,
    0x00,0x00,0x00,0x00,0x00,0x00,0x00,0x00,0x00,0x00,0x00,0x00,0x00,0x00,0x00,0x00,0x00,0x00,0x00,0x00,0x00,0x00,0x00,0x00,
    0x00,0x00,0x00,0x00,0x00,0x00,0x00,0x00,0x00,0x00,0x00,0x00,0x00,0x00,0x00,0x00,0x00,0x00,0x00,0x00,0x00,0x00,0x00,0x00,
    0x00,0x00,0x00,0x00,0x00,0x00,0x00,0x00,0x00,0x00,0x00,0x00,0x00,0x00,0x00,0x00,0x00,0x00,0x00,0x00,0x00,0x00,0x00,0x00,
    0x00,0x00,0x00,0x00,0x00,0x00,0x00,0x00,0x00,0x00,0x00,0x00,0x00,0x00,0x00,0x00,0x00,0x00,0x00,0x00,0x00,0x00,0x00,0x00,
    0x00,0x00,0x00,0x00,0x00,0x00,0x00,0x00,0x00,0x00,0x00,0x00,0x00,0x00,0x00,0x00,0x00,0x00,0x00,0x00,0x00,0x00,0x00,0x00,
    0x00,0x00,0x00,0x00,0x00,0x00,0x00,0x00,0x00,0x00,0x00,0x00,0x00,0x00,0x00,0x00,0x00,0x00,0x00,0x00,0x00,0x00,0x00,0x00,
    0x00,0x00,0x00,0x00,0x00,0x00,0x00,0x00,0x00,0x00,0x00,0x00,0x00,0x00,0x00,0x00,0x00,0x00,0x00,0x00,0x00,0x00,0x00,0x00,
    0x00,0x00,0x00,0x00,0x00,0x00,0x00,0x00,0x00,0x00,0x00,0x00,0x00,0x00,0x00,0x00,0x00,0x00,0x00,0x00,0x00,0x00,0x00,0x00,
    0x00,0x00,0x00,0x00,0x00,0x00,0x00,0x00,0x00,0x00,0x00,0x00,0x00,0x00,0x00,0x00,0x00,0x00,0x00,0x00,0x00,0x00,0x00,0x00,
    0x00,0x00,0x00,0x00,0x00,0x00,0x00,0x00,0x00,0x00,0x00,0x00,0x00,0x00,0x00,0x00,0x00,0x00,0x00,0x00,0x00,0x00,0x00,0x00,
    0x00,0x00,0x00,0x00,0x00,0x00,0x00,0x00,0x00,0x00,0x00,0x00,0x00,0x00,0x00,0x00,0x00,0x00,0x00,0x00,0x00,0x00,0x00,0x00,
    0x00,0x00,0x00,0x00,0x00,0x00,0x00,0x00,0x00,0x00,0x00,0x00,0x00,0x00,0x00,0x00,0x00,0x00,0x00,0x00,0x00,0x00,0x00,0x00,
    0x00,0x00,0x00,0x00,0x00,0x00,0x00,0x00,0x00,0x00,0x00,0x00,0x00,0x00,0x00,0x00,0x00,0x00,0x00,0x00,0x00,0x00,0x00,0x00,
    0x00,0x00,0x00,0x00,0x00,0x00,0x00,0x00,0x00,0x00,0x00,0x00,0x00,0x00,0x00,0x00,0x00,0x00,0x00,0x00,0x00,0x00,0x00,0x00,
    0x00,0x00,0x00,0x00,0x00,0x00,0x00,0x00,0x00,0x00,0x00,0x00,0x00,0x00,0x00,0x00,0x00,0x00,0x00,0x00,0x00,0x00,0x00,0x00,
    0x00,0x00,0x00,0x00,0x00,0x00,0x00,0x00,0x00,0x00,0x00,0x00,0x00,0x00,0x00,0x00,0x00,0x00,0x00,0x00,0x00,0x00,0x00,0x00,
    0x00,0x00,0x00,0x00,0x00,0x00,0x00,0x00,0x00,0x00,0x00,0x00,0x00,0x00,0x00,0x00,0x00,0x00,0x00,0x00,0x00,0x00,0x00,0x00,
    0x00,0x00,0x00,0x00,0x00,0x00,0x00,0x00,0x00,0x00,0x00,0x00,0x00,0x00,0x00,0x00,0x00,0x00,0x00,0x00,0x00,0x00,0x00,0x00,
    0x00,0x00,0x00,0x00,0x00,0x00,0x00,0x00,0x00,0x00,0x00,0x00,0x00,0x00,0x00,0x00,0x00,0x00,0x00,0x00,0x00,0x00,0x00,0x00,
    0x00,0x00,0x00,0x00,0x00,0x00,0x00,0x00,0x00,0x00,0x00,0x00,0x00,0x00,0x00,0x00,0x00,0x00,0x00,0x00,0x00,0x00,0x00,0x00,
    0x00,0x00,0x00,0x00,0x00,0x00,0x00,0x00,0x00,0x00,0x00,0x00,0x00,0x00,0x00,0x00,0x00,0x00,0x00,0x00,0x00,0x00,0x00,0x00,
    0x00,0x00,0x00,0x00,0x00,0x00,0x00,0x00,0x00,0x00,0x00,0x00,0x00,0x00,0x00,0x00,0x00,0x00,0x00,0x00,0x00,0x00,0x00,0x00,
    0x00,0x00,0x00,0x00,0x00,0x00,0x00,0x00,0x00,0x00,0x00,0x00,0x00,0x00,0x00,0x00,0x00,0x00,0x00,0x00,0x00,0x00,0x00,0x00,
    0x00,0x00,0x00,0x00,0x00,0x00,0x00,0x00,0x00,0x00,0x00,0x00,0x00,0x00,0x00,0x00,0x00,0x00,0x00,0x00,0x00,0x00,0x00,0x00,
    0x00,0x00,0x00,0x00,0x00,0x00,0x00,0x00,0x00,0x00,0x00,0x00,0x00,0x00,0x00,0x00,0x00,0x00,0x00,0x00,0x00,0x00,0x00,0x00,
    0x00,0x00,0x00,0x00,0x00,0x00,0x00,0x00,0x00,0x00,0x00,0x00,0x00,0x00,0x00,0x00,0x00,0x00,0x00,0x00,0x00,0x00,0x00,0x00,
    0x00,0x00,0x00,0x00,0x00,0x00,0x00,0x00,0x00,0x00,0x00,0x00,0x00,0x00,0x00,0x00,0x00,0x00,0x00,0x00,0x00,0x00,0x00,0x00,
    0x00,0x00,0x00,0x00,0x00,0x00,0x00,0x00,0x00,0x00,0x00,0x00,0x00,0x00,0x00,0x00,0x00,0x00,0x00,0x00,0x00,0x00,0x00,0x00,
    0x00,0x00,0x00,0x00,0x00,0x00,0x00,0x00,0x00,0x00,0x00,0x00,0x00,0x00,0x00,0x00,0x00,0x00,0x00,0x00,0x00,0x00,0x00,0x00,
    0x00,0x00,0x00,0x00,0x00,0x00,0x00,0x00,0x00,0x00,0x00,0x00,0x00,0x00,0x00,0x00,0x00,0x00,0x00,0x00,0x00,0x00,0x00,0x00,
    0x00,0x00,0x00,0x00,0x00,0x00,0x00,0x00,0x00,0x00,0x00,0x00,0x00,0x00,0x00,0x00,0x00,0x00,0x00,0x00,0x00,0x00,0x00,0x00,
    0x00,0x00,0x00,0x00,0x00,0x00,0x00,0x00,0x00,0x00,0x00,0x00,0x00,0x00,0x00,0x00,0x00,0x00,0x00,0x00,0x00,0x00,0x00,0x00,
    0x00,0x00,0x00,0x00,0x00,0x00,0x00,0x00,0x00,0x00,0x00,0x00,0x00,0x00,0x00,0x00,0x00,0x00,0x00,0x00,0x00,0x00,0x00,0x00,
    0x00,0x00,0x00,0x00,0x00,0x00,0x00,0x00,0x00,0x00,0x00,0x00,0x00,0x00,0x00,0x00,0x00,0x00,0x00,0x00,0x00,0x00,0x00,0x00,
    0x00,0x00,0x00,0x00,0x00,0x00,0x00,0x00,0x00,0x00,0x00,0x00,0x00,0x00,0x00,0x00,0x00,0x00,0x00,0x00,0x00,0x00,0x00,0x00,
    0x00,0x00,0x00,0x00,0x00,0x00,0x00,0x00,0x00,0x00,0x00,0x00,0x00,0x00,0x00,0x00,0x00,0x00,0x00,0x00,0x00,0x00,0x00,0x00,
    0x00,0x00,0x00,0x00,0x00,0x00,0x00,0x00,0x00,0x00,0x00,0x00,0x00,0x00,0x00,0x00,0x00,0x00,0x00,0x00,0x00,0x00,0x00,0x00,
    0x00,0x00,0x00,0x00,0x00,0x00,0x00,0x00,0x00,0x00,0x00,0x00,0x00,0x00,0x00,0x00,0x00,0x00,0x00,0x00,0x00,0x00,0x00,0x00,
    0x00,0x00,0x00,0x00,0x00,0x00,0x00,0x00,0x00,0x00,0x00,0x00,0x00,0x00,0x00,0x00,0x00,0x00,0x00,0x00,0x00,0x00,0x00,0x00,
    0x00,0x00,0x00,0x00,0x00,0x00,0x00,0x00,0x00,0x00,0x00,0x00,0x00,0x00,0x00,0x00,0x00,0x00,0x00,0x00,0x00,0x00,0x00,0x00,
    0x00,0x00,0x00,0x00,0x00,0x00,0x00,0x00,0x00,0x00,0x00,0x00,0x00,0x00,0x00,0x00,0x00,0x00,0x00,0x00,0x00,0x00,0x00,0x00,
    0x00,0x00,0x00,0x00,0x00,0x00,0x00,0x00,0x00,0x00,0x00,0x00,0x00,0x00,0x00,0x00,0x00,0x00,0x00,0x00,0x00,0x00,0x00,0x00,
    0x00,0x00,0x00,0x00,0x00,0x00,0x00,0x00,0x00,0x00,0x00,0x00,0x00,0x00,0x00,0x00,0x00,0x00,0x00,0x00,0x00,0x00,0x00,0x00,
    0x00,0x00,0x00,0x00,0x00,0x00,0x00,0x00,0x00,0x00,0x00,0x00,0x00,0x00,0x00,0x00,0x00,0x00,0x00,0x00,0x00,0x00,0x00,0x00,
    0x00,0x00,0x00,0x00,0x00,0x00,0x00,0x00,0x00,0x00,0x00,0x00,0x00,0x00,0x00,0x00,0x00,0x00,0x00,0x00,0x00,0x00,0x00,0x00,
    0x00,0x00,0x00,0x00,0x00,0x00,0x00,0x00,0x00,0x00,0x00,0x00,0x00,0x00,0x00,0x00,0x00,0x00,0x00,0x00,0x00,0x00,0x00,0x00,
    0x00,0x00,0x00,0x00,0x00,0x00,0x00,0x00,0x00,0x00,0x00,0x00,0x00,0x00,0x00,0x00,0x00,0x00,0x00,0x00,0x00,0x00,0x00,0x00,
    0x00,0x00,0x00,0x00,0x00,0x00,0x00,0x00,0x00,0x00,0x00,0x00,0x00,0x00,0x00,0x00,0x00,0x00,0x00,0x00,0x00,0x00,0x00,0x00,
    0x00,0x00,0x00,0x00,0x00,0x00,0x00,0x00,0x00,0x00,0x00,0x00,0x00,0x00,0x00,0x00,0x00,0x00,0x00,0x00,0x00,0x00,0x00,0x00,
    0x00,0x00,0x00,0x00,0x00,0x00,0x00,0x00,0x00,0x00,0x00,0x00,0x00,0x00,0x00,0x00,0x00,0x00,0x00,0x00,0x00,0x00,0x00,0x00,
    0x00,0x00,0x00,0x00,0x00,0x00,0x00,0x00,0x00,0x00,0x00,0x00,0x00,0x00,0x00,0x00,0x00,0x00,0x00,0x00,0x00,0x00,0x00,0x00,
    0x00,0x00,0x00,0x00,0x00,0x00,0x00,0x00,0x00,0x00,0x00,0x00,0x00,0x00,0x00,0x00,0x00,0x00,0x00,0x00,0x00,0x00,0x00,0x00,
    0x00,0x00,0x00,0x00,0x00,0x00,0x00,0x00,0x00,0x00,0x00,0x00,0x00,0x00,0x00,0x00,0x00,0x00,0x00,0x00,0x00,0x00,0x00,0x00,
    0x00,0x00,0x00,0x00,0x00,0x00,0x00,0x00,0x00,0x00,0x00,0x00,0x00,0x00,0x00,0x00,0x00,0x00,0x00,0x00,0x00,0x00,0x00,0x00,
    0x00,0x00,0x00,0x00,0x00,0x00,0x00,0x00,0x00,0x00,0x00,0x00,0x00,0x00,0x00,0x00,0x00,0x00,0x00,0x00,0x00,0x00,0x00,0x00,
    0x00,0x00,0x00,0x00,0x00,0x00,0x00,0x00,0x00,0x00,0x00,0x00,0x00,0x00,0x00,0x00,0x00,0x00,0x00,0x00,0x00,0x00,0x00,0x00,
    0x00,0x00,0x00,0x00,0x00,0x00,0x00,0x00,0x00,0x00,0x00,0x00,0x00,0x00,0x00,0x00,0x00,0x00,0x00,0x00,0x00,0x00,0x00,0x00,
    0x00,0x00,0x00,0x00,0x00,0x00,0x00,0x00,0x00,0x00,0x00,0x00,0x00,0x00,0x00,0x00,0x00,0x00,0x00,0x00,0x00,0x00,0x00,0x00,
    0x00,0x00,0x00,0x00,0x00,0x00,0x00,0x00,0x00,0x00,0x00,0x00,0x00,0x00,0x00,0x00,0x00,0x00,0x00,0x00,0x00,0x00,0x00,0x00,
    0x00,0x00,0x00,0x00,0x00,0x00,0x00,0x00,0x00,0x00,0x00,0x00,0x00,0x00,0x00,0x00,0x00,0x00,0x00,0x00,0x00,0x00,0x00,0x00,
    0x00,0x00,0x00,0x00,0x00,0x00,0x00,0x00,0x00,0x00,0x00,0x00,0x00,0x00,0x00,0x00,0x00,0x00,0x00,0x00,0x00,0x00,0x00,0x00,
    0x00,0x00,0x00,0x00,0x00,0x00,0x00,0x00,0x00,0x00,0x00,0x00,0x00,0x00,0x00,0x00,0x00,0x00,0x00,0x00,0x00,0x00,0x00,0x00,
    0x00,0x00,0x00,0x00,0x00,0x00,0x00,0x00,0x00,0x00,0x00,0x00,0x00,0x00,0x00,0x00,0x00,0x00,0x00,0x00,0x00,0x00,0x00,0x00,
    0x00,0x00,0x00,0x00,0x00,0x00,0x00,0x00,0x00,0x00,0x00,0x00,0x00,0x00,0x00,0x00,0x00,0x00,0x00,0x00,0x00,0x00,0x00,0x00,
    0x00,0x00,0x00,0x00,0x00,0x00,0x00,0x00,0x00,0x00,0x00,0x00,0x00,0x00,0x00,0x00,0x00,0x00,0x00,0x00,0x00,0x00,0x00,0x00,
    0x00,0x00,0x00,0x00,0x00,0x00,0x00,0x00,0x00,0x00,0x00,0x00,0x00,0x00,0x00,0x00,0x00,0x00,0x00,0x00,0x00,0x00,0x00,0x00,
    0x00,0x00,0x00,0x00,0x00,0x00,0x00,0x00,0x00,0x00,0x00,0x00,0x00,0x00,0x00,0x00,0x00,0x00,0x00,0x00,0x00,0x00,0x00,0x00,
    0x00,0x00,0x00,0x00,0x00,0x00,0x00,0x00,0x00,0x00,0x00,0x00,0x00,0x00,0x00,0x00,0x00,0x00,0x00,0x00,0x00,0x00,0x00,0x00,
    0x00,0x00,0x00,0x00,0x00,0x00,0x00,0x00,0x00,0x00,0x00,0x00,0x00,0x00,0x00,0x00,0x00,0x00,0x00,0x00,0x00,0x00,0x00,0x00,
    0x00,0x00,0x00,0x00,0x00,0x00,0x00,0x00,0x00,0x00,0x00,0x00,0x00,0x00,0x00,0x00,0x00,0x00,0x00,0x00,0x00,0x00,0x00,0x00,
    0x00,0x00,0x00,0x00,0x00,0x00,0x00,0x00,0x00,0x00,0x00,0x00,0x00,0x00,0x00,0x00,0x00,0x00,0x00,0x00,0x00,0x00,0x00,0x00,
    0x00,0x00,0x00,0x00,0x00,0x00,0x00,0x00,0x00,0x00,0x00,0x00,0x00,0x00,0x00,0x00,0x00,0x00,0x00,0x00,0x00,0x00,0x00,0x00,
    0x00,0x00,0x00,0x00,0x00,0x00,0x00,0x00,0x00,0x00,0x00,0x00,0x00,0x00,0x00,0x00,0x00,0x00,0x00,0x00,0x00,0x00,0x00,0x00,
    0x00,0x00,0x00,0x00,0x00,0x00,0x00,0x00,0x00,0x00,0x00,0x00,0x00,0x00,0x00,0x00,0x00,0x00,0x00,0x00,0x00,0x00,0x00,0x00,
    0x00,0x00,0x00,0x00,0x00,0x00,0x00,0x00,0x00,0x00,0x00,0x00,0x00,0x00,0x00,0x00,0x00,0x00,0x00,0x00,0x00,0x00,0x00,0x00,
    0x00,0x00,0x00,0x00,0x00,0x00,0x00,0x00,0x00,0x00,0x00,0x00,0x00,0x00,0x00,0x00,0x00,0x00,0x00,0x00,0x00,0x00,0x00,0x00,
    0x00,0x00,0x00,0x00,0x00,0x00,0x00,0x00,0x00,0x00,0x00,0x00,0x00,0x00,0x00,0x00,0x00,0x00,0x00,0x00,0x00,0x00,0x00,0x00,
    0x00,0x00,0x00,0x00,0x00,0x00,0x00,0x00,0x00,0x00,0x00,0x00,0x00,0x00,0x00,0x00,0x00,0x00,0x00,0x00,0x00,0x00,0x00,0x00,
    0x00,0x00,0x00,0x00,0x00,0x00,0x00,0x00,0x00,0x00,0x00,0x00,0x00,0x00,0x00,0x00,0x00,0x00,0x00,0x00,0x00,0x00,0x00,0x00,
    0x00,0x00,0x00,0x00,0x00,0x00,0x00,0x00,0x00,0x00,0x00,0x00,0x00,0x00,0x00,0x00,0x00,0x00,0x00,0x00,0x00,0x00,0x00,0x00,
    0x00,0x00,0x00,0x00,0x00,0x00,0x00,0x00,0x00,0x00,0x00,0x00,0x00,0x00,0x00,0x00,0x00,0x00,0x00,0x00,0x00,0x00,0x00,0x00,
    0x00,0x00,0x00,0x00,0x00,0x00,0x00,0x00,0x00,0x00,0x00,0x00,0x00,0x00,0x00,0x00,0x00,0x00,0x00,0x00,0x00,0x00,0x00,0x00,
    0x00,0x00,0x00,0x00,0x00,0x00,0x00,0x00,0x00,0x00,0x00,0x00,0x00,0x00,0x00,0x00,0x00,0x00,0x00,0x00,0x00,0x00,0x00,0x00,
    0x00,0x00,0x00,0x00,0x00,0x00,0x00,0x00,0x00,0x00,0x00,0x00,0x00,0x00,0x00,0x00,0x00,0x00,0x00,0x00,0x00,0x00,0x00,0x00,
    0x00,0x00,0x00,0x00,0x00,0x00,0x00,0x00,0x00,0x00,0x00,0x00,0x00,0x00,0x00,0x00,0x00,0x00,0x00,0x00,0x00,0x00,0x00,0x00,
    0x00,0x00,0x00,0x00,0x00,0x00,0x00,0x00,0x00,0x00,0x00,0x00,0x00,0x00,0x00,0x00,0x00,0x00,0x00,0x00,0x00,0x00,0x00,0x00,
    0x00,0x00,0x00,0x00,0x00,0x00,0x00,0x00,0x00,0x00,0x00,0x00,0x00,0x00,0x00,0x00,0x00,0x00,0x00,0x00,0x00,0x00,0x00,0x00,
    0x00,0x00,0x00,0x00,0x00,0x00,0x00,0x00,0x00,0x00,0x00,0x00,0x00,0x00,0x00,0x00,0x00,0x00,0x00,0x00,0x00,0x00,0x00,0x00,
    0x00,0x00,0x00,0x00,0x00,0x00,0x00,0x00,0x00,0x00,0x00,0x00,0x00,0x00,0x00,0x00,0x00,0x00,0x00,0x00,0x00,0x00,0x00,0x00,
    0x00,0x00,0x00,0x00,0x00,0x00,0x00,0x00,0x00,0x00,0x00,0x00,0x00,0x00,0x00,0x00,0x00,0x00,0x00,0x00,0x00,0x00,0x00,0x00,
    0x00,0x00,0x00,0x00,0x00,0x00,0x00,0x00,0x00,0x00,0x00,0x00,0x00,0x00,0x00,0x00,0x00,0x00,0x00,0x00,0x00,0x00,0x00,0x00,
    0x00,0x00,0x00,0x00,0x00,0x00,0x00,0x00,0x00,0x00,0x00,0x00,0x00,0x00,0x00,0x00,0x00,0x00,0x00,0x00,0x00,0x00,0x00,0x00,
    0x00,0x00,0x00,0x00,0x00,0x00,0x00,0x00,0x00,0x00,0x00,0x00,0x00,0x00,0x00,0x00,0x00,0x00,0x00,0x00,0x00,0x00,0x00,0x00,
    0x00,0x00,0x00,0x00,0x00,0x00,0x00,0x00,0x00,0x00,0x00,0x00,0x00,0x00,0x00,0x00,0x00,0x00,0x00,0x00,0x00,0x00,0x00,0x00,
    0x00,0x00,0x00,0x00,0x00,0x00,0x00,0x00,0x00,0x00,0x00,0x00,0x00,0x00,0x00,0x00,0x00,0x00,0x00,0x00,0x00,0x00,0x00,0x00,
    0x00,0x00,0x00,0x00,0x00,0x00,0x00,0x00,0x00,0x00,0x00,0x00,0x00,0x00,0x00,0x00,0x00,0x00,0x00,0x00,0x00,0x00,0x00,0x00,
    0x00,0x00,0x00,0x00,0x00,0x00,0x00,0x00,0x00,0x00,0x00,0x00,0x00,0x00,0x00,0x00,0x00,0x00,0x00,0x00,0x00,0x00,0x00,0x00,
    0x00,0x00,0x00,0x00,0x00,0x00,0x00,0x00,0x00,0x00,0x00,0x00,0x00,0x00,0x00,0x00,0x00,0x00,0x00,0x00,0x00,0x00,0x00,0x00,
    0x00,0x00,0x00,0x00,0x00,0x00,0x00,0x00,0x00,0x00,0x00,0x00,0x00,0x00,0x00,0x00,0x00,0x00,0x00,0x00,0x00,0x00,0x00,0x00,
    0x00,0x00,0x00,0x00,0x00,0x00,0x00,0x00,0x00,0x00,0x00,0x00,0x00,0x00,0x00,0x00,0x00,0x00,0x00,0x00,0x00,0x00,0x00,0x00,
    0x00,0x00,0x00,0x00,0x00,0x00,0x00,0x00,0x00,0x00,0x00,0x00,0x00,0x00,0x00,0x00,0x00,0x00,0x00,0x00,0x00,0x00,0x00,0x00,
    0x00,0x00,0x00,0x00,0x00,0x00,0x00,0x00,0x00,0x00,0x00,0x00,0x00,0x00,0x00,0x00,0x00,0x00,0x00,0x00,0x00,0x00,0x00,0x00,
    0x00,0x00,0x00,0x00,0x00,0x00,0x00,0x00,0x00,0x00,0x00,0x00,0x00,0x00,0x00,0x00,0x00,0x00,0x00,0x00,0x00,0x00,0x00,0x00,
    0x00,0x00,0x00,0x00,0x00,0x00,0x00,0x00,0x00,0x00,0x00,0x00,0x00,0x00,0x00,0x00,0x00,0x00,0x00,0x00,0x00,0x00,0x00,0x00,
    0x00,0x00,0x00,0x00,0x00,0x00,0x00,0x00,0x00,0x00,0x00,0x00,0x00,0x00,0x00,0x00,0x00,0x00,0x00,0x00,0x00,0x00,0x00,0x00,
    0x00,0x00,0x00,0x00,0x00,0x00,0x00,0x00,0x00,0x00,0x00,0x00,0x00,0x00,0x00,0x00,0x00,0x00,0x00,0x00,0x00,0x00,0x00,0x00,
    0x00,0x00,0x00,0x00,0x00,0x00,0x00,0x00,0x00,0x00,0x00,0x00,0x00,0x00,0x00,0x00,0x00,0x00,0x00,0x00,0x00,0x00,0x00,0x00,
    0x00,0x00,0x00,0x00,0x00,0x00,0x00,0x00,0x00,0x00,0x00,0x00,0x00,0x00,0x00,0x00,0x00,0x00,0x00,0x00,0x00,0x00,0x00,0x00,
    0x00,0x00,0x00,0x00,0x00,0x00,0x00,0x00,0x00,0x00,0x00,0x00,0x00,0x00,0x00,0x00,0x00,0x00,0x00,0x00,0x00,0x00,0x00,0x00,
    0x00,0x00,0x00,0x00,0x00,0x00,0x00,0x00,0x00,0x00,0x00,0x00,0x00,0x00,0x00,0x00,0x00,0x00,0x00,0x00,0x00,0x00,0x00,0x00,
    0x00,0x00,0x00,0x00,0x00,0x00,0x00,0x00,0x00,0x00,0x00,0x00,0x00,0x00,0x00,0x00,0x00,0x00,0x00,0x00,0x00,0x00,0x00,0x00,
    0x00,0x00,0x00,0x00,0x00,0x00,0x00,0x00,0x00,0x00,0x00,0x00,0x00,0x00,0x00,0x00,0x00,0x00,0x00,0x00,0x00,0x00,0x00,0x00,
    0x00,0x00,0x00,0x00,0x00,0x00,0x00,0x00,0x00,0x00,0x00,0x00,0x00,0x00,0x00,0x00,0x00,0x00,0x00,0x00,0x00,0x00,0x00,0x00,
    0x00,0x00,0x00,0x00,0x00,0x00,0x00,0x00,0x00,0x00,0x00,0x00,0x00,0x00,0x00,0x00,0x00,0x00,0x00,0x00,0x00,0x00,0x00,0x00,
    0x00,0x00,0x00,0x00,0x00,0x00,0x00,0x00,0x00,0x00,0x00,0x00,0x00,0x00,0x00,0x00,0x00,0x00,0x00,0x00,0x00,0x00,0x00,0x00,
    0x00,0x00,0x00,0x00,0x00,0x00,0x00,0x00,0x00,0x00,0x00,0x00,0x00,0x00,0x00,0x00,0x00,0x00,0x00,0x00,0x00,0x00,0x00,0x00,
    0x00,0x00,0x00,0x00,0x00,0x00,0x00,0x00,0x00,0x00,0x00,0x00,0x00,0x00,0x00,0x00,0x00,0x00,0x00,0x00,0x00,0x00,0x00,0x00,
    0x00,0x00,0x00,0x00,0x00,0x00,0x00,0x00,0x00,0x00,0x00,0x00,0x00,0x00,0x00,0x00,0x00,0x00,0x00,0x00,0x00,0x00,0x00,0x00,
    0x00,0x00,0x00,0x00,0x00,0x00,0x00,0x00,0x00,0x00,0x00,0x00,0x00,0x00,0x00,0x00,0x00,0x00,0x00,0x00,0x00,0x00,0x00,0x00,
    0x00,0x00,0x00,0x00,0x00,0x00,0x00,0x00,0x00,0x00,0x00,0x00,0x00,0x00,0x00,0x00,0x00,0x00,0x00,0x00,0x00,0x00,0x00,0x00,
    0x00,0x00,0x00,0x00,0x00,0x00,0x00,0x00,0x00,0x00,0x00,0x00,0x00,0x00,0x00,0x00,0x00,0x00,0x00,0x00,0x00,0x00,0x00,0x00,
    0x00,0x00,0x00,0x00,0x00,0x00,0x00,0x00,0x00,0x00,0x00,0x00,0x00,0x00,0x00,0x00,0x00,0x00,0x00,0x00,0x00,0x00,0x00,0x00,
    0x00,0x00,0x00,0x00,0x00,0x00,0x00,0x00,0x00,0x00,0x00,0x00,0x00,0x00,0x00,0x00,0x00,0x00,0x00,0x00,0x00,0x00,0x00,0x00,
    0x00,0x00,0x00,0x00,0x00,0x00,0x00,0x00,0x00,0x00,0x00,0x00,0x00,0x00,0x00,0x00,0x00,0x00,0x00,0x00,0x00,0x00,0x00,0x00,
    0x00,0x00,0x00,0x00,0x00,0x00,0x00,0x00,0x00,0x00,0x00,0x00,0x00,0x00,0x00,0x00,0x00,0x00,0x00,0x00,0x00,0x00,0x00,0x00,
    0x00,0x00,0x00,0x00,0x00,0x00,0x00,0x00,0x00,0x00,0x00,0x00,0x00,0x00,0x00,0x00,0x00,0x00,0x00,0x00,0x00,0x00,0x00,0x00,
    0x00,0x00,0x00,0x00,0x00,0x00,0x00,0x00,0x00,0x00,0x00,0x00,0x00,0x00,0x00,0x00,0x00,0x00,0x00,0x00,0x00,0x00,0x00,0x00,
    0x00,0x00,0x00,0x00,0x00,0x00,0x00,0x00,0x00,0x00,0x00,0x00,0x00,0x00,0x00,0x00,0x00,0x00,0x00,0x00,0x00,0x00,0x00,0x00,
    0x00,0x00,0x00,0x00,0x00,0x00,0x00,0x00,0x00,0x00,0x00,0x00,0x00,0x00,0x00,0x00,0x00,0x00,0x00,0x00,0x00,0x00,0x00,0x00,
    0x00,0x00,0x00,0x00,0x00,0x00,0x00,0x00,0x00,0x00,0x00,0x00,0x00,0x00,0x00,0x00,0x00,0x00,0x00,0x00,0x00,0x00,0x00,0x00,
    0x00,0x00,0x00,0x00,0x00,0x00,0x00,0x00,0x00,0x00,0x00,0x00,0x00,0x00,0x00,0x00,0x00,0x00,0x00,0x00,0x00,0x00,0x00,0x00,
    0x00,0x00,0x00,0x00,0x00,0x00,0x00,0x00,0x00,0x00,0x00,0x00,0x00,0x00,0x00,0x00,0x00,0x00,0x00,0x00,0x00,0x00,0x00,0x00,
    0x00,0x00,0x00,0x00,0x00,0x00,0x00,0x00,0x00,0x00,0x00,0x00,0x00,0x00,0x00,0x00,0x00,0x00,0x00,0x00,0x00,0x00,0x00,0x00,
    0x00,0x00,0x00,0x00,0x00,0x00,0x00,0x00,0x00,0x00,0x00,0x00,0x00,0x00,0x00,0x00,0x00,0x00,0x00,0x00,0x00,0x00,0x00,0x00,
    0x00,0x00,0x00,0x00,0x00,0x00,0x00,0x00,0x00,0x00,0x00,0x00,0x00,0x00,0x00,0x00,0x00,0x00,0x00,0x00,0x00,0x00,0x00,0x00,
    0x00,0x00,0x00,0x00,0x00,0x00,0x00,0x00,0x00,0x00,0x00,0x00,0x00,0x00,0x00,0x00,0x00,0x00,0x00,0x00,0x00,0x00,0x00,0x00,
    0x00,0x00,0x00,0x00,0x00,0x00,0x00,0x00,0x00,0x00,0x00,0x00,0x00,0x00,0x00,0x00,0x00,0x00,0x00,0x00,0x00,0x00,0x00,0x00,
    0x00,0x00,0x00,0x00,0x00,0x00,0x00,0x00,0x00,0x00,0x00,0x00,0x00,0x00,0x00,0x00,0x00,0x00,0x00,0x00,0x00,0x00,0x00,0x00,
    0x00,0x00,0x00,0x00,0x00,0x00,0x00,0x00,0x00,0x00,0x00,0x00,0x00,0x00,0x00,0x00,0x00,0x00,0x00,0x00,0x00,0x00,0x00,0x00,
    0x00,0x00,0x00,0x00,0x00,0x00,0x00,0x00,0x00,0x00,0x00,0x00,0x00,0x00,0x00,0x00,0x00,0x00,0x00,0x00,0x00,0x00,0x00,0x00,
    0x00,0x00,0x00,0x00,0x00,0x00,0x00,0x00,0x00,0x00,0x00,0x00,0x00,0x00,0x00,0x00,0x00,0x00,0x00,0x00,0x00,0x00,0x00,0x00,
    0x00,0x00,0x00,0x00,0x00,0x00,0x00,0x00,0x00,0x00,0x00,0x00,0x00,0x00,0x00,0x00,0x00,0x00,0x00,0x00,0x00,0x00,0x00,0x00,
    0x00,0x00,0x00,0x00,0x00,0x00,0x00,0x00,0x00,0x00,0x00,0x00,0x00,0x00,0x00,0x00,0x00,0x00,0x00,0x00,0x00,0x00,0x00,0x00,
    0x00,0x00,0x00,0x00,0x00,0x00,0x00,0x00,0x00,0x00,0x00,0x00,0x00,0x00,0x00,0x00,0x00,0x00,0x00,0x00,0x00,0x00,0x00,0x00,
    0x00,0x00,0x00,0x00,0x00,0x00,0x00,0x00,0x00,0x00,0x00,0x00,0x00,0x00,0x00,0x00,0x00,0x00,0x00,0x00,0x00,0x00,0x00,0x00,
    0x00,0x00,0x00,0x00,0x00,0x00,0x00,0x00,0x00,0x00,0x00,0x00,0x00,0x00,0x00,0x00,0x00,0x00,0x00,0x00,0x00,0x00,0x00,0x00,
    0x00,0x00,0x00,0x00,0x00,0x00,0x00,0x00,0x00,0x00,0x00,0x00,0x00,0x00,0x00,0x00,0x00,0x00,0x00,0x00,0x00,0x00,0x00,0x00,
    0x00,0x00,0x00,0x00,0x00,0x00,0x00,0x00,0x00,0x00,0x00,0x00,0x00,0x00,0x00,0x00,0x00,0x00,0x00,0x00,0x00,0x00,0x00,0x00,
    0x00,0x00,0x00,0x00,0x00,0x00,0x00,0x00,0x00,0x00,0x00,0x00,0x00,0x00,0x00,0x00,0x00,0x00,0x00,0x00,0x00,0x00,0x00,0x00,
    0x00,0x00,0x00,0x00,0x00,0x00,0x00,0x00,0x00,0x00,0x00,0x00,0x00,0x00,0x00,0x00,0x00,0x00,0x00,0x00,0x00,0x00,0x00,0x00,
    0x00,0x00,0x00,0x00,0x00,0x00,0x00,0x00,0x00,0x00,0x00,0x00,0x00,0x00,0x00,0x00,0x00,0x00,0x00,0x00,0x00,0x00,0x00,0x00,
    0x00,0x00,0x00,0x00,0x00,0x00,0x00,0x00,0x00,0x00,0x00,0x00,0x00,0x00,0x00,0x00,0x00,0x00,0x00,0x00,0x00,0x00,0x00,0x00,
    0x00,0x00,0x00,0x00,0x00,0x00,0x00,0x00,0x00,0x00,0x00,0x00,0x00,0x00,0x00,0x00,0x00,0x00,0x00,0x00,0x00,0x00,0x00,0x00,
    0x00,0x00,0x00,0x00,0x00,0x00,0x00,0x00,0x00,0x00,0x00,0x00,0x00,0x00,0x00,0x00,0x00,0x00,0x00,0x00,0x00,0x00,0x00,0x00,
    0x00,0x00,0x00,0x00,0x00,0x00,0x00,0x00,0x00,0x00,0x00,0x00,0x00,0x00,0x00,0x00,0x00,0x00,0x00,0x00,0x00,0x00,0x00,0x00,
    0x00,0x00,0x00,0x00,0x00,0x00,0x00,0x00,0x00,0x00,0x00,0x00,0x00,0x00,0x00,0x00,0x00,0x00,0x00,0x00,0x00,0x00,0x00,0x00,
    0x00,0x00,0x00,0x00,0x00,0x00,0x00,0x00,0x00,0x00,0x00,0x00,0x00,0x00,0x00,0x00,0x00,0x00,0x00,0x00,0x00,0x00,0x00,0x00,
    0x00,0x00,0x00,0x00,0x00,0x00,0x00,0x00,0x00,0x00,0x00,0x00,0x00,0x00,0x00,0x00,0x00,0x00,0x00,0x00,0x00,0x00,0x00,0x00,
    0x00,0x00,0x00,0x00,0x00,0x00,0x00,0x00,0x00,0x00,0x00,0x00,0x00,0x00,0x00,0x00,0x00,0x00,0x00,0x00,0x00,0x00,0x00,0x00,
    0x00,0x00,0x00,0x00,0x00,0x00,0x00,0x00,0x00,0x00,0x00,0x00,0x00,0x00,0x00,0x00,0x00,0x00,0x00,0x00,0x00,0x00,0x00,0x00,
    0x00,0x00,0x00,0x00,0x00,0x00,0x00,0x00,0x00,0x00,0x00,0x00,0x00,0x00,0x00,0x00,0x00,0x00,0x00,0x00,0x00,0x00,0x00,0x00,
    0x00,0x00,0x00,0x00,0x00,0x00,0x00,0x00,0x00,0x00,0x00,0x00,0x00,0x00,0x00,0x00,0x00,0x00,0x00,0x00,0x00,0x00,0x00,0x00,
    0x00,0x00,0x00,0x00,0x00,0x00,0x00,0x00,0x00,0x00,0x00,0x00,0x00,0x00,0x00,0x00,0x00,0x00,0x00,0x00,0x00,0x00,0x00,0x00,
    0x00,0x00,0x00,0x00,0x00,0x00,0x00,0x00,0x00,0x00,0x00,0x00,0x00,0x00,0x00,0x00,0x00,0x00,0x00,0x00,0x00,0x00,0x00,0x00,
    0x00,0x00,0x00,0x00,0x00,0x00,0x00,0x00,0x00,0x00,0x00,0x00,0x00,0x00,0x00,0x00,0x00,0x00,0x00,0x00,0x00,0x00,0x00,0x00,
    0x00,0x00,0x00,0x00,0x00,0x00,0x00,0x00,0x00,0x00,0x00,0x00,0x00,0x00,0x00,0x00,0x00,0x00,0x00,0x00,0x00,0x00,0x00,0x00,
    0x00,0x00,0x00,0x00,0x00,0x00,0x00,0x00,0x00,0x00,0x00,0x00,0x00,0x00,0x00,0x00,0x00,0x00,0x00,0x00,0x00,0x00,0x00,0x00,
    0x00,0x00,0x00,0x00,0x00,0x00,0x00,0x00,0x00,0x00,0x00,0x00,0x00,0x00,0x00,0x00,0x00,0x00,0x00,0x00,0x00,0x00,0x00,0x00,
    0x00,0x00,0x00,0x00,0x00,0x00,0x00,0x00,0x00,0x00,0x00,0x00,0x00,0x00,0x00,0x00,0x00,0x00,0x00,0x00,0x00,0x00,0x00,0x00,
    0x00,0x00,0x00,0x00,0x00,0x00,0x00,0x00,0x00,0x00,0x00,0x00,0x00,0x00,0x00,0x00,0x00,0x00,0x00,0x00,0x00,0x00,0x00,0x00,
    0x00,0x00,0x00,0x00,0x00,0x00,0x00,0x00,0x00,0x00,0x00,0x00,0x00,0x00,0x00,0x00,0x00,0x00,0x00,0x00,0x00,0x00,0x00,0x00,
    0x00,0x00,0x00,0x00,0x00,0x00,0x00,0x00,0x00,0x00,0x00,0x00,0x00,0x00,0x00,0x00,0x00,0x00,0x00,0x00,0x00,0x00,0x00,0x00,
    0x00,0x00,0x00,0x00,0x00,0x00,0x00,0x00,0x00,0x00,0x00,0x00,0x00,0x00,0x00,0x00,0x00,0x00,0x00,0x00,0x00,0x00,0x00,0x00,
    0x00,0x00,0x00,0x00,0x00,0x00,0x00,0x00,0x00,0x00,0x00,0x00,0x00,0x00,0x00,0x00,0x00,0x00,0x00,0x00,0x00,0x00,0x00,0x00,
    0x00,0x00,0x00,0x00,0x00,0x00,0x00,0x00,0x00,0x00,0x00,0x00,0x00,0x00,0x00,0x00,0x00,0x00,0x00,0x00,0x00,0x00,0x00,0x00,
    0x00,0x00,0x00,0x00,0x00,0x00,0x00,0x00,0x00,0x00,0x00,0x00,0x00,0x00,0x00,0x00,0x00,0x00,0x00,0x00,0x00,0x00,0x00,0x00,
    0x00,0x00,0x00,0x00,0x00,0x00,0x00,0x00,0x00,0x00,0x00,0x00,0x00,0x00,0x00,0x00,0x00,0x00,0x00,0x00,0x00,0x00,0x00,0x00,
    0x00,0x00,0x00,0x00,0x00,0x00,0x00,0x00,0x00,0x00,0x00,0x00,0x00,0x00,0x00,0x00,0x00,0x00,0x00,0x00,0x00,0x00,0x00,0x00,
    0x00,0x00,0x00,0x00,0x00,0x00,0x00,0x00,0x00,0x00,0x00,0x00,0x00,0x00,0x00,0x00,0x00,0x00,0x00,0x00,0x00,0x00,0x00,0x00,
    0x00,0x00,0x00,0x00,0x00,0x00,0x00,0x00,0x00,0x00,0x00,0x00,0x00,0x00,0x00,0x00,0x00,0x00,0x00,0x00,0x00,0x00,0x00,0x00,
    0x00,0x00,0x00,0x00,0x00,0x00,0x00,0x00,0x00,0x00,0x00,0x00,0x00,0x00,0x00,0x00,0x00,0x00,0x00,0x00,0x00,0x00,0x00,0x00,
    0x00,0x00,0x00,0x00,0x00,0x00,0x00,0x00,0x00,0x00,0x00,0x00,0x00,0x00,0x00,0x00,0x00,0x00,0x00,0x00,0x00,0x00,0x00,0x00,
    0x00,0x00,0x00,0x00,0x00,0x00,0x00,0x00,0x00,0x00,0x00,0x00,0x00,0x00,0x00,0x00,0x00,0x00,0x00,0x00,0x00,0x00,0x00,0x00,
    0x00,0x00,0x00,0x00,0x00,0x00,0x00,0x00,0x00,0x00,0x00,0x00,0x00,0x00,0x00,0x00,0x00,0x00,0x00,0x00,0x00,0x00,0x00,0x00,
    0x00,0x00,0x00,0x00,0x00,0x00,0x00,0x00,0x00,0x00,0x00,0x00,0x00,0x00,0x00,0x00,0x00,0x00,0x00,0x00,0x00,0x00,0x00,0x00,
    0x00,0x00,0x00,0x00,0x00,0x00,0x00,0x00,0x00,0x00,0x00,0x00,0x00,0x00,0x00,0x00,0x00,0x00,0x00,0x00,0x00,0x00,0x00,0x00,
    0x00,0x00,0x00,0x00,0x00,0x00,0x00,0x00,0x00,0x00,0x00,0x00,0x00,0x00,0x00,0x00,0x00,0x00,0x00,0x00,0x00,0x00,0x00,0x00,
    0x00,0x00,0x00,0x00,0x00,0x00,0x00,0x00,0x00,0x00,0x00,0x00,0x00,0x00,0x00,0x00,0x00,0x00,0x00,0x00,0x00,0x00,0x00,0x00,
    0x00,0x00,0x00,0x00,0x00,0x00,0x00,0x00,0x00,0x00,0x00,0x00,0x00,0x00,0x00,0x00,0x00,0x00,0x00,0x00,0x00,0x00,0x00,0x00,
    0x00,0x00,0x00,0x00,0x00,0x00,0x00,0x00,0x00,0x00,0x00,0x00,0x00,0x00,0x00,0x00,0x00,0x00,0x00,0x00,0x00,0x00,0x00,0x00,
    0x00,0x00,0x00,0x00,0x00,0x00,0x00,0x00,0x00,0x00,0x00,0x00,0x00,0x00,0x00,0x00,0x00,0x00,0x00,0x00,0x00,0x00,0x00,0x00,
    0x00,0x00,0x00,0x00,0x00,0x00,0x00,0x00,0x00,0x00,0x00,0x00,0x00,0x00,0x00,0x00,0x00,0x00,0x00,0x00,0x00,0x00,0x00,0x00,
    0x00,0x00,0x00,0x00,0x00,0x00,0x00,0x00,0x00,0x00,0x00,0x00,0x00,0x00,0x00,0x00,0x00,0x00,0x00,0x00,0x00,0x00,0x00,0x00,
    0x00,0x00,0x00,0x00,0x00,0x00,0x00,0x00,0x00,0x00,0x00,0x00,0x00,0x00,0x00,0x00,0x00,0x00,0x00,0x00,0x00,0x00,0x00,0x00,
    0x00,0x00,0x00,0x00,0x00,0x00,0x00,0x00,0x00,0x00,0x00,0x00,0x00,0x00,0x00,0x00,0x00,0x00,0x00,0x00,0x00,0x00,0x00,0x00,
    0x00,0x00,0x00,0x00,0x00,0x00,0x00,0x00,0x00,0x00,0x00,0x00,0x00,0x00,0x00,0x00,0x00,0x00,0x00,0x00,0x00,0x00,0x00,0x00,
    0x00,0x00,0x00,0x00,0x00,0x00,0x00,0x00,0x00,0x00,0x00,0x00,0x00,0x00,0x00,0x00,0x00,0x00,0x00,0x00,0x00,0x00,0x00,0x00,
    0x00,0x00,0x00,0x00,0x00,0x00,0x00,0x00,0x00,0x00,0x00,0x00,0x00,0x00,0x00,0x00,0x00,0x00,0x00,0x00,0x00,0x00,0x00,0x00,
    0x00,0x00,0x00,0x00,0x00,0x00,0x00,0x00,0x00,0x00,0x00,0x00,0x00,0x00,0x00,0x00,0x00,0x00,0x00,0x00,0x00,0x00,0x00,0x00,
    0x00,0x00,0x00,0x00,0x00,0x00,0x00,0x00,0x00,0x00,0x00,0x00,0x00,0x00,0x00,0x00,0x00,0x00,0x00,0x00,0x00,0x00,0x00,0x00,
    0x00,0x00,0x00,0x00,0x00,0x00,0x00,0x00,0x00,0x00,0x00,0x00,0x00,0x00,0x00,0x00,0x00,0x00,0x00,0x00,0x00,0x00,0x00,0x00,
    0x00,0x00,0x00,0x00,0x00,0x00,0x00,0x00,0x00,0x00,0x00,0x00,0x00,0x00,0x00,0x00,0x00,0x00,0x00,0x00,0x00,0x00,0x00,0x00,
    0x00,0x00,0x00,0x00,0x00,0x00,0x00,0x00,0x00,0x00,0x00,0x00,0x00,0x00,0x00,0x00,0x00,0x00,0x00,0x00,0x00,0x00,0x00,0x00,
    0x00,0x00,0x00,0x00,0x00,0x00,0x00,0x00,0x00,0x00,0x00,0x00,0x00,0x00,0x00,0x00,0x00,0x00,0x00,0x00,0x00,0x00,0x00,0x00,
    0x00,0x00,0x00,0x00,0x00,0x00,0x00,0x00,0x00,0x00,0x00,0x00,0x00,0x00,0x00,0x00,0x00,0x00,0x00,0x00,0x00,0x00,0x00,0x00,
    0x00,0x00,0x00,0x00,0x00,0x00,0x00,0x00,0x00,0x00,0x00,0x00,0x00,0x00,0x00,0x00,0x00,0x00,0x00,0x00,0x00,0x00,0x00,0x00,
    0x00,0x00,0x00,0x00,0x00,0x00,0x00,0x00,0x00,0x00,0x00,0x00,0x00,0x00,0x00,0x00,0x00,0x00,0x00,0x00,0x00,0x00,0x00,0x00,
    0x00,0x00,0x00,0x00,0x00,0x00,0x00,0x00,0x00,0x00,0x00,0x00,0x00,0x00,0x00,0x00,0x00,0x00,0x00,0x00,0x00,0x00,0x00,0x00,
    0x00,0x00,0x00,0x00,0x00,0x00,0x00,0x00,0x00,0x00,0x00,0x00,0x00,0x00,0x00,0x00,0x00,0x00,0x00,0x00,0x00,0x00,0x00,0x00,
    0x00,0x00,0x00,0x00,0x00,0x00,0x00,0x00,0x00,0x00,0x00,0x00,0x00,0x00,0x00,0x00,0x00,0x00,0x00,0x00,0x00,0x00,0x00,0x00,
    0x00,0x00,0x00,0x00,0x00,0x00,0x00,0x00,0x00,0x00,0x00,0x00,0x00,0x00,0x00,0x00,0x00,0x00,0x00,0x00,0x00,0x00,0x00,0x00,
    0x00,0x00,0x00,0x00,0x00,0x00,0x00,0x00,0x00,0x00,0x00,0x00,0x00,0x00,0x00,0x00,0x00,0x00,0x00,0x00,0x00,0x00,0x00,0x00,
    0x00,0x00,0x00,0x00,0x00,0x00,0x00,0x00,0x00,0x00,0x00,0x00,0x00,0x00,0x00,0x00,0x00,0x00,0x00,0x00,0x00,0x00,0x00,0x00,
    0x00,0x00,0x00,0x00,0x00,0x00,0x00,0x00,0x00,0x00,0x00,0x00,0x00,0x00,0x00,0x00,0x00,0x00,0x00,0x00,0x00,0x00,0x00,0x00,
    0x00,0x00,0x00,0x00,0x00,0x00,0x00,0x00,0x00,0x00,0x00,0x00,0x00,0x00,0x00,0x00,0x00,0x00,0x00,0x00,0x00,0x00,0x00,0x00,
    0x00,0x00,0x00,0x00,0x00,0x00,0x00,0x00,0x00,0x00,0x00,0x00,0x00,0x00,0x00,0x00,0x00,0x00,0x00,0x00,0x00,0x00,0x00,0x00,
    0x00,0x00,0x00,0x00,0x00,0x00,0x00,0x00,0x00,0x00,0x00,0x00,0x00,0x00,0x00,0x00,0x00,0x00,0x00,0x00,0x00,0x00,0x00,0x00,
    0x00,0x00,0x00,0x00,0x00,0x00,0x00,0x00,0x00,0x00,0x00,0x00,0x00,0x00,0x00,0x00,0x00,0x00,0x00,0x00,0x00,0x00,0x00,0x00,
    0x00,0x00,0x00,0x00,0x00,0x00,0x00,0x00,0x00,0x00,0x00,0x00,0x00,0x00,0x00,0x00,0x00,0x00,0x00,0x00,0x00,0x00,0x00,0x00,
    0x00,0x00,0x00,0x00,0x00,0x00,0x00,0x00,0x00,0x00,0x00,0x00,0x00,0x00,0x00,0x00,0x00,0x00,0x00,0x00,0x00,0x00,0x00,0x00,
    0x00,0x00,0x00,0x00,0x00,0x00,0x00,0x00,0x00,0x00,0x00,0x00,0x00,0x00,0x00,0x00,0x00,0x00,0x00,0x00,0x00,0x00,0x00,0x00,
    0x00,0x00,0x00,0x00,0x00,0x00,0x00,0x00,0x00,0x00,0x00,0x00,0x00,0x00,0x00,0x00,0x00,0x00,0x00,0x00,0x00,0x00,0x00,0x00,
    0x00,0x00,0x00,0x00,0x00,0x00,0x00,0x00,0x00,0x00,0x00,0x00,0x00,0x00,0x00,0x00,0x00,0x00,0x00,0x00,0x00,0x00,0x00,0x00,
    0x00,0x00,0x00,0x00,0x00,0x00,0x00,0x00,0x00,0x00,0x00,0x00,0x00,0x00,0x00,0x00,0x00,0x00,0x00,0x00,0x00,0x00,0x00,0x00,
    0x00,0x00,0x00,0x00,0x00,0x00,0x00,0x00,0x00,0x00,0x00,0x00,0x00,0x00,0x00,0x00,0x00,0x00,0x00,0x00,0x00,0x00,0x00,0x00,
    0x00,0x00,0x00,0x00,0x00,0x00,0x00,0x00,0x00,0x00,0x00,0x00,0x00,0x00,0x00,0x00,0x00,0x00,0x00,0x00,0x00,0x00,0x00,0x00,
    0x00,0x00,0x00,0x00,0x00,0x00,0x00,0x00,0x00,0x00,0x00,0x00,0x00,0x00,0x00,0x00,0x00,0x00,0x00,0x00,0x00,0x00,0x00,0x00,
    0x00,0x00,0x00,0x00,0x00,0x00,0x00,0x00,0x00,0x00,0x00,0x00,0x00,0x00,0x00,0x00,0x00,0x00,0x00,0x00,0x00,0x00,0x00,0x00,
    0x00,0x00,0x00,0x00,0x00,0x00,0x00,0x00,0x00,0x00,0x00,0x00,0x00,0x00,0x00,0x00,0x00,0x00,0x00,0x00,0x00,0x00,0x00,0x00,
    0x00,0x00,0x00,0x00,0x00,0x00,0x00,0x00,0x00,0x00,0x00,0x00,0x00,0x00,0x00,0x00,0x00,0x00,0x00,0x00,0x00,0x00,0x00,0x00,
    0x00,0x00,0x00,0x00,0x00,0x00,0x00,0x00,0x00,0x00,0x00,0x00,0x00,0x00,0x00,0x00,0x00,0x00,0x00,0x00,0x00,0x00,0x00,0x00,
    0x00,0x00,0x00,0x00,0x00,0x00,0x00,0x00,0x00,0x00,0x00,0x00,0x00,0x00,0x00,0x00,0x00,0x00,0x00,0x00,0x00,0x00,0x00,0x00,
    0x00,0x00,0x00,0x00,0x00,0x00,0x00,0x00,0x00,0x00,0x00,0x00,0x00,0x00,0x00,0x00,0x00,0x00,0x00,0x00,0x00,0x00,0x00,0x00,
    0x00,0x00,0x00,0x00,0x00,0x00,0x00,0x00,0x00,0x00,0x00,0x00,0x00,0x00,0x00,0x00,0x00,0x00,0x00,0x00,0x00,0x00,0x00,0x00,
    0x00,0x00,0x00,0x00,0x00,0x00,0x00,0x00,0x00,0x00,0x00,0x00,0x00,0x00,0x00,0x00,0x00,0x00,0x00,0x00,0x00,0x00,0x00,0x00,
    0x00,0x00,0x00,0x00,0x00,0x00,0x00,0x00,0x00,0x00,0x00,0x00,0x00,0x00,0x00,0x00,0x00,0x00,0x00,0x00,0x00,0x00,0x00,0x00,
    0x00,0x00,0x00,0x00,0x00,0x00,0x00,0x00,0x00,0x00,0x00,0x00,0x00,0x00,0x00,0x00,0x00,0x00,0x00,0x00,0x00,0x00,0x00,0x00,
    0x00,0x00,0x00,0x00,0x00,0x00,0x00,0x00,0x00,0x00,0x00,0x00,0x00,0x00,0x00,0x00,0x00,0x00,0x00,0x00,0x00,0x00,0x00,0x00,
    0x00,0x00,0x00,0x00,0x00,0x00,0x00,0x00,0x00,0x00,0x00,0x00,0x00,0x00,0x00,0x00,0x00,0x00,0x00,0x00,0x00,0x00,0x00,0x00,
    0x00,0x00,0x00,0x00,0x00,0x00,0x00,0x00,0x00,0x00,0x00,0x00,0x00,0x00,0x00,0x00,0x00,0x00,0x00,0x00,0x00,0x00,0x00,0x00,
    0x00,0x00,0x00,0x00,0x00,0x00,0x00,0x00,0x00,0x00,0x00,0x00,0x00,0x00,0x00,0x00,0x00,0x00,0x00,0x00,0x00,0x00,0x00,0x00,
    0x00,0x00,0x00,0x00,0x00,0x00,0x00,0x00,0x00,0x00,0x00,0x00,0x00,0x00,0x00,0x00,0x00,0x00,0x00,0x00,0x00,0x00,0x00,0x00,
    0x00,0x00,0x00,0x00,0x00,0x00,0x00,0x00,0x00,0x00,0x00,0x00,0x00,0x00,0x00,0x00,0x00,0x00,0x00,0x00,0x00,0x00,0x00,0x00,
    0x00,0x00,0x00,0x00,0x00,0x00,0x00,0x00,0x00,0x00,0x00,0x00,0x00,0x00,0x00,0x00,0x00,0x00,0x00,0x00,0x00,0x00,0x00,0x00,
    0x00,0x00,0x00,0x00,0x00,0x00,0x00,0x00,0x00,0x00,0x00,0x00,0x00,0x00,0x00,0x00,0x00,0x00,0x00,0x00,0x00,0x00,0x00,0x00,
    0x00,0x00,0x00,0x00,0x00,0x00,0x00,0x00,0x00,0x00,0x00,0x00,0x00,0x00,0x00,0x00,0x00,0x00,0x00,0x00,0x00,0x00,0x00,0x00,
    0x00,0x00,0x00,0x00,0x00,0x00,0x00,0x00,0x00,0x00,0x00,0x00,0x00,0x00,0x00,0x00,0x00,0x00,0x00,0x00,0x00,0x00,0x00,0x00,
    0x00,0x00,0x00,0x00,0x00,0x00,0x00,0x00,0x00,0x00,0x00,0x00,0x00,0x00,0x00,0x00,0x00,0x00,0x00,0x00,0x00,0x00,0x00,0x00,
    0x00,0x00,0x00,0x00,0x00,0x00,0x00,0x00,0x00,0x00,0x00,0x00,0x00,0x00,0x00,0x00,0x00,0x00,0x00,0x00,0x00,0x00,0x00,0x00,
    0x00,0x00,0x00,0x00,0x00,0x00,0x00,0x00,0x00,0x00,0x00,0x00,0x00,0x00,0x00,0x00,0x00,0x00,0x00,0x00,0x00,0x00,0x00,0x00,
    0x00,0x00,0x00,0x00,0x00,0x00,0x00,0x00,0x00,0x00,0x00,0x00,0x00,0x00,0x00,0x00,0x00,0x00,0x00,0x00,0x00,0x00,0x00,0x00,
    0x00,0x00,0x00,0x00,0x00,0x00,0x00,0x00,0x00,0x00,0x00,0x00,0x00,0x00,0x00,0x00,0x00,0x00,0x00,0x00,0x00,0x00,0x00,0x00,
    0x00,0x00,0x00,0x00,0x00,0x00,0x00,0x00,0x00,0x00,0x00,0x00,0x00,0x00,0x00,0x00,0x00,0x00,0x00,0x00,0x00,0x00,0x00,0x00,
    0x00,0x00,0x00,0x00,0x00,0x00,0x00,0x00,0x00,0x00,0x00,0x00,0x00,0x00,0x00,0x00,0x00,0x00,0x00,0x00,0x00,0x00,0x00,0x00,
    0x00,0x00,0x00,0x00,0x00,0x00,0x00,0x00,0x00,0x00,0x00,0x00,0x00,0x00,0x00,0x00,0x00,0x00,0x00,0x00,0x00,0x00,0x00,0x00,
    0x00,0x00,0x00,0x00,0x00,0x00,0x00,0x00,0x00,0x00,0x00,0x00,0x00,0x00,0x00,0x00,0x00,0x00,0x00,0x00,0x00,0x00,0x00,0x00,
    0x00,0x00,0x00,0x00,0x00,0x00,0x00,0x00,0x00,0x00,0x00,0x00,0x00,0x00,0x00,0x00,0x00,0x00,0x00,0x00,0x00,0x00,0x00,0x00,
    0x00,0x00,0x00,0x00,0x00,0x00,0x00,0x00,0x00,0x00,0x00,0x00,0x00,0x00,0x00,0x00,0x00,0x00,0x00,0x00,0x00,0x00,0x00,0x00,
    0x00,0x00,0x00,0x00,0x00,0x00,0x00,0x00,0x00,0x00,0x00,0x00,0x00,0x00,0x00,0x00,0x00,0x00,0x00,0x00,0x00,0x00,0x00,0x00,
    0x00,0x00,0x00,0x00,0x00,0x00,0x00,0x00,0x00,0x00,0x00,0x00,0x00,0x00,0x00,0x00,0x00,0x00,0x00,0x00,0x00,0x00,0x00,0x00,
    0x00,0x00,0x00,0x00,0x00,0x00,0x00,0x00,0x00,0x00,0x00,0x00,0x00,0x00,0x00,0x00,0x00,0x00,0x00,0x00,0x00,0x00,0x00,0x00,
    0x00,0x00,0x00,0x00,0x00,0x00,0x00,0x00,0x00,0x00,0x00,0x00,0x00,0x00,0x00,0x00,0x00,0x00,0x00,0x00,0x00,0x00,0x00,0x00,
    0x00,0x00,0x00,0x00,0x00,0x00,0x00,0x00,0x00,0x00,0x00,0x00,0x00,0x00,0x00,0x00,0x00,0x00,0x00,0x00,0x00,0x00,0x00,0x00,
    0x00,0x00,0x00,0x00,0x00,0x00,0x00,0x00,0x00,0x00,0x00,0x00,0x00,0x00,0x00,0x00,0x00,0x00,0x00,0x00,0x00,0x00,0x00,0x00,
    0x00,0x00,0x00,0x00,0x00,0x00,0x00,0x00,0x00,0x00,0x00,0x00,0x00,0x00,0x00,0x00,0x00,0x00,0x00,0x00,0x00,0x00,0x00,0x00,
    0x00,0x00,0x00,0x00,0x00,0x00,0x00,0x00,0x00,0x00,0x00,0x00,0x00,0x00,0x00,0x00,0x00,0x00,0x00,0x00,0x00,0x00,0x00,0x00,
    0x00,0x00,0x00,0x00,0x00,0x00,0x00,0x00,0x00,0x00,0x00,0x00,0x00,0x00,0x00,0x00,0x00,0x00,0x00,0x00,0x00,0x00,0x00,0x00,
    0x00,0x00,0x00,0x00,0x00,0x00,0x00,0x00,0x00,0x00,0x00,0x00,0x00,0x00,0x00,0x00,0x00,0x00,0x00,0x00,0x00,0x00,0x00,0x00,
    0x00,0x00,0x00,0x00,0x00,0x00,0x00,0x00,0x00,0x00,0x00,0x00,0x00,0x00,0x00,0x00,0x00,0x00,0x00,0x00,0x00,0x00,0x00,0x00,
    0x00,0x00,0x00,0x00,0x00,0x00,0x00,0x00,0x00,0x00,0x00,0x00,0x00,0x00,0x00,0x00,0x00,0x00,0x00,0x00,0x00,0x00,0x00,0x00,
    0x00,0x00,0x00,0x00,0x00,0x00,0x00,0x00,0x00,0x00,0x00,0x00,0x00,0x00,0x00,0x00,0x00,0x00,0x00,0x00,0x00,0x00,0x00,0x00,
    0x00,0x00,0x00,0x00,0x00,0x00,0x00,0x00,0x00,0x00,0x00,0x00,0x00,0x00,0x00,0x00,0x00,0x00,0x00,0x00,0x00,0x00,0x00,0x00,
    0x00,0x00,0x00,0x00,0x00,0x00,0x00,0x00,0x00,0x00,0x00,0x00,0x00,0x00,0x00,0x00,0x00,0x00,0x00,0x00,0x00,0x00,0x00,0x00,
    0x00,0x00,0x00,0x00,0x00,0x00,0x00,0x00,0x00,0x00,0x00,0x00,0x00,0x00,0x00,0x00,0x00,0x00,0x00,0x00,0x00,0x00,0x00,0x00,
    0x00,0x00,0x00,0x00,0x00,0x00,0x00,0x00,0x00,0x00,0x00,0x00,0x00,0x00,0x00,0x00,0x00,0x00,0x00,0x00,0x00,0x00,0x00,0x00,
    0x00,0x00,0x00,0x00,0x00,0x00,0x00,0x00,0x00,0x00,0x00,0x00,0x00,0x00,0x00,0x00,0x00,0x00,0x00,0x00,0x00,0x00,0x00,0x00,
    0x00,0x00,0x00,0x00,0x00,0x00,0x00,0x00,0x00,0x00,0x00,0x00,0x00,0x00,0x00,0x00,0x00,0x00,0x00,0x00,0x00,0x00,0x00,0x00,
    0x00,0x00,0x00,0x00,0x00,0x00,0x00,0x00,0x00,0x00,0x00,0x00,0x00,0x00,0x00,0x00,0x00,0x00,0x00,0x00,0x00,0x00,0x00,0x00,
    0x00,0x00,0x00,0x00,0x00,0x00,0x00,0x00,0x00,0x00,0x00,0x00,0x00,0x00,0x00,0x00,0x00,0x00,0x00,0x00,0x00,0x00,0x00,0x00,
    0x00,0x00,0x00,0x00,0x00,0x00,0x00,0x00,0x00,0x00,0x00,0x00,0x00,0x00,0x00,0x00,0x00,0x00,0x00,0x00,0x00,0x00,0x00,0x00,
    0x00,0x00,0x00,0x00,0x00,0x00,0x00,0x00,0x00,0x00,0x00,0x00,0x00,0x00,0x00,0x00,0x00,0x00,0x00,0x00,0x00,0x00,0x00,0x00,
    0x00,0x00,0x00,0x00,0x00,0x00,0x00,0x00,0x00,0x00,0x00,0x00,0x00,0x00,0x00,0x00,0x00,0x00,0x00,0x00,0x00,0x00,0x00,0x00,
    0x00,0x00,0x00,0x00,0x00,0x00,0x00,0x00,0x00,0x00,0x00,0x00,0x00,0x00,0x00,0x00,0x00,0x00,0x00,0x00,0x00,0x00,0x00,0x00,
    0x00,0x00,0x00,0x00,0x00,0x00,0x00,0x00,0x00,0x00,0x00,0x00,0x00,0x00,0x00,0x00,0x00,0x00,0x00,0x00,0x00,0x00,0x00,0x00,
    0x00,0x00,0x00,0x00,0x00,0x00,0x00,0x00,0x00,0x00,0x00,0x00,0x00,0x00,0x00,0x00,0x00,0x00,0x00,0x00,0x00,0x00,0x00,0x00,
    0x00,0x00,0x00,0x00,0x00,0x00,0x00,0x00,0x00,0x00,0x00,0x00,0x00,0x00,0x00,0x00,0x00,0x00,0x00,0x00,0x00,0x00,0x00,0x00,
    0x00,0x00,0x00,0x00,0x00,0x00,0x00,0x00,0x00,0x00,0x00,0x00,0x00,0x00,0x00,0x00,0x00,0x00,0x00,0x00,0x00,0x00,0x00,0x00,
    0x00,0x00,0x00,0x00,0x00,0x00,0x00,0x00,0x00,0x00,0x00,0x00,0x00,0x00,0x00,0x00,0x00,0x00,0x00,0x00,0x00,0x00,0x00,0x00,
    0x00,0x00,0x00,0x00,0x00,0x00,0x00,0x00,0x00,0x00,0x00,0x00,0x00,0x00,0x00,0x00,0x00,0x00,0x00,0x00,0x00,0x00,0x00,0x00,
    0x00,0x00,0x00,0x00,0x00,0x00,0x00,0x00,0x00,0x00,0x00,0x00,0x00,0x00,0x00,0x00,0x00,0x00,0x00,0x00,0x00,0x00,0x00,0x00,
    0x00,0x00,0x00,0x00,0x00,0x00,0x00,0x00,0x00,0x00,0x00,0x00,0x00,0x00,0x00,0x00,0x00,0x00,0x00,0x00,0x00,0x00,0x00,0x00,
    0x00,0x00,0x00,0x00,0x00,0x00,0x00,0x00,0x00,0x00,0x00,0x00,0x00,0x00,0x00,0x00,0x00,0x00,0x00,0x00,0x00,0x00,0x00,0x00,
    0x00,0x00,0x00,0x00,0x00,0x00,0x00,0x00,0x00,0x00,0x00,0x00,0x00,0x00,0x00,0x00,0x00,0x00,0x00,0x00,0x00,0x00,0x00,0x00,
    0x00,0x00,0x00,0x00,0x00,0x00,0x00,0x00,0x00,0x00,0x00,0x00,0x00,0x00,0x00,0x00,0x00,0x00,0x00,0x00,0x00,0x00,0x00,0x00,
    0x00,0x00,0x00,0x00,0x00,0x00,0x00,0x00,0x00,0x00,0x00,0x00,0x00,0x00,0x00,0x00,0x00,0x00,0x00,0x00,0x00,0x00,0x00,0x00,
    0x00,0x00,0x00,0x00,0x00,0x00,0x00,0x00,0x00,0x00,0x00,0x00,0x00,0x00,0x00,0x00,0x00,0x00,0x00,0x00,0x00,0x00,0x00,0x00,
    0x00,0x00,0x00,0x00,0x00,0x00,0x00,0x00,0x00,0x00,0x00,0x00,0x00,0x00,0x00,0x00,0x00,0x00,0x00,0x00,0x00,0x00,0x00,0x00,
    0x00,0x00,0x00,0x00,0x00,0x00,0x00,0x00,0x00,0x00,0x00,0x00,0x00,0x00,0x00,0x00,0x00,0x00,0x00,0x00,0x00,0x00,0x00,0x00,
    0x00,0x00,0x00,0x00,0x00,0x00,0x00,0x00,0x00,0x00,0x00,0x00,0x00,0x00,0x00,0x00,0x00,0x00,0x00,0x00,0x00,0x00,0x00,0x00,
    0x00,0x00,0x00,0x00,0x00,0x00,0x00,0x00,0x00,0x00,0x00,0x00,0x00,0x00,0x00,0x00,0x00,0x00,0x00,0x00,0x00,0x00,0x00,0x00,
    0x00,0x00,0x00,0x00,0x00,0x00,0x00,0x00,0x00,0x00,0x00,0x00,0x00,0x00,0x00,0x00,0x00,0x00,0x00,0x00,0x00,0x00,0x00,0x00,
    0x00,0x00,0x00,0x00,0x00,0x00,0x00,0x00,0x00,0x00,0x00,0x00,0x00,0x00,0x00,0x00,0x00,0x00,0x00,0x00,0x00,0x00,0x00,0x00,
    0x00,0x00,0x00,0x00,0x00,0x00,0x00,0x00,0x00,0x00,0x00,0x00,0x00,0x00,0x00,0x00,0x00,0x00,0x00,0x00,0x00,0x00,0x00,0x00,
    0x00,0x00,0x00,0x00,0x00,0x00,0x00,0x00,0x00,0x00,0x00,0x00,0x00,0x00,0x00,0x00,0x00,0x00,0x00,0x00,0x00,0x00,0x00,0x00,
    0x00,0x00,0x00,0x00,0x00,0x00,0x00,0x00,0x00,0x00,0x00,0x00,0x00,0x00,0x00,0x00,0x00,0x00,0x00,0x00,0x00,0x00,0x00,0x00,
    0x00,0x00,0x00,0x00,0x00,0x00,0x00,0x00,0x00,0x00,0x00,0x00,0x00,0x00,0x00,0x00,0x00,0x00,0x00,0x00,0x00,0x00,0x00,0x00,
    0x00,0x00,0x00,0x00,0x00,0x00,0x00,0x00,0x00,0x00,0x00,0x00,0x00,0x00,0x00,0x00,0x00,0x00,0x00,0x00,0x00,0x00,0x00,0x00,
    0x00,0x00,0x00,0x00,0x00,0x00,0x00,0x00,0x00,0x00,0x00,0x00,0x00,0x00,0x00,0x00,0x00,0x00,0x00,0x00,0x00,0x00,0x00,0x00,
    0x00,0x00,0x00,0x00,0x00,0x00,0x00,0x00,0x00,0x00,0x00,0x00,0x00,0x00,0x00,0x00,0x00,0x00,0x00,0x00,0x00,0x00,0x00,0x00,
    0x00,0x00,0x00,0x00,0x00,0x00,0x00,0x00,0x00,0x00,0x00,0x00,0x00,0x00,0x00,0x00,0x00,0x00,0x00,0x00,0x00,0x00,0x00,0x00,
    0x00,0x00,0x00,0x00,0x00,0x00,0x00,0x00,0x00,0x00,0x00,0x00,0x00,0x00,0x00,0x00,0x00,0x00,0x00,0x00,0x00,0x00,0x00,0x00,
    0x00,0x00,0x00,0x00,0x00,0x00,0x00,0x00,0x00,0x00,0x00,0x00,0x00,0x00,0x00,0x00,0x00,0x00,0x00,0x00,0x00,0x00,0x00,0x00,
    0x00,0x00,0x00,0x00,0x00,0x00,0x00,0x00,0x00,0x00,0x00,0x00,0x00,0x00,0x00,0x00,0x00,0x00,0x00,0x00,0x00,0x00,0x00,0x00,
    0x00,0x00,0x00,0x00,0x00,0x00,0x00,0x00,0x00,0x00,0x00,0x00,0x00,0x00,0x00,0x00,0x00,0x00,0x00,0x00,0x00,0x00,0x00,0x00,
    0x00,0x00,0x00,0x00,0x00,0x00,0x00,0x00,0x00,0x00,0x00,0x00,0x00,0x00,0x00,0x00,0x00,0x00,0x00,0x00,0x00,0x00,0x00,0x00,
    0x00,0x00,0x00,0x00,0x00,0x00,0x00,0x00,0x00,0x00,0x00,0x00,0x00,0x00,0x00,0x00,0x00,0x00,0x00,0x00,0x00,0x00,0x00,0x00,
    0x00,0x00,0x00,0x00,0x00,0x00,0x00,0x00,0x00,0x00,0x00,0x00,0x00,0x00,0x00,0x00,0x00,0x00,0x00,0x00,0x00,0x00,0x00,0x00,
    0x00,0x00,0x00,0x00,0x00,0x00,0x00,0x00,0x00,0x00,0x00,0x00,0x00,0x00,0x00,0x00,0x00,0x00,0x00,0x00,0x00,0x00,0x00,0x00,
    0x00,0x00,0x00,0x00,0x00,0x00,0x00,0x00,0x00,0x00,0x00,0x00,0x00,0x00,0x00,0x00,0x00,0x00,0x00,0x00,0x00,0x00,0x00,0x00,
    0x00,0x00,0x00,0x00,0x00,0x00,0x00,0x00,0x00,0x00,0x00,0x00,0x00,0x00,0x00,0x00,0x00,0x00,0x00,0x00,0x00,0x00,0x00,0x00,
    0x00,0x00,0x00,0x00,0x00,0x00,0x00,0x00,0x00,0x00,0x00,0x00,0x00,0x00,0x00,0x00,0x00,0x00,0x00,0x00,0x00,0x00,0x00,0x00,
    0x00,0x00,0x00,0x00,0x00,0x00,0x00,0x00,0x00,0x00,0x00,0x00,0x00,0x00,0x00,0x00,0x00,0x00,0x00,0x00,0x00,0x00,0x00,0x00,
    0x00,0x00,0x00,0x00,0x00,0x00,0x00,0x00,0x00,0x00,0x00,0x00,0x00,0x00,0x00,0x00,0x00,0x00,0x00,0x00,0x00,0x00,0x00,0x00,
    0x00,0x00,0x00,0x00,0x00,0x00,0x00,0x00,0x00,0x00,0x00,0x00,0x00,0x00,0x00,0x00,0x00,0x00,0x00,0x00,0x00,0x00,0x00,0x00,
    0x00,0x00,0x00,0x00,0x00,0x00,0x00,0x00,0x00,0x00,0x00,0x00,0x00,0x00,0x00,0x00,0x00,0x00,0x00,0x00,0x00,0x00,0x00,0x00,
    0x00,0x00,0x00,0x00,0x00,0x00,0x00,0x00,0x00,0x00,0x00,0x00,0x00,0x00,0x00,0x00,0x00,0x00,0x00,0x00,0x00,0x00,0x00,0x00,
    0x00,0x00,0x00,0x00,0x00,0x00,0x00,0x00,0x00,0x00,0x00,0x00,0x00,0x00,0x00,0x00,0x00,0x00,0x00,0x00,0x00,0x00,0x00,0x00,
    0x00,0x00,0x00,0x00,0x00,0x00,0x00,0x00,0x00,0x00,0x00,0x00,0x00,0x00,0x00,0x00,0x00,0x00,0x00,0x00,0x00,0x00,0x00,0x00,
    0x00,0x00,0x00,0x00,0x00,0x00,0x00,0x00,0x00,0x00,0x00,0x00,0x00,0x00,0x00,0x00,0x00,0x00,0x00,0x00,0x00,0x00,0x00,0x00,
    0x00,0x00,0x00,0x00,0x00,0x00,0x00,0x00,0x00,0x00,0x00,0x00,0x00,0x00,0x00,0x00,0x00,0x00,0x00,0x00,0x00,0x00,0x00,0x00,
    0x00,0x00,0x00,0x00,0x00,0x00,0x00,0x00,0x00,0x00,0x00,0x00,0x00,0x00,0x00,0x00,0x00,0x00,0x00,0x00,0x00,0x00,0x00,0x00,
    0x00,0x00,0x00,0x00,0x00,0x00,0x00,0x00,0x00,0x00,0x00,0x00,0x00,0x00,0x00,0x00,0x00,0x00,0x00,0x00,0x00,0x00,0x00,0x00,
    0x00,0x00,0x00,0x00,0x00,0x00,0x00,0x00,0x00,0x00,0x00,0x00,0x00,0x00,0x00,0x00,0x00,0x00,0x00,0x00,0x00,0x00,0x00,0x00,
    0x00,0x00,0x00,0x00,0x00,0x00,0x00,0x00,0x00,0x00,0x00,0x00,0x00,0x00,0x00,0x00,0x00,0x00,0x00,0x00,0x00,0x00,0x00,0x00,
    0x00,0x00,0x00,0x00,0x00,0x00,0x00,0x00,0x00,0x00,0x00,0x00,0x00,0x00,0x00,0x00,0x00,0x00,0x00,0x00,0x00,0x00,0x00,0x00,
    0x00,0x00,0x00,0x00,0x00,0x00,0x00,0x00,0x00,0x00,0x00,0x00,0x00,0x00,0x00,0x00,0x00,0x00,0x00,0x00,0x00,0x00,0x00,0x00,
    0x00,0x00,0x00,0x00,0x00,0x00,0x00,0x00,0x00,0x00,0x00,0x00,0x00,0x00,0x00,0x00,0x00,0x00,0x00,0x00,0x00,0x00,0x00,0x00,
    0x00,0x00,0x00,0x00,0x00,0x00,0x00,0x00,0x00,0x00,0x00,0x00,0x00,0x00,0x00,0x00,0x00,0x00,0x00,0x00,0x00,0x00,0x00,0x00,
    0x00,0x00,0x00,0x00,0x00,0x00,0x00,0x00,0x00,0x00,0x00,0x00,0x00,0x00,0x00,0x00,0x00,0x00,0x00,0x00,0x00,0x00,0x00,0x00,
    0x00,0x00,0x00,0x00,0x00,0x00,0x00,0x00,0x00,0x00,0x00,0x00,0x00,0x00,0x00,0x00,0x00,0x00,0x00,0x00,0x00,0x00,0x00,0x00,
    0x00,0x00,0x00,0x00,0x00,0x00,0x00,0x00,0x00,0x00,0x00,0x00,0x00,0x00,0x00,0x00,0x00,0x00,0x00,0x00,0x00,0x00,0x00,0x00,
    0x00,0x00,0x00,0x00,0x00,0x00,0x00,0x00,0x00,0x00,0x00,0x00,0x00,0x00,0x00,0x00,0x00,0x00,0x00,0x00,0x00,0x00,0x00,0x00,
    0x00,0x00,0x00,0x00,0x00,0x00,0x00,0x00,0x00,0x00,0x00,0x00,0x00,0x00,0x00,0x00,0x00,0x00,0x00,0x00,0x00,0x00,0x00,0x00,
    0x00,0x00,0x00,0x00,0x00,0x00,0x00,0x00,0x00,0x00,0x00,0x00,0x00,0x00,0x00,0x00,0x00,0x00,0x00,0x00,0x00,0x00,0x00,0x00,
    0x00,0x00,0x00,0x00,0x00,0x00,0x00,0x00,0x00,0x00,0x00,0x00,0x00,0x00,0x00,0x00,0x00,0x00,0x00,0x00,0x00,0x00,0x00,0x00,
    0x00,0x00,0x00,0x00,0x00,0x00,0x00,0x00,0x00,0x00,0x00,0x00,0x00,0x00,0x00,0x00,0x00,0x00,0x00,0x00,0x00,0x00,0x00,0x00,
    0x00,0x00,0x00,0x00,0x00,0x00,0x00,0x00,0x00,0x00,0x00,0x00,0x00,0x00,0x00,0x00,0x00,0x00,0x00,0x00,0x00,0x00,0x00,0x00,
    0x00,0x00,0x00,0x00,0x00,0x00,0x00,0x00,0x00,0x00,0x00,0x00,0x00,0x00,0x00,0x00,0x00,0x00,0x00,0x00,0x00,0x00,0x00,0x00,
    0x00,0x00,0x00,0x00,0x00,0x00,0x00,0x00,0x00,0x00,0x00,0x00,0x00,0x00,0x00,0x00,0x00,0x00,0x00,0x00,0x00,0x00,0x00,0x00,
    0x00,0x00,0x00,0x00,0x00,0x00,0x00,0x00,0x00,0x00,0x00,0x00,0x00,0x00,0x00,0x00,0x00,0x00,0x00,0x00,0x00,0x00,0x00,0x00,
    0x00,0x00,0x00,0x00,0x00,0x00,0x00,0x00,0x00,0x00,0x00,0x00,0x00,0x00,0x00,0x00,0x00,0x00,0x00,0x00,0x00,0x00,0x00,0x00,
    0x00,0x00,0x00,0x00,0x00,0x00,0x00,0x00,0x00,0x00,0x00,0x00,0x00,0x00,0x00,0x00,0x00,0x00,0x00,0x00,0x00,0x00,0x00,0x00,
    0x00,0x00,0x00,0x00,0x00,0x00,0x00,0x00,0x00,0x00,0x00,0x00,0x00,0x00,0x00,0x00,0x00,0x00,0x00,0x00,0x00,0x00,0x00,0x00,
    0x00,0x00,0x00,0x00,0x00,0x00,0x00,0x00,0x00,0x00,0x00,0x00,0x00,0x00,0x00,0x00,0x00,0x00,0x00,0x00,0x00,0x00,0x00,0x00,
    0x00,0x00,0x00,0x00,0x00,0x00,0x00,0x00,0x00,0x00,0x00,0x00,0x00,0x00,0x00,0x00,0x00,0x00,0x00,0x00,0x00,0x00,0x00,0x00,
    0x00,0x00,0x00,0x00,0x00,0x00,0x00,0x00,0x00,0x00,0x00,0x00,0x00,0x00,0x00,0x00,0x00,0x00,0x00,0x00,0x00,0x00,0x00,0x00,
    0x00,0x00,0x00,0x00,0x00,0x00,0x00,0x00,0x00,0x00,0x00,0x00,0x00,0x00,0x00,0x00,0x00,0x00,0x00,0x00,0x00,0x00,0x00,0x00,
    0x00,0x00,0x00,0x00,0x00,0x00,0x00,0x00,0x00,0x00,0x00,0x00,0x00,0x00,0x00,0x00,0x00,0x00,0x00,0x00,0x00,0x00,0x00,0x00,
    0x00,0x00,0x00,0x00,0x00,0x00,0x00,0x00,0x00,0x00,0x00,0x00,0x00,0x00,0x00,0x00,0x00,0x00,0x00,0x00,0x00,0x00,0x00,0x00,
    0x00,0x00,0x00,0x00,0x00,0x00,0x00,0x00,0x00,0x00,0x00,0x00,0x00,0x00,0x00,0x00,0x00,0x00,0x00,0x00,0x00,0x00,0x00,0x00,
    0x00,0x00,0x00,0x00,0x00,0x00,0x00,0x00,0x00,0x00,0x00,0x00,0x00,0x00,0x00,0x00,0x00,0x00,0x00,0x00,0x00,0x00,0x00,0x00,
    0x00,0x00,0x00,0x00,0x00,0x00,0x00,0x00,0x00,0x00,0x00,0x00,0x00,0x00,0x00,0x00,0x00,0x00,0x00,0x00,0x00,0x00,0x00,0x00,
    0x00,0x00,0x00,0x00,0x00,0x00,0x00,0x00,0x00,0x00,0x00,0x00,0x00,0x00,0x00,0x00,0x00,0x00,0x00,0x00,0x00,0x00,0x00,0x00,
    0x00,0x00,0x00,0x00,0x00,0x00,0x00,0x00,0x00,0x00,0x00,0x00,0x00,0x00,0x00,0x00,0x00,0x00,0x00,0x00,0x00,0x00,0x00,0x00,
    0x00,0x00,0x00,0x00,0x00,0x00,0x00,0x00,0x00,0x00,0x00,0x00,0x00,0x00,0x00,0x00,0x00,0x00,0x00,0x00,0x00,0x00,0x00,0x00,
    0x00,0x00,0x00,0x00,0x00,0x00,0x00,0x00,0x00,0x00,0x00,0x00,0x00,0x00,0x00,0x00,0x00,0x00,0x00,0x00,0x00,0x00,0x00,0x00,
    0x00,0x00,0x00,0x00,0x00,0x00,0x00,0x00,0x00,0x00,0x00,0x00,0x00,0x00,0x00,0x00,0x00,0x00,0x00,0x00,0x00,0x00,0x00,0x00,
    0x00,0x00,0x00,0x00,0x00,0x00,0x00,0x00,0x00,0x00,0x00,0x00,0x00,0x00,0x00,0x00,0x00,0x00,0x00,0x00,0x00,0x00,0x00,0x00,
    0x00,0x00,0x00,0x00,0x00,0x00,0x00,0x00,0x00,0x00,0x00,0x00,0x00,0x00,0x00,0x00,0x00,0x00,0x00,0x00,0x00,0x00,0x00,0x00,
    0x00,0x00,0x00,0x00,0x00,0x00,0x00,0x00,0x00,0x00,0x00,0x00,0x00,0x00,0x00,0x00,0x00,0x00,0x00,0x00,0x00,0x00,0x00,0x00,
    0x00,0x00,0x00,0x00,0x00,0x00,0x00,0x00,0x00,0x00,0x00,0x00,0x00,0x00,0x00,0x00,0x00,0x00,0x00,0x00,0x00,0x00,0x00,0x00,
    0x00,0x00,0x00,0x00,0x00,0x00,0x00,0x00,0x00,0x00,0x00,0x00,0x00,0x00,0x00,0x00,0x00,0x00,0x00,0x00,0x00,0x00,0x00,0x00,
    0x00,0x00,0x00,0x00,0x00,0x00,0x00,0x00,0x00,0x00,0x00,0x00,0x00,0x00,0x00,0x00,0x00,0x00,0x00,0x00,0x00,0x00,0x00,0x00,
    0x00,0x00,0x00,0x00,0x00,0x00,0x00,0x00,0x00,0x00,0x00,0x00,0x00,0x00,0x00,0x00,0x00,0x00,0x00,0x00,0x00,0x00,0x00,0x00,
    0x00,0x00,0x00,0x00,0x00,0x00,0x00,0x00,0x00,0x00,0x00,0x00,0x00,0x00,0x00,0x00,0x00,0x00,0x00,0x00,0x00,0x00,0x00,0x00,
    0x00,0x00,0x00,0x00,0x00,0x00,0x00,0x00,0x00,0x00,0x00,0x00,0x00,0x00,0x00,0x00,0x00,0x00,0x00,0x00,0x00,0x00,0x00,0x00,
    0x00,0x00,0x00,0x00,0x00,0x00,0x00,0x00,0x00,0x00,0x00,0x00,0x00,0x00,0x00,0x00,0x00,0x00,0x00,0x00,0x00,0x00,0x00,0x00,
    0x00,0x00,0x00,0x00,0x00,0x00,0x00,0x00,0x00,0x00,0x00,0x00,0x00,0x00,0x00,0x00,0x00,0x00,0x00,0x00,0x00,0x00,0x00,0x00,
    0x00,0x00,0x00,0x00,0x00,0x00,0x00,0x00,0x00,0x00,0x00,0x00,0x00,0x00,0x00,0x00,0x00,0x00,0x00,0x00,0x00,0x00,0x00,0x00,
    0x00,0x00,0x00,0x00,0x00,0x00,0x00,0x00,0x00,0x00,0x00,0x00,0x00,0x00,0x00,0x00,0x00,0x00,0x00,0x00,0x00,0x00,0x00,0x00,
    0x00,0x00,0x00,0x00,0x00,0x00,0x00,0x00,0x00,0x00,0x00,0x00,0x00,0x00,0x00,0x00,0x00,0x00,0x00,0x00,0x00,0x00,0x00,0x00,
    0x00,0x00,0x00,0x00,0x00,0x00,0x00,0x00,0x00,0x00,0x00,0x00,0x00,0x00,0x00,0x00,0x00,0x00,0x00,0x00,0x00,0x00,0x00,0x00,
    0x00,0x00,0x00,0x00,0x00,0x00,0x00,0x00,0x00,0x00,0x00,0x00,0x00,0x00,0x00,0x00,0x00,0x00,0x00,0x00,0x00,0x00,0x00,0x00,
    0x00,0x00,0x00,0x00,0x00,0x00,0x00,0x00,0x00,0x00,0x00,0x00,0x00,0x00,0x00,0x00,0x00,0x00,0x00,0x00,0x00,0x00,0x00,0x00,
    0x00,0x00,0x00,0x00,0x00,0x00,0x00,0x00,0x00,0x00,0x00,0x00,0x00,0x00,0x00,0x00,0x00,0x00,0x00,0x00,0x00,0x00,0x00,0x00,
    0x00,0x00,0x00,0x00,0x00,0x00,0x00,0x00,0x00,0x00,0x00,0x00,0x00,0x00,0x00,0x00,0x00,0x00,0x00,0x00,0x00,0x00,0x00,0x00,
    0x00,0x00,0x00,0x00,0x00,0x00,0x00,0x00,0x00,0x00,0x00,0x00,0x00,0x00,0x00,0x00,0x00,0x00,0x00,0x00,0x00,0x00,0x00,0x00,
    0x00,0x00,0x00,0x00,0x00,0x00,0x00,0x00,0x00,0x00,0x00,0x00,0x00,0x00,0x00,0x00,0x00,0x00,0x00,0x00,0x00,0x00,0x00,0x00,
    0x00,0x00,0x00,0x00,0x00,0x00,0x00,0x00,0x00,0x00,0x00,0x00,0x00,0x00,0x00,0x00,0x00,0x00,0x00,0x00,0x00,0x00,0x00,0x00,
    0x00,0x00,0x00,0x00,0x00,0x00,0x00,0x00,0x00,0x00,0x00,0x00,0x00,0x00,0x00,0x00,0x00,0x00,0x00,0x00,0x00,0x00,0x00,0x00,
    0x00,0x00,0x00,0x00,0x00,0x00,0x00,0x00,0x00,0x00,0x00,0x00,0x00,0x00,0x00,0x00,0x00,0x00,0x00,0x00,0x00,0x00,0x00,0x00,
    0x00,0x00,0x00,0x00,0x00,0x00,0x00,0x00,0x00,0x00,0x00,0x00,0x00,0x00,0x00,0x00,0x00,0x00,0x00,0x00,0x00,0x00,0x00,0x00,
    0x00,0x00,0x00,0x00,0x00,0x00,0x00,0x00,0x00,0x00,0x00,0x00,0x00,0x00,0x00,0x00,0x00,0x00,0x00,0x00,0x00,0x00,0x00,0x00,
    0x00,0x00,0x00,0x00,0x00,0x00,0x00,0x00,0x00,0x00,0x00,0x00,0x00,0x00,0x00,0x00,0x00,0x00,0x00,0x00,0x00,0x00,0x00,0x00,
    0x00,0x00,0x00,0x00,0x00,0x00,0x00,0x00,0x00,0x00,0x00,0x00,0x00,0x00,0x00,0x00,0x00,0x00,0x00,0x00,0x00,0x00,0x00,0x00,
    0x00,0x00,0x00,0x00,0x00,0x00,0x00,0x00,0x00,0x00,0x00,0x00,0x00,0x00,0x00,0x00,0x00,0x00,0x00,0x00,0x00,0x00,0x00,0x00,
    0x00,0x00,0x00,0x00,0x00,0x00,0x00,0x00,0x00,0x00,0x00,0x00,0x00,0x00,0x00,0x00,0x00,0x00,0x00,0x00,0x00,0x00,0x00,0x00,
    0x00,0x00,0x00,0x00,0x00,0x00,0x00,0x00,0x00,0x00,0x00,0x00,0x00,0x00,0x00,0x00,0x00,0x00,0x00,0x00,0x00,0x00,0x00,0x00,
    0x00,0x00,0x00,0x00,0x00,0x00,0x00,0x00,0x00,0x00,0x00,0x00,0x00,0x00,0x00,0x00,0x00,0x00,0x00,0x00,0x00,0x00,0x00,0x00,
    0x00,0x00,0x00,0x00,0x00,0x00,0x00,0x00,0x00,0x00,0x00,0x00,0x00,0x00,0x00,0x00,0x00,0x00,0x00,0x00,0x00,0x00,0x00,0x00,
    0x00,0x00,0x00,0x00,0x00,0x00,0x00,0x00,0x00,0x00,0x00,0x00,0x00,0x00,0x00,0x00,0x00,0x00,0x00,0x00,0x00,0x00,0x00,0x00,
    0x00,0x00,0x00,0x00,0x00,0x00,0x00,0x00,0x00,0x00,0x00,0x00,0x00,0x00,0x00,0x00,0x00,0x00,0x00,0x00,0x00,0x00,0x00,0x00,
    0x00,0x00,0x00,0x00,0x00,0x00,0x00,0x00,0x00,0x00,0x00,0x00,0x00,0x00,0x00,0x00,0x00,0x00,0x00,0x00,0x00,0x00,0x00,0x00,
    0x00,0x00,0x00,0x00,0x00,0x00,0x00,0x00,0x00,0x00,0x00,0x00,0x00,0x00,0x00,0x00,0x00,0x00,0x00,0x00,0x00,0x00,0x00,0x00,
    0x00,0x00,0x00,0x00,0x00,0x00,0x00,0x00,0x00,0x00,0x00,0x00,0x00,0x00,0x00,0x00,0x00,0x00,0x00,0x00,0x00,0x00,0x00,0x00,
    0x00,0x00,0x00,0x00,0x00,0x00,0x00,0x00,0x00,0x00,0x00,0x00,0x00,0x00,0x00,0x00,0x00,0x00,0x00,0x00,0x00,0x00,0x00,0x00,
    0x00,0x00,0x00,0x00,0x00,0x00,0x00,0x00,0x00,0x00,0x00,0x00,0x00,0x00,0x00,0x00,0x00,0x00,0x00,0x00,0x00,0x00,0x00,0x00,
    0x00,0x00,0x00,0x00,0x00,0x00,0x00,0x00,0x00,0x00,0x00,0x00,0x00,0x00,0x00,0x00,0x00,0x00,0x00,0x00,0x00,0x00,0x00,0x00,
    0x00,0x00,0x00,0x00,0x00,0x00,0x00,0x00,0x00,0x00,0x00,0x00,0x00,0x00,0x00,0x00,0x00,0x00,0x00,0x00,0x00,0x00,0x00,0x00,
    0x00,0x00,0x00,0x00,0x00,0x00,0x00,0x00,0x00,0x00,0x00,0x00,0x00,0x00,0x00,0x00,0x00,0x00,0x00,0x00,0x00,0x00,0x00,0x00,
    0x00,0x00,0x00,0x00,0x00,0x00,0x00,0x00,0x00,0x00,0x00,0x00,0x00,0x00,0x00,0x00,0x00,0x00,0x00,0x00,0x00,0x00,0x00,0x00,
    0x00,0x00,0x00,0x00,0x00,0x00,0x00,0x00,0x00,0x00,0x00,0x00,0x00,0x00,0x00,0x00,0x00,0x00,0x00,0x00,0x00,0x00,0x00,0x00,
    0x00,0x00,0x00,0x00,0x00,0x00,0x00,0x00,0x00,0x00,0x00,0x00,0x00,0x00,0x00,0x00,0x00,0x00,0x00,0x00,0x00,0x00,0x00,0x00,
    0x00,0x00,0x00,0x00,0x00,0x00,0x00,0x00,0x00,0x00,0x00,0x00,0x00,0x00,0x00,0x00,0x00,0x00,0x00,0x00,0x00,0x00,0x00,0x00,
    0x00,0x00,0x00,0x00,0x00,0x00,0x00,0x00,0x00,0x00,0x00,0x00,0x00,0x00,0x00,0x00,0x00,0x00,0x00,0x00,0x00,0x00,0x00,0x00,
    0x00,0x00,0x0b,0x00,0x00,0x00,0x00,0x00,0x00,0x00,0x00,0x0b,0x00,0x00,0x00,0x00,0x00,0x00,0x00,0x00,0x00,0x00,0x00,0x00,
    0x00,0x00,0x00,0x00,0x00,0x00,0x00,0x00,0x00,0x00,0x00,0x00,0x00,0x00,0x00,0x00,0x00,0x00,0x00,0x00,0x00,0x00,0x00,0x00,
    0x00,0x00,0x00,0x00,0x00,0x00,0x00,0x00,0x00,0x00,0x00,0x00,0x00,0x00,0x00,0x00,0x00,0x00,0x00,0x00,0x00,0x00,0x00,0x00,
    0x00,0x00,0x00,0x00,0x00,0x00,0x00,0x00,0x00,0x00,0x00,0x00,0x00,0x00,0x00,0x00,0x00,0x00,0x00,0x00,0x00,0x00,0x00,0x00,
    0x00,0x00,0x00,0x00,0x00,0x00,0x00,0x00,0x00,0x00,0x00,0x00,0x00,0x00,0x00,0x00,0x00,0x00,0x00,0x00,0x00,0x00,0x00,0x00,
    0x00,0x00,0x00,0x00,0x00,0x00,0x00,0x00,0x00,0x00,0x00,0x00,0x00,0x00,0x00,0x00,0x00,0x00,0x00,0x00,0x00,0x00,0x00,0x00,
    0x00,0x00,0x00,0x00,0x00,0x00,0x00,0x00,0x00,0x00,0x00,0x00,0x00,0x00,0x00,0x00,0x00,0x00,0x00,0x00,0x00,0x00,0x00,0x00,
    0x00,0x00,0x00,0x00,0x00,0x00,0x00,0x00,0x00,0x00,0x00,0x00,0x00,0x00,0x00,0x00,0x00,0x00,0x00,0x0b,0x00,0x00,0x00,0x00,
    0x00,0x00,0x00,0x00,0x00,0x00,0x00,0x00,0x00,0x00,0x00,0x00,0x00,0x00,0x00,0x00,0x00,0x00,0x00,0x00,0x00,0x00,0x00,0x00,
    0x00,0x00,0x00,0x00,0x00,0x00,0x00,0x00,0x00,0x00,0x00,0x00,0x00,0x00,0x00,0x00,0x00,0x00,0x00,0x00,0x00,0x00,0x00,0x00,
    0x00,0x00,0x00,0x00,0x00,0x00,0x00,0x00,0x00,0x00,0x00,0x00,0x00,0x00,0x00,0x00,0x00,0x00,0x00,0x00,0x00,0x00,0x00,0x00,
    0x00,0x00,0x00,0x00,0x00,0x00,0x00,0x00,0x00,0x00,0x00,0x00,0x00,0x00,0x00,0x00,0x00,0x00,0x00,0x00,0x00,0x00,0x00,0x00,
    0x00,0x00,0x00,0x00,0x00,0x00,0x00,0x00,0x00,0x00,0x00,0x00,0x00,0x00,0x00,0x00,0x00,0x00,0x00,0x00,0x00,0x00,0x00,0x00,
    0x00,0x00,0x00,0x00,0x00,0x00,0x00,0x00,0x00,0x00,0x00,0x00,0x00,0x00,0x00,0x00,0x00,0x00,0x00,0x00,0x00,0x00,0x00,0x00,
    0x00,0x00,0x00,0x00,0x00,0x00,0x00,0x00,0x00,0x00,0x00,0x00,0x00,0x00,0x00,0x00,0x00,0x00,0x00,0x00,0x00,0x00,0x00,0x00,
    0x00,0x00,0x00,0x00,0x00,0x0b,0x2a,0x2a,0x2a,0x2a,0x40,0x40,0x55,0x4a,0x4a,0x55,0x4a,0x55,0x4a,0x55,0x4a,0x55,0x40,0x40,
    0x55,0x4a,0x4a,0x55,0x60,0x40,0x55,0x40,0x4a,0x55,0x55,0x4a,0x55,0x55,0x4a,0x55,0x4a,0x40,0x40,0x55,0x4a,0x55,0x55,0x4a,
    0x4a,0x55,0x40,0x4a,0x55,0x4a,0x40,0x55,0x4a,0x4a,0x4a,0x4a,0x4a,0x55,0x4a,0x40,0x4a,0x4a,0x55,0x4a,0x4a,0x55,0x40,0x4a,
    0x4a,0x40,0x4a,0x55,0x4a,0x4a,0x40,0x4a,0x55,0x40,0x55,0x40,0x4a,0x4a,0x40,0x55,0x4a,0x55,0x40,0x55,0x4a,0x4a,0x4a,0x4a,
    0x4a,0x4a,0x4a,0x4a,0x4a,0x4a,0x4a,0x55,0x55,0x4a,0x55,0x4a,0x40,0x4a,0x40,0x4a,0x55,0x55,0x4a,0x4a,0x55,0x4a,0x4a,0x40,
    0x55,0x4a,0x4a,0x55,0x4a,0x4a,0x4a,0x4a,0x55,0x4a,0x55,0x4a,0x4a,0x4a,0x55,0x4a,0x4a,0x4a,0x4a,0x40,0x40,0x4a,0x55,0x4a,
    0x4a,0x4a,0x4a,0x4a,0x4a,0x4a,0x4a,0x4a,0x4a,0x4a,0x55,0x4a,0x4a,0x4a,0x55,0x4a,0x4a,0x40,0x55,0x4a,0x4a,0x4a,0x55,0x40,
    0x4a,0x4a,0x40,0x55,0x55,0x40,0x55,0x4a,0x55,0x40,0x4a,0x55,0x55,0x55,0x4a,0x4a,0x55,0x40,0x4a,0x40,0x55,0x55,0x55,0x4a,
    0x4a,0x4a,0x4a,0x55,0x55,0x40,0x40,0x55,0x55,0x4a,0x4a,0x55,0x40,0x55,0x4a,0x4a,0x55,0x40,0x4a,0x55,0x4a,0x4a,0x4a,0x40,
    0x55,0x4a,0x4a,0x40,0x55,0x40,0x40,0x55,0x55,0x4a,0x4a,0x55,0x4a,0x4a,0x55,0x4a,0x4a,0x40,0x40,0x4a,0x40,0x55,0x4a,0x55,
    0x40,0x55,0x55,0x4a,0x55,0x4a,0x4a,0x55,0x40,0x55,0x55,0x4a,0x40,0x55,0x40,0x55,0x55,0x40,0x55,0x4a,0x4a,0x40,0x4a,0x4a,
    0x4a,0x4a,0x4a,0x4a,0x4a,0x40,0x4a,0x40,0x55,0x4a,0x4a,0x4a,0x55,0x4a,0x40,0x55,0x4a,0x4a,0x4a,0x55,0x4a,0x4a,0x55,0x4a,
    0x40,0x4a,0x4a,0x55,0x4a,0x55,0x55,0x4a,0x55,0x40,0x55,0x55,0x55,0x55,0x4a,0x4a,0x55,0x40,0x55,0x55,0x4a,0x4a,0x40,0x4a,
    0x4a,0x60,0x55,0x40,0x4a,0x40,0x40,0x55,0x4a,0x60,0x55,0x55,0x4a,0x4a,0x55,0x55,0x40,0x4a,0x4a,0x55,0x4a,0x4a,0x4a,0x55,
    0x40,0x55,0x40,0x55,0x55,0x4a,0x4a,0x55,0x40,0x55,0x4a,0x4a,0x4a,0x4a,0x4a,0x40,0x40,0x55,0x40,0x4a,0x55,0x55,0x55,0x4a,
    0x55,0x4a,0x55,0x4a,0x55,0x40,0x4a,0x55,0x4a,0x4a,0x55,0x4a,0x4a,0x4a,0x4a,0x4a,0x4a,0x4a,0x55,0x4a,0x4a,0x4a,0x40,0x4a,
    0x4a,0x4a,0x55,0x4a,0x4a,0x4a,0x4a,0x4a,0x55,0x40,0x4a,0x40,0x55,0x40,0x60,0x55,0x55,0x4a,0x55,0x4a,0x4a,0x4a,0x35,0x2a,
    0x2a,0x20,0x00,0x00,0x00,0x00,0x00,0x00,0x00,0x00,0x00,0x00,0x00,0x00,0x00,0x00,0x00,0x00,0x00,0x00,0x00,0x00,0x00,0x00,
    0x00,0x00,0x00,0x00,0x00,0x00,0x00,0x00,0x00,0x00,0x00,0x00,0x00,0x00,0x00,0x00,0x00,0x00,0x00,0x00,0x2a,0x8a,0xd5,0xf4,
    0xea,0xea,0xf4,0xf4,0xff,0xf4,0xff,0xf4,0xf4,0xf4,0xf4,0xff,0xf4,0xf4,0xff,0xff,0xff,0xf4,0xff,0xf4,0xf4,0xff,0xea,0xf4,
    0xf4,0xff,0xf4,0xf4,0xff,0xf4,0xff,0xf4,0xf4,0xff,0xff,0xf4,0xf4,0xff,0xf4,0xff,0xf4,0xf4,0xff,0xf4,0xff,0xf4,0xf4,0xf4,
    0xf4,0xf4,0xff,0xf4,0xff,0xff,0xf4,0xff,0xff,0xf4,0xf4,0xf4,0xf4,0xff,0xf4,0xff,0xea,0xff,0xf4,0xf4,0xf4,0xf4,0xf4,0xff,
    0xff,0xff,0xff,0xf4,0xf4,0xf4,0xff,0xf4,0xf4,0xff,0xf4,0xff,0xff,0xff,0xff,0xff,0xff,0xff,0xf4,0xf4,0xf4,0xff,0xff,0xf4,
    0xf4,0xff,0xf4,0xff,0xff,0xff,0xff,0xff,0xff,0xf4,0xf4,0xff,0xff,0xf4,0xff,0xff,0xf4,0xff,0xff,0xff,0xff,0xf4,0xff,0xff,
    0xea,0xff,0xff,0xf4,0xf4,0xf4,0xf4,0xf4,0xff,0xf4,0xf4,0xff,0xf4,0xff,0xf4,0xff,0xff,0xf4,0xff,0xf4,0xf4,0xff,0xf4,0xf4,
    0xff,0xf4,0xf4,0xf4,0xff,0xf4,0xff,0xff,0xf4,0xff,0xf4,0xff,0xf4,0xf4,0xea,0xff,0xf4,0xff,0xf4,0xff,0xf4,0xff,0xff,0xf4,
    0xff,0xf4,0xff,0xff,0xea,0xf4,0xff,0xf4,0xf4,0xf4,0xff,0xf4,0xff,0xf4,0xea,0xff,0xf4,0xf4,0xf4,0xff,0xff,0xf4,0xf4,0xff,
    0xf4,0xf4,0xff,0xff,0xff,0xf4,0xff,0xf4,0xf4,0xf4,0xf4,0xf4,0xf4,0xf4,0xff,0xf4,0xf4,0xf4,0xff,0xf4,0xf4,0xf4,0xf4,0xff,
    0xff,0xf4,0xf4,0xff,0xea,0xff,0xf4,0xff,0xf4,0xf4,0xff,0xff,0xf4,0xff,0xf4,0xf4,0xff,0xf4,0xff,0xf4,0xf4,0xff,0xf4,0xf4,
    0xff,0xff,0xea,0xff,0xff,0xff,0xf4,0xf4,0xf4,0xff,0xff,0xf4,0xff,0xff,0xff,0xf4,0xff,0xf4,0xf4,0xf4,0xff,0xf4,0xf4,0xff,
    0xff,0xf4,0xff,0xff,0xff,0xf4,0xf4,0xf4,0xff,0xff,0xf4,0xf4,0xff,0xf4,0xf4,0xf4,0xf4,0xf4,0xff,0xf4,0xf4,0xf4,0xff,0xff,
    0xf4,0xf4,0xff,0xf4,0xf4,0xf4,0xf4,0xf4,0xf4,0xf4,0xf4,0xf4,0xff,0xff,0xf4,0xff,0xf4,0xf4,0xf4,0xff,0xf4,0xff,0xff,0xea,
    0xf4,0xff,0xf4,0xff,0xff,0xf4,0xf4,0xf4,0xf4,0xf4,0xf4,0xf4,0xf4,0xf4,0xea,0xff,0xff,0xf4,0xf4,0xf4,0xf4,0xf4,0xf4,0xff,
    0xf4,0xf4,0xf4,0xff,0xff,0xff,0xf4,0xff,0xff,0xff,0xf4,0xf4,0xff,0xff,0xf4,0xff,0xf4,0xff,0xf4,0xff,0xf4,0xf4,0xf4,0xff,
    0xf4,0xf4,0xf4,0xf4,0xff,0xf4,0xf4,0xf4,0xff,0xf4,0xff,0xff,0xf4,0xf4,0xff,0xf4,0xff,0xf4,0xea,0xf4,0xf4,0xff,0xf4,0xff,
    0xff,0xff,0xf4,0xf4,0xf4,0xf4,0xf4,0xea,0xff,0xea,0xf4,0xff,0xf4,0xf4,0xf4,0xea,0xea,0xea,0x9f,0x2a,0x00,0x00,0x00,0x00,
    0x00,0x00,0x00,0x00,0x00,0x00,0x00,0x00,0x00,0x00,0x00,0x00,0x00,0x00,0x00,0x00,0x00,0x00,0x00,0x00,0x00,0x00,0x00,0x00,
    0x00,0x00,0x00,0x00,0x00,0x00,0x00,0x00,0x00,0x00,0x00,0x2a,0xbf,0xf4,0xff,0xff,0xff,0xff,0xff,0xff,0xff,0xff,0xff,0xff,
    0xff,0xff,0xff,0xff,0xff,0xff,0xff,0xff,0xff,0xff,0xff,0xff,0xff,0xff,0xff,0xff,0xff,0xff,0xff,0xff,0xff,0xff,0xff,0xff,
    0xff,0xff,0xff,0xff,0xff,0xff,0xff,0xff,0xff,0xff,0xff,0xff,0xff,0xff,0xff,0xff,0xff,0xff,0xff,0xff,0xff,0xff,0xff,0xff,
    0xff,0xff,0xff,0xff,0xff,0xff,0xff,0xff,0xff,0xff,0xff,0xff,0xff,0xff,0xff,0xff,0xff,0xff,0xff,0xff,0xff,0xff,0xff,0xff,
    0xff,0xff,0xff,0xff,0xff,0xff,0xff,0xff,0xff,0xff,0xff,0xff,0xff,0xff,0xff,0xff,0xff,0xff,0xff,0xff,0xff,0xff,0xff,0xff,
    0xff,0xff,0xff,0xff,0xff,0xff,0xff,0xff,0xff,0xff,0xff,0xff,0xff,0xff,0xff,0xff,0xff,0xff,0xff,0xff,0xff,0xff,0xff,0xff,
    0xff,0xff,0xff,0xff,0xff,0xff,0xff,0xff,0xff,0xff,0xff,0xff,0xff,0xff,0xff,0xff,0xff,0xff,0xff,0xff,0xff,0xff,0xff,0xff,
    0xff,0xff,0xff,0xff,0xff,0xff,0xff,0xff,0xff,0xff,0xff,0xff,0xff,0xff,0xff,0xff,0xff,0xff,0xff,0xff,0xff,0xff,0xff,0xff,
    0xff,0xff,0xff,0xff,0xff,0xff,0xff,0xff,0xff,0xff,0xff,0xff,0xff,0xff,0xff,0xff,0xff,0xff,0xff,0xff,0xff,0xff,0xff,0xff,
    0xff,0xff,0xff,0xff,0xff,0xff,0xff,0xff,0xff,0xff,0xff,0xff,0xff,0xff,0xff,0xff,0xff,0xff,0xff,0xff,0xff,0xff,0xff,0xff,
    0xff,0xff,0xff,0xff,0xff,0xff,0xff,0xff,0xff,0xff,0xff,0xff,0xff,0xff,0xff,0xff,0xff,0xff,0xff,0xff,0xff,0xff,0xff,0xff,
    0xff,0xff,0xff,0xff,0xff,0xff,0xff,0xff,0xff,0xff,0xff,0xff,0xff,0xff,0xff,0xff,0xff,0xff,0xff,0xff,0xff,0xff,0xff,0xff,
    0xff,0xff,0xff,0xff,0xff,0xff,0xff,0xff,0xff,0xff,0xff,0xff,0xff,0xff,0xff,0xff,0xff,0xff,0xff,0xff,0xff,0xff,0xff,0xff,
    0xff,0xff,0xff,0xff,0xff,0xff,0xff,0xff,0xff,0xff,0xff,0xff,0xff,0xff,0xff,0xff,0xff,0xff,0xff,0xff,0xff,0xff,0xff,0xff,
    0xff,0xff,0xff,0xff,0xff,0xff,0xff,0xff,0xff,0xff,0xff,0xff,0xff,0xff,0xff,0xff,0xff,0xff,0xff,0xff,0xff,0xff,0xff,0xff,
    0xff,0xff,0xff,0xff,0xff,0xff,0xff,0xff,0xff,0xff,0xff,0xff,0xff,0xff,0xff,0xff,0xff,0xff,0xff,0xff,0xff,0xff,0xff,0xff,
    0xff,0xff,0xff,0xff,0xff,0xff,0xff,0xff,0xff,0xff,0xff,0xff,0xff,0xff,0xff,0xff,0xff,0xff,0xff,0xff,0xff,0xff,0xff,0xff,
    0xff,0xff,0xff,0xff,0xff,0xff,0xff,0xff,0xff,0xff,0xff,0xb5,0x2a,0x00,0x00,0x00,0x00,0x00,0x00,0x00,0x00,0x00,0x00,0x00,
    0x00,0x00,0x00,0x00,0x00,0x00,0x00,0x00,0x00,0x00,0x00,0x00,0x00,0x00,0x00,0x00,0x00,0x00,0x00,0x00,0x00,0x00,0x00,0x00,
    0x00,0x00,0x15,0x8a,0xf4,0xff,0xff,0xff,0xff,0xff,0xff,0xff,0xff,0xff,0xff,0xff,0xff,0xff,0xff,0xff,0xff,0xff,0xff,0xff,
    0xff,0xff,0xff,0xff,0xff,0xff,0xff,0xff,0xff,0xff,0xff,0xff,0xff,0xff,0xff,0xff,0xff,0xff,0xff,0xff,0xff,0xff,0xff,0xff,
    0xff,0xff,0xff,0xff,0xff,0xff,0xff,0xff,0xff,0xff,0xff,0xff,0xff,0xff,0xff,0xff,0xff,0xff,0xff,0xff,0xff,0xff,0xff,0xff,
    0xff,0xff,0xff,0xff,0xff,0xff,0xff,0xff,0xff,0xff,0xff,0xff,0xff,0xff,0xff,0xff,0xff,0xff,0xff,0xff,0xff,0xff,0xff,0xff,
    0xff,0xff,0xff,0xff,0xff,0xff,0xff,0xff,0xff,0xff,0xff,0xff,0xff,0xff,0xff,0xff,0xff,0xff,0xff,0xff,0xff,0xff,0xff,0xff,
    0xff,0xff,0xff,0xff,0xff,0xff,0xff,0xff,0xff,0xff,0xff,0xff,0xff,0xff,0xff,0xff,0xff,0xff,0xff,0xff,0xff,0xff,0xff,0xff,
    0xff,0xff,0xff,0xff,0xff,0xff,0xff,0xff,0xff,0xff,0xff,0xff,0xff,0xff,0xff,0xff,0xff,0xff,0xff,0xff,0xff,0xff,0xff,0xff,
    0xff,0xff,0xff,0xff,0xff,0xff,0xff,0xff,0xff,0xff,0xff,0xff,0xff,0xff,0xff,0xff,0xff,0xff,0xff,0xff,0xff,0xff,0xff,0xff,
    0xff,0xff,0xff,0xff,0xff,0xff,0xff,0xff,0xff,0xff,0xff,0xff,0xff,0xff,0xff,0xff,0xff,0xff,0xff,0xff,0xff,0xff,0xff,0xff,
    0xff,0xff,0xff,0xff,0xff,0xff,0xff,0xff,0xff,0xff,0xff,0xff,0xff,0xff,0xff,0xff,0xff,0xff,0xff,0xff,0xff,0xff,0xff,0xff,
    0xff,0xff,0xff,0xff,0xff,0xff,0xff,0xff,0xff,0xff,0xff,0xff,0xff,0xff,0xff,0xff,0xff,0xff,0xff,0xff,0xff,0xff,0xff,0xff,
    0xff,0xff,0xff,0xff,0xff,0xff,0xff,0xff,0xff,0xff,0xff,0xff,0xff,0xff,0xff,0xff,0xff,0xff,0xff,0xff,0xff,0xff,0xff,0xff,
    0xff,0xff,0xff,0xff,0xff,0xff,0xff,0xff,0xff,0xff,0xff,0xff,0xff,0xff,0xff,0xff,0xff,0xff,0xff,0xff,0xff,0xff,0xff,0xff,
    0xff,0xff,0xff,0xff,0xff,0xff,0xff,0xff,0xff,0xff,0xff,0xff,0xff,0xff,0xff,0xff,0xff,0xff,0xff,0xff,0xff,0xff,0xff,0xff,
    0xff,0xff,0xff,0xff,0xff,0xff,0xff,0xff,0xff,0xff,0xff,0xff,0xff,0xff,0xff,0xff,0xff,0xff,0xff,0xff,0xff,0xff,0xff,0xff,
    0xff,0xff,0xff,0xff,0xff,0xff,0xff,0xff,0xff,0xff,0xff,0xff,0xff,0xff,0xff,0xff,0xff,0xff,0xff,0xff,0xff,0xff,0xff,0xff,
    0xff,0xff,0xff,0xff,0xff,0xff,0xff,0xff,0xff,0xff,0xff,0xff,0xff,0xff,0xff,0xff,0xff,0xff,0xff,0xff,0xff,0xff,0xff,0xff,
    0xff,0xff,0xff,0xff,0xaa,0x15,0x00,0x00,0x00,0x00,0x00,0x00,0x00,0x00,0x00,0x00,0x00,0x00,0x00,0x00,0x00,0x00,0x00,0x00,
    0x00,0x00,0x00,0x00,0x00,0x00,0x00,0x00,0x00,0x00,0x00,0x00,0x00,0x00,0x00,0x00,0x00,0x00,0x20,0xff,0xff,0xff,0xff,0xff,
    0xff,0xff,0xff,0xff,0xff,0xff,0xff,0xff,0xff,0xff,0xff,0xff,0xff,0xff,0xff,0xff,0xff,0xff,0xff,0xff,0xff,0xff,0xff,0xff,
    0xff,0xff,0xff,0xff,0xff,0xff,0xff,0xff,0xff,0xff,0xff,0xff,0xff,0xff,0xff,0xff,0xff,0xff,0xff,0xff,0xff,0xff,0xff,0xff,
    0xff,0xff,0xff,0xff,0xff,0xff,0xff,0xff,0xff,0xff,0xff,0xff,0xff,0xff,0xff,0xff,0xff,0xff,0xff,0xff,0xff,0xff,0xff,0xff,
    0xff,0xff,0xff,0xff,0xff,0xff,0xff,0xff,0xff,0xff,0xff,0xff,0xff,0xff,0xff,0xff,0xff,0xff,0xff,0xff,0xff,0xff,0xff,0xff,
    0xff,0xff,0xff,0xff,0xff,0xff,0xff,0xff,0xff,0xff,0xff,0xff,0xff,0xff,0xff,0xff,0xff,0xff,0xff,0xff,0xff,0xff,0xff,0xff,
    0xff,0xff,0xff,0xff,0xff,0xff,0xff,0xff,0xff,0xff,0xff,0xff,0xff,0xff,0xff,0xff,0xff,0xff,0xff,0xff,0xff,0xff,0xff,0xff,
    0xff,0xff,0xff,0xff,0xff,0xff,0xff,0xff,0xff,0xff,0xff,0xff,0xff,0xff,0xff,0xff,0xff,0xff,0xff,0xff,0xff,0xff,0xff,0xff,
    0xff,0xff,0xff,0xff,0xff,0xff,0xff,0xff,0xff,0xff,0xff,0xff,0xff,0xff,0xff,0xff,0xff,0xff,0xff,0xff,0xff,0xff,0xff,0xff,
    0xff,0xff,0xff,0xff,0xff,0xff,0xff,0xff,0xff,0xff,0xff,0xff,0xff,0xff,0xff,0xff,0xff,0xff,0xff,0xff,0xff,0xff,0xff,0xff,
    0xff,0xff,0xff,0xff,0xff,0xff,0xff,0xff,0xff,0xff,0xff,0xff,0xff,0xff,0xff,0xff,0xff,0xff,0xff,0xff,0xff,0xff,0xff,0xff,
    0xff,0xff,0xff,0xff,0xff,0xff,0xff,0xff,0xff,0xff,0xff,0xff,0xff,0xff,0xff,0xff,0xff,0xff,0xff,0xff,0xff,0xff,0xff,0xff,
    0xff,0xff,0xff,0xff,0xff,0xff,0xff,0xff,0xff,0xff,0xff,0xff,0xff,0xff,0xff,0xff,0xff,0xff,0xff,0xff,0xff,0xff,0xff,0xff,
    0xff,0xff,0xff,0xff,0xff,0xff,0xff,0xff,0xff,0xff,0xff,0xff,0xff,0xff,0xff,0xff,0xff,0xff,0xff,0xff,0xff,0xff,0xff,0xff,
    0xff,0xff,0xff,0xff,0xff,0xff,0xff,0xff,0xff,0xff,0xff,0xff,0xff,0xff,0xff,0xff,0xff,0xff,0xff,0xff,0xff,0xff,0xff,0xff,
    0xff,0xff,0xff,0xff,0xff,0xff,0xff,0xff,0xff,0xff,0xff,0xff,0xff,0xff,0xff,0xff,0xff,0xff,0xff,0xff,0xff,0xff,0xff,0xff,
    0xff,0xff,0xff,0xff,0xff,0xff,0xff,0xff,0xff,0xff,0xff,0xff,0xff,0xff,0xff,0xff,0xff,0xff,0xff,0xff,0xff,0xff,0xff,0xff,
    0xff,0xff,0xff,0xff,0xff,0xff,0xff,0xff,0xff,0xff,0xff,0xff,0xff,0xff,0xff,0xff,0xff,0xff,0xff,0xff,0xdf,0x40,0x00,0x00,
    0x00,0x00,0x00,0x00,0x00,0x00,0x00,0x00,0x00,0x00,0x00,0x00,0x00,0x00,0x00,0x00,0x00,0x00,0x00,0x00,0x00,0x00,0x00,0x00,
    0x00,0x00,0x00,0x00,0x00,0x00,0x00,0x00,0x00,0x00,0x55,0xff,0xff,0xff,0xff,0xff,0xff,0xff,0xff,0xff,0xff,0xff,0xff,0xff,
    0xff,0xff,0xff,0xff,0xff,0xff,0xff,0xff,0xff,0xff,0xff,0xff,0xff,0xff,0xff,0xff,0xff,0xff,0xff,0xff,0xff,0xff,0xff,0xff,
    0xff,0xff,0xff,0xff,0xff,0xff,0xff,0xff,0xff,0xff,0xff,0xff,0xff,0xff,0xff,0xff,0xff,0xff,0xff,0xff,0xff,0xff,0xff,0xff,
    0xff,0xff,0xff,0xff,0xff,0xff,0xff,0xff,0xff,0xff,0xff,0xff,0xff,0xff,0xff,0xff,0xff,0xff,0xff,0xff,0xff,0xff,0xff,0xff,
    0xff,0xff,0xff,0xff,0xff,0xff,0xff,0xff,0xff,0xff,0xff,0xff,0xff,0xff,0xff,0xff,0xff,0xff,0xff,0xff,0xff,0xff,0xff,0xff,
    0xff,0xff,0xff,0xff,0xff,0xff,0xff,0xff,0xff,0xff,0xff,0xff,0xff,0xff,0xff,0xff,0xff,0xff,0xff,0xff,0xff,0xff,0xff,0xff,
    0xff,0xff,0xff,0xff,0xff,0xff,0xff,0xff,0xff,0xff,0xff,0xff,0xff,0xff,0xff,0xff,0xff,0xff,0xff,0xff,0xff,0xff,0xff,0xff,
    0xff,0xff,0xff,0xff,0xff,0xff,0xff,0xff,0xff,0xff,0xff,0xff,0xff,0xff,0xff,0xff,0xff,0xff,0xff,0xff,0xff,0xff,0xff,0xff,
    0xff,0xff,0xff,0xff,0xff,0xff,0xff,0xff,0xff,0xff,0xff,0xff,0xff,0xff,0xff,0xff,0xff,0xff,0xff,0xff,0xff,0xff,0xff,0xff,
    0xff,0xff,0xff,0xff,0xff,0xff,0xff,0xff,0xff,0xff,0xff,0xff,0xff,0xff,0xff,0xff,0xff,0xff,0xff,0xff,0xff,0xff,0xff,0xff,
    0xff,0xff,0xff,0xff,0xff,0xff,0xff,0xff,0xff,0xff,0xff,0xff,0xff,0xff,0xff,0xff,0xff,0xff,0xff,0xff,0xff,0xff,0xff,0xff,
    0xff,0xff,0xff,0xff,0xff,0xff,0xff,0xff,0xff,0xff,0xff,0xff,0xff,0xff,0xff,0xff,0xff,0xff,0xff,0xff,0xff,0xff,0xff,0xff,
    0xff,0xff,0xff,0xff,0xff,0xff,0xff,0xff,0xff,0xff,0xff,0xff,0xff,0xff,0xff,0xff,0xff,0xff,0xff,0xff,0xff,0xff,0xff,0xff,
    0xff,0xff,0xff,0xff,0xff,0xff,0xff,0xff,0xff,0xff,0xff,0xff,0xff,0xff,0xff,0xff,0xff,0xff,0xff,0xff,0xff,0xff,0xff,0xff,
    0xff,0xff,0xff,0xff,0xff,0xff,0xff,0xff,0xff,0xff,0xff,0xff,0xff,0xff,0xff,0xff,0xff,0xff,0xff,0xff,0xff,0xff,0xff,0xff,
    0xff,0xff,0xff,0xff,0xff,0xff,0xff,0xff,0xff,0xff,0xff,0xff,0xff,0xff,0xff,0xff,0xff,0xff,0xff,0xff,0xff,0xff,0xff,0xff,
    0xff,0xff,0xff,0xff,0xff,0xff,0xff,0xff,0xff,0xff,0xff,0xff,0xff,0xff,0xff,0xff,0xff,0xff,0xff,0xff,0xff,0xff,0xff,0xff,
    0xff,0xff,0xff,0xff,0xff,0xff,0xff,0xff,0xff,0xff,0xff,0xff,0xff,0x4a,0x00,0x00,0x00,0x00,0x00,0x00,0x00,0x00,0x00,0x00,
    0x00,0x00,0x00,0x00,0x00,0x00,0x00,0x00,0x00,0x00,0x00,0x00,0x00,0x00,0x00,0x00,0x00,0x00,0x00,0x00,0x00,0x00,0x00,0x00,
    0x00,0x00,0x60,0xff,0xff,0xff,0xff,0xff,0xff,0xff,0xff,0xff,0xff,0xff,0xff,0xff,0xff,0xff,0xff,0xff,0xff,0xff,0xff,0xff,
    0xff,0xff,0xff,0xff,0xff,0xff,0xff,0xff,0xff,0xff,0xff,0xff,0xff,0xff,0xff,0xff,0xff,0xff,0xff,0xff,0xff,0xff,0xff,0xff,
    0xff,0xff,0xff,0xff,0xff,0xff,0xff,0xff,0xff,0xff,0xff,0xff,0xff,0xff,0xff,0xff,0xff,0xff,0xff,0xff,0xff,0xff,0xff,0xff,
    0xff,0xff,0xff,0xff,0xff,0xff,0xff,0xff,0xff,0xff,0xff,0xff,0xff,0xff,0xff,0xff,0xff,0xff,0xff,0xff,0xff,0xff,0xff,0xff,
    0xff,0xff,0xff,0xff,0xff,0xff,0xff,0xff,0xff,0xff,0xff,0xff,0xff,0xff,0xff,0xff,0xff,0xff,0xff,0xff,0xff,0xff,0xff,0xff,
    0xff,0xff,0xff,0xff,0xff,0xff,0xff,0xff,0xff,0xff,0xff,0xff,0xff,0xff,0xff,0xff,0xff,0xff,0xff,0xff,0xff,0xff,0xff,0xff,
    0xff,0xff,0xff,0xff,0xff,0xff,0xff,0xff,0xff,0xff,0xff,0xff,0xff,0xff,0xff,0xff,0xff,0xff,0xff,0xff,0xff,0xff,0xff,0xff,
    0xff,0xff,0xff,0xff,0xff,0xff,0xff,0xff,0xff,0xff,0xff,0xff,0xff,0xff,0xff,0xff,0xff,0xff,0xff,0xff,0xff,0xff,0xff,0xff,
    0xff,0xff,0xff,0xff,0xff,0xff,0xff,0xff,0xff,0xff,0xff,0xff,0xff,0xff,0xff,0xff,0xff,0xff,0xff,0xff,0xff,0xff,0xff,0xff,
    0xff,0xff,0xff,0xff,0xff,0xff,0xff,0xff,0xff,0xff,0xff,0xff,0xff,0xff,0xff,0xff,0xff,0xff,0xff,0xff,0xff,0xff,0xff,0xff,
    0xff,0xff,0xff,0xff,0xff,0xff,0xff,0xff,0xff,0xff,0xff,0xff,0xff,0xff,0xff,0xff,0xff,0xff,0xff,0xff,0xff,0xff,0xff,0xff,
    0xff,0xff,0xff,0xff,0xff,0xff,0xff,0xff,0xff,0xff,0xff,0xff,0xff,0xff,0xff,0xff,0xff,0xff,0xff,0xff,0xff,0xff,0xff,0xff,
    0xff,0xff,0xff,0xff,0xff,0xff,0xff,0xff,0xff,0xff,0xff,0xff,0xff,0xff,0xff,0xff,0xff,0xff,0xff,0xff,0xff,0xff,0xff,0xff,
    0xff,0xff,0xff,0xff,0xff,0xff,0xff,0xff,0xff,0xff,0xff,0xff,0xff,0xff,0xff,0xff,0xff,0xff,0xff,0xff,0xff,0xff,0xff,0xff,
    0xff,0xff,0xff,0xff,0xff,0xff,0xff,0xff,0xff,0xff,0xff,0xff,0xff,0xff,0xff,0xff,0xff,0xff,0xff,0xff,0xff,0xff,0xff,0xff,
    0xff,0xff,0xff,0xff,0xff,0xff,0xff,0xff,0xff,0xff,0xff,0xff,0xff,0xff,0xff,0xff,0xff,0xff,0xff,0xff,0xff,0xff,0xff,0xff,
    0xff,0xff,0xff,0xff,0xff,0xff,0xff,0xff,0xff,0xff,0xff,0xff,0xff,0xff,0xff,0xff,0xff,0xff,0xff,0xff,0xff,0xff,0xff,0xff,
    0xff,0xff,0xff,0xff,0xff,0x4a,0x00,0x00,0x00,0x00,0x00,0x00,0x00,0x00,0x00,0x00,0x00,0x00,0x00,0x00,0x00,0x00,0x00,0x00,
    0x00,0x00,0x00,0x00,0x00,0x00,0x00,0x00,0x00,0x00,0x00,0x00,0x00,0x00,0x00,0x00,0x00,0x00,0x4a,0xf4,0xff,0xff,0xff,0xff,
    0xff,0xff,0xff,0xff,0xff,0xff,0xff,0xff,0xff,0xff,0xff,0xff,0xff,0xff,0xff,0xff,0xff,0xff,0xff,0xff,0xff,0xff,0xff,0xff,
    0xff,0xff,0xff,0xff,0xff,0xff,0xff,0xff,0xff,0xff,0xff,0xff,0xff,0xff,0xff,0xff,0xff,0xff,0xff,0xff,0xff,0xff,0xff,0xff,
    0xff,0xff,0xff,0xff,0xff,0xff,0xff,0xff,0xff,0xff,0xff,0xff,0xff,0xff,0xff,0xff,0xff,0xff,0xff,0xff,0xff,0xff,0xff,0xff,
    0xff,0xff,0xff,0xff,0xff,0xff,0xff,0xff,0xff,0xff,0xff,0xff,0xff,0xff,0xff,0xff,0xff,0xff,0xff,0xff,0xff,0xff,0xff,0xff,
    0xff,0xff,0xff,0xff,0xff,0xff,0xff,0xff,0xff,0xff,0xff,0xff,0xff,0xff,0xff,0xff,0xff,0xff,0xff,0xff,0xff,0xff,0xff,0xff,
    0xff,0xff,0xff,0xff,0xff,0xff,0xff,0xff,0xff,0xff,0xff,0xff,0xff,0xff,0xff,0xff,0xff,0xff,0xff,0xff,0xff,0xff,0xff,0xff,
    0xff,0xff,0xff,0xff,0xff,0xff,0xff,0xff,0xff,0xff,0xff,0xff,0xff,0xff,0xff,0xff,0xff,0xff,0xff,0xff,0xff,0xff,0xff,0xff,
    0xff,0xff,0xff,0xff,0xff,0xff,0xff,0xff,0xff,0xff,0xff,0xff,0xff,0xff,0xff,0xff,0xff,0xff,0xff,0xff,0xff,0xff,0xff,0xff,
    0xff,0xff,0xff,0xff,0xff,0xff,0xff,0xff,0xff,0xff,0xff,0xff,0xff,0xff,0xff,0xff,0xff,0xff,0xff,0xff,0xff,0xff,0xff,0xff,
    0xff,0xff,0xff,0xff,0xff,0xff,0xff,0xff,0xff,0xff,0xff,0xff,0xff,0xff,0xff,0xff,0xff,0xff,0xff,0xff,0xff,0xff,0xff,0xff,
    0xff,0xff,0xff,0xff,0xff,0xff,0xff,0xff,0xff,0xff,0xff,0xff,0xff,0xff,0xff,0xff,0xff,0xff,0xff,0xff,0xff,0xff,0xff,0xff,
    0xff,0xff,0xff,0xff,0xff,0xff,0xff,0xff,0xff,0xff,0xff,0xff,0xff,0xff,0xff,0xff,0xff,0xff,0xff,0xff,0xff,0xff,0xff,0xff,
    0xff,0xff,0xff,0xff,0xff,0xff,0xff,0xff,0xff,0xff,0xff,0xff,0xff,0xff,0xff,0xff,0xff,0xff,0xff,0xff,0xff,0xff,0xff,0xff,
    0xff,0xff,0xff,0xff,0xff,0xff,0xff,0xff,0xff,0xff,0xff,0xff,0xff,0xff,0xff,0xff,0xff,0xff,0xff,0xff,0xff,0xff,0xff,0xff,
    0xff,0xff,0xff,0xff,0xff,0xff,0xff,0xff,0xff,0xff,0xff,0xff,0xff,0xff,0xff,0xff,0xff,0xff,0xff,0xff,0xff,0xff,0xff,0xff,
    0xff,0xff,0xff,0xff,0xff,0xff,0xff,0xff,0xff,0xff,0xff,0xff,0xff,0xff,0xff,0xff,0xff,0xff,0xff,0xff,0xff,0xff,0xff,0xff,
    0xff,0xff,0xff,0xff,0xff,0xff,0xff,0xff,0xff,0xff,0xff,0xff,0xff,0xff,0xff,0xff,0xff,0xff,0xff,0xff,0xff,0x60,0x00,0x00,
    0x00,0x00,0x00,0x00,0x00,0x00,0x00,0x00,0x00,0x00,0x00,0x00,0x00,0x00,0x00,0x00,0x00,0x00,0x00,0x00,0x00,0x00,0x00,0x00,
    0x00,0x00,0x00,0x00,0x00,0x00,0x00,0x00,0x00,0x00,0x55,0xf4,0xff,0xff,0xff,0xff,0xff,0xff,0xff,0xff,0xff,0xff,0xff,0xff,
    0xff,0xff,0xff,0xff,0xff,0xff,0xff,0xff,0xff,0xff,0xff,0xff,0xff,0xff,0xff,0xff,0xff,0xff,0xff,0xff,0xff,0xff,0xff,0xff,
    0xff,0xff,0xff,0xff,0xff,0xff,0xff,0xff,0xff,0xff,0xff,0xff,0xff,0xff,0xff,0xff,0xff,0xff,0xff,0xff,0xff,0xff,0xff,0xff,
    0xff,0xff,0xff,0xff,0xff,0xff,0xff,0xff,0xff,0xff,0xff,0xff,0xff,0xff,0xff,0xff,0xff,0xff,0xff,0xff,0xff,0xff,0xff,0xff,
    0xff,0xff,0xff,0xff,0xff,0xff,0xff,0xff,0xff,0xff,0xff,0xff,0xff,0xff,0xff,0xff,0xff,0xff,0xff,0xff,0xff,0xff,0xff,0xff,
    0xff,0xff,0xff,0xff,0xff,0xff,0xff,0xff,0xff,0xff,0xff,0xff,0xff,0xff,0xff,0xff,0xff,0xff,0xff,0xff,0xff,0xff,0xff,0xff,
    0xff,0xff,0xff,0xff,0xff,0xff,0xff,0xff,0xff,0xff,0xff,0xff,0xff,0xff,0xff,0xff,0xff,0xff,0xff,0xff,0xff,0xff,0xff,0xff,
    0xff,0xff,0xff,0xff,0xff,0xff,0xff,0xff,0xff,0xff,0xff,0xff,0xff,0xff,0xff,0xff,0xff,0xff,0xff,0xff,0xff,0xff,0xff,0xff,
    0xff,0xff,0xff,0xff,0xff,0xff,0xff,0xff,0xff,0xff,0xff,0xff,0xff,0xff,0xff,0xff,0xff,0xff,0xff,0xff,0xff,0xff,0xff,0xff,
    0xff,0xff,0xff,0xff,0xff,0xff,0xff,0xff,0xff,0xff,0xff,0xff,0xff,0xff,0xff,0xff,0xff,0xff,0xff,0xff,0xff,0xff,0xff,0xff,
    0xff,0xff,0xff,0xff,0xff,0xff,0xff,0xff,0xff,0xff,0xff,0xff,0xff,0xff,0xff,0xff,0xff,0xff,0xff,0xff,0xff,0xff,0xff,0xff,
    0xff,0xff,0xff,0xff,0xff,0xff,0xff,0xff,0xff,0xff,0xff,0xff,0xff,0xff,0xff,0xff,0xff,0xff,0xff,0xff,0xff,0xff,0xff,0xff,
    0xff,0xff,0xff,0xff,0xff,0xff,0xff,0xff,0xff,0xff,0xff,0xff,0xff,0xff,0xff,0xff,0xff,0xff,0xff,0xff,0xff,0xff,0xff,0xff,
    0xff,0xff,0xff,0xff,0xff,0xff,0xff,0xff,0xff,0xff,0xff,0xff,0xff,0xff,0xff,0xff,0xff,0xff,0xff,0xff,0xff,0xff,0xff,0xff,
    0xff,0xff,0xff,0xff,0xff,0xff,0xff,0xff,0xff,0xff,0xff,0xff,0xff,0xff,0xff,0xff,0xff,0xff,0xff,0xff,0xff,0xff,0xff,0xff,
    0xff,0xff,0xff,0xff,0xff,0xff,0xff,0xff,0xff,0xff,0xff,0xff,0xff,0xff,0xff,0xff,0xff,0xff,0xff,0xff,0xff,0xff,0xff,0xff,
    0xff,0xff,0xff,0xff,0xff,0xff,0xff,0xff,0xff,0xff,0xff,0xff,0xff,0xff,0xff,0xff,0xff,0xff,0xff,0xff,0xff,0xff,0xff,0xff,
    0xff,0xff,0xff,0xff,0xff,0xff,0xff,0xff,0xff,0xff,0xff,0xff,0xf4,0x4a,0x00,0x00,0x00,0x00,0x00,0x00,0x00,0x00,0x00,0x00,
    0x00,0x00,0x00,0x00,0x00,0x00,0x00,0x00,0x00,0x00,0x00,0x00,0x00,0x00,0x00,0x00,0x00,0x00,0x00,0x00,0x00,0x00,0x00,0x00,
    0x00,0x00,0x55,0xff,0xff,0xff,0xff,0xff,0xff,0xff,0xff,0xff,0xff,0xff,0xff,0xff,0xff,0xff,0xff,0xff,0xff,0xff,0xff,0xff,
    0xff,0xff,0xff,0xff,0xff,0xff,0xff,0xff,0xff,0xff,0xff,0xff,0xff,0xff,0xff,0xff,0xff,0xff,0xff,0xff,0xff,0xff,0xff,0xff,
    0xff,0xff,0xff,0xff,0xff,0xff,0xff,0xff,0xff,0xff,0xff,0xff,0xff,0xff,0xff,0xff,0xff,0xff,0xff,0xff,0xff,0xff,0xff,0xff,
    0xff,0xff,0xff,0xff,0xff,0xff,0xff,0xff,0xff,0xff,0xff,0xff,0xff,0xff,0xff,0xff,0xff,0xff,0xff,0xff,0xff,0xff,0xff,0xff,
    0xff,0xff,0xff,0xff,0xff,0xff,0xff,0xff,0xff,0xff,0xff,0xff,0xff,0xff,0xff,0xff,0xff,0xff,0xff,0xff,0xff,0xff,0xff,0xff,
    0xff,0xff,0xff,0xff,0xff,0xff,0xff,0xff,0xff,0xff,0xff,0xff,0xff,0xff,0xff,0xff,0xff,0xff,0xff,0xff,0xff,0xff,0xff,0xff,
    0xff,0xff,0xff,0xff,0xff,0xff,0xff,0xff,0xff,0xff,0xff,0xff,0xff,0xff,0xff,0xff,0xff,0xff,0xff,0xff,0xff,0xff,0xff,0xff,
    0xff,0xff,0xff,0xff,0xff,0xff,0xff,0xff,0xff,0xff,0xff,0xff,0xff,0xff,0xff,0xff,0xff,0xff,0xff,0xff,0xff,0xff,0xff,0xff,
    0xff,0xff,0xff,0xff,0xff,0xff,0xff,0xff,0xff,0xff,0xff,0xff,0xff,0xff,0xff,0xff,0xff,0xff,0xff,0xff,0xff,0xff,0xff,0xff,
    0xff,0xff,0xff,0xff,0xff,0xff,0xff,0xff,0xff,0xff,0xff,0xff,0xff,0xff,0xff,0xff,0xff,0xff,0xff,0xff,0xff,0xff,0xff,0xff,
    0xff,0xff,0xff,0xff,0xff,0xff,0xff,0xff,0xff,0xff,0xff,0xff,0xff,0xff,0xff,0xff,0xff,0xff,0xff,0xff,0xff,0xff,0xff,0xff,
    0xff,0xff,0xff,0xff,0xff,0xff,0xff,0xff,0xff,0xff,0xff,0xff,0xff,0xff,0xff,0xff,0xff,0xff,0xff,0xff,0xff,0xff,0xff,0xff,
    0xff,0xff,0xff,0xff,0xff,0xff,0xff,0xff,0xff,0xff,0xff,0xff,0xff,0xff,0xff,0xff,0xff,0xff,0xff,0xff,0xff,0xff,0xff,0xff,
    0xff,0xff,0xff,0xff,0xff,0xff,0xff,0xff,0xff,0xff,0xff,0xff,0xff,0xff,0xff,0xff,0xff,0xff,0xff,0xff,0xff,0xff,0xff,0xff,
    0xff,0xff,0xff,0xff,0xff,0xff,0xff,0xff,0xff,0xff,0xff,0xff,0xff,0xff,0xff,0xff,0xff,0xff,0xff,0xff,0xff,0xff,0xff,0xff,
    0xff,0xff,0xff,0xff,0xff,0xff,0xff,0xff,0xff,0xff,0xff,0xff,0xff,0xff,0xff,0xff,0xff,0xff,0xff,0xff,0xff,0xff,0xff,0xff,
    0xff,0xff,0xff,0xff,0xff,0xff,0xff,0xff,0xff,0xff,0xff,0xff,0xff,0xff,0xff,0xff,0xff,0xff,0xff,0xff,0xff,0xff,0xff,0xff,
    0xff,0xff,0xff,0xff,0xf4,0x55,0x00,0x00,0x00,0x00,0x00,0x00,0x00,0x00,0x00,0x00,0x00,0x00,0x00,0x00,0x00,0x00,0x00,0x00,
    0x00,0x00,0x00,0x00,0x00,0x00,0x00,0x00,0x00,0x00,0x00,0x00,0x00,0x00,0x00,0x00,0x00,0x00,0x55,0xf4,0xff,0xff,0xff,0xff,
    0xff,0xff,0xff,0xff,0xff,0xff,0xff,0xff,0xff,0xff,0xff,0xff,0xff,0xff,0xff,0xff,0xff,0xff,0xff,0xff,0xff,0xff,0xff,0xff,
    0xff,0xff,0xff,0xff,0xff,0xff,0xff,0xff,0xff,0xff,0xff,0xff,0xff,0xff,0xff,0xff,0xff,0xff,0xff,0xff,0xff,0xff,0xff,0xff,
    0xff,0xff,0xff,0xff,0xff,0xff,0xff,0xff,0xff,0xff,0xff,0xff,0xff,0xff,0xff,0xff,0xff,0xff,0xff,0xff,0xff,0xff,0xff,0xff,
    0xff,0xff,0xff,0xff,0xff,0xff,0xff,0xff,0xff,0xff,0xff,0xff,0xff,0xff,0xff,0xff,0xff,0xff,0xff,0xff,0xff,0xff,0xff,0xff,
    0xff,0xff,0xff,0xff,0xff,0xff,0xff,0xff,0xff,0xff,0xff,0xff,0xff,0xff,0xff,0xff,0xff,0xff,0xff,0xff,0xff,0xff,0xff,0xff,
    0xff,0xff,0xff,0xff,0xff,0xff,0xff,0xff,0xff,0xff,0xff,0xff,0xff,0xff,0xff,0xff,0xff,0xff,0xff,0xff,0xff,0xff,0xff,0xff,
    0xff,0xff,0xff,0xff,0xff,0xff,0xff,0xff,0xff,0xff,0xff,0xff,0xff,0xff,0xff,0xff,0xff,0xff,0xff,0xff,0xff,0xff,0xff,0xff,
    0xff,0xff,0xff,0xff,0xff,0xff,0xff,0xff,0xff,0xff,0xff,0xff,0xff,0xff,0xff,0xff,0xff,0xff,0xff,0xff,0xff,0xff,0xff,0xff,
    0xff,0xff,0xff,0xff,0xff,0xff,0xff,0xff,0xff,0xff,0xff,0xff,0xff,0xff,0xff,0xff,0xff,0xff,0xff,0xff,0xff,0xff,0xff,0xff,
    0xff,0xff,0xff,0xff,0xff,0xff,0xff,0xff,0xff,0xff,0xff,0xff,0xff,0xff,0xff,0xff,0xff,0xff,0xff,0xff,0xff,0xff,0xff,0xff,
    0xff,0xff,0xff,0xff,0xff,0xff,0xff,0xff,0xff,0xff,0xff,0xff,0xff,0xff,0xff,0xff,0xff,0xff,0xff,0xff,0xff,0xff,0xff,0xff,
    0xff,0xff,0xff,0xff,0xff,0xff,0xff,0xff,0xff,0xff,0xff,0xff,0xff,0xff,0xff,0xff,0xff,0xff,0xff,0xff,0xff,0xff,0xff,0xff,
    0xff,0xff,0xff,0xff,0xff,0xff,0xff,0xff,0xff,0xff,0xff,0xff,0xff,0xff,0xff,0xff,0xff,0xff,0xff,0xff,0xff,0xff,0xff,0xff,
    0xff,0xff,0xff,0xff,0xff,0xff,0xff,0xff,0xff,0xff,0xff,0xff,0xff,0xff,0xff,0xff,0xff,0xff,0xff,0xff,0xff,0xff,0xff,0xff,
    0xff,0xff,0xff,0xff,0xff,0xff,0xff,0xff,0xff,0xff,0xff,0xff,0xff,0xff,0xff,0xff,0xff,0xff,0xff,0xff,0xff,0xff,0xff,0xff,
    0xff,0xff,0xff,0xff,0xff,0xff,0xff,0xff,0xff,0xff,0xff,0xff,0xff,0xff,0xff,0xff,0xff,0xff,0xff,0xff,0xff,0xff,0xff,0xff,
    0xff,0xff,0xff,0xff,0xff,0xff,0xff,0xff,0xff,0xff,0xff,0xff,0xff,0xff,0xff,0xff,0xff,0xff,0xff,0xff,0xf4,0x60,0x00,0x00,
    0x00,0x00,0x00,0x00,0x00,0x00,0x00,0x00,0x00,0x00,0x00,0x00,0x00,0x00,0x00,0x00,0x00,0x00,0x00,0x00,0x00,0x00,0x00,0x00,
    0x00,0x00,0x00,0x00,0x00,0x00,0x00,0x00,0x00,0x00,0x55,0xff,0xff,0xff,0xff,0xff,0xff,0xff,0xff,0xff,0xff,0xff,0xff,0xff,
    0xff,0xff,0xff,0xff,0xff,0xff,0xff,0xff,0xff,0xff,0xff,0xff,0xff,0xff,0xff,0xff,0xff,0xff,0xff,0xff,0xff,0xff,0xff,0xff,
    0xff,0xff,0xff,0xff,0xff,0xff,0xff,0xff,0xff,0xff,0xff,0xff,0xff,0xff,0xff,0xff,0xff,0xff,0xff,0xff,0xff,0xff,0xff,0xff,
    0xff,0xff,0xff,0xff,0xff,0xff,0xff,0xff,0xff,0xff,0xff,0xff,0xff,0xff,0xff,0xff,0xff,0xff,0xff,0xff,0xff,0xff,0xff,0xff,
    0xff,0xff,0xff,0xff,0xff,0xff,0xff,0xff,0xff,0xff,0xff,0xff,0xff,0xff,0xff,0xff,0xff,0xff,0xff,0xff,0xff,0xff,0xff,0xff,
    0xff,0xff,0xff,0xff,0xff,0xff,0xff,0xff,0xff,0xff,0xff,0xff,0xff,0xff,0xff,0xff,0xff,0xff,0xff,0xff,0xff,0xff,0xff,0xff,
    0xff,0xff,0xff,0xff,0xff,0xff,0xff,0xff,0xff,0xff,0xff,0xff,0xff,0xff,0xff,0xff,0xff,0xff,0xff,0xff,0xff,0xff,0xff,0xff,
    0xff,0xff,0xff,0xff,0xff,0xff,0xff,0xff,0xff,0xff,0xff,0xff,0xff,0xff,0xff,0xff,0xff,0xff,0xff,0xff,0xff,0xff,0xff,0xff,
    0xff,0xff,0xff,0xff,0xff,0xff,0xff,0xff,0xff,0xff,0xff,0xff,0xff,0xff,0xff,0xff,0xff,0xff,0xff,0xff,0xff,0xff,0xff,0xff,
    0xff,0xff,0xff,0xff,0xff,0xff,0xff,0xff,0xff,0xff,0xff,0xff,0xff,0xff,0xff,0xff,0xff,0xff,0xff,0xff,0xff,0xff,0xff,0xff,
    0xff,0xff,0xff,0xff,0xff,0xff,0xff,0xff,0xff,0xff,0xff,0xff,0xff,0xff,0xff,0xff,0xff,0xff,0xff,0xff,0xff,0xff,0xff,0xff,
    0xff,0xff,0xff,0xff,0xff,0xff,0xff,0xff,0xff,0xff,0xff,0xff,0xff,0xff,0xff,0xff,0xff,0xff,0xff,0xff,0xff,0xff,0xff,0xff,
    0xff,0xff,0xff,0xff,0xff,0xff,0xff,0xff,0xff,0xff,0xff,0xff,0xff,0xff,0xff,0xff,0xff,0xff,0xff,0xff,0xff,0xff,0xff,0xff,
    0xff,0xff,0xff,0xff,0xff,0xff,0xff,0xff,0xff,0xff,0xff,0xff,0xff,0xff,0xff,0xff,0xff,0xff,0xff,0xff,0xff,0xff,0xff,0xff,
    0xff,0xff,0xff,0xff,0xff,0xff,0xff,0xff,0xff,0xff,0xff,0xff,0xff,0xff,0xff,0xff,0xff,0xff,0xff,0xff,0xff,0xff,0xff,0xff,
    0xff,0xff,0xff,0xff,0xff,0xff,0xff,0xff,0xff,0xff,0xff,0xff,0xff,0xff,0xff,0xff,0xff,0xff,0xff,0xff,0xff,0xff,0xff,0xff,
    0xff,0xff,0xff,0xff,0xff,0xff,0xff,0xff,0xff,0xff,0xff,0xff,0xff,0xff,0xff,0xff,0xff,0xff,0xff,0xff,0xff,0xff,0xff,0xff,
    0xff,0xff,0xff,0xff,0xff,0xff,0xff,0xff,0xff,0xff,0xff,0xff,0xf4,0x40,0x00,0x00,0x00,0x00,0x00,0x00,0x00,0x00,0x00,0x00,
    0x00,0x00,0x00,0x00,0x00,0x00,0x00,0x00,0x00,0x00,0x00,0x00,0x00,0x00,0x00,0x00,0x00,0x00,0x00,0x00,0x00,0x00,0x00,0x00,
    0x00,0x00,0x55,0xea,0xff,0xff,0xff,0xff,0xff,0xff,0xff,0xff,0xff,0xff,0xff,0xff,0xff,0xff,0xff,0xff,0xff,0xff,0xff,0xff,
    0xff,0xff,0xff,0xff,0xff,0xff,0xff,0xff,0xff,0xff,0xff,0xff,0xff,0xff,0xff,0xff,0xff,0xff,0xff,0xff,0xff,0xff,0xff,0xff,
    0xff,0xff,0xff,0xff,0xff,0xff,0xff,0xff,0xff,0xff,0xff,0xff,0xff,0xff,0xff,0xff,0xff,0xff,0xff,0xff,0xff,0xff,0xff,0xff,
    0xff,0xff,0xff,0xff,0xff,0xff,0xff,0xff,0xff,0xff,0xff,0xff,0xff,0xff,0xff,0xff,0xff,0xff,0xff,0xff,0xff,0xff,0xff,0xff,
    0xff,0xff,0xff,0xff,0xff,0xff,0xff,0xff,0xff,0xff,0xff,0xff,0xff,0xff,0xff,0xff,0xff,0xff,0xff,0xff,0xff,0xff,0xff,0xff,
    0xff,0xff,0xff,0xff,0xff,0xff,0xff,0xff,0xff,0xff,0xff,0xff,0xff,0xff,0xff,0xff,0xff,0xff,0xff,0xff,0xff,0xff,0xff,0xff,
    0xff,0xff,0xff,0xff,0xff,0xff,0xff,0xff,0xff,0xff,0xff,0xff,0xff,0xff,0xff,0xff,0xff,0xff,0xff,0xff,0xff,0xff,0xff,0xff,
    0xff,0xff,0xff,0xff,0xff,0xff,0xff,0xff,0xff,0xff,0xff,0xff,0xff,0xff,0xff,0xff,0xff,0xff,0xff,0xff,0xff,0xff,0xff,0xff,
    0xff,0xff,0xff,0xff,0xff,0xff,0xff,0xff,0xff,0xff,0xff,0xff,0xff,0xff,0xff,0xff,0xff,0xff,0xff,0xff,0xff,0xff,0xff,0xff,
    0xff,0xff,0xff,0xff,0xff,0xff,0xff,0xff,0xff,0xff,0xff,0xff,0xff,0xff,0xff,0xff,0xff,0xff,0xff,0xff,0xff,0xff,0xff,0xff,
    0xff,0xff,0xff,0xff,0xff,0xff,0xff,0xff,0xff,0xff,0xff,0xff,0xff,0xff,0xff,0xff,0xff,0xff,0xff,0xff,0xff,0xff,0xff,0xff,
    0xff,0xff,0xff,0xff,0xff,0xff,0xff,0xff,0xff,0xff,0xff,0xff,0xff,0xff,0xff,0xff,0xff,0xff,0xff,0xff,0xff,0xff,0xff,0xff,
    0xff,0xff,0xff,0xff,0xff,0xff,0xff,0xff,0xff,0xff,0xff,0xff,0xff,0xff,0xff,0xff,0xff,0xff,0xff,0xff,0xff,0xff,0xff,0xff,
    0xff,0xff,0xff,0xff,0xff,0xff,0xff,0xff,0xff,0xff,0xff,0xff,0xff,0xff,0xff,0xff,0xff,0xff,0xff,0xff,0xff,0xff,0xff,0xff,
    0xff,0xff,0xff,0xff,0xff,0xff,0xff,0xff,0xff,0xff,0xff,0xff,0xff,0xff,0xff,0xff,0xff,0xff,0xff,0xff,0xff,0xff,0xff,0xff,
    0xff,0xff,0xff,0xff,0xff,0xff,0xff,0xff,0xff,0xff,0xff,0xff,0xff,0xff,0xff,0xff,0xff,0xff,0xff,0xff,0xff,0xff,0xff,0xff,
    0xff,0xff,0xff,0xff,0xff,0xff,0xff,0xff,0xff,0xff,0xff,0xff,0xff,0xff,0xff,0xff,0xff,0xff,0xff,0xff,0xff,0xff,0xff,0xff,
    0xff,0xff,0xff,0xff,0xff,0x55,0x00,0x00,0x00,0x00,0x00,0x00,0x00,0x00,0x00,0x00,0x00,0x00,0x00,0x00,0x00,0x00,0x00,0x00,
    0x00,0x00,0x00,0x00,0x00,0x00,0x00,0x00,0x00,0x00,0x00,0x00,0x00,0x00,0x00,0x00,0x00,0x00,0x4a,0xff,0xff,0xff,0xff,0xff,
    0xff,0xff,0xff,0xff,0xff,0xff,0xff,0xff,0xff,0xff,0xff,0xff,0xff,0xff,0xff,0xff,0xff,0xff,0xff,0xff,0xff,0xff,0xff,0xff,
    0xff,0xff,0xff,0xff,0xff,0xff,0xff,0xff,0xff,0xff,0xff,0xff,0xff,0xff,0xff,0xff,0xff,0xff,0xff,0xff,0xff,0xff,0xff,0xff,
    0xff,0xff,0xff,0xff,0xff,0xff,0xff,0xff,0xff,0xff,0xff,0xff,0xff,0xff,0xff,0xff,0xff,0xff,0xff,0xff,0xff,0xff,0xff,0xff,
    0xff,0xff,0xff,0xff,0xff,0xff,0xff,0xff,0xff,0xff,0xff,0xff,0xff,0xff,0xff,0xff,0xff,0xff,0xff,0xff,0xff,0xff,0xff,0xff,
    0xff,0xff,0xff,0xff,0xff,0xff,0xff,0xff,0xff,0xff,0xff,0xff,0xff,0xff,0xff,0xff,0xff,0xff,0xff,0xff,0xff,0xff,0xff,0xff,
    0xff,0xff,0xff,0xff,0xff,0xff,0xff,0xff,0xff,0xff,0xff,0xff,0xff,0xff,0xff,0xff,0xff,0xff,0xff,0xff,0xff,0xff,0xff,0xff,
    0xff,0xff,0xff,0xff,0xff,0xff,0xff,0xff,0xff,0xff,0xff,0xff,0xff,0xff,0xff,0xff,0xff,0xff,0xff,0xff,0xff,0xff,0xff,0xff,
    0xff,0xff,0xff,0xff,0xff,0xff,0xff,0xff,0xff,0xff,0xff,0xff,0xff,0xff,0xff,0xff,0xff,0xff,0xff,0xff,0xff,0xff,0xff,0xff,
    0xff,0xff,0xff,0xff,0xff,0xff,0xff,0xff,0xff,0xff,0xff,0xff,0xff,0xff,0xff,0xff,0xff,0xff,0xff,0xff,0xff,0xff,0xff,0xff,
    0xff,0xff,0xff,0xff,0xff,0xff,0xff,0xff,0xff,0xff,0xff,0xff,0xff,0xff,0xff,0xff,0xff,0xff,0xff,0xff,0xff,0xff,0xff,0xff,
    0xff,0xff,0xff,0xff,0xff,0xff,0xff,0xff,0xff,0xff,0xff,0xff,0xff,0xff,0xff,0xff,0xff,0xff,0xff,0xff,0xff,0xff,0xff,0xff,
    0xff,0xff,0xff,0xff,0xff,0xff,0xff,0xff,0xff,0xff,0xff,0xff,0xff,0xff,0xff,0xff,0xff,0xff,0xff,0xff,0xff,0xff,0xff,0xff,
    0xff,0xff,0xff,0xff,0xff,0xff,0xff,0xff,0xff,0xff,0xff,0xff,0xff,0xff,0xff,0xff,0xff,0xff,0xff,0xff,0xff,0xff,0xff,0xff,
    0xff,0xff,0xff,0xff,0xff,0xff,0xff,0xff,0xff,0xff,0xff,0xff,0xff,0xff,0xff,0xff,0xff,0xff,0xff,0xff,0xff,0xff,0xff,0xff,
    0xff,0xff,0xff,0xff,0xff,0xff,0xff,0xff,0xff,0xff,0xff,0xff,0xff,0xff,0xff,0xff,0xff,0xff,0xff,0xff,0xff,0xff,0xff,0xff,
    0xff,0xff,0xff,0xff,0xff,0xff,0xff,0xff,0xff,0xff,0xff,0xff,0xff,0xff,0xff,0xff,0xff,0xff,0xff,0xff,0xff,0xff,0xff,0xff,
    0xff,0xff,0xff,0xff,0xff,0xff,0xff,0xff,0xff,0xff,0xff,0xff,0xff,0xff,0xff,0xff,0xff,0xff,0xff,0xff,0xf4,0x55,0x00,0x00,
    0x00,0x00,0x00,0x00,0x00,0x00,0x00,0x00,0x00,0x00,0x00,0x00,0x00,0x00,0x00,0x00,0x00,0x00,0x00,0x00,0x00,0x00,0x00,0x00,
    0x00,0x00,0x00,0x00,0x00,0x00,0x00,0x00,0x00,0x00,0x4a,0xff,0xff,0xff,0xff,0xff,0xff,0xff,0xff,0xff,0xff,0xff,0xff,0xff,
    0xff,0xff,0xff,0xff,0xff,0xff,0xff,0xff,0xff,0xff,0xff,0xff,0xff,0xff,0xff,0xff,0xff,0xff,0xff,0xff,0xff,0xff,0xff,0xff,
    0xff,0xff,0xff,0xff,0xff,0xff,0xff,0xff,0xff,0xff,0xff,0xff,0xff,0xff,0xff,0xff,0xff,0xff,0xff,0xff,0xff,0xff,0xff,0xff,
    0xff,0xff,0xff,0xff,0xff,0xff,0xff,0xff,0xff,0xff,0xff,0xff,0xff,0xff,0xff,0xff,0xff,0xff,0xff,0xff,0xff,0xff,0xff,0xff,
    0xff,0xff,0xff,0xff,0xff,0xff,0xff,0xff,0xff,0xff,0xff,0xff,0xff,0xff,0xff,0xff,0xff,0xff,0xff,0xff,0xff,0xff,0xff,0xff,
    0xff,0xff,0xff,0xff,0xff,0xff,0xff,0xff,0xff,0xff,0xff,0xff,0xff,0xff,0xff,0xff,0xff,0xff,0xff,0xff,0xff,0xff,0xff,0xff,
    0xff,0xff,0xff,0xff,0xff,0xff,0xff,0xff,0xff,0xff,0xff,0xff,0xff,0xff,0xff,0xff,0xff,0xff,0xff,0xff,0xff,0xff,0xff,0xff,
    0xff,0xff,0xff,0xff,0xff,0xff,0xff,0xff,0xff,0xff,0xff,0xff,0xff,0xff,0xff,0xff,0xff,0xff,0xff,0xff,0xff,0xff,0xff,0xff,
    0xff,0xff,0xff,0xff,0xff,0xff,0xff,0xff,0xff,0xff,0xff,0xff,0xff,0xff,0xff,0xff,0xff,0xff,0xff,0xff,0xff,0xff,0xff,0xff,
    0xff,0xff,0xff,0xff,0xff,0xff,0xff,0xff,0xff,0xff,0xff,0xff,0xff,0xff,0xff,0xff,0xff,0xff,0xff,0xff,0xff,0xff,0xff,0xff,
    0xff,0xff,0xff,0xff,0xff,0xff,0xff,0xff,0xff,0xff,0xff,0xff,0xff,0xff,0xff,0xff,0xff,0xff,0xff,0xff,0xff,0xff,0xff,0xff,
    0xff,0xff,0xff,0xff,0xff,0xff,0xff,0xff,0xff,0xff,0xff,0xff,0xff,0xff,0xff,0xff,0xff,0xff,0xff,0xff,0xff,0xff,0xff,0xff,
    0xff,0xff,0xff,0xff,0xff,0xff,0xff,0xff,0xff,0xff,0xff,0xff,0xff,0xff,0xff,0xff,0xff,0xff,0xff,0xff,0xff,0xff,0xff,0xff,
    0xff,0xff,0xff,0xff,0xff,0xff,0xff,0xff,0xff,0xff,0xff,0xff,0xff,0xff,0xff,0xff,0xff,0xff,0xff,0xff,0xff,0xff,0xff,0xff,
    0xff,0xff,0xff,0xff,0xff,0xff,0xff,0xff,0xff,0xff,0xff,0xff,0xff,0xff,0xff,0xff,0xff,0xff,0xff,0xff,0xff,0xff,0xff,0xff,
    0xff,0xff,0xff,0xff,0xff,0xff,0xff,0xff,0xff,0xff,0xff,0xff,0xff,0xff,0xff,0xff,0xff,0xff,0xff,0xff,0xff,0xff,0xff,0xff,
    0xff,0xff,0xff,0xff,0xff,0xff,0xff,0xff,0xff,0xff,0xff,0xff,0xff,0xff,0xff,0xff,0xff,0xff,0xff,0xff,0xff,0xff,0xff,0xff,
    0xff,0xff,0xff,0xff,0xff,0xff,0xff,0xff,0xff,0xff,0xff,0xff,0xff,0x55,0x00,0x00,0x00,0x00,0x00,0x00,0x00,0x00,0x00,0x00,
    0x00,0x00,0x00,0x00,0x00,0x00,0x00,0x00,0x00,0x00,0x00,0x00,0x00,0x00,0x00,0x00,0x00,0x00,0x00,0x00,0x00,0x00,0x00,0x00,
    0x00,0x00,0x60,0xf4,0xff,0xff,0xff,0xff,0xff,0xff,0xff,0xff,0xff,0xff,0xff,0xff,0xff,0xff,0xff,0xff,0xff,0xff,0xff,0xff,
    0xff,0xff,0xff,0xff,0xff,0xff,0xff,0xff,0xff,0xff,0xff,0xff,0xff,0xff,0xff,0xff,0xff,0xff,0xff,0xff,0xff,0xff,0xff,0xff,
    0xff,0xff,0xff,0xff,0xff,0xff,0xff,0xff,0xff,0xff,0xff,0xff,0xff,0xff,0xff,0xff,0xff,0xff,0xff,0xff,0xff,0xff,0xff,0xff,
    0xff,0xff,0xff,0xff,0xff,0xff,0xff,0xff,0xff,0xff,0xff,0xff,0xff,0xff,0xff,0xff,0xff,0xff,0xff,0xff,0xff,0xff,0xff,0xff,
    0xff,0xff,0xff,0xff,0xff,0xff,0xff,0xff,0xff,0xff,0xff,0xff,0xff,0xff,0xff,0xff,0xff,0xff,0xff,0xff,0xff,0xff,0xff,0xff,
    0xff,0xff,0xff,0xff,0xff,0xff,0xff,0xff,0xff,0xff,0xff,0xff,0xff,0xff,0xff,0xff,0xff,0xff,0xff,0xff,0xff,0xff,0xff,0xff,
    0xff,0xff,0xff,0xff,0xff,0xff,0xff,0xff,0xff,0xff,0xff,0xff,0xff,0xff,0xff,0xff,0xff,0xff,0xff,0xff,0xff,0xff,0xff,0xff,
    0xff,0xff,0xff,0xff,0xff,0xff,0xff,0xff,0xff,0xff,0xff,0xff,0xff,0xff,0xff,0xff,0xff,0xff,0xff,0xff,0xff,0xff,0xff,0xff,
    0xff,0xff,0xff,0xff,0xff,0xff,0xff,0xff,0xff,0xff,0xff,0xff,0xff,0xff,0xff,0xff,0xff,0xff,0xff,0xff,0xff,0xff,0xff,0xff,
    0xff,0xff,0xff,0xff,0xff,0xff,0xff,0xff,0xff,0xff,0xff,0xff,0xff,0xff,0xff,0xff,0xff,0xff,0xff,0xff,0xff,0xff,0xff,0xff,
    0xff,0xff,0xff,0xff,0xff,0xff,0xff,0xff,0xff,0xff,0xff,0xff,0xff,0xff,0xff,0xff,0xff,0xff,0xff,0xff,0xff,0xff,0xff,0xff,
    0xff,0xff,0xff,0xff,0xff,0xff,0xff,0xff,0xff,0xff,0xff,0xff,0xff,0xff,0xff,0xff,0xff,0xff,0xff,0xff,0xff,0xff,0xff,0xff,
    0xff,0xff,0xff,0xff,0xff,0xff,0xff,0xff,0xff,0xff,0xff,0xff,0xff,0xff,0xff,0xff,0xff,0xff,0xff,0xff,0xff,0xff,0xff,0xff,
    0xff,0xff,0xff,0xff,0xff,0xff,0xff,0xff,0xff,0xff,0xff,0xff,0xff,0xff,0xff,0xff,0xff,0xff,0xff,0xff,0xff,0xff,0xff,0xff,
    0xff,0xff,0xff,0xff,0xff,0xff,0xff,0xff,0xff,0xff,0xff,0xff,0xff,0xff,0xff,0xff,0xff,0xff,0xff,0xff,0xff,0xff,0xff,0xff,
    0xff,0xff,0xff,0xff,0xff,0xff,0xff,0xff,0xff,0xff,0xff,0xff,0xff,0xff,0xff,0xff,0xff,0xff,0xff,0xff,0xff,0xff,0xff,0xff,
    0xff,0xff,0xff,0xff,0xff,0xff,0xff,0xff,0xff,0xff,0xff,0xff,0xff,0xff,0xff,0xff,0xff,0xff,0xff,0xff,0xff,0xff,0xff,0xff,
    0xff,0xff,0xff,0xff,0xf4,0x4a,0x00,0x00,0x00,0x00,0x00,0x00,0x00,0x00,0x00,0x00,0x00,0x00,0x00,0x00,0x00,0x00,0x00,0x00,
    0x00,0x00,0x00,0x00,0x00,0x00,0x00,0x00,0x00,0x00,0x00,0x00,0x00,0x00,0x00,0x00,0x00,0x00,0x55,0xff,0xff,0xff,0xff,0xff,
    0xff,0xff,0xff,0xff,0xff,0xff,0xff,0xff,0xff,0xff,0xff,0xff,0xff,0xff,0xff,0xff,0xff,0xff,0xff,0xff,0xff,0xff,0xff,0xff,
    0xff,0xff,0xff,0xff,0xff,0xff,0xff,0xff,0xff,0xff,0xff,0xff,0xff,0xff,0xff,0xff,0xff,0xff,0xff,0xff,0xff,0xff,0xff,0xff,
    0xff,0xff,0xff,0xff,0xff,0xff,0xff,0xff,0xff,0xff,0xff,0xff,0xff,0xff,0xff,0xff,0xff,0xff,0xff,0xff,0xff,0xff,0xff,0xff,
    0xff,0xff,0xff,0xff,0xff,0xff,0xff,0xff,0xff,0xff,0xff,0xff,0xff,0xff,0xff,0xff,0xff,0xff,0xff,0xff,0xff,0xff,0xff,0xff,
    0xff,0xff,0xff,0xff,0xff,0xff,0xff,0xff,0xff,0xff,0xff,0xff,0xff,0xff,0xff,0xff,0xff,0xff,0xff,0xff,0xff,0xff,0xff,0xff,
    0xff,0xff,0xff,0xff,0xff,0xff,0xff,0xff,0xff,0xff,0xff,0xff,0xff,0xff,0xff,0xff,0xff,0xff,0xff,0xff,0xff,0xff,0xff,0xff,
    0xff,0xff,0xff,0xff,0xff,0xff,0xff,0xff,0xff,0xff,0xff,0xff,0xff,0xff,0xff,0xff,0xff,0xff,0xff,0xff,0xff,0xff,0xff,0xff,
    0xff,0xff,0xff,0xff,0xff,0xff,0xff,0xff,0xff,0xff,0xff,0xff,0xff,0xff,0xff,0xff,0xff,0xff,0xff,0xff,0xff,0xff,0xff,0xff,
    0xff,0xff,0xff,0xff,0xff,0xff,0xff,0xff,0xff,0xff,0xff,0xff,0xff,0xff,0xff,0xff,0xff,0xff,0xff,0xff,0xff,0xff,0xff,0xff,
    0xff,0xff,0xff,0xff,0xff,0xff,0xff,0xff,0xff,0xff,0xff,0xff,0xff,0xff,0xff,0xff,0xff,0xff,0xff,0xff,0xff,0xff,0xff,0xff,
    0xff,0xff,0xff,0xff,0xff,0xff,0xff,0xff,0xff,0xff,0xff,0xff,0xff,0xff,0xff,0xff,0xff,0xff,0xff,0xff,0xff,0xff,0xff,0xff,
    0xff,0xff,0xff,0xff,0xff,0xff,0xff,0xff,0xff,0xff,0xff,0xff,0xff,0xff,0xff,0xff,0xff,0xff,0xff,0xff,0xff,0xff,0xff,0xff,
    0xff,0xff,0xff,0xff,0xff,0xff,0xff,0xff,0xff,0xff,0xff,0xff,0xff,0xff,0xff,0xff,0xff,0xff,0xff,0xff,0xff,0xff,0xff,0xff,
    0xff,0xff,0xff,0xff,0xff,0xff,0xff,0xff,0xff,0xff,0xff,0xff,0xff,0xff,0xff,0xff,0xff,0xff,0xff,0xff,0xff,0xff,0xff,0xff,
    0xff,0xff,0xff,0xff,0xff,0xff,0xff,0xff,0xff,0xff,0xff,0xff,0xff,0xff,0xff,0xff,0xff,0xff,0xff,0xff,0xff,0xff,0xff,0xff,
    0xff,0xff,0xff,0xff,0xff,0xff,0xff,0xff,0xff,0xff,0xff,0xff,0xff,0xff,0xff,0xff,0xff,0xff,0xff,0xff,0xff,0xff,0xff,0xff,
    0xff,0xff,0xff,0xff,0xff,0xff,0xff,0xff,0xff,0xff,0xff,0xff,0xff,0xff,0xff,0xff,0xff,0xff,0xff,0xff,0xf4,0x60,0x00,0x00,
    0x00,0x00,0x00,0x00,0x00,0x00,0x00,0x00,0x00,0x00,0x00,0x00,0x00,0x00,0x00,0x00,0x00,0x00,0x00,0x00,0x00,0x00,0x00,0x00,
    0x00,0x00,0x00,0x00,0x00,0x00,0x00,0x00,0x00,0x00,0x4a,0xf4,0xff,0xff,0xff,0xff,0xff,0xff,0xff,0xff,0xff,0xff,0xff,0xff,
    0xff,0xff,0xff,0xff,0xff,0xff,0xff,0xff,0xff,0xff,0xff,0xff,0xff,0xff,0xff,0xff,0xff,0xff,0xff,0xff,0xff,0xff,0xff,0xff,
    0xff,0xff,0xff,0xff,0xff,0xff,0xff,0xff,0xff,0xff,0xff,0xff,0xff,0xff,0xff,0xff,0xff,0xff,0xff,0xff,0xff,0xff,0xff,0xff,
    0xff,0xff,0xff,0xff,0xff,0xff,0xff,0xff,0xff,0xff,0xff,0xff,0xff,0xff,0xff,0xff,0xff,0xff,0xff,0xff,0xff,0xff,0xff,0xff,
    0xff,0xff,0xff,0xff,0xff,0xff,0xff,0xff,0xff,0xff,0xff,0xff,0xff,0xff,0xff,0xff,0xff,0xff,0xff,0xff,0xff,0xff,0xff,0xff,
    0xff,0xff,0xff,0xff,0xff,0xff,0xff,0xff,0xff,0xff,0xff,0xff,0xff,0xff,0xff,0xff,0xff,0xff,0xff,0xff,0xff,0xff,0xff,0xff,
    0xff,0xff,0xff,0xff,0xff,0xff,0xff,0xff,0xff,0xff,0xff,0xff,0xff,0xff,0xff,0xff,0xff,0xff,0xff,0xff,0xff,0xff,0xff,0xff,
    0xff,0xff,0xff,0xff,0xff,0xff,0xff,0xff,0xff,0xff,0xff,0xff,0xff,0xff,0xff,0xff,0xff,0xff,0xff,0xff,0xff,0xff,0xff,0xff,
    0xff,0xff,0xff,0xff,0xff,0xff,0xff,0xff,0xff,0xff,0xff,0xff,0xff,0xff,0xff,0xff,0xff,0xff,0xff,0xff,0xff,0xff,0xff,0xff,
    0xff,0xff,0xff,0xff,0xff,0xff,0xff,0xff,0xff,0xff,0xff,0xff,0xff,0xff,0xff,0xff,0xff,0xff,0xff,0xff,0xff,0xff,0xff,0xff,
    0xff,0xff,0xff,0xff,0xff,0xff,0xff,0xff,0xff,0xff,0xff,0xff,0xff,0xff,0xff,0xff,0xff,0xff,0xff,0xff,0xff,0xff,0xff,0xff,
    0xff,0xff,0xff,0xff,0xff,0xff,0xff,0xff,0xff,0xff,0xff,0xff,0xff,0xff,0xff,0xff,0xff,0xff,0xff,0xff,0xff,0xff,0xff,0xff,
    0xff,0xff,0xff,0xff,0xff,0xff,0xff,0xff,0xff,0xff,0xff,0xff,0xff,0xff,0xff,0xff,0xff,0xff,0xff,0xff,0xff,0xff,0xff,0xff,
    0xff,0xff,0xff,0xff,0xff,0xff,0xff,0xff,0xff,0xff,0xff,0xff,0xff,0xff,0xff,0xff,0xff,0xff,0xff,0xff,0xff,0xff,0xff,0xff,
    0xff,0xff,0xff,0xff,0xff,0xff,0xff,0xff,0xff,0xff,0xff,0xff,0xff,0xff,0xff,0xff,0xff,0xff,0xff,0xff,0xff,0xff,0xff,0xff,
    0xff,0xff,0xff,0xff,0xff,0xff,0xff,0xff,0xff,0xff,0xff,0xff,0xff,0xff,0xff,0xff,0xff,0xff,0xff,0xff,0xff,0xff,0xff,0xff,
    0xff,0xff,0xff,0xff,0xff,0xff,0xff,0xff,0xff,0xff,0xff,0xff,0xff,0xff,0xff,0xff,0xff,0xff,0xff,0xff,0xff,0xff,0xff,0xff,
    0xff,0xff,0xff,0xff,0xff,0xff,0xff,0xff,0xff,0xff,0xff,0xff,0xf4,0x4a,0x00,0x00,0x00,0x00,0x00,0x00,0x00,0x00,0x00,0x00,
    0x00,0x00,0x00,0x00,0x00,0x00,0x00,0x00,0x00,0x00,0x00,0x00,0x00,0x00,0x00,0x00,0x00,0x00,0x00,0x00,0x00,0x00,0x00,0x00,
    0x00,0x00,0x55,0xf4,0xff,0xff,0xff,0xff,0xff,0xff,0xff,0xff,0xff,0xff,0xff,0xff,0xff,0xff,0xff,0xff,0xff,0xff,0xff,0xff,
    0xff,0xff,0xff,0xff,0xff,0xff,0xff,0xff,0xff,0xff,0xff,0xff,0xff,0xff,0xff,0xff,0xff,0xff,0xff,0xff,0xff,0xff,0xff,0xff,
    0xff,0xff,0xff,0xff,0xff,0xff,0xff,0xff,0xff,0xff,0xff,0xff,0xff,0xff,0xff,0xff,0xff,0xff,0xff,0xff,0xff,0xff,0xff,0xff,
    0xff,0xff,0xff,0xff,0xff,0xff,0xff,0xff,0xff,0xff,0xff,0xff,0xff,0xff,0xff,0xff,0xff,0xff,0xff,0xff,0xff,0xff,0xff,0xff,
    0xff,0xff,0xff,0xff,0xff,0xff,0xff,0xff,0xff,0xff,0xff,0xff,0xff,0xff,0xff,0xff,0xff,0xff,0xff,0xff,0xff,0xff,0xff,0xff,
    0xff,0xff,0xff,0xff,0xff,0xff,0xff,0xff,0xff,0xff,0xff,0xff,0xff,0xff,0xff,0xff,0xff,0xff,0xff,0xff,0xff,0xff,0xff,0xff,
    0xff,0xff,0xff,0xff,0xff,0xff,0xff,0xff,0xff,0xff,0xff,0xff,0xff,0xff,0xff,0xff,0xff,0xff,0xff,0xff,0xff,0xff,0xff,0xff,
    0xff,0xff,0xff,0xff,0xff,0xff,0xff,0xff,0xff,0xff,0xff,0xff,0xff,0xff,0xff,0xff,0xff,0xff,0xff,0xff,0xff,0xff,0xff,0xff,
    0xff,0xff,0xff,0xff,0xff,0xff,0xff,0xff,0xff,0xff,0xff,0xff,0xff,0xff,0xff,0xff,0xff,0xff,0xff,0xff,0xff,0xff,0xff,0xff,
    0xff,0xff,0xff,0xff,0xff,0xff,0xff,0xff,0xff,0xff,0xff,0xff,0xff,0xff,0xff,0xff,0xff,0xff,0xff,0xff,0xff,0xff,0xff,0xff,
    0xff,0xff,0xff,0xff,0xff,0xff,0xff,0xff,0xff,0xff,0xff,0xff,0xff,0xff,0xff,0xff,0xff,0xff,0xff,0xff,0xff,0xff,0xff,0xff,
    0xff,0xff,0xff,0xff,0xff,0xff,0xff,0xff,0xff,0xff,0xff,0xff,0xff,0xff,0xff,0xff,0xff,0xff,0xff,0xff,0xff,0xff,0xff,0xff,
    0xff,0xff,0xff,0xff,0xff,0xff,0xff,0xff,0xff,0xff,0xff,0xff,0xff,0xff,0xff,0xff,0xff,0xff,0xff,0xff,0xff,0xff,0xff,0xff,
    0xff,0xff,0xff,0xff,0xff,0xff,0xff,0xff,0xff,0xff,0xff,0xff,0xff,0xff,0xff,0xff,0xff,0xff,0xff,0xff,0xff,0xff,0xff,0xff,
    0xff,0xff,0xff,0xff,0xff,0xff,0xff,0xff,0xff,0xff,0xff,0xff,0xff,0xff,0xff,0xff,0xff,0xff,0xff,0xff,0xff,0xff,0xff,0xff,
    0xff,0xff,0xff,0xff,0xff,0xff,0xff,0xff,0xff,0xff,0xff,0xff,0xff,0xff,0xff,0xff,0xff,0xff,0xff,0xff,0xff,0xff,0xff,0xff,
    0xff,0xff,0xff,0xff,0xff,0xff,0xff,0xff,0xff,0xff,0xff,0xff,0xff,0xff,0xff,0xff,0xff,0xff,0xff,0xff,0xff,0xff,0xff,0xff,
    0xff,0xff,0xff,0xff,0xff,0x55,0x00,0x00,0x00,0x00,0x00,0x00,0x00,0x00,0x00,0x00,0x00,0x00,0x00,0x00,0x00,0x00,0x00,0x00,
    0x00,0x00,0x00,0x00,0x00,0x00,0x00,0x00,0x00,0x00,0x00,0x00,0x00,0x00,0x00,0x00,0x00,0x00,0x55,0xff,0xff,0xff,0xff,0xff,
    0xff,0xff,0xff,0xff,0xff,0xff,0xff,0xff,0xff,0xff,0xff,0xff,0xff,0xff,0xff,0xff,0xff,0xff,0xff,0xff,0xff,0xff,0xff,0xff,
    0xff,0xff,0xff,0xff,0xff,0xff,0xff,0xff,0xff,0xff,0xff,0xff,0xff,0xff,0xff,0xff,0xff,0xff,0xff,0xff,0xff,0xff,0xff,0xff,
    0xff,0xff,0xff,0xff,0xff,0xff,0xff,0xff,0xff,0xff,0xff,0xff,0xff,0xff,0xff,0xff,0xff,0xff,0xff,0xff,0xff,0xff,0xff,0xff,
    0xff,0xff,0xff,0xff,0xff,0xff,0xff,0xff,0xff,0xff,0xff,0xff,0xff,0xff,0xff,0xff,0xff,0xff,0xff,0xff,0xff,0xff,0xff,0xff,
    0xff,0xff,0xff,0xff,0xff,0xff,0xff,0xff,0xff,0xff,0xff,0xff,0xff,0xff,0xff,0xff,0xff,0xff,0xff,0xff,0xff,0xff,0xff,0xff,
    0xff,0xff,0xff,0xff,0xff,0xff,0xff,0xff,0xff,0xff,0xff,0xff,0xff,0xff,0xff,0xff,0xff,0xff,0xff,0xff,0xff,0xff,0xff,0xff,
    0xff,0xff,0xff,0xff,0xff,0xff,0xff,0xff,0xff,0xff,0xff,0xff,0xff,0xff,0xff,0xff,0xff,0xff,0xff,0xff,0xff,0xff,0xff,0xff,
    0xff,0xff,0xff,0xff,0xff,0xff,0xff,0xff,0xff,0xff,0xff,0xff,0xff,0xff,0xff,0xff,0xff,0xff,0xff,0xff,0xff,0xff,0xff,0xff,
    0xff,0xff,0xff,0xff,0xff,0xff,0xff,0xff,0xff,0xff,0xff,0xff,0xff,0xff,0xff,0xff,0xff,0xff,0xff,0xff,0xff,0xff,0xff,0xff,
    0xff,0xff,0xff,0xff,0xff,0xff,0xff,0xff,0xff,0xff,0xff,0xff,0xff,0xff,0xff,0xff,0xff,0xff,0xff,0xff,0xff,0xff,0xff,0xff,
    0xff,0xff,0xff,0xff,0xff,0xff,0xff,0xff,0xff,0xff,0xff,0xff,0xff,0xff,0xff,0xff,0xff,0xff,0xff,0xff,0xff,0xff,0xff,0xff,
    0xff,0xff,0xff,0xff,0xff,0xff,0xff,0xff,0xff,0xff,0xff,0xff,0xff,0xff,0xff,0xff,0xff,0xff,0xff,0xff,0xff,0xff,0xff,0xff,
    0xff,0xff,0xff,0xff,0xff,0xff,0xff,0xff,0xff,0xff,0xff,0xff,0xff,0xff,0xff,0xff,0xff,0xff,0xff,0xff,0xff,0xff,0xff,0xff,
    0xff,0xff,0xff,0xff,0xff,0xff,0xff,0xff,0xff,0xff,0xff,0xff,0xff,0xff,0xff,0xff,0xff,0xff,0xff,0xff,0xff,0xff,0xff,0xff,
    0xff,0xff,0xff,0xff,0xff,0xff,0xff,0xff,0xff,0xff,0xff,0xff,0xff,0xff,0xff,0xff,0xff,0xff,0xff,0xff,0xff,0xff,0xff,0xff,
    0xff,0xff,0xff,0xff,0xff,0xff,0xff,0xff,0xff,0xff,0xff,0xff,0xff,0xff,0xff,0xff,0xff,0xff,0xff,0xff,0xff,0xff,0xff,0xff,
    0xff,0xff,0xff,0xff,0xff,0xff,0xff,0xff,0xff,0xff,0xff,0xff,0xff,0xff,0xff,0xff,0xff,0xff,0xff,0xff,0xff,0x60,0x00,0x00,
    0x00,0x00,0x00,0x00,0x00,0x00,0x00,0x00,0x00,0x00,0x00,0x00,0x00,0x00,0x00,0x00,0x00,0x00,0x00,0x00,0x00,0x00,0x00,0x00,
    0x00,0x00,0x00,0x00,0x00,0x00,0x00,0x00,0x00,0x00,0x60,0xf4,0xff,0xff,0xff,0xff,0xff,0xff,0xff,0xff,0xff,0xff,0xff,0xff,
    0xff,0xff,0xff,0xff,0xff,0xff,0xff,0xff,0xff,0xff,0xff,0xff,0xff,0xff,0xff,0xff,0xff,0xff,0xff,0xff,0xff,0xff,0xff,0xff,
    0xff,0xff,0xff,0xff,0xff,0xff,0xff,0xff,0xff,0xff,0xff,0xff,0xff,0xff,0xff,0xff,0xff,0xff,0xff,0xff,0xff,0xff,0xff,0xff,
    0xff,0xff,0xff,0xff,0xff,0xff,0xff,0xff,0xff,0xff,0xff,0xff,0xff,0xff,0xff,0xff,0xff,0xff,0xff,0xff,0xff,0xff,0xff,0xff,
    0xff,0xff,0xff,0xff,0xff,0xff,0xff,0xff,0xff,0xff,0xff,0xff,0xff,0xff,0xff,0xff,0xff,0xff,0xff,0xff,0xff,0xff,0xff,0xff,
    0xff,0xff,0xff,0xff,0xff,0xff,0xff,0xff,0xff,0xff,0xff,0xff,0xff,0xff,0xff,0xff,0xff,0xff,0xff,0xff,0xff,0xff,0xff,0xff,
    0xff,0xff,0xff,0xff,0xff,0xff,0xff,0xff,0xff,0xff,0xff,0xff,0xff,0xff,0xff,0xff,0xff,0xff,0xff,0xff,0xff,0xff,0xff,0xff,
    0xff,0xff,0xff,0xff,0xff,0xff,0xff,0xff,0xff,0xff,0xff,0xff,0xff,0xff,0xff,0xff,0xff,0xff,0xff,0xff,0xff,0xff,0xff,0xff,
    0xff,0xff,0xff,0xff,0xff,0xff,0xff,0xff,0xff,0xff,0xff,0xff,0xff,0xff,0xff,0xff,0xff,0xff,0xff,0xff,0xff,0xff,0xff,0xff,
    0xff,0xff,0xff,0xff,0xff,0xff,0xff,0xff,0xff,0xff,0xff,0xff,0xff,0xff,0xff,0xff,0xff,0xff,0xff,0xff,0xff,0xff,0xff,0xff,
    0xff,0xff,0xff,0xff,0xff,0xff,0xff,0xff,0xff,0xff,0xff,0xff,0xff,0xff,0xff,0xff,0xff,0xff,0xff,0xff,0xff,0xff,0xff,0xff,
    0xff,0xff,0xff,0xff,0xff,0xff,0xff,0xff,0xff,0xff,0xff,0xff,0xff,0xff,0xff,0xff,0xff,0xff,0xff,0xff,0xff,0xff,0xff,0xff,
    0xff,0xff,0xff,0xff,0xff,0xff,0xff,0xff,0xff,0xff,0xff,0xff,0xff,0xff,0xff,0xff,0xff,0xff,0xff,0xff,0xff,0xff,0xff,0xff,
    0xff,0xff,0xff,0xff,0xff,0xff,0xff,0xff,0xff,0xff,0xff,0xff,0xff,0xff,0xff,0xff,0xff,0xff,0xff,0xff,0xff,0xff,0xff,0xff,
    0xff,0xff,0xff,0xff,0xff,0xff,0xff,0xff,0xff,0xff,0xff,0xff,0xff,0xff,0xff,0xff,0xff,0xff,0xff,0xff,0xff,0xff,0xff,0xff,
    0xff,0xff,0xff,0xff,0xff,0xff,0xff,0xff,0xff,0xff,0xff,0xff,0xff,0xff,0xff,0xff,0xff,0xff,0xff,0xff,0xff,0xff,0xff,0xff,
    0xff,0xff,0xff,0xff,0xff,0xff,0xff,0xff,0xff,0xff,0xff,0xff,0xff,0xff,0xff,0xff,0xff,0xff,0xff,0xff,0xff,0xff,0xff,0xff,
    0xff,0xff,0xff,0xff,0xff,0xff,0xff,0xff,0xff,0xff,0xff,0xff,0xf4,0x55,0x00,0x00,0x00,0x00,0x00,0x00,0x00,0x00,0x00,0x00,
    0x00,0x00,0x00,0x00,0x00,0x00,0x00,0x00,0x00,0x00,0x00,0x00,0x00,0x00,0x00,0x00,0x00,0x00,0x00,0x00,0x00,0x00,0x00,0x00,
    0x00,0x00,0x60,0xff,0xff,0xff,0xff,0xff,0xff,0xff,0xff,0xff,0xff,0xff,0xff,0xff,0xff,0xff,0xff,0xff,0xff,0xff,0xff,0xff,
    0xff,0xff,0xff,0xff,0xff,0xff,0xff,0xff,0xff,0xff,0xff,0xff,0xff,0xff,0xff,0xff,0xff,0xff,0xff,0xff,0xff,0xff,0xff,0xff,
    0xff,0xff,0xff,0xff,0xff,0xff,0xff,0xff,0xff,0xff,0xff,0xff,0xff,0xff,0xff,0xff,0xff,0xff,0xff,0xff,0xff,0xff,0xff,0xff,
    0xff,0xff,0xff,0xff,0xff,0xff,0xff,0xff,0xff,0xff,0xff,0xff,0xff,0xff,0xff,0xff,0xff,0xff,0xff,0xff,0xff,0xff,0xff,0xff,
    0xff,0xff,0xff,0xff,0xff,0xff,0xff,0xff,0xff,0xff,0xff,0xff,0xff,0xff,0xff,0xff,0xff,0xff,0xff,0xff,0xff,0xff,0xff,0xff,
    0xff,0xff,0xff,0xff,0xff,0xff,0xff,0xff,0xff,0xff,0xff,0xff,0xff,0xff,0xff,0xff,0xff,0xff,0xff,0xff,0xff,0xff,0xff,0xff,
    0xff,0xff,0xff,0xff,0xff,0xff,0xff,0xff,0xff,0xff,0xff,0xff,0xff,0xff,0xff,0xff,0xff,0xff,0xff,0xff,0xff,0xff,0xff,0xff,
    0xff,0xff,0xff,0xff,0xff,0xff,0xff,0xff,0xff,0xff,0xff,0xff,0xff,0xff,0xff,0xff,0xff,0xff,0xff,0xff,0xff,0xff,0xff,0xff,
    0xff,0xff,0xff,0xff,0xff,0xff,0xff,0xff,0xff,0xff,0xff,0xff,0xff,0xff,0xff,0xff,0xff,0xff,0xff,0xff,0xff,0xff,0xff,0xff,
    0xff,0xff,0xff,0xff,0xff,0xff,0xff,0xff,0xff,0xff,0xff,0xff,0xff,0xff,0xff,0xff,0xff,0xff,0xff,0xff,0xff,0xff,0xff,0xff,
    0xff,0xff,0xff,0xff,0xff,0xff,0xff,0xff,0xff,0xff,0xff,0xff,0xff,0xff,0xff,0xff,0xff,0xff,0xff,0xff,0xff,0xff,0xff,0xff,
    0xff,0xff,0xff,0xff,0xff,0xff,0xff,0xff,0xff,0xff,0xff,0xff,0xff,0xff,0xff,0xff,0xff,0xff,0xff,0xff,0xff,0xff,0xff,0xff,
    0xff,0xff,0xff,0xff,0xff,0xff,0xff,0xff,0xff,0xff,0xff,0xff,0xff,0xff,0xff,0xff,0xff,0xff,0xff,0xff,0xff,0xff,0xff,0xff,
    0xff,0xff,0xff,0xff,0xff,0xff,0xff,0xff,0xff,0xff,0xff,0xff,0xff,0xff,0xff,0xff,0xff,0xff,0xff,0xff,0xff,0xff,0xff,0xff,
    0xff,0xff,0xff,0xff,0xff,0xff,0xff,0xff,0xff,0xff,0xff,0xff,0xff,0xff,0xff,0xff,0xff,0xff,0xff,0xff,0xff,0xff,0xff,0xff,
    0xff,0xff,0xff,0xff,0xff,0xff,0xff,0xff,0xff,0xff,0xff,0xff,0xff,0xff,0xff,0xff,0xff,0xff,0xff,0xff,0xff,0xff,0xff,0xff,
    0xff,0xff,0xff,0xff,0xff,0xff,0xff,0xff,0xff,0xff,0xff,0xff,0xff,0xff,0xff,0xff,0xff,0xff,0xff,0xff,0xff,0xff,0xff,0xff,
    0xff,0xff,0xff,0xff,0xff,0x60,0x00,0x00,0x00,0x00,0x00,0x00,0x00,0x00,0x00,0x00,0x00,0x00,0x00,0x00,0x00,0x00,0x00,0x00,
    0x00,0x00,0x00,0x00,0x00,0x00,0x00,0x00,0x00,0x00,0x00,0x00,0x00,0x00,0x00,0x00,0x00,0x00,0x4a,0xff,0xff,0xff,0xff,0xff,
    0xff,0xff,0xff,0xff,0xff,0xff,0xff,0xff,0xff,0xff,0xff,0xff,0xff,0xff,0xff,0xff,0xff,0xff,0xff,0xff,0xff,0xff,0xff,0xff,
    0xff,0xff,0xff,0xff,0xff,0xff,0xff,0xff,0xff,0xff,0xff,0xff,0xff,0xff,0xff,0xff,0xff,0xff,0xff,0xff,0xff,0xff,0xff,0xff,
    0xff,0xff,0xff,0xff,0xff,0xff,0xff,0xff,0xff,0xff,0xff,0xff,0xff,0xff,0xff,0xff,0xff,0xff,0xff,0xff,0xff,0xff,0xff,0xff,
    0xff,0xff,0xff,0xff,0xff,0xff,0xff,0xff,0xff,0xff,0xff,0xff,0xff,0xff,0xff,0xff,0xff,0xff,0xff,0xff,0xff,0xff,0xff,0xff,
    0xff,0xff,0xff,0xff,0xff,0xff,0xff,0xff,0xff,0xff,0xff,0xff,0xff,0xff,0xff,0xff,0xff,0xff,0xff,0xff,0xff,0xff,0xff,0xff,
    0xff,0xff,0xff,0xff,0xff,0xff,0xff,0xff,0xff,0xff,0xff,0xff,0xff,0xff,0xff,0xff,0xff,0xff,0xff,0xff,0xff,0xff,0xff,0xff,
    0xff,0xff,0xff,0xff,0xff,0xff,0xff,0xff,0xff,0xff,0xff,0xff,0xff,0xff,0xff,0xff,0xff,0xff,0xff,0xff,0xff,0xff,0xff,0xff,
    0xff,0xff,0xff,0xff,0xff,0xff,0xff,0xff,0xff,0xff,0xff,0xff,0xff,0xff,0xff,0xff,0xff,0xff,0xff,0xff,0xff,0xff,0xff,0xff,
    0xff,0xff,0xff,0xff,0xff,0xff,0xff,0xff,0xff,0xff,0xff,0xff,0xff,0xff,0xff,0xff,0xff,0xff,0xff,0xff,0xff,0xff,0xff,0xff,
    0xff,0xff,0xff,0xff,0xff,0xff,0xff,0xff,0xff,0xff,0xff,0xff,0xff,0xff,0xff,0xff,0xff,0xff,0xff,0xff,0xff,0xff,0xff,0xff,
    0xff,0xff,0xff,0xff,0xff,0xff,0xff,0xff,0xff,0xff,0xff,0xff,0xff,0xff,0xff,0xff,0xff,0xff,0xff,0xff,0xff,0xff,0xff,0xff,
    0xff,0xff,0xff,0xff,0xff,0xff,0xff,0xff,0xff,0xff,0xff,0xff,0xff,0xff,0xff,0xff,0xff,0xff,0xff,0xff,0xff,0xff,0xff,0xff,
    0xff,0xff,0xff,0xff,0xff,0xff,0xff,0xff,0xff,0xff,0xff,0xff,0xff,0xff,0xff,0xff,0xff,0xff,0xff,0xff,0xff,0xff,0xff,0xff,
    0xff,0xff,0xff,0xff,0xff,0xff,0xff,0xff,0xff,0xff,0xff,0xff,0xff,0xff,0xff,0xff,0xff,0xff,0xff,0xff,0xff,0xff,0xff,0xff,
    0xff,0xff,0xff,0xff,0xff,0xff,0xff,0xff,0xff,0xff,0xff,0xff,0xff,0xff,0xff,0xff,0xff,0xff,0xff,0xff,0xff,0xff,0xff,0xff,
    0xff,0xff,0xff,0xff,0xff,0xff,0xff,0xff,0xff,0xff,0xff,0xff,0xff,0xff,0xff,0xff,0xff,0xff,0xff,0xff,0xff,0xff,0xff,0xff,
    0xff,0xff,0xff,0xff,0xff,0xff,0xff,0xff,0xff,0xff,0xff,0xff,0xff,0xff,0xff,0xff,0xff,0xff,0xff,0xff,0xf4,0x55,0x00,0x00,
    0x00,0x00,0x00,0x00,0x00,0x00,0x00,0x00,0x00,0x00,0x00,0x00,0x00,0x00,0x00,0x00,0x00,0x00,0x00,0x00,0x00,0x00,0x00,0x00,
    0x00,0x00,0x00,0x00,0x00,0x00,0x00,0x00,0x00,0x00,0x60,0xea,0xff,0xff,0xff,0xff,0xff,0xff,0xff,0xff,0xff,0xff,0xff,0xff,
    0xff,0xff,0xff,0xff,0xff,0xff,0xff,0xff,0xff,0xff,0xff,0xff,0xff,0xff,0xff,0xff,0xff,0xff,0xff,0xff,0xff,0xff,0xff,0xff,
    0xff,0xff,0xff,0xff,0xff,0xff,0xff,0xff,0xff,0xff,0xff,0xff,0xff,0xff,0xff,0xff,0xff,0xff,0xff,0xff,0xff,0xff,0xff,0xff,
    0xff,0xff,0xff,0xff,0xff,0xff,0xff,0xff,0xff,0xff,0xff,0xff,0xff,0xff,0xff,0xff,0xff,0xff,0xff,0xff,0xff,0xff,0xff,0xff,
    0xff,0xff,0xff,0xff,0xff,0xff,0xff,0xff,0xff,0xff,0xff,0xff,0xff,0xff,0xff,0xff,0xff,0xff,0xff,0xff,0xff,0xff,0xff,0xff,
    0xff,0xff,0xff,0xff,0xff,0xff,0xff,0xff,0xff,0xff,0xff,0xff,0xff,0xff,0xff,0xff,0xff,0xff,0xff,0xff,0xff,0xff,0xff,0xff,
    0xff,0xff,0xff,0xff,0xff,0xff,0xff,0xff,0xff,0xff,0xff,0xff,0xff,0xff,0xff,0xff,0xff,0xff,0xff,0xff,0xff,0xff,0xff,0xff,
    0xff,0xff,0xff,0xff,0xff,0xff,0xff,0xff,0xff,0xff,0xff,0xff,0xff,0xff,0xff,0xff,0xff,0xff,0xff,0xff,0xff,0xff,0xff,0xff,
    0xff,0xff,0xff,0xff,0xff,0xff,0xff,0xff,0xff,0xff,0xff,0xff,0xff,0xff,0xff,0xff,0xff,0xff,0xff,0xff,0xff,0xff,0xff,0xff,
    0xff,0xff,0xff,0xff,0xff,0xff,0xff,0xff,0xff,0xff,0xff,0xff,0xff,0xff,0xff,0xff,0xff,0xff,0xff,0xff,0xff,0xff,0xff,0xff,
    0xff,0xff,0xff,0xff,0xff,0xff,0xff,0xff,0xff,0xff,0xff,0xff,0xff,0xff,0xff,0xff,0xff,0xff,0xff,0xff,0xff,0xff,0xff,0xff,
    0xff,0xff,0xff,0xff,0xff,0xff,0xff,0xff,0xff,0xff,0xff,0xff,0xff,0xff,0xff,0xff,0xff,0xff,0xff,0xff,0xff,0xff,0xff,0xff,
    0xff,0xff,0xff,0xff,0xff,0xff,0xff,0xff,0xff,0xff,0xff,0xff,0xff,0xff,0xff,0xff,0xff,0xff,0xff,0xff,0xff,0xff,0xff,0xff,
    0xff,0xff,0xff,0xff,0xff,0xff,0xff,0xff,0xff,0xff,0xff,0xff,0xff,0xff,0xff,0xff,0xff,0xff,0xff,0xff,0xff,0xff,0xff,0xff,
    0xff,0xff,0xff,0xff,0xff,0xff,0xff,0xff,0xff,0xff,0xff,0xff,0xff,0xff,0xff,0xff,0xff,0xff,0xff,0xff,0xff,0xff,0xff,0xff,
    0xff,0xff,0xff,0xff,0xff,0xff,0xff,0xff,0xff,0xff,0xff,0xff,0xff,0xff,0xff,0xff,0xff,0xff,0xff,0xff,0xff,0xff,0xff,0xff,
    0xff,0xff,0xff,0xff,0xff,0xff,0xff,0xff,0xff,0xff,0xff,0xff,0xff,0xff,0xff,0xff,0xff,0xff,0xff,0xff,0xff,0xff,0xff,0xff,
    0xff,0xff,0xff,0xff,0xff,0xff,0xff,0xff,0xff,0xff,0xff,0xff,0xff,0x60,0x00,0x00,0x00,0x00,0x00,0x00,0x00,0x00,0x00,0x00,
    0x00,0x00,0x00,0x00,0x00,0x00,0x00,0x00,0x00,0x00,0x00,0x00,0x00,0x00,0x00,0x00,0x00,0x00,0x00,0x00,0x00,0x00,0x00,0x00,
    0x00,0x00,0x55,0xf4,0xff,0xff,0xff,0xff,0xff,0xff,0xff,0xff,0xff,0xff,0xff,0xff,0xff,0xff,0xff,0xff,0xff,0xff,0xff,0xff,
    0xff,0xff,0xff,0xff,0xff,0xff,0xff,0xff,0xff,0xff,0xff,0xff,0xff,0xff,0xff,0xff,0xff,0xff,0xff,0xff,0xff,0xff,0xff,0xff,
    0xff,0xff,0xff,0xff,0xff,0xff,0xff,0xff,0xff,0xff,0xff,0xff,0xff,0xff,0xff,0xff,0xff,0xff,0xff,0xff,0xff,0xff,0xff,0xff,
    0xff,0xff,0xff,0xff,0xff,0xff,0xff,0xff,0xff,0xff,0xff,0xff,0xff,0xff,0xff,0xff,0xff,0xff,0xff,0xff,0xff,0xff,0xff,0xff,
    0xff,0xff,0xff,0xff,0xff,0xff,0xff,0xff,0xff,0xff,0xff,0xff,0xff,0xff,0xff,0xff,0xff,0xff,0xff,0xff,0xff,0xff,0xff,0xff,
    0xff,0xff,0xff,0xff,0xff,0xff,0xff,0xff,0xff,0xff,0xff,0xff,0xff,0xff,0xff,0xff,0xff,0xff,0xff,0xff,0xff,0xff,0xff,0xff,
    0xff,0xff,0xff,0xff,0xff,0xff,0xff,0xff,0xff,0xff,0xff,0xff,0xff,0xff,0xff,0xff,0xff,0xff,0xff,0xff,0xff,0xff,0xff,0xff,
    0xff,0xff,0xff,0xff,0xff,0xff,0xff,0xff,0xff,0xff,0xff,0xff,0xff,0xff,0xff,0xff,0xff,0xff,0xff,0xff,0xff,0xff,0xff,0xff,
    0xff,0xff,0xff,0xff,0xff,0xff,0xff,0xff,0xff,0xff,0xff,0xff,0xff,0xff,0xff,0xff,0xff,0xff,0xff,0xff,0xff,0xff,0xff,0xff,
    0xff,0xff,0xff,0xff,0xff,0xff,0xff,0xff,0xff,0xff,0xff,0xff,0xff,0xff,0xff,0xff,0xff,0xff,0xff,0xff,0xff,0xff,0xff,0xff,
    0xff,0xff,0xff,0xff,0xff,0xff,0xff,0xff,0xff,0xff,0xff,0xff,0xff,0xff,0xff,0xff,0xff,0xff,0xff,0xff,0xff,0xff,0xff,0xff,
    0xff,0xff,0xff,0xff,0xff,0xff,0xff,0xff,0xff,0xff,0xff,0xff,0xff,0xff,0xff,0xff,0xff,0xff,0xff,0xff,0xff,0xff,0xff,0xff,
    0xff,0xff,0xff,0xff,0xff,0xff,0xff,0xff,0xff,0xff,0xff,0xff,0xff,0xff,0xff,0xff,0xff,0xff,0xff,0xff,0xff,0xff,0xff,0xff,
    0xff,0xff,0xff,0xff,0xff,0xff,0xff,0xff,0xff,0xff,0xff,0xff,0xff,0xff,0xff,0xff,0xff,0xff,0xff,0xff,0xff,0xff,0xff,0xff,
    0xff,0xff,0xff,0xff,0xff,0xff,0xff,0xff,0xff,0xff,0xff,0xff,0xff,0xff,0xff,0xff,0xff,0xff,0xff,0xff,0xff,0xff,0xff,0xff,
    0xff,0xff,0xff,0xff,0xff,0xff,0xff,0xff,0xff,0xff,0xff,0xff,0xff,0xff,0xff,0xff,0xff,0xff,0xff,0xff,0xff,0xff,0xff,0xff,
    0xff,0xff,0xff,0xff,0xff,0xff,0xff,0xff,0xff,0xff,0xff,0xff,0xff,0xff,0xff,0xff,0xff,0xff,0xff,0xff,0xff,0xff,0xff,0xff,
    0xff,0xff,0xff,0xff,0xff,0x55,0x0b,0x00,0x00,0x00,0x00,0x00,0x00,0x00,0x00,0x00,0x00,0x00,0x00,0x00,0x00,0x00,0x00,0x00,
    0x00,0x00,0x00,0x00,0x00,0x00,0x00,0x00,0x00,0x00,0x00,0x00,0x00,0x00,0x00,0x00,0x00,0x00,0x4a,0xff,0xff,0xff,0xff,0xff,
    0xff,0xff,0xff,0xff,0xff,0xff,0xff,0xff,0xff,0xff,0xff,0xff,0xff,0xff,0xff,0xff,0xff,0xff,0xff,0xff,0xff,0xff,0xff,0xff,
    0xff,0xff,0xff,0xff,0xff,0xff,0xff,0xff,0xff,0xff,0xff,0xff,0xff,0xff,0xff,0xff,0xff,0xff,0xff,0xff,0xff,0xff,0xff,0xff,
    0xff,0xff,0xff,0xff,0xff,0xff,0xff,0xff,0xff,0xff,0xff,0xff,0xff,0xff,0xff,0xff,0xff,0xff,0xff,0xff,0xff,0xff,0xff,0xff,
    0xff,0xff,0xff,0xff,0xff,0xff,0xff,0xff,0xff,0xff,0xff,0xff,0xff,0xff,0xff,0xff,0xff,0xff,0xff,0xff,0xff,0xff,0xff,0xff,
    0xff,0xff,0xff,0xff,0xff,0xff,0xff,0xff,0xff,0xff,0xff,0xff,0xff,0xff,0xff,0xff,0xff,0xff,0xff,0xff,0xff,0xff,0xff,0xff,
    0xff,0xff,0xff,0xff,0xff,0xff,0xff,0xff,0xff,0xff,0xff,0xff,0xff,0xff,0xff,0xff,0xff,0xff,0xff,0xff,0xff,0xff,0xff,0xff,
    0xff,0xff,0xff,0xff,0xff,0xff,0xff,0xff,0xff,0xff,0xff,0xff,0xff,0xff,0xff,0xff,0xff,0xff,0xff,0xff,0xff,0xff,0xff,0xff,
    0xff,0xff,0xff,0xff,0xff,0xff,0xff,0xff,0xff,0xff,0xff,0xff,0xff,0xff,0xff,0xff,0xff,0xff,0xff,0xff,0xff,0xff,0xff,0xff,
    0xff,0xff,0xff,0xff,0xff,0xff,0xff,0xff,0xff,0xff,0xff,0xff,0xff,0xff,0xff,0xff,0xff,0xff,0xff,0xff,0xff,0xff,0xff,0xff,
    0xff,0xff,0xff,0xff,0xff,0xff,0xff,0xff,0xff,0xff,0xff,0xff,0xff,0xff,0xff,0xff,0xff,0xff,0xff,0xff,0xff,0xff,0xff,0xff,
    0xff,0xff,0xff,0xff,0xff,0xff,0xff,0xff,0xff,0xff,0xff,0xff,0xff,0xff,0xff,0xff,0xff,0xff,0xff,0xff,0xff,0xff,0xff,0xff,
    0xff,0xff,0xff,0xff,0xff,0xff,0xff,0xff,0xff,0xff,0xff,0xff,0xff,0xff,0xff,0xff,0xff,0xff,0xff,0xff,0xff,0xff,0xff,0xff,
    0xff,0xff,0xff,0xff,0xff,0xff,0xff,0xff,0xff,0xff,0xff,0xff,0xff,0xff,0xff,0xff,0xff,0xff,0xff,0xff,0xff,0xff,0xff,0xff,
    0xff,0xff,0xff,0xff,0xff,0xff,0xff,0xff,0xff,0xff,0xff,0xff,0xff,0xff,0xff,0xff,0xff,0xff,0xff,0xff,0xff,0xff,0xff,0xff,
    0xff,0xff,0xff,0xff,0xff,0xff,0xff,0xff,0xff,0xff,0xff,0xff,0xff,0xff,0xff,0xff,0xff,0xff,0xff,0xff,0xff,0xff,0xff,0xff,
    0xff,0xff,0xff,0xff,0xff,0xff,0xff,0xff,0xff,0xff,0xff,0xff,0xff,0xff,0xff,0xff,0xff,0xff,0xff,0xff,0xff,0xff,0xff,0xff,
    0xff,0xff,0xff,0xff,0xff,0xff,0xff,0xff,0xff,0xff,0xff,0xff,0xff,0xff,0xff,0xff,0xff,0xff,0xff,0xff,0xff,0x60,0x00,0x00,
    0x00,0x00,0x00,0x00,0x00,0x00,0x00,0x00,0x00,0x00,0x00,0x00,0x00,0x00,0x00,0x00,0x00,0x00,0x00,0x00,0x00,0x00,0x00,0x00,
    0x00,0x00,0x00,0x00,0x00,0x00,0x00,0x00,0x00,0x00,0x60,0xff,0xff,0xff,0xff,0xff,0xff,0xff,0xff,0xff,0xff,0xff,0xff,0xff,
    0xff,0xff,0xff,0xff,0xff,0xff,0xff,0xff,0xff,0xff,0xff,0xff,0xff,0xff,0xff,0xff,0xff,0xff,0xff,0xff,0xff,0xff,0xff,0xff,
    0xff,0xff,0xff,0xff,0xff,0xff,0xff,0xff,0xff,0xff,0xff,0xff,0xff,0xff,0xff,0xff,0xff,0xff,0xff,0xff,0xff,0xff,0xff,0xff,
    0xff,0xff,0xff,0xff,0xff,0xff,0xff,0xff,0xff,0xff,0xff,0xff,0xff,0xff,0xff,0xff,0xff,0xff,0xff,0xff,0xff,0xff,0xff,0xff,
    0xff,0xff,0xff,0xff,0xff,0xff,0xff,0xff,0xff,0xff,0xff,0xff,0xff,0xff,0xff,0xff,0xff,0xff,0xff,0xff,0xff,0xff,0xff,0xff,
    0xff,0xff,0xff,0xff,0xff,0xff,0xff,0xff,0xff,0xff,0xff,0xff,0xff,0xff,0xff,0xff,0xff,0xff,0xff,0xff,0xff,0xff,0xff,0xff,
    0xff,0xff,0xff,0xff,0xff,0xff,0xff,0xff,0xff,0xff,0xff,0xff,0xff,0xff,0xff,0xff,0xff,0xff,0xff,0xff,0xff,0xff,0xff,0xff,
    0xff,0xff,0xff,0xff,0xff,0xff,0xff,0xff,0xff,0xff,0xff,0xff,0xff,0xff,0xff,0xff,0xff,0xff,0xff,0xff,0xff,0xff,0xff,0xff,
    0xff,0xff,0xff,0xff,0xff,0xff,0xff,0xff,0xff,0xff,0xff,0xff,0xff,0xff,0xff,0xff,0xff,0xff,0xff,0xff,0xff,0xff,0xff,0xff,
    0xff,0xff,0xff,0xff,0xff,0xff,0xff,0xff,0xff,0xff,0xff,0xff,0xff,0xff,0xff,0xff,0xff,0xff,0xff,0xff,0xff,0xff,0xff,0xff,
    0xff,0xff,0xff,0xff,0xff,0xff,0xff,0xff,0xff,0xff,0xff,0xff,0xff,0xff,0xff,0xff,0xff,0xff,0xff,0xff,0xff,0xff,0xff,0xff,
    0xff,0xff,0xff,0xff,0xff,0xff,0xff,0xff,0xff,0xff,0xff,0xff,0xff,0xff,0xff,0xff,0xff,0xff,0xff,0xff,0xff,0xff,0xff,0xff,
    0xff,0xff,0xff,0xff,0xff,0xff,0xff,0xff,0xff,0xff,0xff,0xff,0xff,0xff,0xff,0xff,0xff,0xff,0xff,0xff,0xff,0xff,0xff,0xff,
    0xff,0xff,0xff,0xff,0xff,0xff,0xff,0xff,0xff,0xff,0xff,0xff,0xff,0xff,0xff,0xff,0xff,0xff,0xff,0xff,0xff,0xff,0xff,0xff,
    0xff,0xff,0xff,0xff,0xff,0xff,0xff,0xff,0xff,0xff,0xff,0xff,0xff,0xff,0xff,0xff,0xff,0xff,0xff,0xff,0xff,0xff,0xff,0xff,
    0xff,0xff,0xff,0xff,0xff,0xff,0xff,0xff,0xff,0xff,0xff,0xff,0xff,0xff,0xff,0xff,0xff,0xff,0xff,0xff,0xff,0xff,0xff,0xff,
    0xff,0xff,0xff,0xff,0xff,0xff,0xff,0xff,0xff,0xff,0xff,0xff,0xff,0xff,0xff,0xff,0xff,0xff,0xff,0xff,0xff,0xff,0xff,0xff,
    0xff,0xff,0xff,0xff,0xff,0xff,0xff,0xff,0xff,0xff,0xff,0xff,0xff,0x4a,0x00,0x00,0x00,0x00,0x00,0x00,0x00,0x00,0x00,0x00,
    0x00,0x00,0x00,0x00,0x00,0x00,0x00,0x00,0x00,0x00,0x00,0x00,0x00,0x00,0x00,0x00,0x00,0x00,0x00,0x00,0x00,0x00,0x00,0x00,
    0x00,0x00,0x55,0xff,0xff,0xff,0xff,0xff,0xff,0xff,0xff,0xff,0xff,0xff,0xff,0xff,0xff,0xff,0xff,0xff,0xff,0xff,0xff,0xff,
    0xff,0xff,0xff,0xff,0xff,0xff,0xff,0xff,0xff,0xff,0xff,0xff,0xff,0xff,0xff,0xff,0xff,0xff,0xff,0xff,0xff,0xff,0xff,0xff,
    0xff,0xff,0xff,0xff,0xff,0xff,0xff,0xff,0xff,0xff,0xff,0xff,0xff,0xff,0xff,0xff,0xff,0xff,0xff,0xff,0xff,0xff,0xff,0xff,
    0xff,0xff,0xff,0xff,0xff,0xff,0xff,0xff,0xff,0xff,0xff,0xff,0xff,0xff,0xff,0xff,0xff,0xff,0xff,0xff,0xff,0xff,0xff,0xff,
    0xff,0xff,0xff,0xff,0xff,0xff,0xff,0xff,0xff,0xff,0xff,0xff,0xff,0xff,0xff,0xff,0xff,0xff,0xff,0xff,0xff,0xff,0xff,0xff,
    0xff,0xff,0xff,0xff,0xff,0xff,0xff,0xff,0xff,0xff,0xff,0xff,0xff,0xff,0xff,0xff,0xff,0xff,0xff,0xff,0xff,0xff,0xff,0xff,
    0xff,0xff,0xff,0xff,0xff,0xff,0xff,0xff,0xff,0xff,0xff,0xff,0xff,0xff,0xff,0xff,0xff,0xff,0xff,0xff,0xff,0xff,0xff,0xff,
    0xff,0xff,0xff,0xff,0xff,0xff,0xff,0xff,0xff,0xff,0xff,0xff,0xff,0xff,0xff,0xff,0xff,0xff,0xff,0xff,0xff,0xff,0xff,0xff,
    0xff,0xff,0xff,0xff,0xff,0xff,0xff,0xff,0xff,0xff,0xff,0xff,0xff,0xff,0xff,0xff,0xff,0xff,0xff,0xff,0xff,0xff,0xff,0xff,
    0xff,0xff,0xff,0xff,0xff,0xff,0xff,0xff,0xff,0xff,0xff,0xff,0xff,0xff,0xff,0xff,0xff,0xff,0xff,0xff,0xff,0xff,0xff,0xff,
    0xff,0xff,0xff,0xff,0xff,0xff,0xff,0xff,0xff,0xff,0xff,0xff,0xff,0xff,0xff,0xff,0xff,0xff,0xff,0xff,0xff,0xff,0xff,0xff,
    0xff,0xff,0xff,0xff,0xff,0xff,0xff,0xff,0xff,0xff,0xff,0xff,0xff,0xff,0xff,0xff,0xff,0xff,0xff,0xff,0xff,0xff,0xff,0xff,
    0xff,0xff,0xff,0xff,0xff,0xff,0xff,0xff,0xff,0xff,0xff,0xff,0xff,0xff,0xff,0xff,0xff,0xff,0xff,0xff,0xff,0xff,0xff,0xff,
    0xff,0xff,0xff,0xff,0xff,0xff,0xff,0xff,0xff,0xff,0xff,0xff,0xff,0xff,0xff,0xff,0xff,0xff,0xff,0xff,0xff,0xff,0xff,0xff,
    0xff,0xff,0xff,0xff,0xff,0xff,0xff,0xff,0xff,0xff,0xff,0xff,0xff,0xff,0xff,0xff,0xff,0xff,0xff,0xff,0xff,0xff,0xff,0xff,
    0xff,0xff,0xff,0xff,0xff,0xff,0xff,0xff,0xff,0xff,0xff,0xff,0xff,0xff,0xff,0xff,0xff,0xff,0xff,0xff,0xff,0xff,0xff,0xff,
    0xff,0xff,0xff,0xff,0xff,0xff,0xff,0xff,0xff,0xff,0xff,0xff,0xff,0xff,0xff,0xff,0xff,0xff,0xff,0xff,0xff,0xff,0xff,0xff,
    0xff,0xff,0xff,0xff,0xff,0x55,0x00,0x00,0x00,0x00,0x00,0x00,0x00,0x00,0x00,0x00,0x00,0x00,0x00,0x00,0x00,0x00,0x00,0x00,
    0x00,0x00,0x00,0x00,0x00,0x00,0x00,0x00,0x00,0x00,0x00,0x00,0x00,0x00,0x00,0x00,0x00,0x00,0x55,0xf4,0xff,0xff,0xff,0xff,
    0xff,0xff,0xff,0xff,0xff,0xff,0xff,0xff,0xff,0xff,0xff,0xff,0xff,0xff,0xff,0xff,0xff,0xff,0xff,0xff,0xff,0xff,0xff,0xff,
    0xff,0xff,0xff,0xff,0xff,0xff,0xff,0xff,0xff,0xff,0xff,0xff,0xff,0xff,0xff,0xff,0xff,0xff,0xff,0xff,0xff,0xff,0xff,0xff,
    0xff,0xff,0xff,0xff,0xff,0xff,0xff,0xff,0xff,0xff,0xff,0xff,0xff,0xff,0xff,0xff,0xff,0xff,0xff,0xff,0xff,0xff,0xff,0xff,
    0xff,0xff,0xff,0xff,0xff,0xff,0xff,0xff,0xff,0xff,0xff,0xff,0xff,0xff,0xff,0xff,0xff,0xff,0xff,0xff,0xff,0xff,0xff,0xff,
    0xff,0xff,0xff,0xff,0xff,0xff,0xff,0xff,0xff,0xff,0xff,0xff,0xff,0xff,0xff,0xff,0xff,0xff,0xff,0xff,0xff,0xff,0xff,0xff,
    0xff,0xff,0xff,0xff,0xff,0xff,0xff,0xff,0xff,0xff,0xff,0xff,0xff,0xff,0xff,0xff,0xff,0xff,0xff,0xff,0xff,0xff,0xff,0xff,
    0xff,0xff,0xff,0xff,0xff,0xff,0xff,0xff,0xff,0xff,0xff,0xff,0xff,0xff,0xff,0xff,0xff,0xff,0xff,0xff,0xff,0xff,0xff,0xff,
    0xff,0xff,0xff,0xff,0xff,0xff,0xff,0xff,0xff,0xff,0xff,0xff,0xff,0xff,0xff,0xff,0xff,0xff,0xff,0xff,0xff,0xff,0xff,0xff,
    0xff,0xff,0xff,0xff,0xff,0xff,0xff,0xff,0xff,0xff,0xff,0xff,0xff,0xff,0xff,0xff,0xff,0xff,0xff,0xff,0xff,0xff,0xff,0xff,
    0xff,0xff,0xff,0xff,0xff,0xff,0xff,0xff,0xff,0xff,0xff,0xff,0xff,0xff,0xff,0xff,0xff,0xff,0xff,0xff,0xff,0xff,0xff,0xff,
    0xff,0xff,0xff,0xff,0xff,0xff,0xff,0xff,0xff,0xff,0xff,0xff,0xff,0xff,0xff,0xff,0xff,0xff,0xff,0xff,0xff,0xff,0xff,0xff,
    0xff,0xff,0xff,0xff,0xff,0xff,0xff,0xff,0xff,0xff,0xff,0xff,0xff,0xff,0xff,0xff,0xff,0xff,0xff,0xff,0xff,0xff,0xff,0xff,
    0xff,0xff,0xff,0xff,0xff,0xff,0xff,0xff,0xff,0xff,0xff,0xff,0xff,0xff,0xff,0xff,0xff,0xff,0xff,0xff,0xff,0xff,0xff,0xff,
    0xff,0xff,0xff,0xff,0xff,0xff,0xff,0xff,0xff,0xff,0xff,0xff,0xff,0xff,0xff,0xff,0xff,0xff,0xff,0xff,0xff,0xff,0xff,0xff,
    0xff,0xff,0xff,0xff,0xff,0xff,0xff,0xff,0xff,0xff,0xff,0xff,0xff,0xff,0xff,0xff,0xff,0xff,0xff,0xff,0xff,0xff,0xff,0xff,
    0xff,0xff,0xff,0xff,0xff,0xff,0xff,0xff,0xff,0xff,0xff,0xff,0xff,0xff,0xff,0xff,0xff,0xff,0xff,0xff,0xff,0xff,0xff,0xff,
    0xff,0xff,0xff,0xff,0xff,0xff,0xff,0xff,0xff,0xff,0xff,0xff,0xff,0xff,0xff,0xff,0xff,0xff,0xff,0xff,0xff,0x55,0x00,0x00,
    0x00,0x00,0x00,0x00,0x00,0x00,0x00,0x00,0x00,0x00,0x00,0x00,0x00,0x00,0x00,0x00,0x00,0x00,0x00,0x00,0x00,0x00,0x00,0x00,
    0x00,0x00,0x00,0x00,0x00,0x00,0x00,0x00,0x00,0x00,0x55,0xff,0xff,0xff,0xff,0xff,0xff,0xff,0xff,0xff,0xff,0xff,0xff,0xff,
    0xff,0xff,0xff,0xff,0xff,0xff,0xff,0xff,0xff,0xff,0xff,0xff,0xff,0xff,0xff,0xff,0xff,0xff,0xff,0xff,0xff,0xff,0xff,0xff,
    0xff,0xff,0xff,0xff,0xff,0xff,0xff,0xff,0xff,0xff,0xff,0xff,0xff,0xff,0xff,0xff,0xff,0xff,0xff,0xff,0xff,0xff,0xff,0xff,
    0xff,0xff,0xff,0xff,0xff,0xff,0xff,0xff,0xff,0xff,0xff,0xff,0xff,0xff,0xff,0xff,0xff,0xff,0xff,0xff,0xff,0xff,0xff,0xff,
    0xff,0xff,0xff,0xff,0xff,0xff,0xff,0xff,0xff,0xff,0xff,0xff,0xff,0xff,0xff,0xff,0xff,0xff,0xff,0xff,0xff,0xff,0xff,0xff,
    0xff,0xff,0xff,0xff,0xff,0xff,0xff,0xff,0xff,0xff,0xff,0xff,0xff,0xff,0xff,0xff,0xff,0xff,0xff,0xff,0xff,0xff,0xff,0xff,
    0xff,0xff,0xff,0xff,0xff,0xff,0xff,0xff,0xff,0xff,0xff,0xff,0xff,0xff,0xff,0xff,0xff,0xff,0xff,0xff,0xff,0xff,0xff,0xff,
    0xff,0xff,0xff,0xff,0xff,0xff,0xff,0xff,0xff,0xff,0xff,0xff,0xff,0xff,0xff,0xff,0xff,0xff,0xff,0xff,0xff,0xff,0xff,0xff,
    0xff,0xff,0xff,0xff,0xff,0xff,0xff,0xff,0xff,0xff,0xff,0xff,0xff,0xff,0xff,0xff,0xff,0xff,0xff,0xff,0xff,0xff,0xff,0xff,
    0xff,0xff,0xff,0xff,0xff,0xff,0xff,0xff,0xff,0xff,0xff,0xff,0xff,0xff,0xff,0xff,0xff,0xff,0xff,0xff,0xff,0xff,0xff,0xff,
    0xff,0xff,0xff,0xff,0xff,0xff,0xff,0xff,0xff,0xff,0xff,0xff,0xff,0xff,0xff,0xff,0xff,0xff,0xff,0xff,0xff,0xff,0xff,0xff,
    0xff,0xff,0xff,0xff,0xff,0xff,0xff,0xff,0xff,0xff,0xff,0xff,0xff,0xff,0xff,0xff,0xff,0xff,0xff,0xff,0xff,0xff,0xff,0xff,
    0xff,0xff,0xff,0xff,0xff,0xff,0xff,0xff,0xff,0xff,0xff,0xff,0xff,0xff,0xff,0xff,0xff,0xff,0xff,0xff,0xff,0xff,0xff,0xff,
    0xff,0xff,0xff,0xff,0xff,0xff,0xff,0xff,0xff,0xff,0xff,0xff,0xff,0xff,0xff,0xff,0xff,0xff,0xff,0xff,0xff,0xff,0xff,0xff,
    0xff,0xff,0xff,0xff,0xff,0xff,0xff,0xff,0xff,0xff,0xff,0xff,0xff,0xff,0xff,0xff,0xff,0xff,0xff,0xff,0xff,0xff,0xff,0xff,
    0xff,0xff,0xff,0xff,0xff,0xff,0xff,0xff,0xff,0xff,0xff,0xff,0xff,0xff,0xff,0xff,0xff,0xff,0xff,0xff,0xff,0xff,0xff,0xff,
    0xff,0xff,0xff,0xff,0xff,0xff,0xff,0xff,0xff,0xff,0xff,0xff,0xff,0xff,0xff,0xff,0xff,0xff,0xff,0xff,0xff,0xff,0xff,0xff,
    0xff,0xff,0xff,0xff,0xff,0xff,0xff,0xff,0xff,0xff,0xff,0xff,0xf4,0x55,0x00,0x00,0x00,0x00,0x00,0x00,0x00,0x00,0x00,0x00,
    0x00,0x00,0x00,0x00,0x00,0x00,0x00,0x00,0x00,0x00,0x00,0x00,0x00,0x00,0x00,0x00,0x00,0x00,0x00,0x00,0x00,0x00,0x00,0x00,
    0x00,0x00,0x40,0xf4,0xff,0xff,0xff,0xff,0xff,0xff,0xff,0xff,0xff,0xff,0xff,0xff,0xff,0xff,0xff,0xff,0xff,0xff,0xff,0xff,
    0xff,0xff,0xff,0xff,0xff,0xff,0xff,0xff,0xff,0xff,0xff,0xff,0xff,0xff,0xff,0xff,0xff,0xff,0xff,0xff,0xff,0xff,0xff,0xff,
    0xff,0xff,0xff,0xff,0xff,0xff,0xff,0xff,0xff,0xff,0xff,0xff,0xff,0xff,0xff,0xff,0xff,0xff,0xff,0xff,0xff,0xff,0xff,0xff,
    0xff,0xff,0xff,0xff,0xff,0xff,0xff,0xff,0xff,0xff,0xff,0xff,0xff,0xff,0xff,0xff,0xff,0xff,0xff,0xff,0xff,0xff,0xff,0xff,
    0xff,0xff,0xff,0xff,0xff,0xff,0xff,0xff,0xff,0xff,0xff,0xff,0xff,0xff,0xff,0xff,0xff,0xff,0xff,0xff,0xff,0xff,0xff,0xff,
    0xff,0xff,0xff,0xff,0xff,0xff,0xff,0xff,0xff,0xff,0xff,0xff,0xff,0xff,0xff,0xff,0xff,0xff,0xff,0xff,0xff,0xff,0xff,0xff,
    0xff,0xff,0xff,0xff,0xff,0xff,0xff,0xff,0xff,0xff,0xff,0xff,0xff,0xff,0xff,0xff,0xff,0xff,0xff,0xff,0xff,0xff,0xff,0xff,
    0xff,0xff,0xff,0xff,0xff,0xff,0xff,0xff,0xff,0xff,0xff,0xff,0xff,0xff,0xff,0xff,0xff,0xff,0xff,0xff,0xff,0xff,0xff,0xff,
    0xff,0xff,0xff,0xff,0xff,0xff,0xff,0xff,0xff,0xff,0xff,0xff,0xff,0xff,0xff,0xff,0xff,0xff,0xff,0xff,0xff,0xff,0xff,0xff,
    0xff,0xff,0xff,0xff,0xff,0xff,0xff,0xff,0xff,0xff,0xff,0xff,0xff,0xff,0xff,0xff,0xff,0xff,0xff,0xff,0xff,0xff,0xff,0xff,
    0xff,0xff,0xff,0xff,0xff,0xff,0xff,0xff,0xff,0xff,0xff,0xff,0xff,0xff,0xff,0xff,0xff,0xff,0xff,0xff,0xff,0xff,0xff,0xff,
    0xff,0xff,0xff,0xff,0xff,0xff,0xff,0xff,0xff,0xff,0xff,0xff,0xff,0xff,0xff,0xff,0xff,0xff,0xff,0xff,0xff,0xff,0xff,0xff,
    0xff,0xff,0xff,0xff,0xff,0xff,0xff,0xff,0xff,0xff,0xff,0xff,0xff,0xff,0xff,0xff,0xff,0xff,0xff,0xff,0xff,0xff,0xff,0xff,
    0xff,0xff,0xff,0xff,0xff,0xff,0xff,0xff,0xff,0xff,0xff,0xff,0xff,0xff,0xff,0xff,0xff,0xff,0xff,0xff,0xff,0xff,0xff,0xff,
    0xff,0xff,0xff,0xff,0xff,0xff,0xff,0xff,0xff,0xff,0xff,0xff,0xff,0xff,0xff,0xff,0xff,0xff,0xff,0xff,0xff,0xff,0xff,0xff,
    0xff,0xff,0xff,0xff,0xff,0xff,0xff,0xff,0xff,0xff,0xff,0xff,0xff,0xff,0xff,0xff,0xff,0xff,0xff,0xff,0xff,0xff,0xff,0xff,
    0xff,0xff,0xff,0xff,0xff,0xff,0xff,0xff,0xff,0xff,0xff,0xff,0xff,0xff,0xff,0xff,0xff,0xff,0xff,0xff,0xff,0xff,0xff,0xff,
    0xff,0xff,0xff,0xff,0xf4,0x55,0x00,0x00,0x00,0x00,0x00,0x00,0x00,0x00,0x00,0x00,0x00,0x00,0x00,0x00,0x00,0x00,0x00,0x00,
    0x00,0x00,0x00,0x00,0x00,0x00,0x00,0x00,0x00,0x00,0x00,0x00,0x00,0x00,0x00,0x00,0x00,0x00,0x55,0xf4,0xff,0xff,0xff,0xff,
    0xff,0xff,0xff,0xff,0xff,0xff,0xff,0xff,0xff,0xff,0xff,0xff,0xff,0xff,0xff,0xff,0xff,0xff,0xff,0xff,0xff,0xff,0xff,0xff,
    0xff,0xff,0xff,0xff,0xff,0xff,0xff,0xff,0xff,0xff,0xff,0xff,0xff,0xff,0xff,0xff,0xff,0xff,0xff,0xff,0xff,0xff,0xff,0xff,
    0xff,0xff,0xff,0xff,0xff,0xff,0xff,0xff,0xff,0xff,0xff,0xff,0xff,0xff,0xff,0xff,0xff,0xff,0xff,0xff,0xff,0xff,0xff,0xff,
    0xff,0xff,0xff,0xff,0xff,0xff,0xff,0xff,0xff,0xff,0xff,0xff,0xff,0xff,0xff,0xff,0xff,0xff,0xff,0xff,0xff,0xff,0xff,0xff,
    0xff,0xff,0xff,0xff,0xff,0xff,0xff,0xff,0xff,0xff,0xff,0xff,0xff,0xff,0xff,0xff,0xff,0xff,0xff,0xff,0xff,0xff,0xff,0xff,
    0xff,0xff,0xff,0xff,0xff,0xff,0xff,0xff,0xff,0xff,0xff,0xff,0xff,0xff,0xff,0xff,0xff,0xff,0xff,0xff,0xff,0xff,0xff,0xff,
    0xff,0xff,0xff,0xff,0xff,0xff,0xff,0xff,0xff,0xff,0xff,0xff,0xff,0xff,0xff,0xff,0xff,0xff,0xff,0xff,0xff,0xff,0xff,0xff,
    0xff,0xff,0xff,0xff,0xff,0xff,0xff,0xff,0xff,0xff,0xff,0xff,0xff,0xff,0xff,0xff,0xff,0xff,0xff,0xff,0xff,0xff,0xff,0xff,
    0xff,0xff,0xff,0xff,0xff,0xff,0xff,0xff,0xff,0xff,0xff,0xff,0xff,0xff,0xff,0xff,0xff,0xff,0xff,0xff,0xff,0xff,0xff,0xff,
    0xff,0xff,0xff,0xff,0xff,0xff,0xff,0xff,0xff,0xff,0xff,0xff,0xff,0xff,0xff,0xff,0xff,0xff,0xff,0xff,0xff,0xff,0xff,0xff,
    0xff,0xff,0xff,0xff,0xff,0xff,0xff,0xff,0xff,0xff,0xff,0xff,0xff,0xff,0xff,0xff,0xff,0xff,0xff,0xff,0xff,0xff,0xff,0xff,
    0xff,0xff,0xff,0xff,0xff,0xff,0xff,0xff,0xff,0xff,0xff,0xff,0xff,0xff,0xff,0xff,0xff,0xff,0xff,0xff,0xff,0xff,0xff,0xff,
    0xff,0xff,0xff,0xff,0xff,0xff,0xff,0xff,0xff,0xff,0xff,0xff,0xff,0xff,0xff,0xff,0xff,0xff,0xff,0xff,0xff,0xff,0xff,0xff,
    0xff,0xff,0xff,0xff,0xff,0xff,0xff,0xff,0xff,0xff,0xff,0xff,0xff,0xff,0xff,0xff,0xff,0xff,0xff,0xff,0xff,0xff,0xff,0xff,
    0xff,0xff,0xff,0xff,0xff,0xff,0xff,0xff,0xff,0xff,0xff,0xff,0xff,0xff,0xff,0xff,0xff,0xff,0xff,0xff,0xff,0xff,0xff,0xff,
    0xff,0xff,0xff,0xff,0xff,0xff,0xff,0xff,0xff,0xff,0xff,0xff,0xff,0xff,0xff,0xff,0xff,0xff,0xff,0xff,0xff,0xff,0xff,0xff,
    0xff,0xff,0xff,0xff,0xff,0xff,0xff,0xff,0xff,0xff,0xff,0xff,0xff,0xff,0xff,0xff,0xff,0xff,0xff,0xff,0xf4,0x55,0x00,0x00,
    0x00,0x00,0x00,0x00,0x00,0x00,0x00,0x00,0x00,0x00,0x00,0x00,0x00,0x00,0x00,0x00,0x00,0x00,0x00,0x00,0x00,0x00,0x00,0x00,
    0x00,0x00,0x00,0x00,0x00,0x00,0x00,0x00,0x00,0x00,0x55,0xff,0xff,0xff,0xff,0xff,0xff,0xff,0xff,0xff,0xff,0xff,0xff,0xff,
    0xff,0xff,0xff,0xff,0xff,0xff,0xff,0xff,0xff,0xff,0xff,0xff,0xff,0xff,0xff,0xff,0xff,0xff,0xff,0xff,0xff,0xff,0xff,0xff,
    0xff,0xff,0xff,0xff,0xff,0xff,0xff,0xff,0xff,0xff,0xff,0xff,0xff,0xff,0xff,0xff,0xff,0xff,0xff,0xff,0xff,0xff,0xff,0xff,
    0xff,0xff,0xff,0xff,0xff,0xff,0xff,0xff,0xff,0xff,0xff,0xff,0xff,0xff,0xff,0xff,0xff,0xff,0xff,0xff,0xff,0xff,0xff,0xff,
    0xff,0xff,0xff,0xff,0xff,0xff,0xff,0xff,0xff,0xff,0xff,0xff,0xff,0xff,0xff,0xff,0xff,0xff,0xff,0xff,0xff,0xff,0xff,0xff,
    0xff,0xff,0xff,0xff,0xff,0xff,0xff,0xff,0xff,0xff,0xff,0xff,0xff,0xff,0xff,0xff,0xff,0xff,0xff,0xff,0xff,0xff,0xff,0xff,
    0xff,0xff,0xff,0xff,0xff,0xff,0xff,0xff,0xff,0xff,0xff,0xff,0xff,0xff,0xff,0xff,0xff,0xff,0xff,0xff,0xff,0xff,0xff,0xff,
    0xff,0xff,0xff,0xff,0xff,0xff,0xff,0xff,0xff,0xff,0xff,0xff,0xff,0xff,0xff,0xff,0xff,0xff,0xff,0xff,0xff,0xff,0xff,0xff,
    0xff,0xff,0xff,0xff,0xff,0xff,0xff,0xff,0xff,0xff,0xff,0xff,0xff,0xff,0xff,0xff,0xff,0xff,0xff,0xff,0xff,0xff,0xff,0xff,
    0xff,0xff,0xff,0xff,0xff,0xff,0xff,0xff,0xff,0xff,0xff,0xff,0xff,0xff,0xff,0xff,0xff,0xff,0xff,0xff,0xff,0xff,0xff,0xff,
    0xff,0xff,0xff,0xff,0xff,0xff,0xff,0xff,0xff,0xff,0xff,0xff,0xff,0xff,0xff,0xff,0xff,0xff,0xff,0xff,0xff,0xff,0xff,0xff,
    0xff,0xff,0xff,0xff,0xff,0xff,0xff,0xff,0xff,0xff,0xff,0xff,0xff,0xff,0xff,0xff,0xff,0xff,0xff,0xff,0xff,0xff,0xff,0xff,
    0xff,0xff,0xff,0xff,0xff,0xff,0xff,0xff,0xff,0xff,0xff,0xff,0xff,0xff,0xff,0xff,0xff,0xff,0xff,0xff,0xff,0xff,0xff,0xff,
    0xff,0xff,0xff,0xff,0xff,0xff,0xff,0xff,0xff,0xff,0xff,0xff,0xff,0xff,0xff,0xff,0xff,0xff,0xff,0xff,0xff,0xff,0xff,0xff,
    0xff,0xff,0xff,0xff,0xff,0xff,0xff,0xff,0xff,0xff,0xff,0xff,0xff,0xff,0xff,0xff,0xff,0xff,0xff,0xff,0xff,0xff,0xff,0xff,
    0xff,0xff,0xff,0xff,0xff,0xff,0xff,0xff,0xff,0xff,0xff,0xff,0xff,0xff,0xff,0xff,0xff,0xff,0xff,0xff,0xff,0xff,0xff,0xff,
    0xff,0xff,0xff,0xff,0xff,0xff,0xff,0xff,0xff,0xff,0xff,0xff,0xff,0xff,0xff,0xff,0xff,0xff,0xff,0xff,0xff,0xff,0xff,0xff,
    0xff,0xff,0xff,0xff,0xff,0xff,0xff,0xff,0xff,0xff,0xff,0xff,0xf4,0x55,0x00,0x00,0x00,0x00,0x00,0x00,0x00,0x00,0x00,0x00,
    0x00,0x00,0x00,0x00,0x00,0x00,0x00,0x00,0x00,0x00,0x00,0x00,0x00,0x00,0x00,0x00,0x00,0x00,0x00,0x00,0x00,0x00,0x00,0x00,
    0x00,0x00,0x55,0xff,0xff,0xff,0xff,0xff,0xff,0xff,0xff,0xff,0xff,0xff,0xff,0xff,0xff,0xff,0xff,0xff,0xff,0xff,0xff,0xff,
    0xff,0xff,0xff,0xff,0xff,0xff,0xff,0xff,0xff,0xff,0xff,0xff,0xff,0xff,0xff,0xff,0xff,0xff,0xff,0xff,0xff,0xff,0xff,0xff,
    0xff,0xff,0xff,0xff,0xff,0xff,0xff,0xff,0xff,0xff,0xff,0xff,0xff,0xff,0xff,0xff,0xff,0xff,0xff,0xff,0xff,0xff,0xff,0xff,
    0xff,0xff,0xff,0xff,0xff,0xff,0xff,0xff,0xff,0xff,0xff,0xff,0xff,0xff,0xff,0xff,0xff,0xff,0xff,0xff,0xff,0xff,0xff,0xff,
    0xff,0xff,0xff,0xff,0xff,0xff,0xff,0xff,0xff,0xff,0xff,0xff,0xff,0xff,0xff,0xff,0xff,0xff,0xff,0xff,0xff,0xff,0xff,0xff,
    0xff,0xff,0xff,0xff,0xff,0xff,0xff,0xff,0xff,0xff,0xff,0xff,0xff,0xff,0xff,0xff,0xff,0xff,0xff,0xff,0xff,0xff,0xff,0xff,
    0xff,0xff,0xff,0xff,0xff,0xff,0xff,0xff,0xff,0xff,0xff,0xff,0xff,0xff,0xff,0xff,0xff,0xff,0xff,0xff,0xff,0xff,0xff,0xff,
    0xff,0xff,0xff,0xff,0xff,0xff,0xff,0xff,0xff,0xff,0xff,0xff,0xff,0xff,0xff,0xff,0xff,0xff,0xff,0xff,0xff,0xff,0xff,0xff,
    0xff,0xff,0xff,0xff,0xff,0xff,0xff,0xff,0xff,0xff,0xff,0xff,0xff,0xff,0xff,0xff,0xff,0xff,0xff,0xff,0xff,0xff,0xff,0xff,
    0xff,0xff,0xff,0xff,0xff,0xff,0xff,0xff,0xff,0xff,0xff,0xff,0xff,0xff,0xff,0xff,0xff,0xff,0xff,0xff,0xff,0xff,0xff,0xff,
    0xff,0xff,0xff,0xff,0xff,0xff,0xff,0xff,0xff,0xff,0xff,0xff,0xff,0xff,0xff,0xff,0xff,0xff,0xff,0xff,0xff,0xff,0xff,0xff,
    0xff,0xff,0xff,0xff,0xff,0xff,0xff,0xff,0xff,0xff,0xff,0xff,0xff,0xff,0xff,0xff,0xff,0xff,0xff,0xff,0xff,0xff,0xff,0xff,
    0xff,0xff,0xff,0xff,0xff,0xff,0xff,0xff,0xff,0xff,0xff,0xff,0xff,0xff,0xff,0xff,0xff,0xff,0xff,0xff,0xff,0xff,0xff,0xff,
    0xff,0xff,0xff,0xff,0xff,0xff,0xff,0xff,0xff,0xff,0xff,0xff,0xff,0xff,0xff,0xff,0xff,0xff,0xff,0xff,0xff,0xff,0xff,0xff,
    0xff,0xff,0xff,0xff,0xff,0xff,0xff,0xff,0xff,0xff,0xff,0xff,0xff,0xff,0xff,0xff,0xff,0xff,0xff,0xff,0xff,0xff,0xff,0xff,
    0xff,0xff,0xff,0xff,0xff,0xff,0xff,0xff,0xff,0xff,0xff,0xff,0xff,0xff,0xff,0xff,0xff,0xff,0xff,0xff,0xff,0xff,0xff,0xff,
    0xff,0xff,0xff,0xff,0xff,0xff,0xff,0xff,0xff,0xff,0xff,0xff,0xff,0xff,0xff,0xff,0xff,0xff,0xff,0xff,0xff,0xff,0xff,0xff,
    0xff,0xff,0xff,0xff,0xff,0x55,0x00,0x00,0x00,0x00,0x00,0x00,0x00,0x00,0x00,0x00,0x00,0x00,0x00,0x00,0x00,0x00,0x00,0x00,
    0x00,0x00,0x00,0x00,0x00,0x00,0x00,0x00,0x00,0x00,0x00,0x00,0x00,0x00,0x00,0x00,0x00,0x00,0x55,0xff,0xff,0xff,0xff,0xff,
    0xff,0xff,0xff,0xff,0xff,0xff,0xff,0xff,0xff,0xff,0xff,0xff,0xff,0xff,0xff,0xff,0xff,0xff,0xff,0xff,0xff,0xff,0xff,0xff,
    0xff,0xff,0xff,0xff,0xff,0xff,0xff,0xff,0xff,0xff,0xff,0xff,0xff,0xff,0xff,0xff,0xff,0xff,0xff,0xff,0xff,0xff,0xff,0xff,
    0xff,0xff,0xff,0xff,0xff,0xff,0xff,0xff,0xff,0xff,0xff,0xff,0xff,0xff,0xff,0xff,0xff,0xff,0xff,0xff,0xff,0xff,0xff,0xff,
    0xff,0xff,0xff,0xff,0xff,0xff,0xff,0xff,0xff,0xff,0xff,0xff,0xff,0xff,0xff,0xff,0xff,0xff,0xff,0xff,0xff,0xff,0xff,0xff,
    0xff,0xff,0xff,0xff,0xff,0xff,0xff,0xff,0xff,0xff,0xff,0xff,0xff,0xff,0xff,0xff,0xff,0xff,0xff,0xff,0xff,0xff,0xff,0xff,
    0xff,0xff,0xff,0xff,0xff,0xff,0xff,0xff,0xff,0xff,0xff,0xff,0xff,0xff,0xff,0xff,0xff,0xff,0xff,0xff,0xff,0xff,0xff,0xff,
    0xff,0xff,0xff,0xff,0xff,0xff,0xff,0xff,0xff,0xff,0xff,0xff,0xff,0xff,0xff,0xff,0xff,0xff,0xff,0xff,0xff,0xff,0xff,0xff,
    0xff,0xff,0xff,0xff,0xff,0xff,0xff,0xff,0xff,0xff,0xff,0xff,0xff,0xff,0xff,0xff,0xff,0xff,0xff,0xff,0xff,0xff,0xff,0xff,
    0xff,0xff,0xff,0xff,0xff,0xff,0xff,0xff,0xff,0xff,0xff,0xff,0xff,0xff,0xff,0xff,0xff,0xff,0xff,0xff,0xff,0xff,0xff,0xff,
    0xff,0xff,0xff,0xff,0xff,0xff,0xff,0xff,0xff,0xff,0xff,0xff,0xff,0xff,0xff,0xff,0xff,0xff,0xff,0xff,0xff,0xff,0xff,0xff,
    0xff,0xff,0xff,0xff,0xff,0xff,0xff,0xff,0xff,0xff,0xff,0xff,0xff,0xff,0xff,0xff,0xff,0xff,0xff,0xff,0xff,0xff,0xff,0xff,
    0xff,0xff,0xff,0xff,0xff,0xff,0xff,0xff,0xff,0xff,0xff,0xff,0xff,0xff,0xff,0xff,0xff,0xff,0xff,0xff,0xff,0xff,0xff,0xff,
    0xff,0xff,0xff,0xff,0xff,0xff,0xff,0xff,0xff,0xff,0xff,0xff,0xff,0xff,0xff,0xff,0xff,0xff,0xff,0xff,0xff,0xff,0xff,0xff,
    0xff,0xff,0xff,0xff,0xff,0xff,0xff,0xff,0xff,0xff,0xff,0xff,0xff,0xff,0xff,0xff,0xff,0xff,0xff,0xff,0xff,0xff,0xff,0xff,
    0xff,0xff,0xff,0xff,0xff,0xff,0xff,0xff,0xff,0xff,0xff,0xff,0xff,0xff,0xff,0xff,0xff,0xff,0xff,0xff,0xff,0xff,0xff,0xff,
    0xff,0xff,0xff,0xff,0xff,0xff,0xff,0xff,0xff,0xff,0xff,0xff,0xff,0xff,0xff,0xff,0xff,0xff,0xff,0xff,0xff,0xff,0xff,0xff,
    0xff,0xff,0xff,0xff,0xff,0xff,0xff,0xff,0xff,0xff,0xff,0xff,0xff,0xff,0xff,0xff,0xff,0xff,0xff,0xff,0xff,0x4a,0x00,0x00,
    0x00,0x00,0x00,0x00,0x00,0x00,0x00,0x00,0x00,0x00,0x00,0x00,0x00,0x00,0x00,0x00,0x00,0x00,0x00,0x00,0x00,0x00,0x00,0x00,
    0x00,0x00,0x00,0x00,0x00,0x00,0x00,0x00,0x00,0x00,0x55,0xf4,0xff,0xff,0xff,0xff,0xff,0xff,0xff,0xff,0xff,0xff,0xff,0xff,
    0xff,0xff,0xff,0xff,0xff,0xff,0xff,0xff,0xff,0xff,0xff,0xff,0xff,0xff,0xff,0xff,0xff,0xff,0xff,0xff,0xff,0xff,0xff,0xff,
    0xff,0xff,0xff,0xff,0xff,0xff,0xff,0xff,0xff,0xff,0xff,0xff,0xff,0xff,0xff,0xff,0xff,0xff,0xff,0xff,0xff,0xff,0xff,0xff,
    0xff,0xff,0xff,0xff,0xff,0xff,0xff,0xff,0xff,0xff,0xff,0xff,0xff,0xff,0xff,0xff,0xff,0xff,0xff,0xff,0xff,0xff,0xff,0xff,
    0xff,0xff,0xff,0xff,0xff,0xff,0xff,0xff,0xff,0xff,0xff,0xff,0xff,0xff,0xff,0xff,0xff,0xff,0xff,0xff,0xff,0xff,0xff,0xff,
    0xff,0xff,0xff,0xff,0xff,0xff,0xff,0xff,0xff,0xff,0xff,0xff,0xff,0xff,0xff,0xff,0xff,0xff,0xff,0xff,0xff,0xff,0xff,0xff,
    0xff,0xff,0xff,0xff,0xff,0xff,0xff,0xff,0xff,0xff,0xff,0xff,0xff,0xff,0xff,0xff,0xff,0xff,0xff,0xff,0xff,0xff,0xff,0xff,
    0xff,0xff,0xff,0xff,0xff,0xff,0xff,0xff,0xff,0xff,0xff,0xff,0xff,0xff,0xff,0xff,0xff,0xff,0xff,0xff,0xff,0xff,0xff,0xff,
    0xff,0xff,0xff,0xff,0xff,0xff,0xff,0xff,0xff,0xff,0xff,0xff,0xff,0xff,0xff,0xff,0xff,0xff,0xff,0xff,0xff,0xff,0xff,0xff,
    0xff,0xff,0xff,0xff,0xff,0xff,0xff,0xff,0xff,0xff,0xff,0xff,0xff,0xff,0xff,0xff,0xff,0xff,0xff,0xff,0xff,0xff,0xff,0xff,
    0xff,0xff,0xff,0xff,0xff,0xff,0xff,0xff,0xff,0xff,0xff,0xff,0xff,0xff,0xff,0xff,0xff,0xff,0xff,0xff,0xff,0xff,0xff,0xff,
    0xff,0xff,0xff,0xff,0xff,0xff,0xff,0xff,0xff,0xff,0xff,0xff,0xff,0xff,0xff,0xff,0xff,0xff,0xff,0xff,0xff,0xff,0xff,0xff,
    0xff,0xff,0xff,0xff,0xff,0xff,0xff,0xff,0xff,0xff,0xff,0xff,0xff,0xff,0xff,0xff,0xff,0xff,0xff,0xff,0xff,0xff,0xff,0xff,
    0xff,0xff,0xff,0xff,0xff,0xff,0xff,0xff,0xff,0xff,0xff,0xff,0xff,0xff,0xff,0xff,0xff,0xff,0xff,0xff,0xff,0xff,0xff,0xff,
    0xff,0xff,0xff,0xff,0xff,0xff,0xff,0xff,0xff,0xff,0xff,0xff,0xff,0xff,0xff,0xff,0xff,0xff,0xff,0xff,0xff,0xff,0xff,0xff,
    0xff,0xff,0xff,0xff,0xff,0xff,0xff,0xff,0xff,0xff,0xff,0xff,0xff,0xff,0xff,0xff,0xff,0xff,0xff,0xff,0xff,0xff,0xff,0xff,
    0xff,0xff,0xff,0xff,0xff,0xff,0xff,0xff,0xff,0xff,0xff,0xff,0xff,0xff,0xff,0xff,0xff,0xff,0xff,0xff,0xff,0xff,0xff,0xff,
    0xff,0xff,0xff,0xff,0xff,0xff,0xff,0xff,0xff,0xff,0xff,0xff,0xff,0x60,0x00,0x00,0x00,0x00,0x00,0x00,0x00,0x00,0x00,0x00,
    0x00,0x00,0x00,0x00,0x00,0x00,0x00,0x00,0x00,0x00,0x00,0x00,0x00,0x00,0x00,0x00,0x00,0x00,0x00,0x00,0x00,0x00,0x00,0x00,
    0x00,0x00,0x55,0xff,0xff,0xff,0xff,0xff,0xff,0xff,0xff,0xff,0xff,0xff,0xff,0xff,0xff,0xff,0xff,0xff,0xff,0xff,0xff,0xff,
    0xff,0xff,0xff,0xff,0xff,0xff,0xff,0xff,0xff,0xff,0xff,0xff,0xff,0xff,0xff,0xff,0xff,0xff,0xff,0xff,0xff,0xff,0xff,0xff,
    0xff,0xff,0xff,0xff,0xff,0xff,0xff,0xff,0xff,0xff,0xff,0xff,0xff,0xff,0xff,0xff,0xff,0xff,0xff,0xff,0xff,0xff,0xff,0xff,
    0xff,0xff,0xff,0xff,0xff,0xff,0xff,0xff,0xff,0xff,0xff,0xff,0xff,0xff,0xff,0xff,0xff,0xff,0xff,0xff,0xff,0xff,0xff,0xff,
    0xff,0xff,0xff,0xff,0xff,0xff,0xff,0xff,0xff,0xff,0xff,0xff,0xff,0xff,0xff,0xff,0xff,0xff,0xff,0xff,0xff,0xff,0xff,0xff,
    0xff,0xff,0xff,0xff,0xff,0xff,0xff,0xff,0xff,0xff,0xff,0xff,0xff,0xff,0xff,0xff,0xff,0xff,0xff,0xff,0xff,0xff,0xff,0xff,
    0xff,0xff,0xff,0xff,0xff,0xff,0xff,0xff,0xff,0xff,0xff,0xff,0xff,0xff,0xff,0xff,0xff,0xff,0xff,0xff,0xff,0xff,0xff,0xff,
    0xff,0xff,0xff,0xff,0xff,0xff,0xff,0xff,0xff,0xff,0xff,0xff,0xff,0xff,0xff,0xff,0xff,0xff,0xff,0xff,0xff,0xff,0xff,0xff,
    0xff,0xff,0xff,0xff,0xff,0xff,0xff,0xff,0xff,0xff,0xff,0xff,0xff,0xff,0xff,0xff,0xff,0xff,0xff,0xff,0xff,0xff,0xff,0xff,
    0xff,0xff,0xff,0xff,0xff,0xff,0xff,0xff,0xff,0xff,0xff,0xff,0xff,0xff,0xff,0xff,0xff,0xff,0xff,0xff,0xff,0xff,0xff,0xff,
    0xff,0xff,0xff,0xff,0xff,0xff,0xff,0xff,0xff,0xff,0xff,0xff,0xff,0xff,0xff,0xff,0xff,0xff,0xff,0xff,0xff,0xff,0xff,0xff,
    0xff,0xff,0xff,0xff,0xff,0xff,0xff,0xff,0xff,0xff,0xff,0xff,0xff,0xff,0xff,0xff,0xff,0xff,0xff,0xff,0xff,0xff,0xff,0xff,
    0xff,0xff,0xff,0xff,0xff,0xff,0xff,0xff,0xff,0xff,0xff,0xff,0xff,0xff,0xff,0xff,0xff,0xff,0xff,0xff,0xff,0xff,0xff,0xff,
    0xff,0xff,0xff,0xff,0xff,0xff,0xff,0xff,0xff,0xff,0xff,0xff,0xff,0xff,0xff,0xff,0xff,0xff,0xff,0xff,0xff,0xff,0xff,0xff,
    0xff,0xff,0xff,0xff,0xff,0xff,0xff,0xff,0xff,0xff,0xff,0xff,0xff,0xff,0xff,0xff,0xff,0xff,0xff,0xff,0xff,0xff,0xff,0xff,
    0xff,0xff,0xff,0xff,0xff,0xff,0xff,0xff,0xff,0xff,0xff,0xff,0xff,0xff,0xff,0xff,0xff,0xff,0xff,0xff,0xff,0xff,0xff,0xff,
    0xff,0xff,0xff,0xff,0xff,0xff,0xff,0xff,0xff,0xff,0xff,0xff,0xff,0xff,0xff,0xff,0xff,0xff,0xff,0xff,0xff,0xff,0xff,0xff,
    0xff,0xff,0xff,0xff,0xff,0x60,0x00,0x00,0x00,0x00,0x00,0x00,0x00,0x00,0x00,0x00,0x00,0x00,0x00,0x00,0x00,0x00,0x00,0x00,
    0x00,0x00,0x00,0x00,0x00,0x00,0x00,0x00,0x00,0x00,0x00,0x00,0x00,0x00,0x00,0x00,0x00,0x00,0x55,0xff,0xff,0xff,0xff,0xff,
    0xff,0xff,0xff,0xff,0xff,0xff,0xff,0xff,0xff,0xff,0xff,0xff,0xff,0xff,0xff,0xff,0xff,0xff,0xff,0xff,0xff,0xff,0xff,0xff,
    0xff,0xff,0xff,0xff,0xff,0xff,0xff,0xff,0xff,0xff,0xff,0xff,0xff,0xff,0xff,0xff,0xff,0xff,0xff,0xff,0xff,0xff,0xff,0xff,
    0xff,0xff,0xff,0xff,0xff,0xff,0xff,0xff,0xff,0xff,0xff,0xff,0xff,0xff,0xff,0xff,0xff,0xff,0xff,0xff,0xff,0xff,0xff,0xff,
    0xff,0xff,0xff,0xff,0xff,0xff,0xff,0xff,0xff,0xff,0xff,0xff,0xff,0xff,0xff,0xff,0xff,0xff,0xff,0xff,0xff,0xff,0xff,0xff,
    0xff,0xff,0xff,0xff,0xff,0xff,0xff,0xff,0xff,0xff,0xff,0xff,0xff,0xff,0xff,0xff,0xff,0xff,0xff,0xff,0xff,0xff,0xff,0xff,
    0xff,0xff,0xff,0xff,0xff,0xff,0xff,0xff,0xff,0xff,0xff,0xff,0xff,0xff,0xff,0xff,0xff,0xff,0xff,0xff,0xff,0xff,0xff,0xff,
    0xff,0xff,0xff,0xff,0xff,0xff,0xff,0xff,0xff,0xff,0xff,0xff,0xff,0xff,0xff,0xff,0xff,0xff,0xff,0xff,0xff,0xff,0xff,0xff,
    0xff,0xff,0xff,0xff,0xff,0xff,0xff,0xff,0xff,0xff,0xff,0xff,0xff,0xff,0xff,0xff,0xff,0xff,0xff,0xff,0xff,0xff,0xff,0xff,
    0xff,0xff,0xff,0xff,0xff,0xff,0xff,0xff,0xff,0xff,0xff,0xff,0xff,0xff,0xff,0xff,0xff,0xff,0xff,0xff,0xff,0xff,0xff,0xff,
    0xff,0xff,0xff,0xff,0xff,0xff,0xff,0xff,0xff,0xff,0xff,0xff,0xff,0xff,0xff,0xff,0xff,0xff,0xff,0xff,0xff,0xff,0xff,0xff,
    0xff,0xff,0xff,0xff,0xff,0xff,0xff,0xff,0xff,0xff,0xff,0xff,0xff,0xff,0xff,0xff,0xff,0xff,0xff,0xff,0xff,0xff,0xff,0xff,
    0xff,0xff,0xff,0xff,0xff,0xff,0xff,0xff,0xff,0xff,0xff,0xff,0xff,0xff,0xff,0xff,0xff,0xff,0xff,0xff,0xff,0xff,0xff,0xff,
    0xff,0xff,0xff,0xff,0xff,0xff,0xff,0xff,0xff,0xff,0xff,0xff,0xff,0xff,0xff,0xff,0xff,0xff,0xff,0xff,0xff,0xff,0xff,0xff,
    0xff,0xff,0xff,0xff,0xff,0xff,0xff,0xff,0xff,0xff,0xff,0xff,0xff,0xff,0xff,0xff,0xff,0xff,0xff,0xff,0xff,0xff,0xff,0xff,
    0xff,0xff,0xff,0xff,0xff,0xff,0xff,0xff,0xff,0xff,0xff,0xff,0xff,0xff,0xff,0xff,0xff,0xff,0xff,0xff,0xff,0xff,0xff,0xff,
    0xff,0xff,0xff,0xff,0xff,0xff,0xff,0xff,0xff,0xff,0xff,0xff,0xff,0xff,0xff,0xff,0xff,0xff,0xff,0xff,0xff,0xff,0xff,0xff,
    0xff,0xff,0xff,0xff,0xff,0xff,0xff,0xff,0xff,0xff,0xff,0xff,0xff,0xff,0xff,0xff,0xff,0xff,0xff,0xff,0xf4,0x4a,0x00,0x00,
    0x00,0x00,0x00,0x00,0x00,0x00,0x00,0x00,0x00,0x00,0x00,0x00,0x00,0x00,0x00,0x00,0x00,0x00,0x00,0x00,0x00,0x00,0x00,0x00,
    0x00,0x00,0x00,0x00,0x00,0x00,0x00,0x00,0x00,0x00,0x55,0xff,0xff,0xff,0xff,0xff,0xff,0xff,0xff,0xff,0xff,0xff,0xff,0xff,
    0xff,0xff,0xff,0xff,0xff,0xff,0xff,0xff,0xff,0xff,0xff,0xff,0xff,0xff,0xff,0xff,0xff,0xff,0xff,0xff,0xff,0xff,0xff,0xff,
    0xff,0xff,0xff,0xff,0xff,0xff,0xff,0xff,0xff,0xff,0xff,0xff,0xff,0xff,0xff,0xff,0xff,0xff,0xff,0xff,0xff,0xff,0xff,0xff,
    0xff,0xff,0xff,0xff,0xff,0xff,0xff,0xff,0xff,0xff,0xff,0xff,0xff,0xff,0xff,0xff,0xff,0xff,0xff,0xff,0xff,0xff,0xff,0xff,
    0xff,0xff,0xff,0xff,0xff,0xff,0xff,0xff,0xff,0xff,0xff,0xff,0xff,0xff,0xff,0xff,0xff,0xff,0xff,0xff,0xff,0xff,0xff,0xff,
    0xff,0xff,0xff,0xff,0xff,0xff,0xff,0xff,0xff,0xff,0xff,0xff,0xff,0xff,0xff,0xff,0xff,0xff,0xff,0xff,0xff,0xff,0xff,0xff,
    0xff,0xff,0xff,0xff,0xff,0xff,0xff,0xff,0xff,0xff,0xff,0xff,0xff,0xff,0xff,0xff,0xff,0xff,0xff,0xff,0xff,0xff,0xff,0xff,
    0xff,0xff,0xff,0xff,0xff,0xff,0xff,0xff,0xff,0xff,0xff,0xff,0xff,0xff,0xff,0xff,0xff,0xff,0xff,0xff,0xff,0xff,0xff,0xff,
    0xff,0xff,0xff,0xff,0xff,0xff,0xff,0xff,0xff,0xff,0xff,0xff,0xff,0xff,0xff,0xff,0xff,0xff,0xff,0xff,0xff,0xff,0xff,0xff,
    0xff,0xff,0xff,0xff,0xff,0xff,0xff,0xff,0xff,0xff,0xff,0xff,0xff,0xff,0xff,0xff,0xff,0xff,0xff,0xff,0xff,0xff,0xff,0xff,
    0xff,0xff,0xff,0xff,0xff,0xff,0xff,0xff,0xff,0xff,0xff,0xff,0xff,0xff,0xff,0xff,0xff,0xff,0xff,0xff,0xff,0xff,0xff,0xff,
    0xff,0xff,0xff,0xff,0xff,0xff,0xff,0xff,0xff,0xff,0xff,0xff,0xff,0xff,0xff,0xff,0xff,0xff,0xff,0xff,0xff,0xff,0xff,0xff,
    0xff,0xff,0xff,0xff,0xff,0xff,0xff,0xff,0xff,0xff,0xff,0xff,0xff,0xff,0xff,0xff,0xff,0xff,0xff,0xff,0xff,0xff,0xff,0xff,
    0xff,0xff,0xff,0xff,0xff,0xff,0xff,0xff,0xff,0xff,0xff,0xff,0xff,0xff,0xff,0xff,0xff,0xff,0xff,0xff,0xff,0xff,0xff,0xff,
    0xff,0xff,0xff,0xff,0xff,0xff,0xff,0xff,0xff,0xff,0xff,0xff,0xff,0xff,0xff,0xff,0xff,0xff,0xff,0xff,0xff,0xff,0xff,0xff,
    0xff,0xff,0xff,0xff,0xff,0xff,0xff,0xff,0xff,0xff,0xff,0xff,0xff,0xff,0xff,0xff,0xff,0xff,0xff,0xff,0xff,0xff,0xff,0xff,
    0xff,0xff,0xff,0xff,0xff,0xff,0xff,0xff,0xff,0xff,0xff,0xff,0xff,0xff,0xff,0xff,0xff,0xff,0xff,0xff,0xff,0xff,0xff,0xff,
    0xff,0xff,0xff,0xff,0xff,0xff,0xff,0xff,0xff,0xff,0xff,0xff,0xf4,0x55,0x0b,0x00,0x00,0x00,0x00,0x00,0x00,0x00,0x00,0x00,
    0x00,0x00,0x00,0x00,0x00,0x00,0x00,0x00,0x00,0x00,0x00,0x00,0x00,0x00,0x00,0x00,0x00,0x00,0x00,0x00,0x00,0x00,0x00,0x00,
    0x00,0x00,0x60,0xff,0xff,0xff,0xff,0xff,0xff,0xff,0xff,0xff,0xff,0xff,0xff,0xff,0xff,0xff,0xff,0xff,0xff,0xff,0xff,0xff,
    0xff,0xff,0xff,0xff,0xff,0xff,0xff,0xff,0xff,0xff,0xff,0xff,0xff,0xff,0xff,0xff,0xff,0xff,0xff,0xff,0xff,0xff,0xff,0xff,
    0xff,0xff,0xff,0xff,0xff,0xff,0xff,0xff,0xff,0xff,0xff,0xff,0xff,0xff,0xff,0xff,0xff,0xff,0xff,0xff,0xff,0xff,0xff,0xff,
    0xff,0xff,0xff,0xff,0xff,0xff,0xff,0xff,0xff,0xff,0xff,0xff,0xff,0xff,0xff,0xff,0xff,0xff,0xff,0xff,0xff,0xff,0xff,0xff,
    0xff,0xff,0xff,0xff,0xff,0xff,0xff,0xff,0xff,0xff,0xff,0xff,0xff,0xff,0xff,0xff,0xff,0xff,0xff,0xff,0xff,0xff,0xff,0xff,
    0xff,0xff,0xff,0xff,0xff,0xff,0xff,0xff,0xff,0xff,0xff,0xff,0xff,0xff,0xff,0xff,0xff,0xff,0xff,0xff,0xff,0xff,0xff,0xff,
    0xff,0xff,0xff,0xff,0xff,0xff,0xff,0xff,0xff,0xff,0xff,0xff,0xff,0xff,0xff,0xff,0xff,0xff,0xff,0xff,0xff,0xff,0xff,0xff,
    0xff,0xff,0xff,0xff,0xff,0xff,0xff,0xff,0xff,0xff,0xff,0xff,0xff,0xff,0xff,0xff,0xff,0xff,0xff,0xff,0xff,0xff,0xff,0xff,
    0xff,0xff,0xff,0xff,0xff,0xff,0xff,0xff,0xff,0xff,0xff,0xff,0xff,0xff,0xff,0xff,0xff,0xff,0xff,0xff,0xff,0xff,0xff,0xff,
    0xff,0xff,0xff,0xff,0xff,0xff,0xff,0xff,0xff,0xff,0xff,0xff,0xff,0xff,0xff,0xff,0xff,0xff,0xff,0xff,0xff,0xff,0xff,0xff,
    0xff,0xff,0xff,0xff,0xff,0xff,0xff,0xff,0xff,0xff,0xff,0xff,0xff,0xff,0xff,0xff,0xff,0xff,0xff,0xff,0xff,0xff,0xff,0xff,
    0xff,0xff,0xff,0xff,0xff,0xff,0xff,0xff,0xff,0xff,0xff,0xff,0xff,0xff,0xff,0xff,0xff,0xff,0xff,0xff,0xff,0xff,0xff,0xff,
    0xff,0xff,0xff,0xff,0xff,0xff,0xff,0xff,0xff,0xff,0xff,0xff,0xff,0xff,0xff,0xff,0xff,0xff,0xff,0xff,0xff,0xff,0xff,0xff,
    0xff,0xff,0xff,0xff,0xff,0xff,0xff,0xff,0xff,0xff,0xff,0xff,0xff,0xff,0xff,0xff,0xff,0xff,0xff,0xff,0xff,0xff,0xff,0xff,
    0xff,0xff,0xff,0xff,0xff,0xff,0xff,0xff,0xff,0xff,0xff,0xff,0xff,0xff,0xff,0xff,0xff,0xff,0xff,0xff,0xff,0xff,0xff,0xff,
    0xff,0xff,0xff,0xff,0xff,0xff,0xff,0xff,0xff,0xff,0xff,0xff,0xff,0xff,0xff,0xff,0xff,0xff,0xff,0xff,0xff,0xff,0xff,0xff,
    0xff,0xff,0xff,0xff,0xff,0xff,0xff,0xff,0xff,0xff,0xff,0xff,0xff,0xff,0xff,0xff,0xff,0xff,0xff,0xff,0xff,0xff,0xff,0xff,
    0xff,0xff,0xff,0xff,0xff,0x4a,0x00,0x00,0x00,0x00,0x00,0x00,0x00,0x00,0x00,0x00,0x00,0x00,0x00,0x00,0x00,0x00,0x00,0x00,
    0x00,0x00,0x00,0x00,0x00,0x00,0x00,0x00,0x00,0x00,0x00,0x00,0x00,0x00,0x00,0x00,0x00,0x00,0x60,0xf4,0xff,0xff,0xff,0xff,
    0xff,0xff,0xff,0xff,0xff,0xff,0xff,0xff,0xff,0xff,0xff,0xff,0xff,0xff,0xff,0xff,0xff,0xff,0xff,0xff,0xff,0xff,0xff,0xff,
    0xff,0xff,0xff,0xff,0xff,0xff,0xff,0xff,0xff,0xff,0xff,0xff,0xff,0xff,0xff,0xff,0xff,0xff,0xff,0xff,0xff,0xff,0xff,0xff,
    0xff,0xff,0xff,0xff,0xff,0xff,0xff,0xff,0xff,0xff,0xff,0xff,0xff,0xff,0xff,0xff,0xff,0xff,0xff,0xff,0xff,0xff,0xff,0xff,
    0xff,0xff,0xff,0xff,0xff,0xff,0xff,0xff,0xff,0xff,0xff,0xff,0xff,0xff,0xff,0xff,0xff,0xff,0xff,0xff,0xff,0xff,0xff,0xff,
    0xff,0xff,0xff,0xff,0xff,0xff,0xff,0xff,0xff,0xff,0xff,0xff,0xff,0xff,0xff,0xff,0xff,0xff,0xff,0xff,0xff,0xff,0xff,0xff,
    0xff,0xff,0xff,0xff,0xff,0xff,0xff,0xff,0xff,0xff,0xff,0xff,0xff,0xff,0xff,0xff,0xff,0xff,0xff,0xff,0xff,0xff,0xff,0xff,
    0xff,0xff,0xff,0xff,0xff,0xff,0xff,0xff,0xff,0xff,0xff,0xff,0xff,0xff,0xff,0xff,0xff,0xff,0xff,0xff,0xff,0xff,0xff,0xff,
    0xff,0xff,0xff,0xff,0xff,0xff,0xff,0xff,0xff,0xff,0xff,0xff,0xff,0xff,0xff,0xff,0xff,0xff,0xff,0xff,0xff,0xff,0xff,0xff,
    0xff,0xff,0xff,0xff,0xff,0xff,0xff,0xff,0xff,0xff,0xff,0xff,0xff,0xff,0xff,0xff,0xff,0xff,0xff,0xff,0xff,0xff,0xff,0xff,
    0xff,0xff,0xff,0xff,0xff,0xff,0xff,0xff,0xff,0xff,0xff,0xff,0xff,0xff,0xff,0xff,0xff,0xff,0xff,0xff,0xff,0xff,0xff,0xff,
    0xff,0xff,0xff,0xff,0xff,0xff,0xff,0xff,0xff,0xff,0xff,0xff,0xff,0xff,0xff,0xff,0xff,0xff,0xff,0xff,0xff,0xff,0xff,0xff,
    0xff,0xff,0xff,0xff,0xff,0xff,0xff,0xff,0xff,0xff,0xff,0xff,0xff,0xff,0xff,0xff,0xff,0xff,0xff,0xff,0xff,0xff,0xff,0xff,
    0xff,0xff,0xff,0xff,0xff,0xff,0xff,0xff,0xff,0xff,0xff,0xff,0xff,0xff,0xff,0xff,0xff,0xff,0xff,0xff,0xff,0xff,0xff,0xff,
    0xff,0xff,0xff,0xff,0xff,0xff,0xff,0xff,0xff,0xff,0xff,0xff,0xff,0xff,0xff,0xff,0xff,0xff,0xff,0xff,0xff,0xff,0xff,0xff,
    0xff,0xff,0xff,0xff,0xff,0xff,0xff,0xff,0xff,0xff,0xff,0xff,0xff,0xff,0xff,0xff,0xff,0xff,0xff,0xff,0xff,0xff,0xff,0xff,
    0xff,0xff,0xff,0xff,0xff,0xff,0xff,0xff,0xff,0xff,0xff,0xff,0xff,0xff,0xff,0xff,0xff,0xff,0xff,0xff,0xff,0xff,0xff,0xff,
    0xff,0xff,0xff,0xff,0xff,0xff,0xff,0xff,0xff,0xff,0xff,0xff,0xff,0xff,0xff,0xff,0xff,0xff,0xff,0xff,0xff,0x55,0x00,0x00,
    0x00,0x00,0x00,0x00,0x00,0x00,0x00,0x00,0x00,0x00,0x00,0x00,0x00,0x00,0x00,0x00,0x00,0x00,0x00,0x00,0x00,0x00,0x00,0x00,
    0x00,0x00,0x00,0x00,0x00,0x00,0x00,0x00,0x00,0x00,0x4a,0xff,0xff,0xff,0xff,0xff,0xff,0xff,0xff,0xff,0xff,0xff,0xff,0xff,
    0xff,0xff,0xff,0xff,0xff,0xff,0xff,0xff,0xff,0xff,0xff,0xff,0xff,0xff,0xff,0xff,0xff,0xff,0xff,0xff,0xff,0xff,0xff,0xff,
    0xff,0xff,0xff,0xff,0xff,0xff,0xff,0xff,0xff,0xff,0xff,0xff,0xff,0xff,0xff,0xff,0xff,0xff,0xff,0xff,0xff,0xff,0xff,0xff,
    0xff,0xff,0xff,0xff,0xff,0xff,0xff,0xff,0xff,0xff,0xff,0xff,0xff,0xff,0xff,0xff,0xff,0xff,0xff,0xff,0xff,0xff,0xff,0xff,
    0xff,0xff,0xff,0xff,0xff,0xff,0xff,0xff,0xff,0xff,0xff,0xff,0xff,0xff,0xff,0xff,0xff,0xff,0xff,0xff,0xff,0xff,0xff,0xff,
    0xff,0xff,0xff,0xff,0xff,0xff,0xff,0xff,0xff,0xff,0xff,0xff,0xff,0xff,0xff,0xff,0xff,0xff,0xff,0xff,0xff,0xff,0xff,0xff,
    0xff,0xff,0xff,0xff,0xff,0xff,0xff,0xff,0xff,0xff,0xff,0xff,0xff,0xff,0xff,0xff,0xff,0xff,0xff,0xff,0xff,0xff,0xff,0xff,
    0xff,0xff,0xff,0xff,0xff,0xff,0xff,0xff,0xff,0xff,0xff,0xff,0xff,0xff,0xff,0xff,0xff,0xff,0xff,0xff,0xff,0xff,0xff,0xff,
    0xff,0xff,0xff,0xff,0xff,0xff,0xff,0xff,0xff,0xff,0xff,0xff,0xff,0xff,0xff,0xff,0xff,0xff,0xff,0xff,0xff,0xff,0xff,0xff,
    0xff,0xff,0xff,0xff,0xff,0xff,0xff,0xff,0xff,0xff,0xff,0xff,0xff,0xff,0xff,0xff,0xff,0xff,0xff,0xff,0xff,0xff,0xff,0xff,
    0xff,0xff,0xff,0xff,0xff,0xff,0xff,0xff,0xff,0xff,0xff,0xff,0xff,0xff,0xff,0xff,0xff,0xff,0xff,0xff,0xff,0xff,0xff,0xff,
    0xff,0xff,0xff,0xff,0xff,0xff,0xff,0xff,0xff,0xff,0xff,0xff,0xff,0xff,0xff,0xff,0xff,0xff,0xff,0xff,0xff,0xff,0xff,0xff,
    0xff,0xff,0xff,0xff,0xff,0xff,0xff,0xff,0xff,0xff,0xff,0xff,0xff,0xff,0xff,0xff,0xff,0xff,0xff,0xff,0xff,0xff,0xff,0xff,
    0xff,0xff,0xff,0xff,0xff,0xff,0xff,0xff,0xff,0xff,0xff,0xff,0xff,0xff,0xff,0xff,0xff,0xff,0xff,0xff,0xff,0xff,0xff,0xff,
    0xff,0xff,0xff,0xff,0xff,0xff,0xff,0xff,0xff,0xff,0xff,0xff,0xff,0xff,0xff,0xff,0xff,0xff,0xff,0xff,0xff,0xff,0xff,0xff,
    0xff,0xff,0xff,0xff,0xff,0xff,0xff,0xff,0xff,0xff,0xff,0xff,0xff,0xff,0xff,0xff,0xff,0xff,0xff,0xff,0xff,0xff,0xff,0xff,
    0xff,0xff,0xff,0xff,0xff,0xff,0xff,0xff,0xff,0xff,0xff,0xff,0xff,0xff,0xff,0xff,0xff,0xff,0xff,0xff,0xff,0xff,0xff,0xff,
    0xff,0xff,0xff,0xff,0xff,0xff,0xff,0xff,0xff,0xff,0xff,0xff,0xff,0x60,0x00,0x00,0x00,0x00,0x00,0x00,0x00,0x00,0x00,0x00,
    0x00,0x00,0x00,0x00,0x00,0x00,0x00,0x00,0x00,0x00,0x00,0x00,0x00,0x00,0x00,0x00,0x00,0x00,0x00,0x00,0x00,0x00,0x00,0x00,
    0x00,0x00,0x4a,0xff,0xff,0xff,0xff,0xff,0xff,0xff,0xff,0xff,0xff,0xff,0xff,0xff,0xff,0xff,0xff,0xff,0xff,0xff,0xff,0xff,
    0xff,0xff,0xff,0xff,0xff,0xff,0xff,0xff,0xff,0xff,0xff,0xff,0xff,0xff,0xff,0xff,0xff,0xff,0xff,0xff,0xff,0xff,0xff,0xff,
    0xff,0xff,0xff,0xff,0xff,0xff,0xff,0xff,0xff,0xff,0xff,0xff,0xff,0xff,0xff,0xff,0xff,0xff,0xff,0xff,0xff,0xff,0xff,0xff,
    0xff,0xff,0xff,0xff,0xff,0xff,0xff,0xff,0xff,0xff,0xff,0xff,0xff,0xff,0xff,0xff,0xff,0xff,0xff,0xff,0xff,0xff,0xff,0xff,
    0xff,0xff,0xff,0xff,0xff,0xff,0xff,0xff,0xff,0xff,0xff,0xff,0xff,0xff,0xff,0xff,0xff,0xff,0xff,0xff,0xff,0xff,0xff,0xff,
    0xff,0xff,0xff,0xff,0xff,0xff,0xff,0xff,0xff,0xff,0xff,0xff,0xff,0xff,0xff,0xff,0xff,0xff,0xff,0xff,0xff,0xff,0xff,0xff,
    0xff,0xff,0xff,0xff,0xff,0xff,0xff,0xff,0xff,0xff,0xff,0xff,0xff,0xff,0xff,0xff,0xff,0xff,0xff,0xff,0xff,0xff,0xff,0xff,
    0xff,0xff,0xff,0xff,0xff,0xff,0xff,0xff,0xff,0xff,0xff,0xff,0xff,0xff,0xff,0xff,0xff,0xff,0xff,0xff,0xff,0xff,0xff,0xff,
    0xff,0xff,0xff,0xff,0xff,0xff,0xff,0xff,0xff,0xff,0xff,0xff,0xff,0xff,0xff,0xff,0xff,0xff,0xff,0xff,0xff,0xff,0xff,0xff,
    0xff,0xff,0xff,0xff,0xff,0xff,0xff,0xff,0xff,0xff,0xff,0xff,0xff,0xff,0xff,0xff,0xff,0xff,0xff,0xff,0xff,0xff,0xff,0xff,
    0xff,0xff,0xff,0xff,0xff,0xff,0xff,0xff,0xff,0xff,0xff,0xff,0xff,0xff,0xff,0xff,0xff,0xff,0xff,0xff,0xff,0xff,0xff,0xff,
    0xff,0xff,0xff,0xff,0xff,0xff,0xff,0xff,0xff,0xff,0xff,0xff,0xff,0xff,0xff,0xff,0xff,0xff,0xff,0xff,0xff,0xff,0xff,0xff,
    0xff,0xff,0xff,0xff,0xff,0xff,0xff,0xff,0xff,0xff,0xff,0xff,0xff,0xff,0xff,0xff,0xff,0xff,0xff,0xff,0xff,0xff,0xff,0xff,
    0xff,0xff,0xff,0xff,0xff,0xff,0xff,0xff,0xff,0xff,0xff,0xff,0xff,0xff,0xff,0xff,0xff,0xff,0xff,0xff,0xff,0xff,0xff,0xff,
    0xff,0xff,0xff,0xff,0xff,0xff,0xff,0xff,0xff,0xff,0xff,0xff,0xff,0xff,0xff,0xff,0xff,0xff,0xff,0xff,0xff,0xff,0xff,0xff,
    0xff,0xff,0xff,0xff,0xff,0xff,0xff,0xff,0xff,0xff,0xff,0xff,0xff,0xff,0xff,0xff,0xff,0xff,0xff,0xff,0xff,0xff,0xff,0xff,
    0xff,0xff,0xff,0xff,0xff,0xff,0xff,0xff,0xff,0xff,0xff,0xff,0xff,0xff,0xff,0xff,0xff,0xff,0xff,0xff,0xff,0xff,0xff,0xff,
    0xff,0xff,0xff,0xff,0xff,0x55,0x00,0x00,0x00,0x00,0x00,0x00,0x00,0x00,0x00,0x00,0x00,0x00,0x00,0x00,0x00,0x00,0x00,0x00,
    0x00,0x00,0x00,0x00,0x00,0x00,0x00,0x00,0x00,0x00,0x00,0x00,0x00,0x00,0x00,0x00,0x00,0x00,0x55,0xf4,0xff,0xff,0xff,0xff,
    0xff,0xff,0xff,0xff,0xff,0xff,0xff,0xff,0xff,0xff,0xff,0xff,0xff,0xff,0xff,0xff,0xff,0xff,0xff,0xff,0xff,0xff,0xff,0xff,
    0xff,0xff,0xff,0xff,0xff,0xff,0xff,0xff,0xff,0xff,0xff,0xff,0xff,0xff,0xff,0xff,0xff,0xff,0xff,0xff,0xff,0xff,0xff,0xff,
    0xff,0xff,0xff,0xff,0xff,0xff,0xff,0xff,0xff,0xff,0xff,0xff,0xff,0xff,0xff,0xff,0xff,0xff,0xff,0xff,0xff,0xff,0xff,0xff,
    0xff,0xff,0xff,0xff,0xff,0xff,0xff,0xff,0xff,0xff,0xff,0xff,0xff,0xff,0xff,0xff,0xff,0xff,0xff,0xff,0xff,0xff,0xff,0xff,
    0xff,0xff,0xff,0xff,0xff,0xff,0xff,0xff,0xff,0xff,0xff,0xff,0xff,0xff,0xff,0xff,0xff,0xff,0xff,0xff,0xff,0xff,0xff,0xff,
    0xff,0xff,0xff,0xff,0xff,0xff,0xff,0xff,0xff,0xff,0xff,0xff,0xff,0xff,0xff,0xff,0xff,0xff,0xff,0xff,0xff,0xff,0xff,0xff,
    0xff,0xff,0xff,0xff,0xff,0xff,0xff,0xff,0xff,0xff,0xff,0xff,0xff,0xff,0xff,0xff,0xff,0xff,0xff,0xff,0xff,0xff,0xff,0xff,
    0xff,0xff,0xff,0xff,0xff,0xff,0xff,0xff,0xff,0xff,0xff,0xff,0xff,0xff,0xff,0xff,0xff,0xff,0xff,0xff,0xff,0xff,0xff,0xff,
    0xff,0xff,0xff,0xff,0xff,0xff,0xff,0xff,0xff,0xff,0xff,0xff,0xff,0xff,0xff,0xff,0xff,0xff,0xff,0xff,0xff,0xff,0xff,0xff,
    0xff,0xff,0xff,0xff,0xff,0xff,0xff,0xff,0xff,0xff,0xff,0xff,0xff,0xff,0xff,0xff,0xff,0xff,0xff,0xff,0xff,0xff,0xff,0xff,
    0xff,0xff,0xff,0xff,0xff,0xff,0xff,0xff,0xff,0xff,0xff,0xff,0xff,0xff,0xff,0xff,0xff,0xff,0xff,0xff,0xff,0xff,0xff,0xff,
    0xff,0xff,0xff,0xff,0xff,0xff,0xff,0xff,0xff,0xff,0xff,0xff,0xff,0xff,0xff,0xff,0xff,0xff,0xff,0xff,0xff,0xff,0xff,0xff,
    0xff,0xff,0xff,0xff,0xff,0xff,0xff,0xff,0xff,0xff,0xff,0xff,0xff,0xff,0xff,0xff,0xff,0xff,0xff,0xff,0xff,0xff,0xff,0xff,
    0xff,0xff,0xff,0xff,0xff,0xff,0xff,0xff,0xff,0xff,0xff,0xff,0xff,0xff,0xff,0xff,0xff,0xff,0xff,0xff,0xff,0xff,0xff,0xff,
    0xff,0xff,0xff,0xff,0xff,0xff,0xff,0xff,0xff,0xff,0xff,0xff,0xff,0xff,0xff,0xff,0xff,0xff,0xff,0xff,0xff,0xff,0xff,0xff,
    0xff,0xff,0xff,0xff,0xff,0xff,0xff,0xff,0xff,0xff,0xff,0xff,0xff,0xff,0xff,0xff,0xff,0xff,0xff,0xff,0xff,0xff,0xff,0xff,
    0xff,0xff,0xff,0xff,0xff,0xff,0xff,0xff,0xff,0xff,0xff,0xff,0xff,0xff,0xff,0xff,0xff,0xff,0xff,0xff,0xf4,0x4a,0x00,0x00,
    0x00,0x00,0x00,0x00,0x00,0x00,0x00,0x00,0x00,0x00,0x00,0x00,0x00,0x00,0x00,0x00,0x00,0x00,0x00,0x00,0x00,0x00,0x00,0x00,
    0x00,0x00,0x00,0x00,0x00,0x00,0x00,0x00,0x00,0x00,0x60,0xf4,0xff,0xff,0xff,0xff,0xff,0xff,0xff,0xff,0xff,0xff,0xff,0xff,
    0xff,0xff,0xff,0xff,0xff,0xff,0xff,0xff,0xff,0xff,0xff,0xff,0xff,0xff,0xff,0xff,0xff,0xff,0xff,0xff,0xff,0xff,0xff,0xff,
    0xff,0xff,0xff,0xff,0xff,0xff,0xff,0xff,0xff,0xff,0xff,0xff,0xff,0xff,0xff,0xff,0xff,0xff,0xff,0xff,0xff,0xff,0xff,0xff,
    0xff,0xff,0xff,0xff,0xff,0xff,0xff,0xff,0xff,0xff,0xff,0xff,0xff,0xff,0xff,0xff,0xff,0xff,0xff,0xff,0xff,0xff,0xff,0xff,
    0xff,0xff,0xff,0xff,0xff,0xff,0xff,0xff,0xff,0xff,0xff,0xff,0xff,0xff,0xff,0xff,0xff,0xff,0xff,0xff,0xff,0xff,0xff,0xff,
    0xff,0xff,0xff,0xff,0xff,0xff,0xff,0xff,0xff,0xff,0xff,0xff,0xff,0xff,0xff,0xff,0xff,0xff,0xff,0xff,0xff,0xff,0xff,0xff,
    0xff,0xff,0xff,0xff,0xff,0xff,0xff,0xff,0xff,0xff,0xff,0xff,0xff,0xff,0xff,0xff,0xff,0xff,0xff,0xff,0xff,0xff,0xff,0xff,
    0xff,0xff,0xff,0xff,0xff,0xff,0xff,0xff,0xff,0xff,0xff,0xff,0xff,0xff,0xff,0xff,0xff,0xff,0xff,0xff,0xff,0xff,0xff,0xff,
    0xff,0xff,0xff,0xff,0xff,0xff,0xff,0xff,0xff,0xff,0xff,0xff,0xff,0xff,0xff,0xff,0xff,0xff,0xff,0xff,0xff,0xff,0xff,0xff,
    0xff,0xff,0xff,0xff,0xff,0xff,0xff,0xff,0xff,0xff,0xff,0xff,0xff,0xff,0xff,0xff,0xff,0xff,0xff,0xff,0xff,0xff,0xff,0xff,
    0xff,0xff,0xff,0xff,0xff,0xff,0xff,0xff,0xff,0xff,0xff,0xff,0xff,0xff,0xff,0xff,0xff,0xff,0xff,0xff,0xff,0xff,0xff,0xff,
    0xff,0xff,0xff,0xff,0xff,0xff,0xff,0xff,0xff,0xff,0xff,0xff,0xff,0xff,0xff,0xff,0xff,0xff,0xff,0xff,0xff,0xff,0xff,0xff,
    0xff,0xff,0xff,0xff,0xff,0xff,0xff,0xff,0xff,0xff,0xff,0xff,0xff,0xff,0xff,0xff,0xff,0xff,0xff,0xff,0xff,0xff,0xff,0xff,
    0xff,0xff,0xff,0xff,0xff,0xff,0xff,0xff,0xff,0xff,0xff,0xff,0xff,0xff,0xff,0xff,0xff,0xff,0xff,0xff,0xff,0xff,0xff,0xff,
    0xff,0xff,0xff,0xff,0xff,0xff,0xff,0xff,0xff,0xff,0xff,0xff,0xff,0xff,0xff,0xff,0xff,0xff,0xff,0xff,0xff,0xff,0xff,0xff,
    0xff,0xff,0xff,0xff,0xff,0xff,0xff,0xff,0xff,0xff,0xff,0xff,0xff,0xff,0xff,0xff,0xff,0xff,0xff,0xff,0xff,0xff,0xff,0xff,
    0xff,0xff,0xff,0xff,0xff,0xff,0xff,0xff,0xff,0xff,0xff,0xff,0xff,0xff,0xff,0xff,0xff,0xff,0xff,0xff,0xff,0xff,0xff,0xff,
    0xff,0xff,0xff,0xff,0xff,0xff,0xff,0xff,0xff,0xff,0xff,0xff,0xf4,0x55,0x00,0x00,0x00,0x00,0x00,0x00,0x00,0x00,0x00,0x00,
    0x00,0x00,0x00,0x00,0x00,0x00,0x00,0x00,0x00,0x00,0x00,0x00,0x00,0x00,0x00,0x00,0x00,0x00,0x00,0x00,0x00,0x00,0x00,0x00,
    0x00,0x00,0x55,0xff,0xff,0xff,0xff,0xff,0xff,0xff,0xff,0xff,0xff,0xff,0xff,0xff,0xff,0xff,0xff,0xff,0xff,0xff,0xff,0xff,
    0xff,0xff,0xff,0xff,0xff,0xff,0xff,0xff,0xff,0xff,0xff,0xff,0xff,0xff,0xff,0xff,0xff,0xff,0xff,0xff,0xff,0xff,0xff,0xff,
    0xff,0xff,0xff,0xff,0xff,0xff,0xff,0xff,0xff,0xff,0xff,0xff,0xff,0xff,0xff,0xff,0xff,0xff,0xff,0xff,0xff,0xff,0xff,0xff,
    0xff,0xff,0xff,0xff,0xff,0xff,0xff,0xff,0xff,0xff,0xff,0xff,0xff,0xff,0xff,0xff,0xff,0xff,0xff,0xff,0xff,0xff,0xff,0xff,
    0xff,0xff,0xff,0xff,0xff,0xff,0xff,0xff,0xff,0xff,0xff,0xff,0xff,0xff,0xff,0xff,0xff,0xff,0xff,0xff,0xff,0xff,0xff,0xff,
    0xff,0xff,0xff,0xff,0xff,0xff,0xff,0xff,0xff,0xff,0xff,0xff,0xff,0xff,0xff,0xff,0xff,0xff,0xff,0xff,0xff,0xff,0xff,0xff,
    0xff,0xff,0xff,0xff,0xff,0xff,0xff,0xff,0xff,0xff,0xff,0xff,0xff,0xff,0xff,0xff,0xff,0xff,0xff,0xff,0xff,0xff,0xff,0xff,
    0xff,0xff,0xff,0xff,0xff,0xff,0xff,0xff,0xff,0xff,0xff,0xff,0xff,0xff,0xff,0xff,0xff,0xff,0xff,0xff,0xff,0xff,0xff,0xff,
    0xff,0xff,0xff,0xff,0xff,0xff,0xff,0xff,0xff,0xff,0xff,0xff,0xff,0xff,0xff,0xff,0xff,0xff,0xff,0xff,0xff,0xff,0xff,0xff,
    0xff,0xff,0xff,0xff,0xff,0xff,0xff,0xff,0xff,0xff,0xff,0xff,0xff,0xff,0xff,0xff,0xff,0xff,0xff,0xff,0xff,0xff,0xff,0xff,
    0xff,0xff,0xff,0xff,0xff,0xff,0xff,0xff,0xff,0xff,0xff,0xff,0xff,0xff,0xff,0xff,0xff,0xff,0xff,0xff,0xff,0xff,0xff,0xff,
    0xff,0xff,0xff,0xff,0xff,0xff,0xff,0xff,0xff,0xff,0xff,0xff,0xff,0xff,0xff,0xff,0xff,0xff,0xff,0xff,0xff,0xff,0xff,0xff,
    0xff,0xff,0xff,0xff,0xff,0xff,0xff,0xff,0xff,0xff,0xff,0xff,0xff,0xff,0xff,0xff,0xff,0xff,0xff,0xff,0xff,0xff,0xff,0xff,
    0xff,0xff,0xff,0xff,0xff,0xff,0xff,0xff,0xff,0xff,0xff,0xff,0xff,0xff,0xff,0xff,0xff,0xff,0xff,0xff,0xff,0xff,0xff,0xff,
    0xff,0xff,0xff,0xff,0xff,0xff,0xff,0xff,0xff,0xff,0xff,0xff,0xff,0xff,0xff,0xff,0xff,0xff,0xff,0xff,0xff,0xff,0xff,0xff,
    0xff,0xff,0xff,0xff,0xff,0xff,0xff,0xff,0xff,0xff,0xff,0xff,0xff,0xff,0xff,0xff,0xff,0xff,0xff,0xff,0xff,0xff,0xff,0xff,
    0xff,0xff,0xff,0xff,0xff,0xff,0xff,0xff,0xff,0xff,0xff,0xff,0xff,0xff,0xff,0xff,0xff,0xff,0xff,0xff,0xff,0xff,0xff,0xff,
    0xff,0xff,0xff,0xff,0xf4,0x55,0x00,0x00,0x00,0x00,0x00,0x00,0x00,0x00,0x00,0x00,0x00,0x00,0x00,0x00,0x00,0x00,0x00,0x00,
    0x00,0x00,0x00,0x00,0x00,0x00,0x00,0x00,0x00,0x00,0x00,0x00,0x00,0x00,0x00,0x00,0x00,0x00,0x55,0xff,0xff,0xff,0xff,0xff,
    0xff,0xff,0xff,0xff,0xff,0xff,0xff,0xff,0xff,0xff,0xff,0xff,0xff,0xff,0xff,0xff,0xff,0xff,0xff,0xff,0xff,0xff,0xff,0xff,
    0xff,0xff,0xff,0xff,0xff,0xff,0xff,0xff,0xff,0xff,0xff,0xff,0xff,0xff,0xff,0xff,0xff,0xff,0xff,0xff,0xff,0xff,0xff,0xff,
    0xff,0xff,0xff,0xff,0xff,0xff,0xff,0xff,0xff,0xff,0xff,0xff,0xff,0xff,0xff,0xff,0xff,0xff,0xff,0xff,0xff,0xff,0xff,0xff,
    0xff,0xff,0xff,0xff,0xff,0xff,0xff,0xff,0xff,0xff,0xff,0xff,0xff,0xff,0xff,0xff,0xff,0xff,0xff,0xff,0xff,0xff,0xff,0xff,
    0xff,0xff,0xff,0xff,0xff,0xff,0xff,0xff,0xff,0xff,0xff,0xff,0xff,0xff,0xff,0xff,0xff,0xff,0xff,0xff,0xff,0xff,0xff,0xff,
    0xff,0xff,0xff,0xff,0xff,0xff,0xff,0xff,0xff,0xff,0xff,0xff,0xff,0xff,0xff,0xff,0xff,0xff,0xff,0xff,0xff,0xff,0xff,0xff,
    0xff,0xff,0xff,0xff,0xff,0xff,0xff,0xff,0xff,0xff,0xff,0xff,0xff,0xff,0xff,0xff,0xff,0xff,0xff,0xff,0xff,0xff,0xff,0xff,
    0xff,0xff,0xff,0xff,0xff,0xff,0xff,0xff,0xff,0xff,0xff,0xff,0xff,0xff,0xff,0xff,0xff,0xff,0xff,0xff,0xff,0xff,0xff,0xff,
    0xff,0xff,0xff,0xff,0xff,0xff,0xff,0xff,0xff,0xff,0xff,0xff,0xff,0xff,0xff,0xff,0xff,0xff,0xff,0xff,0xff,0xff,0xff,0xff,
    0xff,0xff,0xff,0xff,0xff,0xff,0xff,0xff,0xff,0xff,0xff,0xff,0xff,0xff,0xff,0xff,0xff,0xff,0xff,0xff,0xff,0xff,0xff,0xff,
    0xff,0xff,0xff,0xff,0xff,0xff,0xff,0xff,0xff,0xff,0xff,0xff,0xff,0xff,0xff,0xff,0xff,0xff,0xff,0xff,0xff,0xff,0xff,0xff,
    0xff,0xff,0xff,0xff,0xff,0xff,0xff,0xff,0xff,0xff,0xff,0xff,0xff,0xff,0xff,0xff,0xff,0xff,0xff,0xff,0xff,0xff,0xff,0xff,
    0xff,0xff,0xff,0xff,0xff,0xff,0xff,0xff,0xff,0xff,0xff,0xff,0xff,0xff,0xff,0xff,0xff,0xff,0xff,0xff,0xff,0xff,0xff,0xff,
    0xff,0xff,0xff,0xff,0xff,0xff,0xff,0xff,0xff,0xff,0xff,0xff,0xff,0xff,0xff,0xff,0xff,0xff,0xff,0xff,0xff,0xff,0xff,0xff,
    0xff,0xff,0xff,0xff,0xff,0xff,0xff,0xff,0xff,0xff,0xff,0xff,0xff,0xff,0xff,0xff,0xff,0xff,0xff,0xff,0xff,0xff,0xff,0xff,
    0xff,0xff,0xff,0xff,0xff,0xff,0xff,0xff,0xff,0xff,0xff,0xff,0xff,0xff,0xff,0xff,0xff,0xff,0xff,0xff,0xff,0xff,0xff,0xff,
    0xff,0xff,0xff,0xff,0xff,0xff,0xff,0xff,0xff,0xff,0xff,0xff,0xff,0xff,0xff,0xff,0xff,0xff,0xff,0xff,0xf4,0x55,0x00,0x00,
    0x00,0x00,0x00,0x00,0x00,0x00,0x00,0x00,0x00,0x00,0x00,0x00,0x00,0x00,0x00,0x00,0x00,0x00,0x00,0x00,0x00,0x00,0x00,0x00,
    0x00,0x00,0x00,0x00,0x00,0x00,0x00,0x00,0x00,0x00,0x55,0xff,0xff,0xff,0xff,0xff,0xff,0xff,0xff,0xff,0xff,0xff,0xff,0xff,
    0xff,0xff,0xff,0xff,0xff,0xff,0xff,0xff,0xff,0xff,0xff,0xff,0xff,0xff,0xff,0xff,0xff,0xff,0xff,0xff,0xff,0xff,0xff,0xff,
    0xff,0xff,0xff,0xff,0xff,0xff,0xff,0xff,0xff,0xff,0xff,0xff,0xff,0xff,0xff,0xff,0xff,0xff,0xff,0xff,0xff,0xff,0xff,0xff,
    0xff,0xff,0xff,0xff,0xff,0xff,0xff,0xff,0xff,0xff,0xff,0xff,0xff,0xff,0xff,0xff,0xff,0xff,0xff,0xff,0xff,0xff,0xff,0xff,
    0xff,0xff,0xff,0xff,0xff,0xff,0xff,0xff,0xff,0xff,0xff,0xff,0xff,0xff,0xff,0xff,0xff,0xff,0xff,0xff,0xff,0xff,0xff,0xff,
    0xff,0xff,0xff,0xff,0xff,0xff,0xff,0xff,0xff,0xff,0xff,0xff,0xff,0xff,0xff,0xff,0xff,0xff,0xff,0xff,0xff,0xff,0xff,0xff,
    0xff,0xff,0xff,0xff,0xff,0xff,0xff,0xff,0xff,0xff,0xff,0xff,0xff,0xff,0xff,0xff,0xff,0xff,0xff,0xff,0xff,0xff,0xff,0xff,
    0xff,0xff,0xff,0xff,0xff,0xff,0xff,0xff,0xff,0xff,0xff,0xff,0xff,0xff,0xff,0xff,0xff,0xff,0xff,0xff,0xff,0xff,0xff,0xff,
    0xff,0xff,0xff,0xff,0xff,0xff,0xff,0xff,0xff,0xff,0xff,0xff,0xff,0xff,0xff,0xff,0xff,0xff,0xff,0xff,0xff,0xff,0xff,0xff,
    0xff,0xff,0xff,0xff,0xff,0xff,0xff,0xff,0xff,0xff,0xff,0xff,0xff,0xff,0xff,0xff,0xff,0xff,0xff,0xff,0xff,0xff,0xff,0xff,
    0xff,0xff,0xff,0xff,0xff,0xff,0xff,0xff,0xff,0xff,0xff,0xff,0xff,0xff,0xff,0xff,0xff,0xff,0xff,0xff,0xff,0xff,0xff,0xff,
    0xff,0xff,0xff,0xff,0xff,0xff,0xff,0xff,0xff,0xff,0xff,0xff,0xff,0xff,0xff,0xff,0xff,0xff,0xff,0xff,0xff,0xff,0xff,0xff,
    0xff,0xff,0xff,0xff,0xff,0xff,0xff,0xff,0xff,0xff,0xff,0xff,0xff,0xff,0xff,0xff,0xff,0xff,0xff,0xff,0xff,0xff,0xff,0xff,
    0xff,0xff,0xff,0xff,0xff,0xff,0xff,0xff,0xff,0xff,0xff,0xff,0xff,0xff,0xff,0xff,0xff,0xff,0xff,0xff,0xff,0xff,0xff,0xff,
    0xff,0xff,0xff,0xff,0xff,0xff,0xff,0xff,0xff,0xff,0xff,0xff,0xff,0xff,0xff,0xff,0xff,0xff,0xff,0xff,0xff,0xff,0xff,0xff,
    0xff,0xff,0xff,0xff,0xff,0xff,0xff,0xff,0xff,0xff,0xff,0xff,0xff,0xff,0xff,0xff,0xff,0xff,0xff,0xff,0xff,0xff,0xff,0xff,
    0xff,0xff,0xff,0xff,0xff,0xff,0xff,0xff,0xff,0xff,0xff,0xff,0xff,0xff,0xff,0xff,0xff,0xff,0xff,0xff,0xff,0xff,0xff,0xff,
    0xff,0xff,0xff,0xff,0xff,0xff,0xff,0xff,0xff,0xff,0xff,0xff,0xf4,0x55,0x00,0x00,0x00,0x00,0x00,0x00,0x00,0x00,0x00,0x00,
    0x00,0x00,0x00,0x00,0x00,0x00,0x00,0x00,0x00,0x00,0x00,0x00,0x00,0x00,0x00,0x00,0x00,0x00,0x00,0x00,0x00,0x00,0x00,0x00,
    0x00,0x00,0x55,0xf4,0xff,0xff,0xff,0xff,0xff,0xff,0xff,0xff,0xff,0xff,0xff,0xff,0xff,0xff,0xff,0xff,0xff,0xff,0xff,0xff,
    0xff,0xff,0xff,0xff,0xff,0xff,0xff,0xff,0xff,0xff,0xff,0xff,0xff,0xff,0xff,0xff,0xff,0xff,0xff,0xff,0xff,0xff,0xff,0xff,
    0xff,0xff,0xff,0xff,0xff,0xff,0xff,0xff,0xff,0xff,0xff,0xff,0xff,0xff,0xff,0xff,0xff,0xff,0xff,0xff,0xff,0xff,0xff,0xff,
    0xff,0xff,0xff,0xff,0xff,0xff,0xff,0xff,0xff,0xff,0xff,0xff,0xff,0xff,0xff,0xff,0xff,0xff,0xff,0xff,0xff,0xff,0xff,0xff,
    0xff,0xff,0xff,0xff,0xff,0xff,0xff,0xff,0xff,0xff,0xff,0xff,0xff,0xff,0xff,0xff,0xff,0xff,0xff,0xff,0xff,0xff,0xff,0xff,
    0xff,0xff,0xff,0xff,0xff,0xff,0xff,0xff,0xff,0xff,0xff,0xff,0xff,0xff,0xff,0xff,0xff,0xff,0xff,0xff,0xff,0xff,0xff,0xff,
    0xff,0xff,0xff,0xff,0xff,0xff,0xff,0xff,0xff,0xff,0xff,0xff,0xff,0xff,0xff,0xff,0xff,0xff,0xff,0xff,0xff,0xff,0xff,0xff,
    0xff,0xff,0xff,0xff,0xff,0xff,0xff,0xff,0xff,0xff,0xff,0xff,0xff,0xff,0xff,0xff,0xff,0xff,0xff,0xff,0xff,0xff,0xff,0xff,
    0xff,0xff,0xff,0xff,0xff,0xff,0xff,0xff,0xff,0xff,0xff,0xff,0xff,0xff,0xff,0xff,0xff,0xff,0xff,0xff,0xff,0xff,0xff,0xff,
    0xff,0xff,0xff,0xff,0xff,0xff,0xff,0xff,0xff,0xff,0xff,0xff,0xff,0xff,0xff,0xff,0xff,0xff,0xff,0xff,0xff,0xff,0xff,0xff,
    0xff,0xff,0xff,0xff,0xff,0xff,0xff,0xff,0xff,0xff,0xff,0xff,0xff,0xff,0xff,0xff,0xff,0xff,0xff,0xff,0xff,0xff,0xff,0xff,
    0xff,0xff,0xff,0xff,0xff,0xff,0xff,0xff,0xff,0xff,0xff,0xff,0xff,0xff,0xff,0xff,0xff,0xff,0xff,0xff,0xff,0xff,0xff,0xff,
    0xff,0xff,0xff,0xff,0xff,0xff,0xff,0xff,0xff,0xff,0xff,0xff,0xff,0xff,0xff,0xff,0xff,0xff,0xff,0xff,0xff,0xff,0xff,0xff,
    0xff,0xff,0xff,0xff,0xff,0xff,0xff,0xff,0xff,0xff,0xff,0xff,0xff,0xff,0xff,0xff,0xff,0xff,0xff,0xff,0xff,0xff,0xff,0xff,
    0xff,0xff,0xff,0xff,0xff,0xff,0xff,0xff,0xff,0xff,0xff,0xff,0xff,0xff,0xff,0xff,0xff,0xff,0xff,0xff,0xff,0xff,0xff,0xff,
    0xff,0xff,0xff,0xff,0xff,0xff,0xff,0xff,0xff,0xff,0xff,0xff,0xff,0xff,0xff,0xff,0xff,0xff,0xff,0xff,0xff,0xff,0xff,0xff,
    0xff,0xff,0xff,0xff,0xff,0xff,0xff,0xff,0xff,0xff,0xff,0xff,0xff,0xff,0xff,0xff,0xff,0xff,0xff,0xff,0xff,0xff,0xff,0xff,
    0xff,0xff,0xff,0xff,0xf4,0x60,0x00,0x00,0x00,0x00,0x00,0x00,0x00,0x00,0x00,0x00,0x00,0x00,0x00,0x00,0x00,0x00,0x00,0x00,
    0x00,0x00,0x00,0x00,0x00,0x00,0x00,0x00,0x00,0x00,0x00,0x00,0x00,0x00,0x00,0x00,0x00,0x00,0x4a,0xff,0xff,0xff,0xff,0xff,
    0xff,0xff,0xff,0xff,0xff,0xff,0xff,0xff,0xff,0xff,0xff,0xff,0xff,0xff,0xff,0xff,0xff,0xff,0xff,0xff,0xff,0xff,0xff,0xff,
    0xff,0xff,0xff,0xff,0xff,0xff,0xff,0xff,0xff,0xff,0xff,0xff,0xff,0xff,0xff,0xff,0xff,0xff,0xff,0xff,0xff,0xff,0xff,0xff,
    0xff,0xff,0xff,0xff,0xff,0xff,0xff,0xff,0xff,0xff,0xff,0xff,0xff,0xff,0xff,0xff,0xff,0xff,0xff,0xff,0xff,0xff,0xff,0xff,
    0xff,0xff,0xff,0xff,0xff,0xff,0xff,0xff,0xff,0xff,0xff,0xff,0xff,0xff,0xff,0xff,0xff,0xff,0xff,0xff,0xff,0xff,0xff,0xff,
    0xff,0xff,0xff,0xff,0xff,0xff,0xff,0xff,0xff,0xff,0xff,0xff,0xff,0xff,0xff,0xff,0xff,0xff,0xff,0xff,0xff,0xff,0xff,0xff,
    0xff,0xff,0xff,0xff,0xff,0xff,0xff,0xff,0xff,0xff,0xff,0xff,0xff,0xff,0xff,0xff,0xff,0xff,0xff,0xff,0xff,0xff,0xff,0xff,
    0xff,0xff,0xff,0xff,0xff,0xff,0xff,0xff,0xff,0xff,0xff,0xff,0xff,0xff,0xff,0xff,0xff,0xff,0xff,0xff,0xff,0xff,0xff,0xff,
    0xff,0xff,0xff,0xff,0xff,0xff,0xff,0xff,0xff,0xff,0xff,0xff,0xff,0xff,0xff,0xff,0xff,0xff,0xff,0xff,0xff,0xff,0xff,0xff,
    0xff,0xff,0xff,0xff,0xff,0xff,0xff,0xff,0xff,0xff,0xff,0xff,0xff,0xff,0xff,0xff,0xff,0xff,0xff,0xff,0xff,0xff,0xff,0xff,
    0xff,0xff,0xff,0xff,0xff,0xff,0xff,0xff,0xff,0xff,0xff,0xff,0xff,0xff,0xff,0xff,0xff,0xff,0xff,0xff,0xff,0xff,0xff,0xff,
    0xff,0xff,0xff,0xff,0xff,0xff,0xff,0xff,0xff,0xff,0xff,0xff,0xff,0xff,0xff,0xff,0xff,0xff,0xff,0xff,0xff,0xff,0xff,0xff,
    0xff,0xff,0xff,0xff,0xff,0xff,0xff,0xff,0xff,0xff,0xff,0xff,0xff,0xff,0xff,0xff,0xff,0xff,0xff,0xff,0xff,0xff,0xff,0xff,
    0xff,0xff,0xff,0xff,0xff,0xff,0xff,0xff,0xff,0xff,0xff,0xff,0xff,0xff,0xff,0xff,0xff,0xff,0xff,0xff,0xff,0xff,0xff,0xff,
    0xff,0xff,0xff,0xff,0xff,0xff,0xff,0xff,0xff,0xff,0xff,0xff,0xff,0xff,0xff,0xff,0xff,0xff,0xff,0xff,0xff,0xff,0xff,0xff,
    0xff,0xff,0xff,0xff,0xff,0xff,0xff,0xff,0xff,0xff,0xff,0xff,0xff,0xff,0xff,0xff,0xff,0xff,0xff,0xff,0xff,0xff,0xff,0xff,
    0xff,0xff,0xff,0xff,0xff,0xff,0xff,0xff,0xff,0xff,0xff,0xff,0xff,0xff,0xff,0xff,0xff,0xff,0xff,0xff,0xff,0xff,0xff,0xff,
    0xff,0xff,0xff,0xff,0xff,0xff,0xff,0xff,0xff,0xff,0xff,0xff,0xff,0xff,0xff,0xff,0xff,0xff,0xff,0xff,0xf4,0x60,0x00,0x00,
    0x00,0x00,0x00,0x00,0x00,0x00,0x00,0x00,0x00,0x00,0x00,0x00,0x00,0x00,0x00,0x00,0x00,0x00,0x00,0x00,0x00,0x00,0x00,0x00,
    0x00,0x00,0x00,0x00,0x00,0x00,0x00,0x00,0x00,0x00,0x4a,0xf4,0xff,0xff,0xff,0xff,0xff,0xff,0xff,0xff,0xff,0xff,0xff,0xff,
    0xff,0xff,0xff,0xff,0xff,0xff,0xff,0xff,0xff,0xff,0xff,0xff,0xff,0xff,0xff,0xff,0xff,0xff,0xff,0xff,0xff,0xff,0xff,0xff,
    0xff,0xff,0xff,0xff,0xff,0xff,0xff,0xff,0xff,0xff,0xff,0xff,0xff,0xff,0xff,0xff,0xff,0xff,0xff,0xff,0xff,0xff,0xff,0xff,
    0xff,0xff,0xff,0xff,0xff,0xff,0xff,0xff,0xff,0xff,0xff,0xff,0xff,0xff,0xff,0xff,0xff,0xff,0xff,0xff,0xff,0xff,0xff,0xff,
    0xff,0xff,0xff,0xff,0xff,0xff,0xff,0xff,0xff,0xff,0xff,0xff,0xff,0xff,0xff,0xff,0xff,0xff,0xff,0xff,0xff,0xff,0xff,0xff,
    0xff,0xff,0xff,0xff,0xff,0xff,0xff,0xff,0xff,0xff,0xff,0xff,0xff,0xff,0xff,0xff,0xff,0xff,0xff,0xff,0xff,0xff,0xff,0xff,
    0xff,0xff,0xff,0xff,0xff,0xff,0xff,0xff,0xff,0xff,0xff,0xff,0xff,0xff,0xff,0xff,0xff,0xff,0xff,0xff,0xff,0xff,0xff,0xff,
    0xff,0xff,0xff,0xff,0xff,0xff,0xff,0xff,0xff,0xff,0xff,0xff,0xff,0xff,0xff,0xff,0xff,0xff,0xff,0xff,0xff,0xff,0xff,0xff,
    0xff,0xff,0xff,0xff,0xff,0xff,0xff,0xff,0xff,0xff,0xff,0xff,0xff,0xff,0xff,0xff,0xff,0xff,0xff,0xff,0xff,0xff,0xff,0xff,
    0xff,0xff,0xff,0xff,0xff,0xff,0xff,0xff,0xff,0xff,0xff,0xff,0xff,0xff,0xff,0xff,0xff,0xff,0xff,0xff,0xff,0xff,0xff,0xff,
    0xff,0xff,0xff,0xff,0xff,0xff,0xff,0xff,0xff,0xff,0xff,0xff,0xff,0xff,0xff,0xff,0xff,0xff,0xff,0xff,0xff,0xff,0xff,0xff,
    0xff,0xff,0xff,0xff,0xff,0xff,0xff,0xff,0xff,0xff,0xff,0xff,0xff,0xff,0xff,0xff,0xff,0xff,0xff,0xff,0xff,0xff,0xff,0xff,
    0xff,0xff,0xff,0xff,0xff,0xff,0xff,0xff,0xff,0xff,0xff,0xff,0xff,0xff,0xff,0xff,0xff,0xff,0xff,0xff,0xff,0xff,0xff,0xff,
    0xff,0xff,0xff,0xff,0xff,0xff,0xff,0xff,0xff,0xff,0xff,0xff,0xff,0xff,0xff,0xff,0xff,0xff,0xff,0xff,0xff,0xff,0xff,0xff,
    0xff,0xff,0xff,0xff,0xff,0xff,0xff,0xff,0xff,0xff,0xff,0xff,0xff,0xff,0xff,0xff,0xff,0xff,0xff,0xff,0xff,0xff,0xff,0xff,
    0xff,0xff,0xff,0xff,0xff,0xff,0xff,0xff,0xff,0xff,0xff,0xff,0xff,0xff,0xff,0xff,0xff,0xff,0xff,0xff,0xff,0xff,0xff,0xff,
    0xff,0xff,0xff,0xff,0xff,0xff,0xff,0xff,0xff,0xff,0xff,0xff,0xff,0xff,0xff,0xff,0xff,0xff,0xff,0xff,0xff,0xff,0xff,0xff,
    0xff,0xff,0xff,0xff,0xff,0xff,0xff,0xff,0xff,0xff,0xff,0xff,0xf4,0x55,0x00,0x00,0x00,0x00,0x00,0x00,0x00,0x00,0x00,0x00,
    0x00,0x00,0x00,0x00,0x00,0x00,0x00,0x00,0x00,0x00,0x00,0x00,0x00,0x00,0x00,0x00,0x00,0x00,0x00,0x00,0x00,0x00,0x00,0x00,
    0x00,0x00,0x35,0xdf,0xff,0xff,0xff,0xff,0xff,0xff,0xff,0xff,0xff,0xff,0xff,0xff,0xff,0xff,0xff,0xff,0xff,0xff,0xff,0xff,
    0xff,0xff,0xff,0xff,0xff,0xff,0xff,0xff,0xff,0xff,0xff,0xff,0xff,0xff,0xff,0xff,0xff,0xff,0xff,0xff,0xff,0xff,0xff,0xff,
    0xff,0xff,0xff,0xff,0xff,0xff,0xff,0xff,0xff,0xff,0xff,0xff,0xff,0xff,0xff,0xff,0xff,0xff,0xff,0xff,0xff,0xff,0xff,0xff,
    0xff,0xff,0xff,0xff,0xff,0xff,0xff,0xff,0xff,0xff,0xff,0xff,0xff,0xff,0xff,0xff,0xff,0xff,0xff,0xff,0xff,0xff,0xff,0xff,
    0xff,0xff,0xff,0xff,0xff,0xff,0xff,0xff,0xff,0xff,0xff,0xff,0xff,0xff,0xff,0xff,0xff,0xff,0xff,0xff,0xff,0xff,0xff,0xff,
    0xff,0xff,0xff,0xff,0xff,0xff,0xff,0xff,0xff,0xff,0xff,0xff,0xff,0xff,0xff,0xff,0xff,0xff,0xff,0xff,0xff,0xff,0xff,0xff,
    0xff,0xff,0xff,0xff,0xff,0xff,0xff,0xff,0xff,0xff,0xff,0xff,0xff,0xff,0xff,0xff,0xff,0xff,0xff,0xff,0xff,0xff,0xff,0xff,
    0xff,0xff,0xff,0xff,0xff,0xff,0xff,0xff,0xff,0xff,0xff,0xff,0xff,0xff,0xff,0xff,0xff,0xff,0xff,0xff,0xff,0xff,0xff,0xff,
    0xff,0xff,0xff,0xff,0xff,0xff,0xff,0xff,0xff,0xff,0xff,0xff,0xff,0xff,0xff,0xff,0xff,0xff,0xff,0xff,0xff,0xff,0xff,0xff,
    0xff,0xff,0xff,0xff,0xff,0xff,0xff,0xff,0xff,0xff,0xff,0xff,0xff,0xff,0xff,0xff,0xff,0xff,0xff,0xff,0xff,0xff,0xff,0xff,
    0xff,0xff,0xff,0xff,0xff,0xff,0xff,0xff,0xff,0xff,0xff,0xff,0xff,0xff,0xff,0xff,0xff,0xff,0xff,0xff,0xff,0xff,0xff,0xff,
    0xff,0xff,0xff,0xff,0xff,0xff,0xff,0xff,0xff,0xff,0xff,0xff,0xff,0xff,0xff,0xff,0xff,0xff,0xff,0xff,0xff,0xff,0xff,0xff,
    0xff,0xff,0xff,0xff,0xff,0xff,0xff,0xff,0xff,0xff,0xff,0xff,0xff,0xff,0xff,0xff,0xff,0xff,0xff,0xff,0xff,0xff,0xff,0xff,
    0xff,0xff,0xff,0xff,0xff,0xff,0xff,0xff,0xff,0xff,0xff,0xff,0xff,0xff,0xff,0xff,0xff,0xff,0xff,0xff,0xff,0xff,0xff,0xff,
    0xff,0xff,0xff,0xff,0xff,0xff,0xff,0xff,0xff,0xff,0xff,0xff,0xff,0xff,0xff,0xff,0xff,0xff,0xff,0xff,0xff,0xff,0xff,0xff,
    0xff,0xff,0xff,0xff,0xff,0xff,0xff,0xff,0xff,0xff,0xff,0xff,0xff,0xff,0xff,0xff,0xff,0xff,0xff,0xff,0xff,0xff,0xff,0xff,
    0xff,0xff,0xff,0xff,0xff,0xff,0xff,0xff,0xff,0xff,0xff,0xff,0xff,0xff,0xff,0xff,0xff,0xff,0xff,0xff,0xff,0xff,0xff,0xff,
    0xff,0xff,0xff,0xff,0xea,0x2a,0x00,0x00,0x00,0x00,0x00,0x00,0x00,0x00,0x00,0x00,0x00,0x00,0x00,0x00,0x00,0x00,0x00,0x00,
    0x00,0x00,0x00,0x00,0x00,0x00,0x00,0x00,0x00,0x00,0x00,0x00,0x00,0x00,0x00,0x00,0x00,0x00,0x0b,0xb5,0xff,0xff,0xff,0xff,
    0xff,0xff,0xff,0xff,0xff,0xff,0xff,0xff,0xff,0xff,0xff,0xff,0xff,0xff,0xff,0xff,0xff,0xff,0xff,0xff,0xff,0xff,0xff,0xff,
    0xff,0xff,0xff,0xff,0xff,0xff,0xff,0xff,0xff,0xff,0xff,0xff,0xff,0xff,0xff,0xff,0xff,0xff,0xff,0xff,0xff,0xff,0xff,0xff,
    0xff,0xff,0xff,0xff,0xff,0xff,0xff,0xff,0xff,0xff,0xff,0xff,0xff,0xff,0xff,0xff,0xff,0xff,0xff,0xff,0xff,0xff,0xff,0xff,
    0xff,0xff,0xff,0xff,0xff,0xff,0xff,0xff,0xff,0xff,0xff,0xff,0xff,0xff,0xff,0xff,0xff,0xff,0xff,0xff,0xff,0xff,0xff,0xff,
    0xff,0xff,0xff,0xff,0xff,0xff,0xff,0xff,0xff,0xff,0xff,0xff,0xff,0xff,0xff,0xff,0xff,0xff,0xff,0xff,0xff,0xff,0xff,0xff,
    0xff,0xff,0xff,0xff,0xff,0xff,0xff,0xff,0xff,0xff,0xff,0xff,0xff,0xff,0xff,0xff,0xff,0xff,0xff,0xff,0xff,0xff,0xff,0xff,
    0xff,0xff,0xff,0xff,0xff,0xff,0xff,0xff,0xff,0xff,0xff,0xff,0xff,0xff,0xff,0xff,0xff,0xff,0xff,0xff,0xff,0xff,0xff,0xff,
    0xff,0xff,0xff,0xff,0xff,0xff,0xff,0xff,0xff,0xff,0xff,0xff,0xff,0xff,0xff,0xff,0xff,0xff,0xff,0xff,0xff,0xff,0xff,0xff,
    0xff,0xff,0xff,0xff,0xff,0xff,0xff,0xff,0xff,0xff,0xff,0xff,0xff,0xff,0xff,0xff,0xff,0xff,0xff,0xff,0xff,0xff,0xff,0xff,
    0xff,0xff,0xff,0xff,0xff,0xff,0xff,0xff,0xff,0xff,0xff,0xff,0xff,0xff,0xff,0xff,0xff,0xff,0xff,0xff,0xff,0xff,0xff,0xff,
    0xff,0xff,0xff,0xff,0xff,0xff,0xff,0xff,0xff,0xff,0xff,0xff,0xff,0xff,0xff,0xff,0xff,0xff,0xff,0xff,0xff,0xff,0xff,0xff,
    0xff,0xff,0xff,0xff,0xff,0xff,0xff,0xff,0xff,0xff,0xff,0xff,0xff,0xff,0xff,0xff,0xff,0xff,0xff,0xff,0xff,0xff,0xff,0xff,
    0xff,0xff,0xff,0xff,0xff,0xff,0xff,0xff,0xff,0xff,0xff,0xff,0xff,0xff,0xff,0xff,0xff,0xff,0xff,0xff,0xff,0xff,0xff,0xff,
    0xff,0xff,0xff,0xff,0xff,0xff,0xff,0xff,0xff,0xff,0xff,0xff,0xff,0xff,0xff,0xff,0xff,0xff,0xff,0xff,0xff,0xff,0xff,0xff,
    0xff,0xff,0xff,0xff,0xff,0xff,0xff,0xff,0xff,0xff,0xff,0xff,0xff,0xff,0xff,0xff,0xff,0xff,0xff,0xff,0xff,0xff,0xff,0xff,
    0xff,0xff,0xff,0xff,0xff,0xff,0xff,0xff,0xff,0xff,0xff,0xff,0xff,0xff,0xff,0xff,0xff,0xff,0xff,0xff,0xff,0xff,0xff,0xff,
    0xff,0xff,0xff,0xff,0xff,0xff,0xff,0xff,0xff,0xff,0xff,0xff,0xff,0xff,0xff,0xff,0xff,0xff,0xff,0xff,0xbf,0x0b,0x00,0x00,
    0x00,0x00,0x00,0x00,0x00,0x00,0x00,0x00,0x00,0x00,0x00,0x00,0x00,0x00,0x00,0x00,0x00,0x00,0x00,0x00,0x00,0x00,0x00,0x00,
    0x00,0x00,0x00,0x00,0x00,0x00,0x00,0x00,0x00,0x00,0x00,0x55,0xdf,0xff,0xff,0xff,0xff,0xff,0xff,0xff,0xff,0xff,0xff,0xff,
    0xff,0xff,0xff,0xff,0xff,0xff,0xff,0xff,0xff,0xff,0xff,0xff,0xff,0xff,0xff,0xff,0xff,0xff,0xff,0xff,0xff,0xff,0xff,0xff,
    0xff,0xff,0xff,0xff,0xff,0xff,0xff,0xff,0xff,0xff,0xff,0xff,0xff,0xff,0xff,0xff,0xff,0xff,0xff,0xff,0xff,0xff,0xff,0xff,
    0xff,0xff,0xff,0xff,0xff,0xff,0xff,0xff,0xff,0xff,0xff,0xff,0xff,0xff,0xff,0xff,0xff,0xff,0xff,0xff,0xff,0xff,0xff,0xff,
    0xff,0xff,0xff,0xff,0xff,0xff,0xff,0xff,0xff,0xff,0xff,0xff,0xff,0xff,0xff,0xff,0xff,0xff,0xff,0xff,0xff,0xff,0xff,0xff,
    0xff,0xff,0xff,0xff,0xff,0xff,0xff,0xff,0xff,0xff,0xff,0xff,0xff,0xff,0xff,0xff,0xff,0xff,0xff,0xff,0xff,0xff,0xff,0xff,
    0xff,0xff,0xff,0xff,0xff,0xff,0xff,0xff,0xff,0xff,0xff,0xff,0xff,0xff,0xff,0xff,0xff,0xff,0xff,0xff,0xff,0xff,0xff,0xff,
    0xff,0xff,0xff,0xff,0xff,0xff,0xff,0xff,0xff,0xff,0xff,0xff,0xff,0xff,0xff,0xff,0xff,0xff,0xff,0xff,0xff,0xff,0xff,0xff,
    0xff,0xff,0xff,0xff,0xff,0xff,0xff,0xff,0xff,0xff,0xff,0xff,0xff,0xff,0xff,0xff,0xff,0xff,0xff,0xff,0xff,0xff,0xff,0xff,
    0xff,0xff,0xff,0xff,0xff,0xff,0xff,0xff,0xff,0xff,0xff,0xff,0xff,0xff,0xff,0xff,0xff,0xff,0xff,0xff,0xff,0xff,0xff,0xff,
    0xff,0xff,0xff,0xff,0xff,0xff,0xff,0xff,0xff,0xff,0xff,0xff,0xff,0xff,0xff,0xff,0xff,0xff,0xff,0xff,0xff,0xff,0xff,0xff,
    0xff,0xff,0xff,0xff,0xff,0xff,0xff,0xff,0xff,0xff,0xff,0xff,0xff,0xff,0xff,0xff,0xff,0xff,0xff,0xff,0xff,0xff,0xff,0xff,
    0xff,0xff,0xff,0xff,0xff,0xff,0xff,0xff,0xff,0xff,0xff,0xff,0xff,0xff,0xff,0xff,0xff,0xff,0xff,0xff,0xff,0xff,0xff,0xff,
    0xff,0xff,0xff,0xff,0xff,0xff,0xff,0xff,0xff,0xff,0xff,0xff,0xff,0xff,0xff,0xff,0xff,0xff,0xff,0xff,0xff,0xff,0xff,0xff,
    0xff,0xff,0xff,0xff,0xff,0xff,0xff,0xff,0xff,0xff,0xff,0xff,0xff,0xff,0xff,0xff,0xff,0xff,0xff,0xff,0xff,0xff,0xff,0xff,
    0xff,0xff,0xff,0xff,0xff,0xff,0xff,0xff,0xff,0xff,0xff,0xff,0xff,0xff,0xff,0xff,0xff,0xff,0xff,0xff,0xff,0xff,0xff,0xff,
    0xff,0xff,0xff,0xff,0xff,0xff,0xff,0xff,0xff,0xff,0xff,0xff,0xff,0xff,0xff,0xff,0xff,0xff,0xff,0xff,0xff,0xff,0xff,0xff,
    0xff,0xff,0xff,0xff,0xff,0xff,0xff,0xff,0xff,0xff,0xff,0xca,0x40,0x00,0x00,0x00,0x00,0x00,0x00,0x00,0x00,0x00,0x00,0x00,
    0x00,0x00,0x00,0x00,0x00,0x00,0x00,0x00,0x00,0x00,0x00,0x00,0x00,0x00,0x00,0x00,0x00,0x00,0x00,0x00,0x00,0x00,0x00,0x00,
    0x00,0x00,0x00,0x00,0x35,0x9f,0xf4,0xea,0xf4,0xf4,0xea,0xf4,0xf4,0xff,0xf4,0xea,0xf4,0xff,0xff,0xf4,0xf4,0xf4,0xf4,0xff,
    0xf4,0xf4,0xff,0xf4,0xff,0xea,0xff,0xff,0xff,0xf4,0xff,0xf4,0xf4,0xf4,0xf4,0xff,0xff,0xf4,0xf4,0xf4,0xff,0xea,0xf4,0xf4,
    0xf4,0xff,0xff,0xff,0xf4,0xff,0xf4,0xf4,0xf4,0xf4,0xea,0xff,0xf4,0xff,0xf4,0xf4,0xf4,0xf4,0xf4,0xea,0xf4,0xf4,0xf4,0xf4,
    0xff,0xf4,0xff,0xf4,0xf4,0xff,0xf4,0xff,0xf4,0xff,0xf4,0xff,0xff,0xf4,0xf4,0xf4,0xff,0xf4,0xff,0xf4,0xff,0xff,0xf4,0xff,
    0xf4,0xff,0xf4,0xff,0xf4,0xf4,0xf4,0xff,0xf4,0xff,0xf4,0xf4,0xea,0xff,0xf4,0xf4,0xf4,0xf4,0xf4,0xf4,0xea,0xff,0xff,0xf4,
    0xf4,0xf4,0xf4,0xff,0xf4,0xf4,0xf4,0xf4,0xff,0xf4,0xf4,0xff,0xf4,0xf4,0xf4,0xf4,0xea,0xff,0xff,0xf4,0xf4,0xf4,0xff,0xff,
    0xf4,0xff,0xff,0xf4,0xf4,0xf4,0xff,0xf4,0xff,0xff,0xf4,0xf4,0xff,0xf4,0xf4,0xff,0xf4,0xf4,0xff,0xea,0xf4,0xf4,0xf4,0xf4,
    0xf4,0xff,0xea,0xff,0xf4,0xff,0xff,0xf4,0xff,0xea,0xff,0xf4,0xff,0xf4,0xf4,0xf4,0xea,0xff,0xea,0xf4,0xf4,0xf4,0xff,0xff,
    0xf4,0xf4,0xf4,0xff,0xea,0xff,0xf4,0xf4,0xff,0xf4,0xff,0xf4,0xea,0xea,0xf4,0xf4,0xf4,0xf4,0xf4,0xf4,0xf4,0xff,0xf4,0xff,
    0xf4,0xff,0xff,0xea,0xea,0xf4,0xea,0xf4,0xf4,0xff,0xf4,0xff,0xff,0xf4,0xff,0xf4,0xea,0xff,0xff,0xff,0xf4,0xf4,0xf4,0xf4,
    0xff,0xea,0xff,0xf4,0xf4,0xf4,0xff,0xf4,0xff,0xf4,0xea,0xff,0xff,0xff,0xff,0xf4,0xf4,0xf4,0xf4,0xf4,0xf4,0xf4,0xf4,0xff,
    0xea,0xff,0xf4,0xf4,0xf4,0xf4,0xf4,0xff,0xea,0xff,0xf4,0xf4,0xf4,0xff,0xff,0xf4,0xf4,0xf4,0xff,0xf4,0xea,0xff,0xf4,0xff,
    0xff,0xf4,0xf4,0xf4,0xf4,0xf4,0xea,0xf4,0xff,0xf4,0xf4,0xf4,0xf4,0xf4,0xf4,0xff,0xff,0xf4,0xff,0xf4,0xf4,0xf4,0xff,0xea,
    0xff,0xea,0xf4,0xf4,0xff,0xf4,0xf4,0xf4,0xff,0xff,0xf4,0xf4,0xff,0xea,0xf4,0xff,0xf4,0xff,0xf4,0xf4,0xf4,0xff,0xf4,0xf4,
    0xea,0xf4,0xf4,0xea,0xf4,0xf4,0xf4,0xea,0xea,0xf4,0xf4,0xf4,0xf4,0xf4,0xf4,0xea,0xf4,0xf4,0xf4,0xf4,0xf4,0xf4,0xea,0xff,
    0xf4,0xf4,0xff,0xf4,0xf4,0xff,0xf4,0xf4,0xf4,0xf4,0xf4,0xf4,0xea,0xff,0xf4,0xff,0xff,0xf4,0xea,0xf4,0xf4,0xf4,0xf4,0xea,
    0xf4,0xf4,0xf4,0xf4,0xea,0xf4,0xea,0xf4,0xff,0xf4,0xff,0xff,0xff,0xf4,0xf4,0xf4,0xff,0xf4,0xf4,0xff,0xff,0xff,0xf4,0xf4,
    0xff,0xea,0xaa,0x35,0x00,0x00,0x00,0x00,0x00,0x00,0x00,0x00,0x00,0x00,0x00,0x00,0x00,0x00,0x00,0x00,0x00,0x00,0x00,0x00,
    0x00,0x00,0x00,0x00,0x00,0x00,0x00,0x00,0x00,0x00,0x00,0x00,0x00,0x00,0x00,0x00,0x00,0x00,0x00,0x00,0x00,0x15,0x20,0x4a,
    0x4a,0x40,0x55,0x55,0x55,0x35,0x35,0x40,0x40,0x4a,0x40,0x40,0x40,0x4a,0x40,0x40,0x4a,0x40,0x4a,0x35,0x40,0x40,0x4a,0x40,
    0x40,0x40,0x55,0x4a,0x4a,0x40,0x4a,0x40,0x4a,0x40,0x40,0x55,0x40,0x4a,0x40,0x55,0x40,0x40,0x55,0x4a,0x4a,0x55,0x4a,0x40,
    0x4a,0x4a,0x4a,0x4a,0x35,0x4a,0x40,0x55,0x4a,0x40,0x40,0x4a,0x4a,0x4a,0x4a,0x40,0x4a,0x40,0x40,0x40,0x35,0x4a,0x4a,0x35,
    0x40,0x35,0x4a,0x4a,0x40,0x55,0x40,0x4a,0x55,0x4a,0x40,0x4a,0x35,0x40,0x40,0x40,0x40,0x4a,0x40,0x4a,0x40,0x4a,0x35,0x55,
    0x4a,0x4a,0x4a,0x4a,0x4a,0x4a,0x4a,0x40,0x40,0x40,0x4a,0x55,0x40,0x40,0x40,0x4a,0x55,0x40,0x4a,0x35,0x40,0x4a,0x55,0x35,
    0x35,0x4a,0x35,0x4a,0x40,0x40,0x4a,0x4a,0x55,0x4a,0x4a,0x40,0x35,0x40,0x40,0x40,0x4a,0x40,0x40,0x4a,0x4a,0x40,0x35,0x4a,
    0x4a,0x40,0x4a,0x40,0x40,0x40,0x40,0x40,0x40,0x40,0x4a,0x4a,0x35,0x4a,0x4a,0x40,0x40,0x40,0x4a,0x55,0x4a,0x40,0x4a,0x40,
    0x40,0x40,0x4a,0x4a,0x40,0x40,0x40,0x40,0x40,0x4a,0x55,0x40,0x4a,0x4a,0x4a,0x4a,0x4a,0x40,0x4a,0x40,0x40,0x4a,0x40,0x55,
    0x40,0x40,0x4a,0x4a,0x55,0x40,0x40,0x4a,0x35,0x4a,0x40,0x4a,0x4a,0x4a,0x40,0x55,0x4a,0x4a,0x4a,0x40,0x4a,0x55,0x4a,0x4a,
    0x35,0x4a,0x40,0x40,0x40,0x55,0x40,0x4a,0x4a,0x40,0x35,0x40,0x35,0x40,0x40,0x4a,0x4a,0x4a,0x4a,0x35,0x4a,0x40,0x4a,0x4a,
    0x40,0x4a,0x4a,0x4a,0x40,0x40,0x40,0x4a,0x40,0x4a,0x4a,0x55,0x40,0x4a,0x4a,0x4a,0x40,0x4a,0x4a,0x40,0x4a,0x40,0x40,0x40,
    0x4a,0x4a,0x40,0x40,0x40,0x4a,0x35,0x40,0x4a,0x4a,0x40,0x40,0x40,0x55,0x4a,0x4a,0x4a,0x40,0x4a,0x40,0x40,0x35,0x4a,0x55,
    0x4a,0x4a,0x40,0x40,0x4a,0x40,0x4a,0x40,0x55,0x40,0x35,0x40,0x4a,0x55,0x4a,0x40,0x40,0x4a,0x40,0x4a,0x40,0x40,0x4a,0x4a,
    0x40,0x40,0x4a,0x4a,0x4a,0x4a,0x4a,0x40,0x40,0x55,0x4a,0x40,0x40,0x4a,0x35,0x55,0x55,0x55,0x55,0x4a,0x4a,0x40,0x55,0x4a,
    0x4a,0x4a,0x40,0x4a,0x40,0x4a,0x4a,0x40,0x40,0x4a,0x40,0x4a,0x55,0x4a,0x40,0x40,0x4a,0x40,0x40,0x40,0x35,0x4a,0x55,0x40,
    0x4a,0x55,0x4a,0x4a,0x40,0x55,0x4a,0x4a,0x40,0x4a,0x4a,0x4a,0x4a,0x4a,0x4a,0x55,0x4a,0x40,0x4a,0x40,0x40,0x40,0x4a,0x4a,
    0x4a,0x55,0x4a,0x40,0x4a,0x4a,0x4a,0x4a,0x4a,0x40,0x40,0x40,0x40,0x4a,0x4a,0x55,0x40,0x2a,0x0b,0x00,0x00,0x00,0x00,0x00,
    0x00,0x00,0x00,0x00,0x00,0x00,0x00,0x00,0x00,0x00,0x00,0x00,0x00,0x00,0x00,0x00,0x00,0x00,0x00,0x00,0x00,0x00,0x00,0x00,
    0x00,0x00,0x00,0x00,0x00,0x00,0x00,0x00,0x00,0x00,0x00,0x00,0x00,0x00,0x00,0x00,0x00,0x00,0x00,0x00,0x00,0x00,0x00,0x00,
    0x00,0x00,0x00,0x00,0x00,0x00,0x00,0x00,0x00,0x00,0x00,0x00,0x00,0x00,0x00,0x00,0x00,0x00,0x00,0x00,0x00,0x00,0x00,0x0b,
    0x00,0x00,0x00,0x00,0x00,0x00,0x00,0x00,0x00,0x00,0x00,0x00,0x00,0x00,0x00,0x00,0x00,0x00,0x00,0x00,0x00,0x00,0x00,0x00,
    0x00,0x00,0x00,0x00,0x00,0x00,0x00,0x00,0x00,0x00,0x00,0x00,0x00,0x00,0x00,0x00,0x00,0x00,0x00,0x00,0x00,0x00,0x00,0x00,
    0x00,0x00,0x00,0x00,0x00,0x00,0x00,0x00,0x00,0x00,0x00,0x0b,0x00,0x00,0x00,0x00,0x00,0x0b,0x00,0x00,0x00,0x00,0x00,0x00,
    0x00,0x00,0x00,0x00,0x00,0x00,0x00,0x00,0x00,0x00,0x00,0x00,0x00,0x0b,0x00,0x00,0x00,0x00,0x00,0x00,0x00,0x00,0x00,0x00,
    0x00,0x00,0x00,0x00,0x00,0x00,0x00,0x00,0x00,0x00,0x00,0x00,0x00,0x00,0x00,0x00,0x00,0x00,0x00,0x00,0x00,0x00,0x00,0x00,
    0x00,0x00,0x00,0x00,0x00,0x00,0x00,0x00,0x00,0x00,0x00,0x00,0x00,0x00,0x00,0x00,0x00,0x00,0x00,0x00,0x00,0x00,0x00,0x00,
    0x00,0x00,0x00,0x00,0x00,0x00,0x00,0x0b,0x00,0x00,0x00,0x00,0x00,0x00,0x00,0x00,0x00,0x00,0x00,0x00,0x0b,0x00,0x00,0x00,
    0x00,0x00,0x00,0x00,0x00,0x00,0x00,0x00,0x00,0x00,0x00,0x00,0x00,0x00,0x00,0x00,0x00,0x00,0x00,0x00,0x00,0x00,0x00,0x00,
    0x00,0x00,0x00,0x00,0x00,0x00,0x00,0x00,0x0b,0x00,0x00,0x00,0x00,0x00,0x00,0x00,0x00,0x00,0x00,0x00,0x00,0x0b,0x00,0x00,
    0x00,0x00,0x00,0x00,0x00,0x00,0x00,0x00,0x00,0x00,0x00,0x00,0x00,0x00,0x00,0x00,0x00,0x00,0x00,0x00,0x00,0x00,0x00,0x00,
    0x00,0x00,0x00,0x00,0x00,0x00,0x00,0x00,0x00,0x00,0x00,0x00,0x00,0x00,0x00,0x00,0x00,0x00,0x00,0x00,0x00,0x00,0x00,0x00,
    0x00,0x00,0x00,0x00,0x00,0x00,0x00,0x00,0x00,0x00,0x00,0x00,0x00,0x00,0x00,0x00,0x00,0x00,0x00,0x00,0x00,0x00,0x00,0x00,
    0x00,0x00,0x00,0x00,0x00,0x00,0x00,0x00,0x00,0x00,0x00,0x00,0x00,0x00,0x00,0x00,0x00,0x00,0x00,0x00,0x00,0x00,0x00,0x00,
    0x00,0x00,0x00,0x00,0x00,0x00,0x00,0x00,0x00,0x00,0x00,0x00,0x00,0x00,0x00,0x00,0x00,0x00,0x00,0x00,0x00,0x00,0x00,0x00,
    0x00,0x00,0x00,0x00,0x00,0x00,0x00,0x00,0x00,0x00,0x00,0x00,0x00,0x00,0x00,0x00,0x0b,0x00,0x00,0x00,0x00,0x00,0x00,0x00,
    0x00,0x00,0x00,0x00,0x00,0x00,0x00,0x00,0x00,0x00,0x00,0x00,0x00,0x00,0x00,0x00,0x00,0x00,0x00,0x00,0x00,0x00,0x00,0x00,
    0x00,0x00,0x00,0x00,0x00,0x00,0x00,0x00,0x00,0x00,0x00,0x00,0x00,0x00,0x00,0x00,0x00,0x00,0x00,0x00,0x00,0x00,0x00,0x00,
    0x00,0x00,0x00,0x00,0x00,0x00,0x00,0x00,0x00,0x00,0x00,0x00,0x00,0x00,0x00,0x00,0x00,0x00,0x00,0x00,0x00,0x00,0x00,0x00,
    0x00,0x00,0x00,0x00,0x00,0x00,0x00,0x00,0x00,0x00,0x00,0x00,0x00,0x00,0x00,0x00,0x00,0x00,0x00,0x00,0x00,0x00,0x00,0x00,
    0x00,0x00,0x00,0x00,0x00,0x00,0x00,0x00,0x00,0x00,0x00,0x00,0x00,0x00,0x00,0x00,0x00,0x00,0x00,0x00,0x00,0x00,0x00,0x00,
    0x00,0x00,0x00,0x00,0x00,0x00,0x00,0x00,0x00,0x00,0x00,0x00,0x00,0x00,0x00,0x00,0x00,0x00,0x00,0x00,0x00,0x00,0x00,0x00,
    0x00,0x00,0x00,0x00,0x00,0x00,0x00,0x00,0x00,0x00,0x00,0x00,0x00,0x00,0x00,0x00,0x00,0x00,0x00,0x00,0x00,0x00,0x00,0x00,
    0x00,0x00,0x00,0x00,0x00,0x00,0x00,0x00,0x00,0x00,0x00,0x00,0x00,0x00,0x00,0x00,0x00,0x00,0x00,0x00,0x00,0x00,0x00,0x00,
    0x00,0x00,0x00,0x00,0x00,0x00,0x00,0x00,0x00,0x00,0x00,0x00,0x00,0x00,0x00,0x00,0x00,0x00,0x00,0x00,0x00,0x00,0x00,0x00,
    0x00,0x00,0x00,0x00,0x00,0x00,0x00,0x00,0x00,0x00,0x00,0x00,0x00,0x00,0x00,0x00,0x00,0x00,0x00,0x00,0x00,0x00,0x00,0x00,
    0x00,0x00,0x00,0x00,0x00,0x00,0x00,0x00,0x00,0x00,0x00,0x00,0x00,0x00,0x00,0x00,0x00,0x00,0x00,0x00,0x00,0x00,0x00,0x00,
    0x00,0x00,0x00,0x00,0x00,0x00,0x00,0x00,0x00,0x00,0x00,0x00,0x00,0x00,0x00,0x00,0x00,0x00,0x00,0x00,0x00,0x00,0x00,0x00,
    0x00,0x00,0x00,0x00,0x00,0x00,0x00,0x00,0x00,0x00,0x00,0x00,0x00,0x00,0x00,0x00,0x00,0x00,0x00,0x00,0x00,0x00,0x00,0x00,
    0x00,0x00,0x00,0x00,0x00,0x00,0x00,0x00,0x00,0x00,0x00,0x00,0x00,0x00,0x00,0x00,0x00,0x00,0x00,0x00,0x00,0x00,0x00,0x00,
    0x00,0x00,0x00,0x00,0x00,0x00,0x00,0x00,0x00,0x00,0x00,0x00,0x00,0x00,0x00,0x00,0x00,0x00,0x00,0x00,0x00,0x00,0x00,0x00,
    0x00,0x00,0x00,0x00,0x00,0x00,0x00,0x00,0x00,0x00,0x00,0x00,0x00,0x00,0x00,0x00,0x00,0x00,0x00,0x00,0x00,0x00,0x00,0x00,
    0x00,0x00,0x00,0x00,0x00,0x00,0x00,0x00,0x00,0x00,0x00,0x00,0x00,0x00,0x00,0x00,0x00,0x00,0x00,0x00,0x00,0x00,0x00,0x00,
    0x00,0x00,0x00,0x00,0x00,0x00,0x00,0x00,0x00,0x00,0x00,0x00,0x00,0x00,0x00,0x00,0x00,0x00,0x00,0x00,0x00,0x00,0x00,0x00,
    0x00,0x00,0x00,0x00,0x00,0x00,0x00,0x00,0x00,0x00,0x00,0x00,0x00,0x00,0x00,0x00,0x00,0x00,0x00,0x00,0x00,0x00,0x00,0x00,
    0x00,0x00,0x00,0x00,0x00,0x00,0x00,0x00,0x00,0x00,0x00,0x00,0x00,0x00,0x00,0x00,0x00,0x00,0x00,0x00,0x00,0x00,0x00,0x00,
    0x00,0x00,0x00,0x00,0x00,0x00,0x00,0x00,0x00,0x00,0x00,0x00,0x00,0x00,0x00,0x00,0x00,0x00,0x00,0x00,0x00,0x00,0x00,0x00,
    0x00,0x00,0x00,0x00,0x00,0x00,0x00,0x00,0x00,0x00,0x00,0x00,0x00,0x00,0x00,0x00,0x00,0x00,0x00,0x00,0x00,0x00,0x00,0x00,
    0x00,0x00,0x00,0x00,0x00,0x00,0x00,0x00,0x00,0x00,0x00,0x00,0x00,0x00,0x00,0x00,0x00,0x00,0x00,0x00,0x00,0x00,0x00,0x00,
    0x00,0x00,0x00,0x00,0x00,0x00,0x00,0x00,0x00,0x00,0x00,0x00,0x00,0x00,0x00,0x00,0x00,0x00,0x00,0x00,0x00,0x00,0x00,0x00,
    0x00,0x00,0x00,0x00,0x00,0x00,0x00,0x00,0x00,0x00,0x00,0x00,0x00,0x00,0x00,0x00,0x00,0x00,0x00,0x00,0x00,0x00,0x00,0x00,
    0x00,0x00,0x00,0x00,0x00,0x00,0x00,0x00,0x00,0x00,0x00,0x00,0x00,0x00,0x00,0x00,0x00,0x00,0x00,0x00,0x00,0x00,0x00,0x00,
    0x00,0x00,0x00,0x00,0x00,0x00,0x00,0x00,0x00,0x00,0x00,0x00,0x00,0x00,0x00,0x00,0x00,0x00,0x00,0x00,0x00,0x00,0x00,0x00,
    0x00,0x00,0x00,0x00,0x00,0x00,0x00,0x00,0x00,0x00,0x00,0x00,0x00,0x00,0x00,0x00,0x00,0x00,0x00,0x00,0x00,0x00,0x00,0x00,
    0x00,0x00,0x00,0x00,0x00,0x00,0x00,0x00,0x00,0x00,0x00,0x00,0x00,0x00,0x00,0x00,0x00,0x00,0x00,0x00,0x00,0x00,0x00,0x00,
    0x00,0x00,0x00,0x00,0x00,0x00,0x00,0x00,0x00,0x00,0x00,0x00,0x00,0x00,0x00,0x00,0x00,0x00,0x00,0x00,0x00,0x00,0x00,0x00,
    0x00,0x00,0x00,0x00,0x00,0x00,0x00,0x00,0x00,0x00,0x00,0x00,0x00,0x00,0x00,0x00,0x00,0x00,0x00,0x00,0x00,0x00,0x00,0x00,
    0x00,0x00,0x00,0x00,0x00,0x00,0x00,0x00,0x00,0x00,0x00,0x00,0x00,0x00,0x00,0x00,0x00,0x00,0x00,0x00,0x00,0x00,0x00,0x00,
    0x00,0x00,0x00,0x00,0x00,0x00,0x00,0x00,0x00,0x00,0x00,0x00,0x00,0x00,0x00,0x00,0x00,0x00,0x00,0x00,0x00,0x00,0x00,0x00,
    0x00,0x00,0x00,0x00,0x00,0x00,0x00,0x00,0x00,0x00,0x00,0x00,0x00,0x00,0x00,0x00,0x00,0x00,0x00,0x00,0x00,0x00,0x00,0x00,
    0x00,0x00,0x00,0x00,0x00,0x00,0x00,0x00,0x00,0x00,0x00,0x00,0x00,0x00,0x00,0x00,0x00,0x00,0x00,0x00,0x00,0x00,0x00,0x00,
    0x00,0x00,0x00,0x00,0x00,0x00,0x00,0x00,0x00,0x00,0x00,0x00,0x00,0x00,0x00,0x00,0x00,0x00,0x00,0x00,0x00,0x00,0x00,0x00,
    0x00,0x00,0x00,0x00,0x00,0x00,0x00,0x00,0x00,0x00,0x00,0x00,0x00,0x00,0x00,0x00,0x00,0x00,0x00,0x00,0x00,0x00,0x00,0x00,
    0x00,0x00,0x00,0x00,0x00,0x00,0x00,0x00,0x00,0x00,0x00,0x00,0x00,0x00,0x00,0x00,0x00,0x00,0x00,0x00,0x00,0x00,0x00,0x00,
    0x00,0x00,0x00,0x00,0x00,0x00,0x00,0x00,0x00,0x00,0x00,0x00,0x00,0x00,0x00,0x00,0x00,0x00,0x00,0x00,0x00,0x00,0x00,0x00,
    0x00,0x00,0x00,0x00,0x00,0x00,0x00,0x00,0x00,0x00,0x00,0x00,0x00,0x00,0x00,0x00,0x00,0x00,0x00,0x00,0x00,0x00,0x00,0x00,
    0x00,0x00,0x00,0x00,0x00,0x00,0x00,0x00,0x00,0x00,0x00,0x00,0x00,0x00,0x00,0x00,0x00,0x00,0x00,0x00,0x00,0x00,0x00,0x00,
    0x00,0x00,0x00,0x00,0x00,0x00,0x00,0x00,0x00,0x00,0x00,0x00,0x00,0x00,0x00,0x00,0x00,0x00,0x00,0x00,0x00,0x00,0x00,0x00,
    0x00,0x00,0x00,0x00,0x00,0x00,0x00,0x00,0x00,0x00,0x00,0x00,0x00,0x00,0x00,0x00,0x00,0x00,0x00,0x00,0x00,0x00,0x00,0x00,
    0x00,0x00,0x00,0x00,0x00,0x00,0x00,0x00,0x00,0x00,0x00,0x00,0x00,0x00,0x00,0x00,0x00,0x00,0x00,0x00,0x00,0x00,0x00,0x00,
    0x00,0x00,0x00,0x00,0x00,0x00,0x00,0x00,0x00,0x00,0x00,0x00,0x00,0x00,0x00,0x00,0x00,0x00,0x00,0x00,0x00,0x00,0x00,0x00,
    0x00,0x00,0x00,0x00,0x00,0x00,0x00,0x00,0x00,0x00,0x00,0x00,0x00,0x00,0x00,0x00,0x00,0x00,0x00,0x00,0x00,0x00,0x00,0x00,
    0x00,0x00,0x00,0x00,0x00,0x00,0x00,0x00,0x00,0x00,0x00,0x00,0x00,0x00,0x00,0x00,0x00,0x00,0x00,0x00,0x00,0x00,0x00,0x00,
    0x00,0x00,0x00,0x00,0x00,0x00,0x00,0x00,0x00,0x00,0x00,0x00,0x00,0x00,0x00,0x00,0x00,0x00,0x00,0x00,0x00,0x00,0x00,0x00,
    0x00,0x00,0x00,0x00,0x00,0x00,0x00,0x00,0x00,0x00,0x00,0x00,0x00,0x00,0x00,0x00,0x00,0x00,0x00,0x00,0x00,0x00,0x00,0x00,
    0x00,0x00,0x00,0x00,0x00,0x00,0x00,0x00,0x00,0x00,0x00,0x00,0x00,0x00,0x00,0x00,0x00,0x00,0x00,0x00,0x00,0x00,0x00,0x00,
    0x00,0x00,0x00,0x00,0x00,0x00,0x00,0x00,0x00,0x00,0x00,0x00,0x00,0x00,0x00,0x00,0x00,0x00,0x00,0x00,0x00,0x00,0x00,0x00,
    0x00,0x00,0x00,0x00,0x00,0x00,0x00,0x00,0x00,0x00,0x00,0x00,0x00,0x00,0x00,0x00,0x00,0x00,0x00,0x00,0x00,0x00,0x00,0x00,
    0x00,0x00,0x00,0x00,0x00,0x00,0x00,0x00,0x00,0x00,0x00,0x00,0x00,0x00,0x00,0x00,0x00,0x00,0x00,0x00,0x00,0x00,0x00,0x00,
    0x00,0x00,0x00,0x00,0x00,0x00,0x00,0x00,0x00,0x00,0x00,0x00,0x00,0x00,0x00,0x00,0x00,0x00,0x00,0x00,0x00,0x00,0x00,0x00,
    0x00,0x00,0x00,0x00,0x00,0x00,0x00,0x00,0x00,0x00,0x00,0x00,0x00,0x00,0x00,0x00,0x00,0x00,0x00,0x00,0x00,0x00,0x00,0x00,
    0x00,0x00,0x00,0x00,0x00,0x00,0x00,0x00,0x00,0x00,0x00,0x00,0x00,0x00,0x00,0x00,0x00,0x00,0x00,0x00,0x00,0x00,0x00,0x00,
    0x00,0x00,0x00,0x00,0x00,0x00,0x00,0x00,0x00,0x00,0x00,0x00,0x00,0x00,0x00,0x00,0x00,0x00,0x00,0x00,0x00,0x00,0x00,0x00,
    0x00,0x00,0x00,0x00,0x00,0x00,0x00,0x00,0x00,0x00,0x00,0x00,0x00,0x00,0x00,0x00,0x00,0x00,0x00,0x00,0x00,0x00,0x00,0x00,
    0x00,0x00,0x00,0x00,0x00,0x00,0x00,0x00,0x00,0x00,0x00,0x00,0x00,0x00,0x00,0x00,0x00,0x00,0x00,0x00,0x00,0x00,0x00,0x00,
    0x00,0x00,0x00,0x00,0x00,0x00,0x00,0x00,0x00,0x00,0x00,0x00,0x00,0x00,0x00,0x00,0x00,0x00,0x00,0x00,0x00,0x00,0x00,0x00,
    0x00,0x00,0x00,0x00,0x00,0x00,0x00,0x00,0x00,0x00,0x00,0x00,0x00,0x00,0x00,0x00,0x00,0x00,0x00,0x00,0x00,0x00,0x00,0x00,
    0x00,0x00,0x00,0x00,0x00,0x00,0x00,0x00,0x00,0x00,0x00,0x00,0x00,0x00,0x00,0x00,0x00,0x00,0x00,0x00,0x00,0x00,0x00,0x00,
    0x00,0x00,0x00,0x00,0x00,0x00,0x00,0x00,0x00,0x00,0x00,0x00,0x00,0x00,0x00,0x00,0x00,0x00,0x00,0x00,0x00,0x00,0x00,0x00,
    0x00,0x00,0x00,0x00,0x00,0x00,0x00,0x00,0x00,0x00,0x00,0x00,0x00,0x00,0x00,0x00,0x00,0x00,0x00,0x00,0x00,0x00,0x00,0x00,
    0x00,0x00,0x00,0x00,0x00,0x00,0x00,0x00,0x00,0x00,0x00,0x00,0x00,0x00,0x00,0x00,0x00,0x00,0x00,0x00,0x00,0x00,0x00,0x00,
    0x00,0x00,0x00,0x00,0x00,0x00,0x00,0x00,0x00,0x00,0x00,0x00,0x00,0x00,0x00,0x00,0x00,0x00,0x00,0x00,0x00,0x00,0x00,0x00,
    0x00,0x00,0x00,0x00,0x00,0x00,0x00,0x00,0x00,0x00,0x00,0x00,0x00,0x00,0x00,0x00,0x00,0x00,0x00,0x00,0x00,0x00,0x00,0x00,
    0x00,0x00,0x00,0x00,0x00,0x00,0x00,0x00,0x00,0x00,0x00,0x00,0x00,0x00,0x00,0x00,0x00,0x00,0x00,0x00,0x00,0x00,0x00,0x00,
    0x00,0x00,0x00,0x00,0x00,0x00,0x00,0x00,0x00,0x00,0x00,0x00,0x00,0x00,0x00,0x00,0x00,0x00,0x00,0x00,0x00,0x00,0x00,0x00,
    0x00,0x00,0x00,0x00,0x00,0x00,0x00,0x00,0x00,0x00,0x00,0x00,0x00,0x00,0x00,0x00,0x00,0x00,0x00,0x00,0x00,0x00,0x00,0x00,
    0x00,0x00,0x00,0x00,0x00,0x00,0x00,0x00,0x00,0x00,0x00,0x00,0x00,0x00,0x00,0x00,0x00,0x00,0x00,0x00,0x00,0x00,0x00,0x00,
    0x00,0x00,0x00,0x00,0x00,0x00,0x00,0x00,0x00,0x00,0x00,0x00,0x00,0x00,0x00,0x00,0x00,0x00,0x00,0x00,0x00,0x00,0x00,0x00,
    0x00,0x00,0x00,0x00,0x00,0x00,0x00,0x00,0x00,0x00,0x00,0x00,0x00,0x00,0x00,0x00,0x00,0x00,0x00,0x00,0x00,0x00,0x00,0x00,
    0x00,0x00,0x00,0x00,0x00,0x00,0x00,0x00,0x00,0x00,0x00,0x00,0x00,0x00,0x00,0x00,0x00,0x00,0x00,0x00,0x00,0x00,0x00,0x00,
    0x00,0x00,0x00,0x00,0x00,0x00,0x00,0x00,0x00,0x00,0x00,0x00,0x00,0x00,0x00,0x00,0x00,0x00,0x00,0x00,0x00,0x00,0x00,0x00,
    0x00,0x00,0x00,0x00,0x00,0x00,0x00,0x00,0x00,0x00,0x00,0x00,0x00,0x00,0x00,0x00,0x00,0x00,0x00,0x00,0x00,0x00,0x00,0x00,
    0x00,0x00,0x00,0x00,0x00,0x00,0x00,0x00,0x00,0x00,0x00,0x00,0x00,0x00,0x00,0x00,0x00,0x00,0x00,0x00,0x00,0x00,0x00,0x00,
    0x00,0x00,0x00,0x00,0x00,0x00,0x00,0x00,0x00,0x00,0x00,0x00,0x00,0x00,0x00,0x00,0x00,0x00,0x00,0x00,0x00,0x00,0x00,0x00,
    0x00,0x00,0x00,0x00,0x00,0x00,0x00,0x00,0x00,0x00,0x00,0x00,0x00,0x00,0x00,0x00,0x00,0x00,0x00,0x00,0x00,0x00,0x00,0x00,
    0x00,0x00,0x00,0x00,0x00,0x00,0x00,0x00,0x00,0x00,0x00,0x00,0x00,0x00,0x00,0x00,0x00,0x00,0x00,0x00,0x00,0x00,0x00,0x00,
    0x00,0x00,0x00,0x00,0x00,0x00,0x00,0x00,0x00,0x00,0x00,0x00,0x00,0x00,0x00,0x00,0x00,0x00,0x00,0x00,0x00,0x00,0x00,0x00,
    0x00,0x00,0x00,0x00,0x00,0x00,0x00,0x00,0x00,0x00,0x00,0x00,0x00,0x00,0x00,0x00,0x00,0x00,0x00,0x00,0x00,0x00,0x00,0x00,
    0x00,0x00,0x00,0x00,0x00,0x00,0x00,0x00,0x00,0x00,0x00,0x00,0x00,0x00,0x00,0x00,0x00,0x00,0x00,0x00,0x00,0x00,0x00,0x00,
    0x00,0x00,0x00,0x00,0x00,0x00,0x00,0x00,0x00,0x00,0x00,0x00,0x00,0x00,0x00,0x00,0x00,0x00,0x00,0x00,0x00,0x00,0x00,0x00,
    0x00,0x00,0x00,0x00,0x00,0x00,0x00,0x00,0x00,0x00,0x00,0x00,0x00,0x00,0x00,0x00,0x00,0x00,0x00,0x00,0x00,0x00,0x00,0x00,
    0x00,0x00,0x00,0x00,0x00,0x00,0x00,0x00,0x00,0x00,0x00,0x00,0x00,0x00,0x00,0x00,0x00,0x00,0x00,0x00,0x00,0x00,0x00,0x00,
    0x00,0x00,0x00,0x00,0x00,0x00,0x00,0x00,0x00,0x00,0x00,0x00,0x00,0x00,0x00,0x00,0x00,0x00,0x00,0x00,0x00,0x00,0x00,0x00,
    0x00,0x00,0x00,0x00,0x00,0x00,0x00,0x00,0x00,0x00,0x00,0x00,0x00,0x00,0x00,0x00,0x00,0x00,0x00,0x00,0x00,0x00,0x00,0x00,
    0x00,0x00,0x00,0x00,0x00,0x00,0x00,0x00,0x00,0x00,0x00,0x00,0x00,0x00,0x00,0x00,0x00,0x00,0x00,0x00,0x00,0x00,0x00,0x00,
    0x00,0x00,0x00,0x00,0x00,0x00,0x00,0x00,0x00,0x00,0x00,0x00,0x00,0x00,0x00,0x00,0x00,0x00,0x00,0x00,0x00,0x00,0x00,0x00,
    0x00,0x00,0x00,0x00,0x00,0x00,0x00,0x00,0x00,0x00,0x00,0x00,0x00,0x00,0x00,0x00,0x00,0x00,0x00,0x00,0x00,0x00,0x00,0x00,
    0x00,0x00,0x00,0x00,0x00,0x00,0x00,0x00,0x00,0x00,0x00,0x00,0x00,0x00,0x00,0x00,0x00,0x00,0x00,0x00,0x00,0x00,0x00,0x00,
    0x00,0x00,0x00,0x00,0x00,0x00,0x00,0x00,0x00,0x00,0x00,0x00,0x00,0x00,0x00,0x00,0x00,0x00,0x00,0x00,0x00,0x00,0x00,0x00,
    0x00,0x00,0x00,0x00,0x00,0x00,0x00,0x00,0x00,0x00,0x00,0x00,0x00,0x00,0x00,0x00,0x00,0x00,0x00,0x00,0x00,0x00,0x00,0x00,
    0x00,0x00,0x00,0x00,0x00,0x00,0x00,0x00,0x00,0x00,0x00,0x00,0x00,0x00,0x00,0x00,0x00,0x00,0x00,0x00,0x00,0x00,0x00,0x00,
    0x00,0x00,0x00,0x00,0x00,0x00,0x00,0x00,0x00,0x00,0x00,0x00,0x00,0x00,0x00,0x00,0x00,0x00,0x00,0x00,0x00,0x00,0x00,0x00,
    0x00,0x00,0x00,0x00,0x00,0x00,0x00,0x00,0x00,0x00,0x00,0x00,0x00,0x00,0x00,0x00,0x00,0x00,0x00,0x00,0x00,0x00,0x00,0x00,
    0x00,0x00,0x00,0x00,0x00,0x00,0x00,0x00,0x00,0x00,0x00,0x00,0x00,0x00,0x00,0x00,0x00,0x00,0x00,0x00,0x00,0x00,0x00,0x00,
    0x00,0x00,0x00,0x00,0x00,0x00,0x00,0x00,0x00,0x00,0x00,0x00,0x00,0x00,0x00,0x00,0x00,0x00,0x00,0x00,0x00,0x00,0x00,0x00,
    0x00,0x00,0x00,0x00,0x00,0x00,0x00,0x00,0x00,0x00,0x00,0x00,0x00,0x00,0x00,0x00,0x00,0x00,0x00,0x00,0x00,0x00,0x00,0x00,
    0x00,0x00,0x00,0x00,0x00,0x00,0x00,0x00,0x00,0x00,0x00,0x00,0x00,0x00,0x00,0x00,0x00,0x00,0x00,0x00,0x00,0x00,0x00,0x00,
    0x00,0x00,0x00,0x00,0x00,0x00,0x00,0x00,0x00,0x00,0x00,0x00,0x00,0x00,0x00,0x00,0x00,0x00,0x00,0x00,0x00,0x00,0x00,0x00,
    0x00,0x00,0x00,0x00,0x00,0x00,0x00,0x00,0x00,0x00,0x00,0x00,0x00,0x00,0x00,0x00,0x00,0x00,0x00,0x00,0x00,0x00,0x00,0x00,
    0x00,0x00,0x00,0x00,0x00,0x00,0x00,0x00,0x00,0x00,0x00,0x00,0x00,0x00,0x00,0x00,0x00,0x00,0x00,0x00,0x00,0x00,0x00,0x00,
    0x00,0x00,0x00,0x00,0x00,0x00,0x00,0x00,0x00,0x00,0x00,0x00,0x00,0x00,0x00,0x00,0x00,0x00,0x00,0x00,0x00,0x00,0x00,0x00,
    0x00,0x00,0x00,0x00,0x00,0x00,0x00,0x00,0x00,0x00,0x00,0x00,0x00,0x00,0x00,0x00,0x00,0x00,0x00,0x00,0x00,0x00,0x00,0x00,
    0x00,0x00,0x00,0x00,0x00,0x00,0x00,0x00,0x00,0x00,0x00,0x00,0x00,0x00,0x00,0x00,0x00,0x00,0x00,0x00,0x00,0x00,0x00,0x00,
    0x00,0x00,0x00,0x00,0x00,0x00,0x00,0x00,0x00,0x00,0x00,0x00,0x00,0x00,0x00,0x00,0x00,0x00,0x00,0x00,0x00,0x00,0x00,0x00,
    0x00,0x00,0x00,0x00,0x00,0x00,0x00,0x00,0x00,0x00,0x00,0x00,0x00,0x00,0x00,0x00,0x00,0x00,0x00,0x00,0x00,0x00,0x00,0x00,
    0x00,0x00,0x00,0x00,0x00,0x00,0x00,0x00,0x00,0x00,0x00,0x00,0x00,0x00,0x00,0x00,0x00,0x00,0x00,0x00,0x00,0x00,0x00,0x00,
    0x00,0x00,0x00,0x00,0x00,0x00,0x00,0x00,0x00,0x00,0x00,0x00,0x00,0x00,0x00,0x00,0x00,0x00,0x00,0x00,0x00,0x00,0x00,0x00,
    0x00,0x00,0x00,0x00,0x00,0x00,0x00,0x00,0x00,0x00,0x00,0x00,0x00,0x00,0x00,0x00,0x00,0x00,0x00,0x00,0x00,0x00,0x00,0x00,
    0x00,0x00,0x00,0x00,0x00,0x00,0x00,0x00,0x00,0x00,0x00,0x00,0x00,0x00,0x00,0x00,0x00,0x00,0x00,0x00,0x00,0x00,0x00,0x00,
    0x00,0x00,0x00,0x00,0x00,0x00,0x00,0x00,0x00,0x00,0x00,0x00,0x00,0x00,0x00,0x00,0x00,0x00,0x00,0x00,0x00,0x00,0x00,0x00,
    0x00,0x00,0x00,0x00,0x00,0x00,0x00,0x00,0x00,0x00,0x00,0x00,0x00,0x00,0x00,0x00,0x00,0x00,0x00,0x00,0x00,0x00,0x00,0x00,
    0x00,0x00,0x00,0x00,0x00,0x00,0x00,0x00,0x00,0x00,0x00,0x00,0x00,0x00,0x00,0x00,0x00,0x00,0x00,0x00,0x00,0x00,0x00,0x00,
    0x00,0x00,0x00,0x00,0x00,0x00,0x00,0x00,0x00,0x00,0x00,0x00,0x00,0x00,0x00,0x00,0x00,0x00,0x00,0x00,0x00,0x00,0x00,0x00,
    0x00,0x00,0x00,0x00,0x00,0x00,0x00,0x00,0x00,0x00,0x00,0x00,0x00,0x00,0x00,0x00,0x00,0x00,0x00,0x00,0x00,0x00,0x00,0x00,
    0x00,0x00,0x00,0x00,0x00,0x00,0x00,0x00,0x00,0x00,0x00,0x00,0x00,0x00,0x00,0x00,0x00,0x00,0x00,0x00,0x00,0x00,0x00,0x00,
    0x00,0x00,0x00,0x00,0x00,0x00,0x00,0x00,0x00,0x00,0x00,0x00,0x00,0x00,0x00,0x00,0x00,0x00,0x00,0x00,0x00,0x00,0x00,0x00,
    0x00,0x00,0x00,0x00,0x00,0x00,0x00,0x00,0x00,0x00,0x00,0x00,0x00,0x00,0x00,0x00,0x00,0x00,0x00,0x00,0x00,0x00,0x00,0x00,
    0x00,0x00,0x00,0x00,0x00,0x00,0x00,0x00,0x00,0x00,0x00,0x00,0x00,0x00,0x00,0x00,0x00,0x00,0x00,0x00,0x00,0x00,0x00,0x00,
    0x00,0x00,0x00,0x00,0x00,0x00,0x00,0x00,0x00,0x00,0x00,0x00,0x00,0x00,0x00,0x00,0x00,0x00,0x00,0x00,0x00,0x00,0x00,0x00,
    0x00,0x00,0x00,0x00,0x00,0x00,0x00,0x00,0x00,0x00,0x00,0x00,0x00,0x00,0x00,0x00,0x00,0x00,0x00,0x00,0x00,0x00,0x00,0x00,
    0x00,0x00,0x00,0x00,0x00,0x00,0x00,0x00,0x00,0x00,0x00,0x00,0x00,0x00,0x00,0x00,0x00,0x00,0x00,0x00,0x00,0x00,0x00,0x00,
    0x00,0x00,0x00,0x00,0x00,0x00,0x00,0x00,0x00,0x00,0x00,0x00,0x00,0x00,0x00,0x00,0x00,0x00,0x00,0x00,0x00,0x00,0x00,0x00,
    0x00,0x00,0x00,0x00,0x00,0x00,0x00,0x00,0x00,0x00,0x00,0x00,0x00,0x00,0x00,0x00,0x00,0x00,0x00,0x00,0x00,0x00,0x00,0x00,
    0x00,0x00,0x00,0x00,0x00,0x00,0x00,0x00,0x00,0x00,0x00,0x00,0x00,0x00,0x00,0x00,0x00,0x00,0x00,0x00,0x00,0x00,0x00,0x00,
    0x00,0x00,0x00,0x00,0x00,0x00,0x00,0x00,0x00,0x00,0x00,0x00,0x00,0x00,0x00,0x00,0x00,0x00,0x00,0x00,0x00,0x00,0x00,0x00,
    0x00,0x00,0x00,0x00,0x00,0x00,0x00,0x00,0x00,0x00,0x00,0x00,0x00,0x00,0x00,0x00,0x00,0x00,0x00,0x00,0x00,0x00,0x00,0x00,
    0x00,0x00,0x00,0x00,0x00,0x00,0x00,0x00,0x00,0x00,0x00,0x00,0x00,0x00,0x00,0x00,0x00,0x00,0x00,0x00,0x00,0x00,0x00,0x00,
    0x00,0x00,0x00,0x00,0x00,0x00,0x00,0x00,0x00,0x00,0x00,0x00,0x00,0x00,0x00,0x00,0x00,0x00,0x00,0x00,0x00,0x00,0x00,0x00,
    0x00,0x00,0x00,0x00,0x00,0x00,0x00,0x00,0x00,0x00,0x00,0x00,0x00,0x00,0x00,0x00,0x00,0x00,0x00,0x00,0x00,0x00,0x00,0x00,
    0x00,0x00,0x00,0x00,0x00,0x00,0x00,0x00,0x00,0x00,0x00,0x00,0x00,0x00,0x00,0x00,0x00,0x00,0x00,0x00,0x00,0x00,0x00,0x00,
    0x00,0x00,0x00,0x00,0x00,0x00,0x00,0x00,0x00,0x00,0x00,0x00,0x00,0x00,0x00,0x00,0x00,0x00,0x00,0x00,0x00,0x00,0x00,0x00,
    0x00,0x00,0x00,0x00,0x00,0x00,0x00,0x00,0x00,0x00,0x00,0x00,0x00,0x00,0x00,0x00,0x00,0x00,0x00,0x00,0x00,0x00,0x00,0x00,
    0x00,0x00,0x00,0x00,0x00,0x00,0x00,0x00,0x00,0x00,0x00,0x00,0x00,0x00,0x00,0x00,0x00,0x00,0x00,0x00,0x00,0x00,0x00,0x00,
    0x00,0x00,0x00,0x00,0x00,0x00,0x00,0x00,0x00,0x00,0x00,0x00,0x00,0x00,0x00,0x00,0x00,0x00,0x00,0x00,0x00,0x00,0x00,0x00,
    0x00,0x00,0x00,0x00,0x00,0x00,0x00,0x00,0x00,0x00,0x00,0x00,0x00,0x00,0x00,0x00,0x00,0x00,0x00,0x00,0x00,0x00,0x00,0x00,
    0x00,0x00,0x00,0x00,0x00,0x00,0x00,0x00,0x00,0x00,0x00,0x00,0x00,0x00,0x00,0x00,0x00,0x00,0x00,0x00,0x00,0x00,0x00,0x00,
    0x00,0x00,0x00,0x00,0x00,0x00,0x00,0x00,0x00,0x00,0x00,0x00,0x00,0x00,0x00,0x00,0x00,0x00,0x00,0x00,0x00,0x00,0x00,0x00,
    0x00,0x00,0x00,0x00,0x00,0x00,0x00,0x00,0x00,0x00,0x00,0x00,0x00,0x00,0x00,0x00,0x00,0x00,0x00,0x00,0x00,0x00,0x00,0x00,
    0x00,0x00,0x00,0x00,0x00,0x00,0x00,0x00,0x00,0x00,0x00,0x00,0x00,0x00,0x00,0x00,0x00,0x00,0x00,0x00,0x00,0x00,0x00,0x00,
    0x00,0x00,0x00,0x00,0x00,0x00,0x00,0x00,0x00,0x00,0x00,0x00,0x00,0x00,0x00,0x00,0x00,0x00,0x00,0x00,0x00,0x00,0x00,0x00,
    0x00,0x00,0x00,0x00,0x00,0x00,0x00,0x00,0x00,0x00,0x00,0x00,0x00,0x00,0x00,0x00,0x00,0x00,0x00,0x00,0x00,0x00,0x00,0x00,
    0x00,0x00,0x00,0x00,0x00,0x00,0x00,0x00,0x00,0x00,0x00,0x00,0x00,0x00,0x00,0x00,0x00,0x00,0x00,0x00,0x00,0x00,0x00,0x00,
    0x00,0x00,0x00,0x00,0x00,0x00,0x00,0x00,0x00,0x00,0x00,0x00,0x00,0x00,0x00,0x00,0x00,0x00,0x00,0x00,0x00,0x00,0x00,0x00,
    0x00,0x00,0x00,0x00,0x00,0x00,0x00,0x00,0x00,0x00,0x00,0x00,0x00,0x00,0x00,0x00,0x00,0x00,0x00,0x00,0x00,0x00,0x00,0x00,
    0x00,0x00,0x00,0x00,0x00,0x00,0x00,0x00,0x00,0x00,0x00,0x00,0x00,0x00,0x00,0x00,0x00,0x00,0x00,0x00,0x00,0x00,0x00,0x00,
    0x00,0x00,0x00,0x00,0x00,0x00,0x00,0x00,0x00,0x00,0x00,0x00,0x00,0x00,0x00,0x00,0x00,0x00,0x00,0x00,0x00,0x00,0x00,0x00,
    0x00,0x00,0x00,0x00,0x00,0x00,0x00,0x00,0x00,0x00,0x00,0x00,0x00,0x00,0x00,0x00,0x00,0x00,0x00,0x00,0x00,0x00,0x00,0x00,
    0x00,0x00,0x00,0x00,0x00,0x00,0x00,0x00,0x00,0x00,0x00,0x00,0x00,0x00,0x00,0x00,0x00,0x00,0x00,0x00,0x00,0x00,0x00,0x00,
    0x00,0x00,0x00,0x00,0x00,0x00,0x00,0x00,0x00,0x00,0x00,0x00,0x00,0x00,0x00,0x00,0x00,0x00,0x00,0x00,0x00,0x00,0x00,0x00,
    0x00,0x00,0x00,0x00,0x00,0x00,0x00,0x00,0x00,0x00,0x00,0x00,0x00,0x00,0x00,0x00,0x00,0x00,0x00,0x00,0x00,0x00,0x00,0x00,
    0x00,0x00,0x00,0x00,0x00,0x00,0x00,0x00,0x00,0x00,0x00,0x00,0x00,0x00,0x00,0x00,0x00,0x00,0x00,0x00,0x00,0x00,0x00,0x00,
    0x00,0x00,0x00,0x00,0x00,0x00,0x00,0x00,0x00,0x00,0x00,0x00,0x00,0x00,0x00,0x00,0x00,0x00,0x00,0x00,0x00,0x00,0x00,0x00,
    0x00,0x00,0x00,0x00,0x00,0x00,0x00,0x00,0x00,0x00,0x00,0x00,0x00,0x00,0x00,0x00,0x00,0x00,0x00,0x00,0x00,0x00,0x00,0x00,
    0x00,0x00,0x00,0x00,0x00,0x00,0x00,0x00,0x00,0x00,0x00,0x00,0x00,0x00,0x00,0x00,0x00,0x00,0x00,0x00,0x00,0x00,0x00,0x00,
    0x00,0x00,0x00,0x00,0x00,0x00,0x00,0x00,0x00,0x00,0x00,0x00,0x00,0x00,0x00,0x00,0x00,0x00,0x00,0x00,0x00,0x00,0x00,0x00,
    0x00,0x00,0x00,0x00,0x00,0x00,0x00,0x00,0x00,0x00,0x00,0x00,0x00,0x00,0x00,0x00,0x00,0x00,0x00,0x00,0x00,0x00,0x00,0x00,
    0x00,0x00,0x00,0x00,0x00,0x00,0x00,0x00,0x00,0x00,0x00,0x00,0x00,0x00,0x00,0x00,0x00,0x00,0x00,0x00,0x00,0x00,0x00,0x00,
    0x00,0x00,0x00,0x00,0x00,0x00,0x00,0x00,0x00,0x00,0x00,0x00,0x00,0x00,0x00,0x00,0x00,0x00,0x00,0x00,0x00,0x00,0x00,0x00,
    0x00,0x00,0x00,0x00,0x00,0x00,0x00,0x00,0x00,0x00,0x00,0x00,0x00,0x00,0x00,0x00,0x00,0x00,0x00,0x00,0x00,0x00,0x00,0x00,
    0x00,0x00,0x00,0x00,0x00,0x00,0x00,0x00,0x00,0x00,0x00,0x00,0x00,0x00,0x00,0x00,0x00,0x00,0x00,0x00,0x00,0x00,0x00,0x00,
    0x00,0x00,0x00,0x00,0x00,0x00,0x00,0x00,0x00,0x00,0x00,0x00,0x00,0x00,0x00,0x00,0x00,0x00,0x00,0x00,0x00,0x00,0x00,0x00,
    0x00,0x00,0x00,0x00,0x00,0x00,0x00,0x00,0x00,0x00,0x00,0x00,0x00,0x00,0x00,0x00,0x00,0x00,0x00,0x00,0x00,0x00,0x00,0x00,
    0x00,0x00,0x00,0x00,0x00,0x00,0x00,0x00,0x00,0x00,0x00,0x00,0x00,0x00,0x00,0x00,0x00,0x00,0x00,0x00,0x00,0x00,0x00,0x00,
    0x00,0x00,0x00,0x00,0x00,0x00,0x00,0x00,0x00,0x00,0x00,0x00,0x00,0x00,0x00,0x00,0x00,0x00,0x00,0x00,0x00,0x00,0x00,0x00,
    0x00,0x00,0x00,0x00,0x00,0x00,0x00,0x00,0x00,0x00,0x00,0x00,0x00,0x00,0x00,0x00,0x00,0x00,0x00,0x00,0x00,0x00,0x00,0x00,
    0x00,0x00,0x00,0x00,0x00,0x00,0x00,0x00,0x00,0x00,0x00,0x00,0x00,0x00,0x00,0x00,0x00,0x00,0x00,0x00,0x00,0x00,0x00,0x00,
    0x00,0x00,0x00,0x00,0x00,0x00,0x00,0x00,0x00,0x00,0x00,0x00,0x00,0x00,0x00,0x00,0x00,0x00,0x00,0x00,0x00,0x00,0x00,0x00,
    0x00,0x00,0x00,0x00,0x00,0x00,0x00,0x00,0x00,0x00,0x00,0x00,0x00,0x00,0x00,0x00,0x00,0x00,0x00,0x00,0x00,0x00,0x00,0x00,
    0x00,0x00,0x00,0x00,0x00,0x00,0x00,0x00,0x00,0x00,0x00,0x00,0x00,0x00,0x00,0x00,0x00,0x00,0x00,0x00,0x00,0x00,0x00,0x00,
    0x00,0x00,0x00,0x00,0x00,0x00,0x00,0x00,0x00,0x00,0x00,0x00,0x00,0x00,0x00,0x00,0x00,0x00,0x00,0x00,0x00,0x00,0x00,0x00,
    0x00,0x00,0x00,0x00,0x00,0x00,0x00,0x00,0x00,0x00,0x00,0x00,0x00,0x00,0x00,0x00,0x00,0x00,0x00,0x00,0x00,0x00,0x00,0x00,
    0x00,0x00,0x00,0x00,0x00,0x00,0x00,0x00,0x00,0x00,0x00,0x00,0x00,0x00,0x00,0x00,0x00,0x00,0x00,0x00,0x00,0x00,0x00,0x00,
    0x00,0x00,0x00,0x00,0x00,0x00,0x00,0x00,0x00,0x00,0x00,0x00,0x00,0x00,0x00,0x00,0x00,0x00,0x00,0x00,0x00,0x00,0x00,0x00,
    0x00,0x00,0x00,0x00,0x00,0x00,0x00,0x00,0x00,0x00,0x00,0x00,0x00,0x00,0x00,0x00,0x00,0x00,0x00,0x00,0x00,0x00,0x00,0x00,
    0x00,0x00,0x00,0x00,0x00,0x00,0x00,0x00,0x00,0x00,0x00,0x00,0x00,0x00,0x00,0x00,0x00,0x00,0x00,0x00,0x00,0x00,0x00,0x00,
    0x00,0x00,0x00,0x00,0x00,0x00,0x00,0x00,0x00,0x00,0x00,0x00,0x00,0x00,0x00,0x00,0x00,0x00,0x00,0x00,0x00,0x00,0x00,0x00,
    0x00,0x00,0x00,0x00,0x00,0x00,0x00,0x00,0x00,0x00,0x00,0x00,0x00,0x00,0x00,0x00,0x00,0x00,0x00,0x00,0x00,0x00,0x00,0x00,
    0x00,0x00,0x00,0x00,0x00,0x00,0x00,0x00,0x00,0x00,0x00,0x00,0x00,0x00,0x00,0x00,0x00,0x00,0x00,0x00,0x00,0x00,0x00,0x00,
    0x00,0x00,0x00,0x00,0x00,0x00,0x00,0x00,0x00,0x00,0x00,0x00,0x00,0x00,0x00,0x00,0x00,0x00,0x00,0x00,0x00,0x00,0x00,0x00,
    0x00,0x00,0x00,0x00,0x00,0x00,0x00,0x00,0x00,0x00,0x00,0x00,0x00,0x00,0x00,0x00,0x00,0x00,0x00,0x00,0x00,0x00,0x00,0x00,
    0x00,0x00,0x00,0x00,0x00,0x00,0x00,0x00,0x00,0x00,0x00,0x00,0x00,0x00,0x00,0x00,0x00,0x00,0x00,0x00,0x00,0x00,0x00,0x00,
    0x00,0x00,0x00,0x00,0x00,0x00,0x00,0x00,0x00,0x00,0x00,0x00,0x00,0x00,0x00,0x00,0x00,0x00,0x00,0x00,0x00,0x00,0x00,0x00,
    0x00,0x00,0x00,0x00,0x00,0x00,0x00,0x00,0x00,0x00,0x00,0x00,0x00,0x00,0x00,0x00,0x00,0x00,0x00,0x00,0x00,0x00,0x00,0x00,
    0x00,0x00,0x00,0x00,0x00,0x00,0x00,0x00,0x00,0x00,0x00,0x00,0x00,0x00,0x00,0x00,0x00,0x00,0x00,0x00,0x00,0x00,0x00,0x00,
    0x00,0x00,0x00,0x00,0x00,0x00,0x00,0x00,0x00,0x00,0x00,0x00,0x00,0x00,0x00,0x00,0x00,0x00,0x00,0x00,0x00,0x00,0x00,0x00,
    0x00,0x00,0x00,0x00,0x00,0x00,0x00,0x00,0x00,0x00,0x00,0x00,0x00,0x00,0x00,0x00,0x00,0x00,0x00,0x00,0x00,0x00,0x00,0x00,
    0x00,0x00,0x00,0x00,0x00,0x00,0x00,0x00,0x00,0x00,0x00,0x00,0x00,0x00,0x00,0x00,0x00,0x00,0x00,0x00,0x00,0x00,0x00,0x00,
    0x00,0x00,0x00,0x00,0x00,0x00,0x00,0x00,0x00,0x00,0x00,0x00,0x00,0x00,0x00,0x00,0x00,0x00,0x00,0x00,0x00,0x00,0x00,0x00,
    0x00,0x00,0x00,0x00,0x00,0x00,0x00,0x00,0x00,0x00,0x00,0x00,0x00,0x00,0x00,0x00,0x00,0x00,0x00,0x00,0x00,0x00,0x00,0x00,
    0x00,0x00,0x00,0x00,0x00,0x00,0x00,0x00,0x00,0x00,0x00,0x00,0x00,0x00,0x00,0x00,0x00,0x00,0x00,0x00,0x00,0x00,0x00,0x00,
    0x00,0x00,0x00,0x00,0x00,0x00,0x00,0x00,0x00,0x00,0x00,0x00,0x00,0x00,0x00,0x00,0x00,0x00,0x00,0x00,0x00,0x00,0x00,0x00,
    0x00,0x00,0x00,0x00,0x00,0x00,0x00,0x00,0x00,0x00,0x00,0x00,0x00,0x00,0x00,0x00,0x00,0x00,0x00,0x00,0x00,0x00,0x00,0x00,
    0x00,0x00,0x00,0x00,0x00,0x00,0x00,0x00,0x00,0x00,0x00,0x00,0x00,0x00,0x00,0x00,0x00,0x00,0x00,0x00,0x00,0x00,0x00,0x00,
    0x00,0x00,0x00,0x00,0x00,0x00,0x00,0x00,0x00,0x00,0x00,0x00,0x00,0x00,0x00,0x00,0x00,0x00,0x00,0x00,0x00,0x00,0x00,0x00,
    0x00,0x00,0x00,0x00,0x00,0x00,0x00,0x00,0x00,0x00,0x00,0x00,0x00,0x00,0x00,0x00,0x00,0x00,0x00,0x00,0x00,0x00,0x00,0x00,
    0x00,0x00,0x00,0x00,0x00,0x00,0x00,0x00,0x00,0x00,0x00,0x00,0x00,0x00,0x00,0x00,0x00,0x00,0x00,0x00,0x00,0x00,0x00,0x00,
    0x00,0x00,0x00,0x00,0x00,0x00,0x00,0x00,0x00,0x00,0x00,0x00,0x00,0x00,0x00,0x00,0x00,0x00,0x00,0x00,0x00,0x00,0x00,0x00,
    0x00,0x00,0x00,0x00,0x00,0x00,0x00,0x00,0x00,0x00,0x00,0x00,0x00,0x00,0x00,0x00,0x00,0x00,0x00,0x00,0x00,0x00,0x00,0x00,
    0x00,0x00,0x00,0x00,0x00,0x00,0x00,0x00,0x00,0x00,0x00,0x00,0x00,0x00,0x00,0x00,0x00,0x00,0x00,0x00,0x00,0x00,0x00,0x00,
    0x00,0x00,0x00,0x00,0x00,0x00,0x00,0x00,0x00,0x00,0x00,0x00,0x00,0x00,0x00,0x00,0x00,0x00,0x00,0x00,0x00,0x00,0x00,0x00,
    0x00,0x00,0x00,0x00,0x00,0x00,0x00,0x00,0x00,0x00,0x00,0x00,0x00,0x00,0x00,0x00,0x00,0x00,0x00,0x00,0x00,0x00,0x00,0x00,
    0x00,0x00,0x00,0x00,0x00,0x00,0x00,0x00,0x00,0x00,0x00,0x00,0x00,0x00,0x00,0x00,0x00,0x00,0x00,0x00,0x00,0x00,0x00,0x00,
    0x00,0x00,0x00,0x00,0x00,0x00,0x00,0x00,0x00,0x00,0x00,0x00,0x00,0x00,0x00,0x00,0x00,0x00,0x00,0x00,0x00,0x00,0x00,0x00,
    0x00,0x00,0x00,0x00,0x00,0x00,0x00,0x00,0x00,0x00,0x00,0x00,0x00,0x00,0x00,0x00,0x00,0x00,0x00,0x00,0x00,0x00,0x00,0x00,
    0x00,0x00,0x00,0x00,0x00,0x00,0x00,0x00,0x00,0x00,0x00,0x00,0x00,0x00,0x00,0x00,0x00,0x00,0x00,0x00,0x00,0x00,0x00,0x00,
    0x00,0x00,0x00,0x00,0x00,0x00,0x00,0x00,0x00,0x00,0x00,0x00,0x00,0x00,0x00,0x00,0x00,0x00,0x00,0x00,0x00,0x00,0x00,0x00,
    0x00,0x00,0x00,0x00,0x00,0x00,0x00,0x00,0x00,0x00,0x00,0x00,0x00,0x00,0x00,0x00,0x00,0x00,0x00,0x00,0x00,0x00,0x00,0x00,
    0x00,0x00,0x00,0x00,0x00,0x00,0x00,0x00,0x00,0x00,0x00,0x00,0x00,0x00,0x00,0x00,0x00,0x00,0x00,0x00,0x00,0x00,0x00,0x00,
    0x00,0x00,0x00,0x00,0x00,0x00,0x00,0x00,0x00,0x00,0x00,0x00,0x00,0x00,0x00,0x00,0x00,0x00,0x00,0x00,0x00,0x00,0x00,0x00,
    0x00,0x00,0x00,0x00,0x00,0x00,0x00,0x00,0x00,0x00,0x00,0x00,0x00,0x00,0x00,0x00,0x00,0x00,0x00,0x00,0x00,0x00,0x00,0x00,
    0x00,0x00,0x00,0x00,0x00,0x00,0x00,0x00,0x00,0x00,0x00,0x00,0x00,0x00,0x00,0x00,0x00,0x00,0x00,0x00,0x00,0x00,0x00,0x00,
    0x00,0x00,0x00,0x00,0x00,0x00,0x00,0x00,0x00,0x00,0x00,0x00,0x00,0x00,0x00,0x00,0x00,0x00,0x00,0x00,0x00,0x00,0x00,0x00,
    0x00,0x00,0x00,0x00,0x00,0x00,0x00,0x00,0x00,0x00,0x00,0x00,0x00,0x00,0x00,0x00,0x00,0x00,0x00,0x00,0x00,0x00,0x00,0x00,
    0x00,0x00,0x00,0x00,0x00,0x00,0x00,0x00,0x00,0x00,0x00,0x00,0x00,0x00,0x00,0x00,0x00,0x00,0x00,0x00,0x00,0x00,0x00,0x00,
    0x00,0x00,0x00,0x00,0x00,0x00,0x00,0x00,0x00,0x00,0x00,0x00,0x00,0x00,0x00,0x00,0x00,0x00,0x00,0x00,0x00,0x00,0x00,0x00,
    0x00,0x00,0x00,0x00,0x00,0x00,0x00,0x00,0x00,0x00,0x00,0x00,0x00,0x00,0x00,0x00,0x00,0x00,0x00,0x00,0x00,0x00,0x00,0x00,
    0x00,0x00,0x00,0x00,0x00,0x00,0x00,0x00,0x00,0x00,0x00,0x00,0x00,0x00,0x00,0x00,0x00,0x00,0x00,0x00,0x00,0x00,0x00,0x00,
    0x00,0x00,0x00,0x00,0x00,0x00,0x00,0x00,0x00,0x00,0x00,0x00,0x00,0x00,0x00,0x00,0x00,0x00,0x00,0x00,0x00,0x00,0x00,0x00,
    0x00,0x00,0x00,0x00,0x00,0x00,0x00,0x00,0x00,0x00,0x00,0x00,0x00,0x00,0x00,0x00,0x00,0x00,0x00,0x00,0x00,0x00,0x00,0x00,
    0x00,0x00,0x00,0x00,0x00,0x00,0x00,0x00,0x00,0x00,0x00,0x00,0x00,0x00,0x00,0x00,0x00,0x00,0x00,0x00,0x00,0x00,0x00,0x00,
    0x00,0x00,0x00,0x00,0x00,0x00,0x00,0x00,0x00,0x00,0x00,0x00,0x00,0x00,0x00,0x00,0x00,0x00,0x00,0x00,0x00,0x00,0x00,0x00,
    0x00,0x00,0x00,0x00,0x00,0x00,0x00,0x00,0x00,0x00,0x00,0x00,0x00,0x00,0x00,0x00,0x00,0x00,0x00,0x00,0x00,0x00,0x00,0x00,
    0x00,0x00,0x00,0x00,0x00,0x00,0x00,0x00,0x00,0x00,0x00,0x00,0x00,0x00,0x00,0x00,0x00,0x00,0x00,0x00,0x00,0x00,0x00,0x00,
    0x00,0x00,0x00,0x00,0x00,0x00,0x00,0x00,0x00,0x00,0x00,0x00,0x00,0x00,0x00,0x00,0x00,0x00,0x00,0x00,0x00,0x00,0x00,0x00,
    0x00,0x00,0x00,0x00,0x00,0x00,0x00,0x00,0x00,0x00,0x00,0x00,0x00,0x00,0x00,0x00,0x00,0x00,0x00,0x00,0x00,0x00,0x00,0x00,
    0x00,0x00,0x00,0x00,0x00,0x00,0x00,0x00,0x00,0x00,0x00,0x00,0x00,0x00,0x00,0x00,0x00,0x00,0x00,0x00,0x00,0x00,0x00,0x00,
    0x00,0x00,0x00,0x00,0x00,0x00,0x00,0x00,0x00,0x00,0x00,0x00,0x00,0x00,0x00,0x00,0x00,0x00,0x00,0x00,0x00,0x00,0x00,0x00,
    0x00,0x00,0x00,0x00,0x00,0x00,0x00,0x00,0x00,0x00,0x00,0x00,0x00,0x00,0x00,0x00,0x00,0x00,0x00,0x00,0x00,0x00,0x00,0x00,
    0x00,0x00,0x00,0x00,0x00,0x00,0x00,0x00,0x00,0x00,0x00,0x00,0x00,0x00,0x00,0x00,0x00,0x00,0x00,0x00,0x00,0x00,0x00,0x00,
    0x00,0x00,0x00,0x00,0x00,0x00,0x00,0x00,0x00,0x00,0x00,0x00,0x00,0x00,0x00,0x00,0x00,0x00,0x00,0x00,0x00,0x00,0x00,0x00,
    0x00,0x00,0x00,0x00,0x00,0x00,0x00,0x00,0x00,0x00,0x00,0x00,0x00,0x00,0x00,0x00,0x00,0x00,0x00,0x00,0x00,0x00,0x00,0x00,
    0x00,0x00,0x00,0x00,0x00,0x00,0x00,0x00,0x00,0x00,0x00,0x00,0x00,0x00,0x00,0x00,0x00,0x00,0x00,0x00,0x00,0x00,0x00,0x00,
    0x00,0x00,0x00,0x00,0x00,0x00,0x00,0x00,0x00,0x00,0x00,0x00,0x00,0x00,0x00,0x00,0x00,0x00,0x00,0x00,0x00,0x00,0x00,0x00,
    0x00,0x00,0x00,0x00,0x00,0x00,0x00,0x00,0x00,0x00,0x00,0x00,0x00,0x00,0x00,0x00,0x00,0x00,0x00,0x00,0x00,0x00,0x00,0x00,
    0x00,0x00,0x00,0x00,0x00,0x00,0x00,0x00,0x00,0x00,0x00,0x00,0x00,0x00,0x00,0x00,0x00,0x00,0x00,0x00,0x00,0x00,0x00,0x00,
    0x00,0x00,0x00,0x00,0x00,0x00,0x00,0x00,0x00,0x00,0x00,0x00,0x00,0x00,0x00,0x00,0x00,0x00,0x00,0x00,0x00,0x00,0x00,0x00,
    0x00,0x00,0x00,0x00,0x00,0x00,0x00,0x00,0x00,0x00,0x00,0x00,0x00,0x00,0x00,0x00,0x00,0x00,0x00,0x00,0x00,0x00,0x00,0x00,
    0x00,0x00,0x00,0x00,0x00,0x00,0x00,0x00,0x00,0x00,0x00,0x00,0x00,0x00,0x00,0x00,0x00,0x00,0x00,0x00,0x00,0x00,0x00,0x00,
    0x00,0x00,0x00,0x00,0x00,0x00,0x00,0x00,0x00,0x00,0x00,0x00,0x00,0x00,0x00,0x00,0x00,0x00,0x00,0x00,0x00,0x00,0x00,0x00,
    0x00,0x00,0x00,0x00,0x00,0x00,0x00,0x00,0x00,0x00,0x00,0x00,0x00,0x00,0x00,0x00,0x00,0x00,0x00,0x00,0x00,0x00,0x00,0x00,
    0x00,0x00,0x00,0x00,0x00,0x00,0x00,0x00,0x00,0x00,0x00,0x00,0x00,0x00,0x00,0x00,0x00,0x00,0x00,0x00,0x00,0x00,0x00,0x00,
    0x00,0x00,0x00,0x00,0x00,0x00,0x00,0x00,0x00,0x00,0x00,0x00,0x00,0x00,0x00,0x00,0x00,0x00,0x00,0x00,0x00,0x00,0x00,0x00,
    0x00,0x00,0x00,0x00,0x00,0x00,0x00,0x00,0x00,0x00,0x00,0x00,0x00,0x00,0x00,0x00,0x00,0x00,0x00,0x00,0x00,0x00,0x00,0x00,
    0x00,0x00,0x00,0x00,0x00,0x00,0x00,0x00,0x00,0x00,0x00,0x00,0x00,0x00,0x00,0x00,0x00,0x00,0x00,0x00,0x00,0x00,0x00,0x00,
    0x00,0x00,0x00,0x00,0x00,0x00,0x00,0x00,0x00,0x00,0x00,0x00,0x00,0x00,0x00,0x00,0x00,0x00,0x00,0x00,0x00,0x00,0x00,0x00,
    0x00,0x00,0x00,0x00,0x00,0x00,0x00,0x00,0x00,0x00,0x00,0x00,0x00,0x00,0x00,0x00,0x00,0x00,0x00,0x00,0x00,0x00,0x00,0x00,
    0x00,0x00,0x00,0x00,0x00,0x00,0x00,0x00,0x00,0x00,0x00,0x00,0x00,0x00,0x00,0x00,0x00,0x00,0x00,0x00,0x00,0x00,0x00,0x00,
    0x00,0x00,0x00,0x00,0x00,0x00,0x00,0x00,0x00,0x00,0x00,0x00,0x00,0x00,0x00,0x00,0x00,0x00,0x00,0x00,0x00,0x00,0x00,0x00,
    0x00,0x00,0x00,0x00,0x00,0x00,0x00,0x00,0x00,0x00,0x00,0x00,0x00,0x00,0x00,0x00,0x00,0x00,0x00,0x00,0x00,0x00,0x00,0x00,
    0x00,0x00,0x00,0x00,0x00,0x00,0x00,0x00,0x00,0x00,0x00,0x00,0x00,0x00,0x00,0x00,0x00,0x00,0x00,0x00,0x00,0x00,0x00,0x00,
    0x00,0x00,0x00,0x00,0x00,0x00,0x00,0x00,0x00,0x00,0x00,0x00,0x00,0x00,0x00,0x00,0x00,0x00,0x00,0x00,0x00,0x00,0x00,0x00,
    0x00,0x00,0x00,0x00,0x00,0x00,0x00,0x00,0x00,0x00,0x00,0x00,0x00,0x00,0x00,0x00,0x00,0x00,0x00,0x00,0x00,0x00,0x00,0x00,
    0x00,0x00,0x00,0x00,0x00,0x00,0x00,0x00,0x00,0x00,0x00,0x00,0x00,0x00,0x00,0x00,0x00,0x00,0x00,0x00,0x00,0x00,0x00,0x00,
    0x00,0x00,0x00,0x00,0x00,0x00,0x00,0x00,0x00,0x00,0x00,0x00,0x00,0x00,0x00,0x00,0x00,0x00,0x00,0x00,0x00,0x00,0x00,0x00,
    0x00,0x00,0x00,0x00,0x00,0x00,0x00,0x00,0x00,0x00,0x00,0x00,0x00,0x00,0x00,0x00,0x00,0x00,0x00,0x00,0x00,0x00,0x00,0x00,
    0x00,0x00,0x00,0x00,0x00,0x00,0x00,0x00,0x00,0x00,0x00,0x00,0x00,0x00,0x00,0x00,0x00,0x00,0x00,0x00,0x00,0x00,0x00,0x00,
    0x00,0x00,0x00,0x00,0x00,0x00,0x00,0x00,0x00,0x00,0x00,0x00,0x00,0x00,0x00,0x00,0x00,0x00,0x00,0x00,0x00,0x00,0x00,0x00,
    0x00,0x00,0x00,0x00,0x00,0x00,0x00,0x00,0x00,0x00,0x00,0x00,0x00,0x00,0x00,0x00,0x00,0x00,0x00,0x00,0x00,0x00,0x00,0x00,
    0x00,0x00,0x00,0x00,0x00,0x00,0x00,0x00,0x00,0x00,0x00,0x00,0x00,0x00,0x00,0x00,0x00,0x00,0x00,0x00,0x00,0x00,0x00,0x00,
    0x00,0x00,0x00,0x00,0x00,0x00,0x00,0x00,0x00,0x00,0x00,0x00,0x00,0x00,0x00,0x00,0x00,0x00,0x00,0x00,0x00,0x00,0x00,0x00,
    0x00,0x00,0x00,0x00,0x00,0x00,0x00,0x00,0x00,0x00,0x00,0x00,0x00,0x00,0x00,0x00,0x00,0x00,0x00,0x00,0x00,0x00,0x00,0x00,
    0x00,0x00,0x00,0x00,0x00,0x00,0x00,0x00,0x00,0x00,0x00,0x00,0x00,0x00,0x00,0x00,0x00,0x00,0x00,0x00,0x00,0x00,0x00,0x00,
    0x00,0x00,0x00,0x00,0x00,0x00,0x00,0x00,0x00,0x00,0x00,0x00,0x00,0x00,0x00,0x00,0x00,0x00,0x00,0x00,0x00,0x00,0x00,0x00,
    0x00,0x00,0x00,0x00,0x00,0x00,0x00,0x00,0x00,0x00,0x00,0x00,0x00,0x00,0x00,0x00,0x00,0x00,0x00,0x00,0x00,0x00,0x00,0x00,
    0x00,0x00,0x00,0x00,0x00,0x00,0x00,0x00,0x00,0x00,0x00,0x00,0x00,0x00,0x00,0x00,0x00,0x00,0x00,0x00,0x00,0x00,0x00,0x00,
    0x00,0x00,0x00,0x00,0x00,0x00,0x00,0x00,0x00,0x00,0x00,0x00,0x00,0x00,0x00,0x00,0x00,0x00,0x00,0x00,0x00,0x00,0x00,0x00,
    0x00,0x00,0x00,0x00,0x00,0x00,0x00,0x00,0x00,0x00,0x00,0x00,0x00,0x00,0x00,0x00,0x00,0x00,0x00,0x00,0x00,0x00,0x00,0x00,
    0x00,0x00,0x00,0x00,0x00,0x00,0x00,0x00,0x00,0x00,0x00,0x00,0x00,0x00,0x00,0x00,0x00,0x00,0x00,0x00,0x00,0x00,0x00,0x00,
    0x00,0x00,0x00,0x00,0x00,0x00,0x00,0x00,0x00,0x00,0x00,0x00,0x00,0x00,0x00,0x00,0x00,0x00,0x00,0x00,0x00,0x00,0x00,0x00,
    0x00,0x00,0x00,0x00,0x00,0x00,0x00,0x00,0x00,0x00,0x00,0x00,0x00,0x00,0x00,0x00,0x00,0x00,0x00,0x00,0x00,0x00,0x00,0x00,
    0x00,0x00,0x00,0x00,0x00,0x00,0x00,0x00,0x00,0x00,0x00,0x00,0x00,0x00,0x00,0x00,0x00,0x00,0x00,0x00,0x00,0x00,0x00,0x00,
    0x00,0x00,0x00,0x00,0x00,0x00,0x00,0x00,0x00,0x00,0x00,0x00,0x00,0x00,0x00,0x00,0x00,0x00,0x00,0x00,0x00,0x00,0x00,0x00,
    0x00,0x00,0x00,0x00,0x00,0x00,0x00,0x00,0x00,0x00,0x00,0x00,0x00,0x00,0x00,0x00,0x00,0x00,0x00,0x00,0x00,0x00,0x00,0x00,
    0x00,0x00,0x00,0x00,0x00,0x00,0x00,0x00,0x00,0x00,0x00,0x00,0x00,0x00,0x00,0x00,0x00,0x00,0x00,0x00,0x00,0x00,0x00,0x00,
    0x00,0x00,0x00,0x00,0x00,0x00,0x00,0x00,0x00,0x00,0x00,0x00,0x00,0x00,0x00,0x00,0x00,0x00,0x00,0x00,0x00,0x00,0x00,0x00,
    0x00,0x00,0x00,0x00,0x00,0x00,0x00,0x00,0x00,0x00,0x00,0x00,0x00,0x00,0x00,0x00,0x00,0x00,0x00,0x00,0x00,0x00,0x00,0x00,
    0x00,0x00,0x00,0x00,0x00,0x00,0x00,0x00,0x00,0x00,0x00,0x00,0x00,0x00,0x00,0x00,0x00,0x00,0x00,0x00,0x00,0x00,0x00,0x00,
    0x00,0x00,0x00,0x00,0x00,0x00,0x00,0x00,0x00,0x00,0x00,0x00,0x00,0x00,0x00,0x00,0x00,0x00,0x00,0x00,0x00,0x00,0x00,0x00,
    0x00,0x00,0x00,0x00,0x00,0x00,0x00,0x00,0x00,0x00,0x00,0x00,0x00,0x00,0x00,0x00,0x00,0x00,0x00,0x00,0x00,0x00,0x00,0x00,
    0x00,0x00,0x00,0x00,0x00,0x00,0x00,0x00,0x00,0x00,0x00,0x00,0x00,0x00,0x00,0x00,0x00,0x00,0x00,0x00,0x00,0x00,0x00,0x00,
    0x00,0x00,0x00,0x00,0x00,0x00,0x00,0x00,0x00,0x00,0x00,0x00,0x00,0x00,0x00,0x00,0x00,0x00,0x00,0x00,0x00,0x00,0x00,0x00,
    0x00,0x00,0x00,0x00,0x00,0x00,0x00,0x00,0x00,0x00,0x00,0x00,0x00,0x00,0x00,0x00,0x00,0x00,0x00,0x00,0x00,0x00,0x00,0x00,
    0x00,0x00,0x00,0x00,0x00,0x00,0x00,0x00,0x00,0x00,0x00,0x00,0x00,0x00,0x00,0x00,0x00,0x00,0x00,0x00,0x00,0x00,0x00,0x00,
    0x00,0x00,0x00,0x00,0x00,0x00,0x00,0x00,0x00,0x00,0x00,0x00,0x00,0x00,0x00,0x00,0x00,0x00,0x00,0x00,0x00,0x00,0x00,0x00,
    0x00,0x00,0x00,0x00,0x00,0x00,0x00,0x00,0x00,0x00,0x00,0x00,0x00,0x00,0x00,0x00,0x00,0x00,0x00,0x00,0x00,0x00,0x00,0x00,
    0x00,0x00,0x00,0x00,0x00,0x00,0x00,0x00,0x00,0x00,0x00,0x00,0x00,0x00,0x00,0x00,0x00,0x00,0x00,0x00,0x00,0x00,0x00,0x00,
    0x00,0x00,0x00,0x00,0x00,0x00,0x00,0x00,0x00,0x00,0x00,0x00,0x00,0x00,0x00,0x00,0x00,0x00,0x00,0x00,0x00,0x00,0x00,0x00,
    0x00,0x00,0x00,0x00,0x00,0x00,0x00,0x00,0x00,0x00,0x00,0x00,0x00,0x00,0x00,0x00,0x00,0x00,0x00,0x00,0x00,0x00,0x00,0x00,
    0x00,0x00,0x00,0x00,0x00,0x00,0x00,0x00,0x00,0x00,0x00,0x00,0x00,0x00,0x00,0x00,0x00,0x00,0x00,0x00,0x00,0x00,0x00,0x00,
    0x00,0x00,0x00,0x00,0x00,0x00,0x00,0x00,0x00,0x00,0x00,0x00,0x00,0x00,0x00,0x00,0x00,0x00,0x00,0x00,0x00,0x00,0x00,0x00,
    0x00,0x00,0x00,0x00,0x00,0x00,0x00,0x00,0x00,0x00,0x00,0x00,0x00,0x00,0x00,0x00,0x00,0x00,0x00,0x00,0x00,0x00,0x00,0x00,
    0x00,0x00,0x00,0x00,0x00,0x00,0x00,0x00,0x00,0x00,0x00,0x00,0x00,0x00,0x00,0x00,0x00,0x00,0x00,0x00,0x00,0x00,0x00,0x00,
    0x00,0x00,0x00,0x00,0x00,0x00,0x00,0x00,0x00,0x00,0x00,0x00,0x00,0x00,0x00,0x00,0x00,0x00,0x00,0x00,0x00,0x00,0x00,0x00,
    0x00,0x00,0x00,0x00,0x00,0x00,0x00,0x00,0x00,0x00,0x00,0x00,0x00,0x00,0x00,0x00,0x00,0x00,0x00,0x00,0x00,0x00,0x00,0x00,
    0x00,0x00,0x00,0x00,0x00,0x00,0x00,0x00,0x00,0x00,0x00,0x00,0x00,0x00,0x00,0x00,0x00,0x00,0x00,0x00,0x00,0x00,0x00,0x00,
    0x00,0x00,0x00,0x00,0x00,0x00,0x00,0x00,0x00,0x00,0x00,0x00,0x00,0x00,0x00,0x00,0x00,0x00,0x00,0x00,0x00,0x00,0x00,0x00,
    0x00,0x00,0x00,0x00,0x00,0x00,0x00,0x00,0x00,0x00,0x00,0x00,0x00,0x00,0x00,0x00,0x00,0x00,0x00,0x00,0x00,0x00,0x00,0x00,
    0x00,0x00,0x00,0x00,0x00,0x00,0x00,0x00,0x00,0x00,0x00,0x00,0x00,0x00,0x00,0x00,0x00,0x00,0x00,0x00,0x00,0x00,0x00,0x00,
    0x00,0x00,0x00,0x00,0x00,0x00,0x00,0x00,0x00,0x00,0x00,0x00,0x00,0x00,0x00,0x00,0x00,0x00,0x00,0x00,0x00,0x00,0x00,0x00,
    0x00,0x00,0x00,0x00,0x00,0x00,0x00,0x00,0x00,0x00,0x00,0x00,0x00,0x00,0x00,0x00,0x00,0x00,0x00,0x00,0x00,0x00,0x00,0x00,
    0x00,0x00,0x00,0x00,0x00,0x00,0x00,0x00,0x00,0x00,0x00,0x00,0x00,0x00,0x00,0x00,0x00,0x00,0x00,0x00,0x00,0x00,0x00,0x00,
    0x00,0x00,0x00,0x00,0x00,0x00,0x00,0x00,0x00,0x00,0x00,0x00,0x00,0x00,0x00,0x00,0x00,0x00,0x00,0x00,0x00,0x00,0x00,0x00,
    0x00,0x00,0x00,0x00,0x00,0x00,0x00,0x00,0x00,0x00,0x00,0x00,0x00,0x00,0x00,0x00,0x00,0x00,0x00,0x00,0x00,0x00,0x00,0x00,
    0x00,0x00,0x00,0x00,0x00,0x00,0x00,0x00,0x00,0x00,0x00,0x00,0x00,0x00,0x00,0x00,0x00,0x00,0x00,0x00,0x00,0x00,0x00,0x00,
    0x00,0x00,0x00,0x00,0x00,0x00,0x00,0x00,0x00,0x00,0x00,0x00,0x00,0x00,0x00,0x00,0x00,0x00,0x00,0x00,0x00,0x00,0x00,0x00,
    0x00,0x00,0x00,0x00,0x00,0x00,0x00,0x00,0x00,0x00,0x00,0x00,0x00,0x00,0x00,0x00,0x00,0x00,0x00,0x00,0x00,0x00,0x00,0x00,
    0x00,0x00,0x00,0x00,0x00,0x00,0x00,0x00,0x00,0x00,0x00,0x00,0x00,0x00,0x00,0x00,0x00,0x00,0x00,0x00,0x00,0x00,0x00,0x00,
    0x00,0x00,0x00,0x00,0x00,0x00,0x00,0x00,0x00,0x00,0x00,0x00,0x00,0x00,0x00,0x00,0x00,0x00,0x00,0x00,0x00,0x00,0x00,0x00,
    0x00,0x00,0x00,0x00,0x00,0x00,0x00,0x00,0x00,0x00,0x00,0x00,0x00,0x00,0x00,0x00,0x00,0x00,0x00,0x00,0x00,0x00,0x00,0x00,
    0x00,0x00,0x00,0x00,0x00,0x00,0x00,0x00,0x00,0x00,0x00,0x00,0x00,0x00,0x00,0x00,0x00,0x00,0x00,0x00,0x00,0x00,0x00,0x00,
    0x00,0x00,0x00,0x00,0x00,0x00,0x00,0x00,0x00,0x00,0x00,0x00,0x00,0x00,0x00,0x00,0x00,0x00,0x00,0x00,0x00,0x00,0x00,0x00,
    0x00,0x00,0x00,0x00,0x00,0x00,0x00,0x00,0x00,0x00,0x00,0x00,0x00,0x00,0x00,0x00,0x00,0x00,0x00,0x00,0x00,0x00,0x00,0x00,
    0x00,0x00,0x00,0x00,0x00,0x00,0x00,0x00,0x00,0x00,0x00,0x00,0x00,0x00,0x00,0x00,0x00,0x00,0x00,0x00,0x00,0x00,0x00,0x00,
    0x00,0x00,0x00,0x00,0x00,0x00,0x00,0x00,0x00,0x00,0x00,0x00,0x00,0x00,0x00,0x00,0x00,0x00,0x00,0x00,0x00,0x00,0x00,0x00,
    0x00,0x00,0x00,0x00,0x00,0x00,0x00,0x00,0x00,0x00,0x00,0x00,0x00,0x00,0x00,0x00,0x00,0x00,0x00,0x00,0x00,0x00,0x00,0x00,
    0x00,0x00,0x00,0x00,0x00,0x00,0x00,0x00,0x00,0x00,0x00,0x00,0x00,0x00,0x00,0x00,0x00,0x00,0x00,0x00,0x00,0x00,0x00,0x00,
    0x00,0x00,0x00,0x00,0x00,0x00,0x00,0x00,0x00,0x00,0x00,0x00,0x00,0x00,0x00,0x00,0x00,0x00,0x00,0x00,0x00,0x00,0x00,0x00,
    0x00,0x00,0x00,0x00,0x00,0x00,0x00,0x00,0x00,0x00,0x00,0x00,0x00,0x00,0x00,0x00,0x00,0x00,0x00,0x00,0x00,0x00,0x00,0x00,
    0x00,0x00,0x00,0x00,0x00,0x00,0x00,0x00,0x00,0x00,0x00,0x00,0x00,0x00,0x00,0x00,0x00,0x00,0x00,0x00,0x00,0x00,0x00,0x00,
    0x00,0x00,0x00,0x00,0x00,0x00,0x00,0x00,0x00,0x00,0x00,0x00,0x00,0x00,0x00,0x00,0x00,0x00,0x00,0x00,0x00,0x00,0x00,0x00,
    0x00,0x00,0x00,0x00,0x00,0x00,0x00,0x00,0x00,0x00,0x00,0x00,0x00,0x00,0x00,0x00,0x00,0x00,0x00,0x00,0x00,0x00,0x00,0x00,
    0x00,0x00,0x00,0x00,0x00,0x00,0x00,0x00,0x00,0x00,0x00,0x00,0x00,0x00,0x00,0x00,0x00,0x00,0x00,0x00,0x00,0x00,0x00,0x00,
    0x00,0x00,0x00,0x00,0x00,0x00,0x00,0x00,0x00,0x00,0x00,0x00,0x00,0x00,0x00,0x00,0x00,0x00,0x00,0x00,0x00,0x00,0x00,0x00,
    0x00,0x00,0x00,0x00,0x00,0x00,0x00,0x00,0x00,0x00,0x00,0x00,0x00,0x00,0x00,0x00,0x00,0x00,0x00,0x00,0x00,0x00,0x00,0x00,
    0x00,0x00,0x00,0x00,0x00,0x00,0x00,0x00,0x00,0x00,0x00,0x00,0x00,0x00,0x00,0x00,0x00,0x00,0x00,0x00,0x00,0x00,0x00,0x00,
    0x00,0x00,0x00,0x00,0x00,0x00,0x00,0x00,0x00,0x00,0x00,0x00,0x00,0x00,0x00,0x00,0x00,0x00,0x00,0x00,0x00,0x00,0x00,0x00,
    0x00,0x00,0x00,0x00,0x00,0x00,0x00,0x00,0x00,0x00,0x00,0x00,0x00,0x00,0x00,0x00,0x00,0x00,0x00,0x00,0x00,0x00,0x00,0x00,
    0x00,0x00,0x00,0x00,0x00,0x00,0x00,0x00,0x00,0x00,0x00,0x00,0x00,0x00,0x00,0x00,0x00,0x00,0x00,0x00,0x00,0x00,0x00,0x00,
    0x00,0x00,0x00,0x00,0x00,0x00,0x00,0x00,0x00,0x00,0x00,0x00,0x00,0x00,0x00,0x00,0x00,0x00,0x00,0x00,0x00,0x00,0x00,0x00,
    0x00,0x00,0x00,0x00,0x00,0x00,0x00,0x00,0x00,0x00,0x00,0x00,0x00,0x00,0x00,0x00,0x00,0x00,0x00,0x00,0x00,0x00,0x00,0x00,
    0x00,0x00,0x00,0x00,0x00,0x00,0x00,0x00,0x00,0x00,0x00,0x00,0x00,0x00,0x00,0x00,0x00,0x00,0x00,0x00,0x00,0x00,0x00,0x00,
    0x00,0x00,0x00,0x00,0x00,0x00,0x00,0x00,0x00,0x00,0x00,0x00,0x00,0x00,0x00,0x00,0x00,0x00,0x00,0x00,0x00,0x00,0x00,0x00,
    0x00,0x00,0x00,0x00,0x00,0x00,0x00,0x00,0x00,0x00,0x00,0x00,0x00,0x00,0x00,0x00,0x00,0x00,0x00,0x00,0x00,0x00,0x00,0x00,
    0x00,0x00,0x00,0x00,0x00,0x00,0x00,0x00,0x00,0x00,0x00,0x00,0x00,0x00,0x00,0x00,0x00,0x00,0x00,0x00,0x00,0x00,0x00,0x00,
    0x00,0x00,0x00,0x00,0x00,0x00,0x00,0x00,0x00,0x00,0x00,0x00,0x00,0x00,0x00,0x00,0x00,0x00,0x00,0x00,0x00,0x00,0x00,0x00,
    0x00,0x00,0x00,0x00,0x00,0x00,0x00,0x00,0x00,0x00,0x00,0x00,0x00,0x00,0x00,0x00,0x00,0x00,0x00,0x00,0x00,0x00,0x00,0x00,
    0x00,0x00,0x00,0x00,0x00,0x00,0x00,0x00,0x00,0x00,0x00,0x00,0x00,0x00,0x00,0x00,0x00,0x00,0x00,0x00,0x00,0x00,0x00,0x00,
    0x00,0x00,0x00,0x00,0x00,0x00,0x00,0x00,0x00,0x00,0x00,0x00,0x00,0x00,0x00,0x00,0x00,0x00,0x00,0x00,0x00,0x00,0x00,0x00,
    0x00,0x00,0x00,0x00,0x00,0x00,0x00,0x00,0x00,0x00,0x00,0x00,0x00,0x00,0x00,0x00,0x00,0x00,0x00,0x00,0x00,0x00,0x00,0x00,
    0x00,0x00,0x00,0x00,0x00,0x00,0x00,0x00,0x00,0x00,0x00,0x00,0x00,0x00,0x00,0x00,0x00,0x00,0x00,0x00,0x00,0x00,0x00,0x00,
    0x00,0x00,0x00,0x00,0x00,0x00,0x00,0x00,0x00,0x00,0x00,0x00,0x00,0x00,0x00,0x00,0x00,0x00,0x00,0x00,0x00,0x00,0x00,0x00,
    0x00,0x00,0x00,0x00,0x00,0x00,0x00,0x00,0x00,0x00,0x00,0x00,0x00,0x00,0x00,0x00,0x00,0x00,0x00,0x00,0x00,0x00,0x00,0x00,
    0x00,0x00,0x00,0x00,0x00,0x00,0x00,0x00,0x00,0x00,0x00,0x00,0x00,0x00,0x00,0x00,0x00,0x00,0x00,0x00,0x00,0x00,0x00,0x00,
    0x00,0x00,0x00,0x00,0x00,0x00,0x00,0x00,0x00,0x00,0x00,0x00,0x00,0x00,0x00,0x00,0x00,0x00,0x00,0x00,0x00,0x00,0x00,0x00,
    0x00,0x00,0x00,0x00,0x00,0x00,0x00,0x00,0x00,0x00,0x00,0x00,0x00,0x00,0x00,0x00,0x00,0x00,0x00,0x00,0x00,0x00,0x00,0x00,
    0x00,0x00,0x00,0x00,0x00,0x00,0x00,0x00,0x00,0x00,0x00,0x00,0x00,0x00,0x00,0x00,0x00,0x00,0x00,0x00,0x00,0x00,0x00,0x00,
    0x00,0x00,0x00,0x00,0x00,0x00,0x00,0x00,0x00,0x00,0x00,0x00,0x00,0x00,0x00,0x00,0x00,0x00,0x00,0x00,0x00,0x00,0x00,0x00,
    0x00,0x00,0x00,0x00,0x00,0x00,0x00,0x00,0x00,0x00,0x00,0x00,0x00,0x00,0x00,0x00,0x00,0x00,0x00,0x00,0x00,0x00,0x00,0x00,
    0x00,0x00,0x00,0x00,0x00,0x00,0x00,0x00,0x00,0x00,0x00,0x00,0x00,0x00,0x00,0x00,0x00,0x00,0x00,0x00,0x00,0x00,0x00,0x00,
    0x00,0x00,0x00,0x00,0x00,0x00,0x00,0x00,0x00,0x00,0x00,0x00,0x00,0x00,0x00,0x00,0x00,0x00,0x00,0x00,0x00,0x00,0x00,0x00,
    0x00,0x00,0x00,0x00,0x00,0x00,0x00,0x00,0x00,0x00,0x00,0x00,0x00,0x00,0x00,0x00,0x00,0x00,0x00,0x00,0x00,0x00,0x00,0x00,
    0x00,0x00,0x00,0x00,0x00,0x00,0x00,0x00,0x00,0x00,0x00,0x00,0x00,0x00,0x00,0x00,0x00,0x00,0x00,0x00,0x00,0x00,0x00,0x00,
    0x00,0x00,0x00,0x00,0x00,0x00,0x00,0x00,0x00,0x00,0x00,0x00,0x00,0x00,0x00,0x00,0x00,0x00,0x00,0x00,0x00,0x00,0x00,0x00,
    0x00,0x00,0x00,0x00,0x00,0x00,0x00,0x00,0x00,0x00,0x00,0x00,0x00,0x00,0x00,0x00,0x00,0x00,0x00,0x00,0x00,0x00,0x00,0x00,
    0x00,0x00,0x00,0x00,0x00,0x00,0x00,0x00,0x00,0x00,0x00,0x00,0x00,0x00,0x00,0x00,0x00,0x00,0x00,0x00,0x00,0x00,0x00,0x00,
    0x00,0x00,0x00,0x00,0x00,0x00,0x00,0x00,0x00,0x00,0x00,0x00,0x00,0x00,0x00,0x00,0x00,0x00,0x00,0x00,0x00,0x00,0x00,0x00,
    0x00,0x00,0x00,0x00,0x00,0x00,0x00,0x00,0x00,0x00,0x00,0x00,0x00,0x00,0x00,0x00,0x00,0x00,0x00,0x00,0x00,0x00,0x00,0x00,
    0x00,0x00,0x00,0x00,0x00,0x00,0x00,0x00,0x00,0x00,0x00,0x00,0x00,0x00,0x00,0x00,0x00,0x00,0x00,0x00,0x00,0x00,0x00,0x00,
    0x00,0x00,0x00,0x00,0x00,0x00,0x00,0x00,0x00,0x00,0x00,0x00,0x00,0x00,0x00,0x00,0x00,0x00,0x00,0x00,0x00,0x00,0x00,0x00,
    0x00,0x00,0x00,0x00,0x00,0x00,0x00,0x00,0x00,0x00,0x00,0x00,0x00,0x00,0x00,0x00,0x00,0x00,0x00,0x00,0x00,0x00,0x00,0x00,
    0x00,0x00,0x00,0x00,0x00,0x00,0x00,0x00,0x00,0x00,0x00,0x00,0x00,0x00,0x00,0x00,0x00,0x00,0x00,0x00,0x00,0x00,0x00,0x00,
    0x00,0x00,0x00,0x00,0x00,0x00,0x00,0x00,0x00,0x00,0x00,0x00,0x00,0x00,0x00,0x00,0x00,0x00,0x00,0x00,0x00,0x00,0x00,0x00,
    0x00,0x00,0x00,0x00,0x00,0x00,0x00,0x00,0x00,0x00,0x00,0x00,0x00,0x00,0x00,0x00,0x00,0x00,0x00,0x00,0x00,0x00,0x00,0x00,
    0x00,0x00,0x00,0x00,0x00,0x00,0x00,0x00,0x00,0x00,0x00,0x00,0x00,0x00,0x00,0x00,0x00,0x00,0x00,0x00,0x00,0x00,0x00,0x00,
    0x00,0x00,0x00,0x00,0x00,0x00,0x00,0x00,0x00,0x00,0x00,0x00,0x00,0x00,0x00,0x00,0x00,0x00,0x00,0x00,0x00,0x00,0x00,0x00,
    0x00,0x00,0x00,0x00,0x00,0x00,0x00,0x00,0x00,0x00,0x00,0x00,0x00,0x00,0x00,0x00,0x00,0x00,0x00,0x00,0x00,0x00,0x00,0x00,
    0x00,0x00,0x00,0x00,0x00,0x00,0x00,0x00,0x00,0x00,0x00,0x00,0x00,0x00,0x00,0x00,0x00,0x00,0x00,0x00,0x00,0x00,0x00,0x00,
    0x00,0x00,0x00,0x00,0x00,0x00,0x00,0x00,0x00,0x00,0x00,0x00,0x00,0x00,0x00,0x00,0x00,0x00,0x00,0x00,0x00,0x00,0x00,0x00,
    0x00,0x00,0x00,0x00,0x00,0x00,0x00,0x00,0x00,0x00,0x00,0x00,0x00,0x00,0x00,0x00,0x00,0x00,0x00,0x00,0x00,0x00,0x00,0x00,
    0x00,0x00,0x00,0x00,0x00,0x00,0x00,0x00,0x00,0x00,0x00,0x00,0x00,0x00,0x00,0x00,0x00,0x00,0x00,0x00,0x00,0x00,0x00,0x00,
    0x00,0x00,0x00,0x00,0x00,0x00,0x00,0x00,0x00,0x00,0x00,0x00,0x00,0x00,0x00,0x00,0x00,0x00,0x00,0x00,0x00,0x00,0x00,0x00,
    0x00,0x00,0x00,0x00,0x00,0x00,0x00,0x00,0x00,0x00,0x00,0x00,0x00,0x00,0x00,0x00,0x00,0x00,0x00,0x00,0x00,0x00,0x00,0x00,
    0x00,0x00,0x00,0x00,0x00,0x00,0x00,0x00,0x00,0x00,0x00,0x00,0x00,0x00,0x00,0x00,0x00,0x00,0x00,0x00,0x00,0x00,0x00,0x00,
    0x00,0x00,0x00,0x00,0x00,0x00,0x00,0x00,0x00,0x00,0x00,0x00,0x00,0x00,0x00,0x00,0x00,0x00,0x00,0x00,0x00,0x00,0x00,0x00,
    0x00,0x00,0x00,0x00,0x00,0x00,0x00,0x00,0x00,0x00,0x00,0x00,0x00,0x00,0x00,0x00,0x00,0x00,0x00,0x00,0x00,0x00,0x00,0x00,
    0x00,0x00,0x00,0x00,0x00,0x00,0x00,0x00,0x00,0x00,0x00,0x00,0x00,0x00,0x00,0x00,0x00,0x00,0x00,0x00,0x00,0x00,0x00,0x00,
    0x00,0x00,0x00,0x00,0x00,0x00,0x00,0x00,0x00,0x00,0x00,0x00,0x00,0x00,0x00,0x00,0x00,0x00,0x00,0x00,0x00,0x00,0x00,0x00,
    0x00,0x00,0x00,0x00,0x00,0x00,0x00,0x00,0x00,0x00,0x00,0x00,0x00,0x00,0x00,0x00,0x00,0x00,0x00,0x00,0x00,0x00,0x00,0x00,
    0x00,0x00,0x00,0x00,0x00,0x00,0x00,0x00,0x00,0x00,0x00,0x00,0x00,0x00,0x00,0x00,0x00,0x00,0x00,0x00,0x00,0x00,0x00,0x00,
    0x00,0x00,0x00,0x00,0x00,0x00,0x00,0x00,0x00,0x00,0x00,0x00,0x00,0x00,0x00,0x00,0x00,0x00,0x00,0x00,0x00,0x00,0x00,0x00,
    0x00,0x00,0x00,0x00,0x00,0x00,0x00,0x00,0x00,0x00,0x00,0x00,0x00,0x00,0x00,0x00,0x00,0x00,0x00,0x00,0x00,0x00,0x00,0x00,
    0x00,0x00,0x00,0x00,0x00,0x00,0x00,0x00,0x00,0x00,0x00,0x00,0x00,0x00,0x00,0x00,0x00,0x00,0x00,0x00,0x00,0x00,0x00,0x00,
    0x00,0x00,0x00,0x00,0x00,0x00,0x00,0x00,0x00,0x00,0x00,0x00,0x00,0x00,0x00,0x00,0x00,0x00,0x00,0x00,0x00,0x00,0x00,0x00,
    0x00,0x00,0x00,0x00,0x00,0x00,0x00,0x00,0x00,0x00,0x00,0x00,0x00,0x00,0x00,0x00,0x00,0x00,0x00,0x00,0x00,0x00,0x00,0x00,
    0x00,0x00,0x00,0x00,0x00,0x00,0x00,0x00,0x00,0x00,0x00,0x00,0x00,0x00,0x00,0x00,0x00,0x00,0x00,0x00,0x00,0x00,0x00,0x00,
    0x00,0x00,0x00,0x00,0x00,0x00,0x00,0x00,0x00,0x00,0x00,0x00,0x00,0x00,0x00,0x00,0x00,0x00,0x00,0x00,0x00,0x00,0x00,0x00,
    0x00,0x00,0x00,0x00,0x00,0x00,0x00,0x00,0x00,0x00,0x00,0x00,0x00,0x00,0x00,0x00,0x00,0x00,0x00,0x00,0x00,0x00,0x00,0x00,
    0x00,0x00,0x00,0x00,0x00,0x00,0x00,0x00,0x00,0x00,0x00,0x00,0x00,0x00,0x00,0x00,0x00,0x00,0x00,0x00,0x00,0x00,0x00,0x00,
    0x00,0x00,0x00,0x00,0x00,0x00,0x00,0x00,0x00,0x00,0x00,0x00,0x00,0x00,0x00,0x00,0x00,0x00,0x00,0x00,0x00,0x00,0x00,0x00,
    0x00,0x00,0x00,0x00,0x00,0x00,0x00,0x00,0x00,0x00,0x00,0x00,0x00,0x00,0x00,0x00,0x00,0x00,0x00,0x00,0x00,0x00,0x00,0x00,
    0x00,0x00,0x00,0x00,0x00,0x00,0x00,0x00,0x00,0x00,0x00,0x00,0x00,0x00,0x00,0x00,0x00,0x00,0x00,0x00,0x00,0x00,0x00,0x00,
    0x00,0x00,0x00,0x00,0x00,0x00,0x00,0x00,0x00,0x00,0x00,0x00,0x00,0x00,0x00,0x00,0x00,0x00,0x00,0x00,0x00,0x00,0x00,0x00,
    0x00,0x00,0x00,0x00,0x00,0x00,0x00,0x00,0x00,0x00,0x00,0x00,0x00,0x00,0x00,0x00,0x00,0x00,0x00,0x00,0x00,0x00,0x00,0x00,
    0x00,0x00,0x00,0x00,0x00,0x00,0x00,0x00,0x00,0x00,0x00,0x00,0x00,0x00,0x00,0x00,0x00,0x00,0x00,0x00,0x00,0x00,0x00,0x00,
    0x00,0x00,0x00,0x00,0x00,0x00,0x00,0x00,0x00,0x00,0x00,0x00,0x00,0x00,0x00,0x00,0x00,0x00,0x00,0x00,0x00,0x00,0x00,0x00,
    0x00,0x00,0x00,0x00,0x00,0x00,0x00,0x00,0x00,0x00,0x00,0x00,0x00,0x00,0x00,0x00,0x00,0x00,0x00,0x00,0x00,0x00,0x00,0x00,
    0x00,0x00,0x00,0x00,0x00,0x00,0x00,0x00,0x00,0x00,0x00,0x00,0x00,0x00,0x00,0x00,0x00,0x00,0x00,0x00,0x00,0x00,0x00,0x00,
    0x00,0x00,0x00,0x00,0x00,0x00,0x00,0x00,0x00,0x00,0x00,0x00,0x00,0x00,0x00,0x00,0x00,0x00,0x00,0x00,0x00,0x00,0x00,0x00,
    0x00,0x00,0x00,0x00,0x00,0x00,0x00,0x00,0x00,0x00,0x00,0x00,0x00,0x00,0x00,0x00,0x00,0x00,0x00,0x00,0x00,0x00,0x00,0x00,
    0x00,0x00,0x00,0x00,0x00,0x00,0x00,0x00,0x00,0x00,0x00,0x00,0x00,0x00,0x00,0x00,0x00,0x00,0x00,0x00,0x00,0x00,0x00,0x00,
    0x00,0x00,0x00,0x00,0x00,0x00,0x00,0x00,0x00,0x00,0x00,0x00,0x00,0x00,0x00,0x00,0x00,0x00,0x00,0x00,0x00,0x00,0x00,0x00,
    0x00,0x00,0x00,0x00,0x00,0x00,0x00,0x00,0x00,0x00,0x00,0x00,0x00,0x00,0x00,0x00,0x00,0x00,0x00,0x00,0x00,0x00,0x00,0x00,
    0x00,0x00,0x00,0x00,0x00,0x00,0x00,0x00,0x00,0x00,0x00,0x00,0x00,0x00,0x00,0x00,0x00,0x00,0x00,0x00,0x00,0x00,0x00,0x00,
    0x00,0x00,0x00,0x00,0x00,0x00,0x00,0x00,0x00,0x00,0x00,0x00,0x00,0x00,0x00,0x00,0x00,0x00,0x00,0x00,0x00,0x00,0x00,0x00,
    0x00,0x00,0x00,0x00,0x00,0x00,0x00,0x00,0x00,0x00,0x00,0x00,0x00,0x00,0x00,0x00,0x00,0x00,0x00,0x00,0x00,0x00,0x00,0x00,
    0x00,0x00,0x00,0x00,0x00,0x00,0x00,0x00,0x00,0x00,0x00,0x00,0x00,0x00,0x00,0x00,0x00,0x00,0x00,0x00,0x00,0x00,0x00,0x00,
    0x00,0x00,0x00,0x00,0x00,0x00,0x00,0x00,0x00,0x00,0x00,0x00,0x00,0x00,0x00,0x00,0x00,0x00,0x00,0x00,0x00,0x00,0x00,0x00,
    0x00,0x00,0x00,0x00,0x00,0x00,0x00,0x00,0x00,0x00,0x00,0x00,0x00,0x00,0x00,0x00,0x00,0x00,0x00,0x00,0x00,0x00,0x00,0x00,
    0x00,0x00,0x00,0x00,0x00,0x00,0x00,0x00,0x00,0x00,0x00,0x00,0x00,0x00,0x00,0x00,0x00,0x00,0x00,0x00,0x00,0x00,0x00,0x00,
    0x00,0x00,0x00,0x00,0x00,0x00,0x00,0x00,0x00,0x00,0x00,0x00,0x00,0x00,0x00,0x00,0x00,0x00,0x00,0x00,0x00,0x00,0x00,0x00,
    0x00,0x00,0x00,0x00,0x00,0x00,0x00,0x00,0x00,0x00,0x00,0x00,0x00,0x00,0x00,0x00,0x00,0x00,0x00,0x00,0x00,0x00,0x00,0x00,
    0x00,0x00,0x00,0x00,0x00,0x00,0x00,0x00,0x00,0x00,0x00,0x00,0x00,0x00,0x00,0x00,0x00,0x00,0x00,0x00,0x00,0x00,0x00,0x00,
    0x00,0x00,0x00,0x00,0x00,0x00,0x00,0x00,0x00,0x00,0x00,0x00,0x00,0x00,0x00,0x00,0x00,0x00,0x00,0x00,0x00,0x00,0x00,0x00,
    0x00,0x00,0x00,0x00,0x00,0x00,0x00,0x00,0x00,0x00,0x00,0x00,0x00,0x00,0x00,0x00,0x00,0x00,0x00,0x00,0x00,0x00,0x00,0x00,
    0x00,0x00,0x00,0x00,0x00,0x00,0x00,0x00,0x00,0x00,0x00,0x00,0x00,0x00,0x00,0x00,0x00,0x00,0x00,0x00,0x00,0x00,0x00,0x00,
    0x00,0x00,0x00,0x00,0x00,0x00,0x00,0x00,0x00,0x00,0x00,0x00,0x00,0x00,0x00,0x00,0x00,0x00,0x00,0x00,0x00,0x00,0x00,0x00,
    0x00,0x00,0x00,0x00,0x00,0x00,0x00,0x00,0x00,0x00,0x00,0x00,0x00,0x00,0x00,0x00,0x00,0x00,0x00,0x00,0x00,0x00,0x00,0x00,
    0x00,0x00,0x00,0x00,0x00,0x00,0x00,0x00,0x00,0x00,0x00,0x00,0x00,0x00,0x00,0x00,0x00,0x00,0x00,0x00,0x00,0x00,0x00,0x00,
    0x00,0x00,0x00,0x00,0x00,0x00,0x00,0x00,0x00,0x00,0x00,0x00,0x00,0x00,0x00,0x00,0x00,0x00,0x00,0x00,0x00,0x00,0x00,0x00,
    0x00,0x00,0x00,0x00,0x00,0x00,0x00,0x00,0x00,0x00,0x00,0x00,0x00,0x00,0x00,0x00,0x00,0x00,0x00,0x00,0x00,0x00,0x00,0x00,
    0x00,0x00,0x00,0x00,0x00,0x00,0x00,0x00,0x00,0x00,0x00,0x00,0x00,0x00,0x00,0x00,0x00,0x00,0x00,0x00,0x00,0x00,0x00,0x00,
    0x00,0x00,0x00,0x00,0x00,0x00,0x00,0x00,0x00,0x00,0x00,0x00,0x00,0x00,0x00,0x00,0x00,0x00,0x00,0x00,0x00,0x00,0x00,0x00,
    0x00,0x00,0x00,0x00,0x00,0x00,0x00,0x00,0x00,0x00,0x00,0x00,0x00,0x00,0x00,0x00,0x00,0x00,0x00,0x00,0x00,0x00,0x00,0x00,
    0x00,0x00,0x00,0x00,0x00,0x00,0x00,0x00,0x00,0x00,0x00,0x00,0x00,0x00,0x00,0x00,0x00,0x00,0x00,0x00,0x00,0x00,0x00,0x00,
    0x00,0x00,0x00,0x00,0x00,0x00,0x00,0x00,0x00,0x00,0x00,0x00,0x00,0x00,0x00,0x00,0x00,0x00,0x00,0x00,0x00,0x00,0x00,0x00,
    0x00,0x00,0x00,0x00,0x00,0x00,0x00,0x00,0x00,0x00,0x00,0x00,0x00,0x00,0x00,0x00,0x00,0x00,0x00,0x00,0x00,0x00,0x00,0x00,
    0x00,0x00,0x00,0x00,0x00,0x00,0x00,0x00,0x00,0x00,0x00,0x00,0x00,0x00,0x00,0x00,0x00,0x00,0x00,0x00,0x00,0x00,0x00,0x00,
    0x00,0x00,0x00,0x00,0x00,0x00,0x00,0x00,0x00,0x00,0x00,0x00,0x00,0x00,0x00,0x00,0x00,0x00,0x00,0x00,0x00,0x00,0x00,0x00,
    0x00,0x00,0x00,0x00,0x00,0x00,0x00,0x00,0x00,0x00,0x00,0x00,0x00,0x00,0x00,0x00,0x00,0x00,0x00,0x00,0x00,0x00,0x00,0x00,
    0x00,0x00,0x00,0x00,0x00,0x00,0x00,0x00,0x00,0x00,0x00,0x00,0x00,0x00,0x00,0x00,0x00,0x00,0x00,0x00,0x00,0x00,0x00,0x00,
    0x00,0x00,0x00,0x00,0x00,0x00,0x00,0x00,0x00,0x00,0x00,0x00,0x00,0x00,0x00,0x00,0x00,0x00,0x00,0x00,0x00,0x00,0x00,0x00,
    0x00,0x00,0x00,0x00,0x00,0x00,0x00,0x00,0x00,0x00,0x00,0x00,0x00,0x00,0x00,0x00,0x00,0x00,0x00,0x00,0x00,0x00,0x00,0x00,
    0x00,0x00,0x00,0x00,0x00,0x00,0x00,0x00,0x00,0x00,0x00,0x00,0x00,0x00,0x00,0x00,0x00,0x00,0x00,0x00,0x00,0x00,0x00,0x00,
    0x00,0x00,0x00,0x00,0x00,0x00,0x00,0x00,0x00,0x00,0x00,0x00,0x00,0x00,0x00,0x00,0x00,0x00,0x00,0x00,0x00,0x00,0x00,0x00,
    0x00,0x00,0x00,0x00,0x00,0x00,0x00,0x00,0x00,0x00,0x00,0x00,0x00,0x00,0x00,0x00,0x00,0x00,0x00,0x00,0x00,0x00,0x00,0x00,
    0x00,0x00,0x00,0x00,0x00,0x00,0x00,0x00,0x00,0x00,0x00,0x00,0x00,0x00,0x00,0x00,0x00,0x00,0x00,0x00,0x00,0x00,0x00,0x00,
    0x00,0x00,0x00,0x00,0x00,0x00,0x00,0x00,0x00,0x00,0x00,0x00,0x00,0x00,0x00,0x00,0x00,0x00,0x00,0x00,0x00,0x00,0x00,0x00,
    0x00,0x00,0x00,0x00,0x00,0x00,0x00,0x00,0x00,0x00,0x00,0x00,0x00,0x00,0x00,0x00,0x00,0x00,0x00,0x00,0x00,0x00,0x00,0x00,
    0x00,0x00,0x00,0x00,0x00,0x00,0x00,0x00,0x00,0x00,0x00,0x00,0x00,0x00,0x00,0x00,0x00,0x00,0x00,0x00,0x00,0x00,0x00,0x00,
    0x00,0x00,0x00,0x00,0x00,0x00,0x00,0x00,0x00,0x00,0x00,0x00,0x00,0x00,0x00,0x00,0x00,0x00,0x00,0x00,0x00,0x00,0x00,0x00,
    0x00,0x00,0x00,0x00,0x00,0x00,0x00,0x00,0x00,0x00,0x00,0x00,0x00,0x00,0x00,0x00,0x00,0x00,0x00,0x00,0x00,0x00,0x00,0x00,
    0x00,0x00,0x00,0x00,0x00,0x00,0x00,0x00,0x00,0x00,0x00,0x00,0x00,0x00,0x00,0x00,0x00,0x00,0x00,0x00,0x00,0x00,0x00,0x00,
    0x00,0x00,0x00,0x00,0x00,0x00,0x00,0x00,0x00,0x00,0x00,0x00,0x00,0x00,0x00,0x00,0x00,0x00,0x00,0x00,0x00,0x00,0x00,0x00,
    0x00,0x00,0x00,0x00,0x00,0x00,0x00,0x00,0x00,0x00,0x00,0x00,0x00,0x00,0x00,0x00,0x00,0x00,0x00,0x00,0x00,0x00,0x00,0x00,
    0x00,0x00,0x00,0x00,0x00,0x00,0x00,0x00,0x00,0x00,0x00,0x00,0x00,0x00,0x00,0x00,0x00,0x00,0x00,0x00,0x00,0x00,0x00,0x00,
    0x00,0x00,0x00,0x00,0x00,0x00,0x00,0x00,0x00,0x00,0x00,0x00,0x00,0x00,0x00,0x00,0x00,0x00,0x00,0x00,0x00,0x00,0x00,0x00,
    0x00,0x00,0x00,0x00,0x00,0x00,0x00,0x00,0x00,0x00,0x00,0x00,0x00,0x00,0x00,0x00,0x00,0x00,0x00,0x00,0x00,0x00,0x00,0x00,
    0x00,0x00,0x00,0x00,0x00,0x00,0x00,0x00,0x00,0x00,0x00,0x00,0x00,0x00,0x00,0x00,0x00,0x00,0x00,0x00,0x00,0x00,0x00,0x00,
    0x00,0x00,0x00,0x00,0x00,0x00,0x00,0x00,0x00,0x00,0x00,0x00,0x00,0x00,0x00,0x00,0x00,0x00,0x00,0x00,0x00,0x00,0x00,0x00,
    0x00,0x00,0x00,0x00,0x00,0x00,0x00,0x00,0x00,0x00,0x00,0x00,0x00,0x00,0x00,0x00,0x00,0x00,0x00,0x00,0x00,0x00,0x00,0x00,
    0x00,0x00,0x00,0x00,0x00,0x00,0x00,0x00,0x00,0x00,0x00,0x00,0x00,0x00,0x00,0x00,0x00,0x00,0x00,0x00,0x00,0x00,0x00,0x00,
    0x00,0x00,0x00,0x00,0x00,0x00,0x00,0x00,0x00,0x00,0x00,0x00,0x00,0x00,0x00,0x00,0x00,0x00,0x00,0x00,0x00,0x00,0x00,0x00,
    0x00,0x00,0x00,0x00,0x00,0x00,0x00,0x00,0x00,0x00,0x00,0x00,0x00,0x00,0x00,0x00,0x00,0x00,0x00,0x00,0x00,0x00,0x00,0x00,
    0x00,0x00,0x00,0x00,0x00,0x00,0x00,0x00,0x00,0x00,0x00,0x00,0x00,0x00,0x00,0x00,0x00,0x00,0x00,0x00,0x00,0x00,0x00,0x00,
    0x00,0x00,0x00,0x00,0x00,0x00,0x00,0x00,0x00,0x00,0x00,0x00,0x00,0x00,0x00,0x00,0x00,0x00,0x00,0x00,0x00,0x00,0x00,0x00,
    0x00,0x00,0x00,0x00,0x00,0x00,0x00,0x00,0x00,0x00,0x00,0x00,0x00,0x00,0x00,0x00,0x00,0x00,0x00,0x00,0x00,0x00,0x00,0x00,
    0x00,0x00,0x00,0x00,0x00,0x00,0x00,0x00,0x00,0x00,0x00,0x00,0x00,0x00,0x00,0x00,0x00,0x00,0x00,0x00,0x00,0x00,0x00,0x00,
    0x00,0x00,0x00,0x00,0x00,0x00,0x00,0x00,0x00,0x00,0x00,0x00,0x00,0x00,0x00,0x00,0x00,0x00,0x00,0x00,0x00,0x00,0x00,0x00,
    0x00,0x00,0x00,0x00,0x00,0x00,0x00,0x00,0x00,0x00,0x00,0x00,0x00,0x00,0x00,0x00,0x00,0x00,0x00,0x00,0x00,0x00,0x00,0x00,
    0x00,0x00,0x00,0x00,0x00,0x00,0x00,0x00,0x00,0x00,0x00,0x00,0x00,0x00,0x00,0x00,0x00,0x00,0x00,0x00,0x00,0x00,0x00,0x00,
    0x00,0x00,0x00,0x00,0x00,0x00,0x00,0x00,0x00,0x00,0x00,0x00,0x00,0x00,0x00,0x00,0x00,0x00,0x00,0x00,0x00,0x00,0x00,0x00,
    0x00,0x00,0x00,0x00,0x00,0x00,0x00,0x00,0x00,0x00,0x00,0x00,0x00,0x00,0x00,0x00,0x00,0x00,0x00,0x00,0x00,0x00,0x00,0x00,
    0x00,0x00,0x00,0x00,0x00,0x00,0x00,0x00,0x00,0x00,0x00,0x00,0x00,0x00,0x00,0x00,0x00,0x00,0x00,0x00,0x00,0x00,0x00,0x00,
    0x00,0x00,0x00,0x00,0x00,0x00,0x00,0x00,0x00,0x00,0x00,0x00,0x00,0x00,0x00,0x00,0x00,0x00,0x00,0x00,0x00,0x00,0x00,0x00,
};
static const lv_image_dsc_t image = [] {
    lv_image_dsc_t d{};
    d.header.magic=LV_IMAGE_HEADER_MAGIC;
    d.header.cf=LV_COLOR_FORMAT_RGB565A8;
    d.header.w=448;d.header.h=120;d.header.stride=896;
    d.data_size=sizeof(pixels);d.data=pixels;return d;
}();
}
