#pragma once
// Generated by design/ips10/encode_creatures.py. Do not edit.
// Blender source: design/ips10/creatures.py (5.2); input PNG SHA256:
// 7eab0d7421dc69b234a490f3e2943b98678a410171f2896e3d061efa34dc0650
#include <lvgl.h>
namespace IPS10Relief_openclaw {
// One shared flash image, 36.75 KiB; no runtime allocation or decompression.
alignas(4) static const uint8_t pixels[] = {
    0x00,0x00,0x00,0x00,0x00,0x00,0x00,0x00,0x00,0x00,0x00,0x00,0x00,0x00,0x00,0x00,0x00,0x00,0x00,0x00,0x00,0x00,0x00,0x00,
    0x00,0x00,0x00,0x00,0x00,0x00,0x00,0x00,0x00,0x00,0x00,0x00,0x00,0x00,0x00,0x00,0x00,0x00,0x00,0x00,0x00,0x00,0x00,0x00,
    0x00,0x00,0x00,0x00,0x00,0x00,0x00,0x00,0x00,0x00,0x00,0x00,0x00,0x00,0x00,0x00,0x00,0x00,0x00,0x00,0x00,0x00,0x00,0x00,
    0x00,0x00,0x00,0x00,0x00,0x00,0x00,0x00,0x00,0x00,0x00,0x00,0x00,0x00,0x00,0x00,0x00,0x00,0x00,0x00,0x00,0x00,0x00,0x00,
    0x00,0x00,0x00,0x00,0x00,0x00,0x00,0x00,0x00,0x00,0x00,0x00,0x00,0x00,0x00,0x00,0x00,0x00,0x00,0x00,0x00,0x00,0x00,0x00,
    0x00,0x00,0x00,0x00,0x00,0x00,0x00,0x00,0x00,0x00,0x00,0x00,0x00,0x00,0x00,0x00,0x00,0x00,0x00,0x00,0x00,0x00,0x00,0x00,
    0x00,0x00,0x00,0x00,0x00,0x00,0x00,0x00,0x00,0x00,0x00,0x00,0x00,0x00,0x00,0x00,0x00,0x00,0x00,0x00,0x00,0x00,0x00,0x00,
    0x00,0x00,0x00,0x00,0x00,0x00,0x00,0x00,0x00,0x00,0x00,0x00,0x00,0x00,0x00,0x00,0x00,0x00,0x00,0x00,0x00,0x00,0x00,0x00,
    0x00,0x00,0x00,0x00,0x00,0x00,0x00,0x00,0x00,0x00,0x00,0x00,0x00,0x00,0x00,0x00,0x00,0x00,0x00,0x00,0x00,0x00,0x00,0x00,
    0x00,0x00,0x00,0x00,0x00,0x00,0x00,0x00,0x00,0x00,0x00,0x00,0x00,0x00,0x00,0x00,0x00,0x00,0x00,0x00,0x00,0x00,0x00,0x00,
    0x00,0x00,0x00,0x00,0x00,0x00,0x00,0x00,0x00,0x00,0x00,0x00,0x00,0x00,0x00,0x00,0x00,0x00,0x00,0x00,0x00,0x00,0x00,0x00,
    0x00,0x00,0x00,0x00,0x00,0x00,0x00,0x00,0x00,0x00,0x00,0x00,0x00,0x00,0x00,0x00,0x00,0x00,0x00,0x00,0x00,0x00,0x00,0x00,
    0x00,0x00,0x00,0x00,0x00,0x00,0x00,0x00,0x00,0x00,0x00,0x00,0x00,0x00,0x00,0x00,0x00,0x00,0x00,0x00,0x00,0x00,0x00,0x00,
    0x00,0x00,0x00,0x00,0x00,0x00,0x00,0x00,0x00,0x00,0x00,0x00,0x00,0x00,0x00,0x00,0x00,0x00,0x00,0x00,0x00,0x00,0x00,0x00,
    0x00,0x00,0x00,0x00,0x00,0x00,0x00,0x00,0x00,0x00,0x00,0x00,0x00,0x00,0x00,0x00,0x00,0x00,0x00,0x00,0x00,0x00,0x00,0x00,
    0x00,0x00,0x00,0x00,0x00,0x00,0x00,0x00,0x00,0x00,0x00,0x00,0x00,0x00,0x00,0x00,0x00,0x00,0x00,0x00,0x00,0x00,0x00,0x00,
    0x00,0x00,0x00,0x00,0x00,0x00,0x00,0x00,0x00,0x00,0x00,0x00,0x00,0x00,0x00,0x00,0x00,0x00,0x00,0x00,0x00,0x00,0x00,0x00,
    0x00,0x00,0x00,0x00,0x00,0x00,0x00,0x00,0x00,0x00,0x00,0x00,0x00,0x00,0x00,0x00,0x00,0x00,0x00,0x00,0x00,0x00,0x00,0x00,
    0x00,0x00,0x00,0x00,0x00,0x00,0x00,0x00,0x00,0x00,0x00,0x00,0x00,0x00,0x00,0x00,0x00,0x00,0x00,0x00,0x00,0x00,0x00,0x00,
    0x00,0x00,0x00,0x00,0x00,0x00,0x00,0x00,0x00,0x00,0x00,0x00,0x00,0x00,0x00,0x00,0x00,0x00,0x00,0x00,0x00,0x00,0x00,0x00,
    0x00,0x00,0x00,0x00,0x00,0x00,0x00,0x00,0x00,0x00,0x00,0x00,0x00,0x00,0x00,0x00,0x00,0x00,0x00,0x00,0x00,0x00,0x00,0x00,
    0x00,0x00,0x00,0x00,0x00,0x00,0x00,0x00,0x00,0x00,0x00,0x00,0x00,0x00,0x00,0x00,0x00,0x00,0x00,0x00,0x00,0x00,0x00,0x00,
    0x00,0x00,0x00,0x00,0x00,0x00,0x00,0x00,0x00,0x00,0x00,0x00,0x00,0x00,0x00,0x00,0x00,0x00,0x00,0x00,0x00,0x00,0x00,0x00,
    0x00,0x00,0x00,0x00,0x00,0x00,0x00,0x00,0x00,0x00,0x00,0x00,0x00,0x00,0x00,0x00,0x00,0x00,0x00,0x00,0x00,0x00,0x00,0x00,
    0x00,0x00,0x00,0x00,0x00,0x00,0x00,0x00,0x00,0x00,0x00,0x00,0x00,0x00,0x00,0x00,0x00,0x00,0x00,0x00,0x00,0x00,0x00,0x00,
    0x00,0x00,0x00,0x00,0x00,0x00,0x00,0x00,0x00,0x00,0x00,0x00,0x00,0x00,0x00,0x00,0x00,0x00,0x00,0x00,0x00,0x00,0x00,0x00,
    0x00,0x00,0x00,0x00,0x00,0x00,0x00,0x00,0x00,0x00,0x00,0x00,0x00,0x00,0x00,0x00,0x00,0x00,0x00,0x00,0x00,0x00,0x00,0x00,
    0x00,0x00,0x00,0x00,0x00,0x00,0x00,0x00,0x00,0x00,0x00,0x00,0x00,0x00,0x00,0x00,0x00,0x00,0x00,0x00,0x00,0x00,0x00,0x00,
    0x00,0x00,0x00,0x00,0x00,0x00,0x00,0x00,0x00,0x00,0x00,0x00,0x00,0x00,0x00,0x00,0x00,0x00,0x00,0x00,0x00,0x00,0x00,0x00,
    0x00,0x00,0x00,0x00,0x00,0x00,0x00,0x00,0x00,0x00,0x00,0x00,0x00,0x00,0x00,0x00,0x00,0x00,0x00,0x00,0x00,0x00,0x00,0x00,
    0x00,0x00,0x00,0x00,0x00,0x00,0x00,0x00,0x00,0x00,0x00,0x00,0x00,0x00,0x00,0x00,0x00,0x00,0x00,0x00,0x00,0x00,0x00,0x00,
    0x00,0x00,0x00,0x00,0x00,0x00,0x00,0x00,0x00,0x00,0x00,0x00,0x00,0x00,0x00,0x00,0x00,0x00,0x00,0x00,0x00,0x00,0x00,0x00,
    0x00,0x00,0x00,0x00,0x00,0x00,0x00,0x00,0x00,0x00,0x00,0x00,0x00,0x00,0x00,0x00,0x00,0x00,0x00,0x00,0x00,0x00,0x00,0x00,
    0x00,0x00,0x00,0x00,0x00,0x00,0x00,0x00,0x00,0x00,0x00,0x00,0x00,0x00,0x00,0x00,0x00,0x00,0x00,0x00,0x00,0x00,0x00,0x00,
    0x00,0x00,0x00,0x00,0x00,0x00,0x00,0x00,0x00,0x00,0x00,0x00,0x00,0x00,0x00,0x00,0x00,0x00,0x00,0x00,0x00,0x00,0x00,0x00,
    0x00,0x00,0x00,0x00,0x00,0x00,0x00,0x00,0x00,0x00,0x00,0x00,0x00,0x00,0x00,0x00,0x00,0x00,0x00,0x00,0x00,0x00,0x00,0x00,
    0x00,0x00,0x00,0x00,0x00,0x00,0x00,0x00,0x00,0x00,0x00,0x00,0x00,0x00,0x00,0x00,0x00,0x00,0x00,0x00,0x00,0x00,0x00,0x00,
    0x00,0x00,0x00,0x00,0x00,0x00,0x00,0x00,0x00,0x00,0x00,0x00,0x00,0x00,0x00,0x00,0x00,0x00,0x00,0x00,0x00,0x00,0x00,0x00,
    0x00,0x00,0x00,0x00,0x00,0x00,0x00,0x00,0x00,0x00,0x00,0x00,0x00,0x00,0x00,0x00,0x00,0x00,0x00,0x00,0x00,0x00,0x00,0x00,
    0x00,0x00,0x00,0x00,0x00,0x00,0x00,0x00,0x00,0x00,0x00,0x00,0x00,0x00,0x00,0x00,0x00,0x00,0x00,0x00,0x00,0x00,0x00,0x00,
    0x00,0x00,0x00,0x00,0x00,0x00,0x00,0x00,0x00,0x00,0x00,0x00,0x00,0x00,0x00,0x00,0x00,0x00,0x00,0x00,0x00,0x00,0x00,0x00,
    0x00,0x00,0x00,0x00,0x00,0x00,0x00,0x00,0x00,0x00,0x00,0x00,0x00,0x00,0x00,0x00,0x00,0x00,0x00,0x00,0x00,0x00,0x00,0x00,
    0x00,0x00,0x00,0x00,0x00,0x00,0x00,0x00,0x00,0x00,0x00,0x00,0x00,0x00,0x00,0x00,0x00,0x00,0x00,0x00,0x00,0x00,0x00,0x00,
    0x00,0x00,0x00,0x00,0x00,0x00,0x00,0x00,0x00,0x00,0x00,0x00,0x00,0x00,0x00,0x00,0x00,0x00,0x00,0x00,0x00,0x00,0x00,0x00,
    0x00,0x00,0x00,0x00,0x00,0x00,0x00,0x00,0x00,0x00,0x00,0x00,0x00,0x00,0x00,0x00,0x00,0x00,0x00,0x00,0x00,0x00,0x00,0x00,
    0x00,0x00,0x00,0x00,0x00,0x00,0x00,0x00,0x00,0x00,0x00,0x00,0x00,0x00,0x00,0x00,0x00,0x00,0x00,0x00,0x00,0x00,0x00,0x00,
    0x00,0x00,0x00,0x00,0x00,0x00,0x00,0x00,0x00,0x00,0x00,0x00,0x00,0x00,0x00,0x00,0x00,0x00,0x00,0x00,0x00,0x00,0x00,0x00,
    0x00,0x00,0x00,0x00,0x00,0x00,0x00,0x00,0x00,0x00,0x00,0x00,0x00,0x00,0x00,0x00,0x00,0x00,0x00,0x00,0x00,0x00,0x00,0x00,
    0x00,0x00,0x00,0x00,0x00,0x00,0x00,0x00,0x00,0x00,0x00,0x00,0x00,0x00,0x00,0x00,0x00,0x00,0x00,0x00,0x00,0x00,0x00,0x00,
    0x00,0x00,0x00,0x00,0x00,0x00,0x00,0x00,0x00,0x00,0x00,0x00,0x00,0x00,0x00,0x00,0x00,0x00,0x00,0x00,0x00,0x00,0x00,0x00,
    0x00,0x00,0x00,0x00,0x00,0x00,0x00,0x00,0x00,0x00,0x00,0x00,0x00,0x00,0x00,0x00,0x00,0x00,0x00,0x00,0x00,0x00,0x00,0x00,
    0x00,0x00,0x00,0x00,0x00,0x00,0x00,0x00,0x00,0x00,0x00,0x00,0x00,0x00,0x00,0x00,0x00,0x00,0x00,0x00,0x00,0x00,0x00,0x00,
    0x00,0x00,0x00,0x00,0x00,0x00,0x00,0x00,0x00,0x00,0x00,0x00,0x00,0x00,0x00,0x00,0x00,0x00,0x00,0x00,0x00,0x00,0x00,0x00,
    0x00,0x00,0x00,0x00,0x00,0x00,0x00,0x00,0x00,0x00,0x00,0x00,0x00,0x00,0x00,0x00,0x00,0x00,0x00,0x00,0x00,0x00,0x00,0x00,
    0x00,0x00,0x00,0x00,0x00,0x00,0x00,0x00,0x00,0x00,0x00,0x00,0x00,0x00,0x00,0x00,0x00,0x00,0x00,0x00,0x00,0x00,0x00,0x00,
    0x00,0x00,0x00,0x00,0x00,0x00,0x00,0x00,0x00,0x00,0x00,0x00,0x00,0x00,0x00,0x00,0x00,0x00,0x00,0x00,0x00,0x00,0x00,0x00,
    0x00,0x00,0x00,0x00,0x00,0x00,0x00,0x00,0x00,0x00,0x00,0x00,0x00,0x00,0x00,0x00,0x00,0x00,0x00,0x00,0x00,0x00,0x00,0x00,
    0x00,0x00,0x00,0x00,0x00,0x00,0x00,0x00,0x00,0x00,0x00,0x00,0x00,0x00,0x00,0x00,0x00,0x00,0x00,0x00,0x00,0x00,0x00,0x00,
    0x00,0x00,0x00,0x00,0x00,0x00,0x00,0x00,0x00,0x00,0x00,0x00,0x00,0x00,0x00,0x00,0x00,0x00,0x00,0x00,0x00,0x00,0x00,0x00,
    0x00,0x00,0x00,0x00,0x00,0x00,0x00,0x00,0x00,0x00,0x00,0x00,0x00,0x00,0x00,0x00,0x00,0x00,0x00,0x00,0x00,0x00,0x00,0x00,
    0x00,0x00,0x00,0x00,0x00,0x00,0x00,0x00,0x00,0x00,0x00,0x00,0x00,0x00,0x00,0x00,0x00,0x00,0x00,0x00,0x00,0x00,0x00,0x00,
    0x00,0x00,0x00,0x00,0x00,0x00,0x00,0x00,0x00,0x00,0x00,0x00,0x00,0x00,0x00,0x00,0x00,0x00,0x00,0x00,0x00,0x00,0x00,0x00,
    0x00,0x00,0x00,0x00,0x00,0x00,0x00,0x00,0x00,0x00,0x00,0x00,0x00,0x00,0x00,0x00,0x00,0x00,0x00,0x00,0x00,0x00,0x00,0x00,
    0x00,0x00,0x00,0x00,0x00,0x00,0x00,0x00,0x00,0x00,0x00,0x00,0x00,0x00,0x00,0x00,0x00,0x00,0x00,0x00,0x00,0x00,0x00,0x00,
    0x00,0x00,0x00,0x00,0x00,0x00,0x00,0x00,0x00,0x00,0x00,0x00,0x00,0x00,0x00,0x00,0x00,0x00,0x00,0x00,0x00,0x00,0x00,0x00,
    0x00,0x00,0x00,0x00,0x00,0x00,0x00,0x00,0x00,0x00,0x00,0x00,0x00,0x00,0x00,0x00,0x00,0x00,0x00,0x00,0x00,0x00,0x00,0x00,
    0x00,0x00,0x00,0x00,0x00,0x00,0x00,0x00,0x00,0x00,0x00,0x00,0x00,0x00,0x00,0x00,0x00,0x00,0x00,0x00,0x00,0x00,0x00,0x00,
    0x00,0x00,0x00,0x00,0x00,0x00,0x00,0x00,0x00,0x00,0x00,0x00,0x00,0x00,0x00,0x00,0x00,0x00,0x00,0x00,0x00,0x00,0x00,0x00,
    0x00,0x00,0x00,0x00,0x00,0x00,0x00,0x00,0x00,0x00,0x00,0x00,0x00,0x00,0x00,0x00,0x00,0x00,0x00,0x00,0x00,0x00,0x00,0x00,
    0x00,0x00,0x00,0x00,0x00,0x00,0x00,0x00,0x00,0x00,0x00,0x00,0x00,0x00,0x00,0x00,0x00,0x00,0x00,0x00,0x00,0x00,0x00,0x00,
    0x00,0x00,0x00,0x00,0x00,0x00,0x00,0x00,0x00,0x00,0x00,0x00,0x00,0x00,0x00,0x00,0x00,0x00,0x00,0x00,0x00,0x00,0x00,0x00,
    0x00,0x00,0x00,0x00,0x00,0x00,0x00,0x00,0x00,0x00,0x00,0x00,0x00,0x00,0x00,0x00,0x00,0x00,0x00,0x00,0x00,0x00,0x00,0x00,
    0x00,0x00,0x00,0x00,0x00,0x00,0x00,0x00,0x00,0x00,0x00,0x00,0x00,0x00,0x00,0x00,0x00,0x00,0x00,0x00,0x00,0x00,0x00,0x00,
    0x00,0x00,0x00,0x00,0x00,0x00,0x00,0x00,0x00,0x00,0x00,0x00,0x00,0x00,0x00,0x00,0x00,0x00,0x00,0x00,0x00,0x00,0x00,0x00,
    0x00,0x00,0x00,0x00,0x00,0x00,0x00,0x00,0x00,0x00,0x00,0x00,0x00,0x00,0x00,0x00,0x00,0x00,0x00,0x00,0x00,0x00,0x00,0x00,
    0x00,0x00,0x00,0x00,0x00,0x00,0x00,0x00,0x00,0x00,0x00,0x00,0x00,0x00,0x00,0x00,0x00,0x00,0x00,0x00,0x00,0x00,0x00,0x00,
    0x00,0x00,0x00,0x00,0x00,0x00,0x00,0x00,0x00,0x00,0x00,0x00,0x00,0x00,0x00,0x00,0x00,0x00,0x00,0x00,0x00,0x00,0x00,0x00,
    0x00,0x00,0x00,0x00,0x00,0x00,0x00,0x00,0x00,0x00,0x00,0x00,0x00,0x00,0x00,0x00,0x00,0x00,0x00,0x00,0x00,0x00,0x00,0x00,
    0x00,0x00,0x00,0x00,0x00,0x00,0x00,0x00,0x00,0x00,0x00,0x00,0x00,0x00,0x00,0x00,0x00,0x00,0x00,0x00,0x00,0x00,0x00,0x00,
    0x00,0x00,0x00,0x00,0x00,0x00,0x00,0x00,0x00,0x00,0x00,0x00,0x00,0x00,0x00,0x00,0x00,0x00,0x00,0x00,0x00,0x00,0x00,0x00,
    0x00,0x00,0x00,0x00,0x00,0x00,0x00,0x00,0x00,0x00,0x00,0x00,0x00,0x00,0x00,0x00,0x00,0x00,0x00,0x00,0x00,0x00,0x00,0x00,
    0x00,0x00,0x00,0x00,0x00,0x00,0x00,0x00,0x00,0x00,0x00,0x00,0x00,0x00,0x00,0x00,0x00,0x00,0x00,0x00,0x00,0x00,0x00,0x00,
    0x00,0x00,0x00,0x00,0x00,0x00,0x00,0x00,0x00,0x00,0x00,0x00,0x00,0x00,0x00,0x00,0x00,0x00,0x00,0x00,0x00,0x00,0x00,0x00,
    0x00,0x00,0x00,0x00,0x00,0x00,0x00,0x00,0x00,0x00,0x00,0x00,0x00,0x00,0x00,0x00,0x00,0x00,0x00,0x00,0x00,0x00,0x00,0x00,
    0x00,0x00,0x00,0x00,0x00,0x00,0x00,0x00,0x00,0x00,0x00,0x00,0x00,0x00,0x00,0x00,0x00,0x00,0x00,0x00,0x00,0x00,0x00,0x00,
    0x00,0x00,0x00,0x00,0x00,0x00,0x00,0x00,0x00,0x00,0x00,0x00,0x00,0x00,0x00,0x00,0x00,0x00,0x00,0x00,0x00,0x00,0x00,0x00,
    0x00,0x00,0x00,0x00,0x00,0x00,0x00,0x00,0x00,0x00,0x00,0x00,0x00,0x00,0x00,0x00,0x00,0x00,0x00,0x00,0x00,0x00,0x00,0x00,
    0x00,0x00,0x00,0x00,0x00,0x00,0x00,0x00,0x00,0x00,0x00,0x00,0x00,0x00,0x00,0x00,0x00,0x00,0x00,0x00,0x00,0x00,0x00,0x00,
    0x00,0x00,0x00,0x00,0x00,0x00,0x00,0x00,0x00,0x00,0x00,0x00,0x00,0x00,0x00,0x00,0x00,0x00,0x00,0x00,0x00,0x00,0x00,0x00,
    0x00,0x00,0x00,0x00,0x00,0x00,0x00,0x00,0x00,0x00,0x00,0x00,0x00,0x00,0x00,0x00,0x00,0x00,0x00,0x00,0x00,0x00,0x00,0x00,
    0x00,0x00,0x00,0x00,0x00,0x00,0x00,0x00,0x00,0x00,0x00,0x00,0x00,0x00,0x00,0x00,0x00,0x00,0x00,0x00,0x00,0x00,0x00,0x00,
    0x00,0x00,0x00,0x00,0x00,0x00,0x00,0x00,0x00,0x00,0x00,0x00,0x00,0x00,0x00,0x00,0x00,0x00,0x00,0x00,0x00,0x00,0x00,0x00,
    0x00,0x00,0x00,0x00,0x00,0x00,0x00,0x00,0x00,0x00,0x00,0x00,0x00,0x00,0x00,0x00,0x00,0x00,0x00,0x00,0x00,0x00,0x00,0x00,
    0x00,0x00,0x00,0x00,0x00,0x00,0x00,0x00,0x00,0x00,0x00,0x00,0x00,0x00,0x00,0x00,0x00,0x00,0x00,0x00,0x00,0x00,0x00,0x00,
    0x00,0x00,0x00,0x00,0x00,0x00,0x00,0x00,0x00,0x00,0x00,0x00,0x00,0x00,0x00,0x00,0x00,0x00,0x00,0x00,0x00,0x00,0x00,0x00,
    0x00,0x00,0x00,0x00,0x00,0x00,0x00,0x00,0x00,0x00,0x00,0x00,0x00,0x00,0x00,0x00,0x00,0x00,0x00,0x00,0x00,0x00,0x00,0x00,
    0x00,0x00,0x00,0x00,0x00,0x00,0x00,0x00,0x00,0x00,0x00,0x00,0x00,0x00,0x00,0x00,0x00,0x00,0x00,0x00,0x00,0x00,0x00,0x00,
    0x00,0x00,0x00,0x00,0x00,0x00,0x00,0x00,0x00,0x00,0x00,0x00,0x00,0x00,0x00,0x00,0x00,0x00,0x00,0x00,0x00,0x00,0x00,0x00,
    0x00,0x00,0x00,0x00,0x00,0x00,0x00,0x00,0x00,0x00,0x00,0x00,0x00,0x00,0x00,0x00,0x00,0x00,0x00,0x00,0x00,0x00,0x00,0x00,
    0x00,0x00,0x00,0x00,0x00,0x00,0x00,0x00,0x00,0x00,0x00,0x00,0x00,0x00,0x00,0x00,0x00,0x00,0x00,0x00,0x00,0x00,0x00,0x00,
    0x00,0x00,0x00,0x00,0x00,0x00,0x00,0x00,0x00,0x00,0x00,0x00,0x00,0x00,0x00,0x00,0x00,0x00,0x00,0x00,0x00,0x00,0x00,0x00,
    0x00,0x00,0x00,0x00,0x00,0x00,0x00,0x00,0x00,0x00,0x00,0x00,0x00,0x00,0x00,0x00,0x00,0x00,0x00,0x00,0x00,0x00,0x00,0x00,
    0x00,0x00,0x00,0x00,0x00,0x00,0x00,0x00,0x00,0x00,0x00,0x00,0x00,0x00,0x00,0x00,0x00,0x00,0x00,0x00,0x00,0x00,0x00,0x00,
    0x00,0x00,0x00,0x00,0x00,0x00,0x00,0x00,0x00,0x00,0x00,0x00,0x00,0x00,0x00,0x00,0x00,0x00,0x00,0x00,0x00,0x00,0x00,0x00,
    0x00,0x00,0x00,0x00,0x00,0x00,0x00,0x00,0x00,0x00,0x00,0x00,0x00,0x00,0x00,0x00,0x00,0x00,0x00,0x00,0x00,0x00,0x00,0x00,
    0x00,0x00,0x00,0x00,0x00,0x00,0x00,0x00,0x00,0x00,0x00,0x00,0x00,0x00,0x00,0x00,0x00,0x00,0x00,0x00,0x00,0x00,0x00,0x00,
    0x00,0x00,0x00,0x00,0x00,0x00,0x00,0x00,0x00,0x00,0x00,0x00,0x00,0x00,0x00,0x00,0x00,0x00,0x00,0x00,0x00,0x00,0x00,0x00,
    0x00,0x00,0x00,0x00,0x00,0x00,0x00,0x00,0x00,0x00,0x00,0x00,0x00,0x00,0x00,0x00,0x00,0x00,0x00,0x00,0x00,0x00,0x00,0x00,
    0x00,0x00,0x00,0x00,0x00,0x00,0x00,0x00,0x00,0x00,0x00,0x00,0x00,0x00,0x00,0x00,0x00,0x00,0x00,0x00,0x00,0x00,0x00,0x00,
    0x00,0x00,0x00,0x00,0x00,0x00,0x00,0x00,0x00,0x00,0x00,0x00,0x00,0x00,0x00,0x00,0x00,0x00,0x00,0x00,0x00,0x00,0x00,0x00,
    0x00,0x00,0x00,0x00,0x00,0x00,0x00,0x00,0x00,0x00,0x00,0x00,0x00,0x00,0x00,0x00,0x00,0x00,0x00,0x00,0x00,0x00,0x00,0x00,
    0x00,0x00,0x00,0x00,0x00,0x00,0x00,0x00,0x00,0x00,0x00,0x00,0x00,0x00,0x00,0x00,0x00,0x00,0x00,0x00,0x00,0x00,0x00,0x00,
    0x00,0x00,0x00,0x00,0x00,0x00,0x00,0x00,0x00,0x00,0x00,0x00,0x00,0x00,0x00,0x00,0x00,0x00,0x00,0x00,0x00,0x00,0x00,0x00,
    0x00,0x00,0x00,0x00,0x00,0x00,0x00,0x00,0x00,0x00,0x00,0x00,0x00,0x00,0x00,0x00,0x00,0x00,0x00,0x00,0x00,0x00,0x00,0x00,
    0x00,0x00,0x00,0x00,0x00,0x00,0x00,0x00,0x00,0x00,0x00,0x00,0x00,0x00,0x69,0xb2,0x28,0xba,0x49,0xca,0x28,0xca,0x28,0xca,
    0xe8,0xb9,0xcb,0xca,0x00,0x00,0x00,0x00,0x00,0x00,0x00,0x00,0x00,0x00,0x00,0x00,0x00,0x00,0x00,0x00,0x00,0x00,0x00,0x00,
    0x00,0x00,0x00,0x00,0x00,0x00,0x00,0x00,0x00,0x00,0x00,0x00,0x00,0x00,0x00,0x00,0x00,0x00,0x00,0x00,0x00,0x00,0x00,0x00,
    0x00,0x00,0x00,0x00,0x00,0x00,0x00,0x00,0x00,0x00,0x00,0x00,0x00,0x00,0x00,0x00,0x00,0x00,0x00,0x00,0x00,0x00,0x00,0x00,
    0x00,0x00,0x00,0x00,0xe7,0x99,0x08,0xb2,0x08,0xba,0x08,0xca,0xe7,0xc1,0xe8,0xb9,0x29,0xba,0x00,0x00,0x00,0x00,0x00,0x00,
    0x00,0x00,0x00,0x00,0x00,0x00,0x00,0x00,0x00,0x00,0x00,0x00,0x00,0x00,0x00,0x00,0x00,0x00,0x00,0x00,0x00,0x00,0x00,0x00,
    0x00,0x00,0x00,0x00,0x00,0x00,0x00,0x00,0x00,0x00,0x00,0x00,0x00,0x00,0x00,0x00,0x00,0x00,0x00,0x00,0x00,0x00,0x00,0x00,
    0x00,0x00,0x00,0x00,0x00,0x00,0x00,0x00,0x00,0x00,0x00,0x00,0x00,0x00,0x00,0x00,0x00,0x00,0x00,0x00,0x00,0x00,0x00,0x00,
    0x00,0x00,0x00,0x00,0x00,0x00,0x00,0x00,0x00,0x00,0x00,0x00,0x00,0x00,0x00,0x00,0x00,0x00,0x00,0x00,0x00,0x00,0x00,0x00,
    0x00,0x00,0x00,0x00,0x00,0x00,0x00,0x00,0x00,0x00,0x00,0x00,0x00,0x00,0x00,0x00,0x00,0x00,0x00,0x00,0x69,0xc2,0xaa,0xea,
    0xeb,0xf2,0xcb,0xf2,0xcb,0xf2,0xca,0xf2,0x8a,0xea,0x49,0xea,0x28,0xca,0xe7,0xa1,0x24,0x79,0x00,0x00,0x00,0x00,0x00,0x00,
    0x00,0x00,0x00,0x00,0x00,0x00,0x00,0x00,0x00,0x00,0x00,0x00,0x00,0x00,0x00,0x00,0x00,0x00,0x00,0x00,0x00,0x00,0x00,0x00,
    0x00,0x00,0x00,0x00,0x00,0x00,0x00,0x00,0x00,0x00,0x00,0x00,0x00,0x00,0x00,0x00,0x00,0x00,0x00,0x00,0x00,0x00,0x00,0x00,
    0x00,0x00,0x00,0x00,0x00,0x00,0x65,0x81,0x29,0x8a,0x49,0xc2,0x8a,0xea,0xaa,0xea,0x8a,0xea,0xaa,0xf2,0xaa,0xf2,0x8a,0xf2,
    0x49,0xe2,0x28,0xba,0x00,0x00,0x00,0x00,0x00,0x00,0x00,0x00,0x00,0x00,0x00,0x00,0x00,0x00,0x00,0x00,0x00,0x00,0x00,0x00,
    0x00,0x00,0x00,0x00,0x00,0x00,0x00,0x00,0x00,0x00,0x00,0x00,0x00,0x00,0x00,0x00,0x00,0x00,0x00,0x00,0x00,0x00,0x00,0x00,
    0x00,0x00,0x00,0x00,0x00,0x00,0x00,0x00,0x00,0x00,0x00,0x00,0x00,0x00,0x00,0x00,0x00,0x00,0x00,0x00,0x00,0x00,0x00,0x00,
    0x00,0x00,0x00,0x00,0x00,0x00,0x00,0x00,0x00,0x00,0x00,0x00,0x00,0x00,0x00,0x00,0x00,0x00,0x00,0x00,0x00,0x00,0x00,0x00,
    0x00,0x00,0x00,0x00,0x00,0x00,0x00,0x00,0x00,0x00,0x00,0x00,0x00,0x00,0x00,0x00,0x00,0x00,0x00,0x00,0x00,0x00,0x00,0x00,
    0x00,0x00,0x28,0xba,0x69,0xe2,0xcb,0xf2,0xeb,0xea,0xcb,0xea,0xcb,0xea,0xcb,0xea,0xcb,0xea,0xcb,0xf2,0xaa,0xf2,0x49,0xe2,
    0x08,0xca,0x8a,0xca,0x00,0x00,0x00,0x00,0x00,0x00,0x00,0x00,0x00,0x00,0x00,0x00,0x00,0x00,0x00,0x00,0x00,0x00,0x00,0x00,
    0x00,0x00,0x00,0x00,0x00,0x00,0x00,0x00,0x00,0x00,0x00,0x00,0x00,0x00,0x00,0x00,0x00,0x00,0x00,0x00,0x00,0x00,0x00,0x00,
    0x00,0x00,0x00,0x00,0x00,0x00,0x00,0x00,0x00,0x00,0x00,0x00,0x07,0x9a,0x07,0xb2,0xaa,0xe2,0xcb,0xf2,0xca,0xea,0xaa,0xea,
    0xaa,0xea,0xaa,0xea,0xaa,0xea,0xaa,0xea,0x8a,0xea,0xe8,0xc9,0x86,0x91,0x00,0x00,0x00,0x00,0x00,0x00,0x00,0x00,0x00,0x00,
    0x00,0x00,0x00,0x00,0x00,0x00,0x00,0x00,0x00,0x00,0x00,0x00,0x00,0x00,0x00,0x00,0x00,0x00,0x00,0x00,0x00,0x00,0x00,0x00,
    0x00,0x00,0x00,0x00,0x00,0x00,0x00,0x00,0x00,0x00,0x00,0x00,0x00,0x00,0x00,0x00,0x00,0x00,0x00,0x00,0x00,0x00,0x00,0x00,
    0x00,0x00,0x00,0x00,0x00,0x00,0x00,0x00,0x00,0x00,0x00,0x00,0x00,0x00,0x00,0x00,0x00,0x00,0x00,0x00,0x00,0x00,0x00,0x00,
    0x00,0x00,0x00,0x00,0x00,0x00,0x00,0x00,0x00,0x00,0x00,0x00,0x00,0x00,0x00,0x00,0x00,0x00,0x00,0x00,0x00,0x00,0x00,0x00,
    0x00,0x00,0x00,0x00,0x00,0x00,0x00,0x00,0x00,0x00,0x86,0x81,0x28,0xca,0xcb,0xea,0xcb,0xea,0xaa,0xe2,0xaa,0xe2,0xaa,0xe2,
    0xcb,0xe2,0xcb,0xea,0xcb,0xea,0xcb,0xea,0x8a,0xea,0x08,0xe2,0xc7,0xa1,0x00,0x00,0x00,0x00,0x00,0x00,0x00,0x00,0x00,0x00,
    0x65,0x79,0x21,0x10,0x08,0xa2,0x08,0xb2,0x28,0xc2,0x49,0xca,0x49,0xca,0x49,0xca,0x49,0xca,0x49,0xd2,0x08,0xc2,0x28,0xca,
    0x28,0xc2,0x69,0xc2,0x4a,0xc2,0x86,0x81,0x00,0x00,0x00,0x00,0x00,0x00,0x00,0x00,0x00,0x00,0x69,0xaa,0x8a,0xda,0xcb,0xf2,
    0xcb,0xf2,0xaa,0xea,0xaa,0xe2,0xaa,0xea,0xaa,0xea,0x8a,0xe2,0x8a,0xe2,0xaa,0xe2,0x8a,0xe2,0xe7,0xc1,0xe7,0x99,0x00,0x00,
    0x00,0x00,0x00,0x00,0x00,0x00,0x00,0x00,0x00,0x00,0x00,0x00,0x00,0x00,0x00,0x00,0x00,0x00,0x00,0x00,0x00,0x00,0x00,0x00,
    0x00,0x00,0x00,0x00,0x00,0x00,0x00,0x00,0x00,0x00,0x00,0x00,0x00,0x00,0x00,0x00,0x00,0x00,0x00,0x00,0x00,0x00,0x00,0x00,
    0x00,0x00,0x00,0x00,0x00,0x00,0x00,0x00,0x00,0x00,0x00,0x00,0x00,0x00,0x00,0x00,0x00,0x00,0x00,0x00,0x00,0x00,0x00,0x00,
    0x00,0x00,0x00,0x00,0x00,0x00,0x00,0x00,0x00,0x00,0x00,0x00,0x00,0x00,0x00,0x00,0x00,0x00,0x00,0x00,0x00,0x00,0x00,0x00,
    0x00,0x00,0x00,0x00,0x00,0x00,0x00,0x00,0x00,0x00,0x00,0x00,0x00,0x00,0x00,0x00,0x00,0x00,0x45,0x79,0x65,0x91,0xe7,0xc1,
    0x28,0xd2,0x08,0xd2,0xc6,0xc1,0xe7,0xc1,0x49,0xd2,0xaa,0xe2,0xcb,0xea,0xcb,0xea,0xcb,0xea,0xaa,0xf2,0x28,0xe2,0x08,0xa2,
    0x41,0x18,0xcb,0xd2,0x49,0xca,0x69,0xd2,0x89,0xe2,0xaa,0xea,0xaa,0xf2,0xaa,0xe2,0xaa,0xe2,0xaa,0xea,0xaa,0xea,0xaa,0xea,
    0xaa,0xea,0xaa,0xea,0x8a,0xea,0x8a,0xea,0x8a,0xea,0x69,0xe2,0x49,0xda,0x49,0xd2,0x28,0xca,0x08,0xc2,0x49,0xca,0xcb,0xe2,
    0xcb,0xe2,0xaa,0xea,0xcb,0xea,0xcb,0xea,0xca,0xea,0xaa,0xe2,0xaa,0xe2,0x69,0xda,0x08,0xca,0xe7,0xc9,0xe7,0xc9,0x28,0xca,
    0x28,0xca,0xc7,0xa9,0x65,0x79,0x00,0x00,0x00,0x00,0x00,0x00,0x00,0x00,0x00,0x00,0x00,0x00,0x00,0x00,0x00,0x00,0x00,0x00,
    0x00,0x00,0x00,0x00,0x00,0x00,0x00,0x00,0x00,0x00,0x00,0x00,0x00,0x00,0x00,0x00,0x00,0x00,0x00,0x00,0x00,0x00,0x00,0x00,
    0x00,0x00,0x00,0x00,0x00,0x00,0x00,0x00,0x00,0x00,0x00,0x00,0x00,0x00,0x00,0x00,0x00,0x00,0x00,0x00,0x00,0x00,0x00,0x00,
    0x00,0x00,0x00,0x00,0x00,0x00,0x00,0x00,0x00,0x00,0x00,0x00,0x00,0x00,0x00,0x00,0x00,0x00,0x00,0x00,0x00,0x00,0x00,0x00,
    0x00,0x00,0x00,0x00,0x00,0x00,0x00,0x00,0x00,0x00,0x00,0x00,0x00,0x00,0x00,0x00,0x00,0x00,0x00,0x00,0x00,0x00,0x00,0x00,
    0x00,0x00,0xe3,0x50,0xe3,0x68,0xe3,0x88,0x04,0xa1,0x24,0xb1,0xe3,0x90,0xe3,0x88,0x24,0xa1,0xc7,0xb1,0x49,0xd2,0xab,0xea,
    0xcb,0xea,0xcb,0xea,0xaa,0xea,0x8a,0xe2,0xaa,0xda,0xaa,0xea,0xeb,0xf2,0xcb,0xea,0xcb,0xf2,0xca,0xea,0xca,0xea,0xcb,0xea,
    0xcb,0xea,0xcb,0xea,0xcb,0xea,0xaa,0xea,0xaa,0xea,0xaa,0xe2,0xcb,0xea,0xaa,0xe2,0xaa,0xe2,0xaa,0xe2,0xaa,0xe2,0xaa,0xea,
    0xaa,0xea,0x8a,0xea,0x8a,0xea,0x69,0xda,0xaa,0xf2,0xcb,0xf2,0xca,0xea,0xcb,0xea,0xcb,0xea,0x8a,0xe2,0x08,0xc2,0xc7,0xb1,
    0x45,0xa1,0x04,0xa1,0xe3,0x90,0x24,0x91,0x65,0x99,0x45,0x91,0x65,0x91,0x00,0x00,0x00,0x00,0x00,0x00,0x00,0x00,0x00,0x00,
    0x00,0x00,0x00,0x00,0x00,0x00,0x00,0x00,0x00,0x00,0x00,0x00,0x00,0x00,0x00,0x00,0x00,0x00,0x00,0x00,0x00,0x00,0x00,0x00,
    0x00,0x00,0x00,0x00,0x00,0x00,0x00,0x00,0x00,0x00,0x00,0x00,0x00,0x00,0x00,0x00,0x00,0x00,0x00,0x00,0x00,0x00,0x00,0x00,
    0x00,0x00,0x00,0x00,0x00,0x00,0x00,0x00,0x00,0x00,0x00,0x00,0x00,0x00,0x00,0x00,0x00,0x00,0x00,0x00,0x00,0x00,0x00,0x00,
    0x00,0x00,0x00,0x00,0x00,0x00,0x00,0x00,0x00,0x00,0x00,0x00,0x00,0x00,0x00,0x00,0x00,0x00,0x00,0x00,0x00,0x00,0x00,0x00,
    0x00,0x00,0x00,0x00,0x00,0x00,0x00,0x00,0x00,0x00,0xe3,0x50,0xe3,0x58,0xa2,0x78,0xc3,0x90,0xa2,0x90,0xa2,0x80,0x82,0x88,
    0xa2,0x90,0xe3,0x90,0x65,0xb1,0x08,0xd2,0x8a,0xe2,0xcb,0xea,0xcb,0xea,0xcb,0xea,0xcb,0xea,0xeb,0xea,0xcb,0xea,0xcb,0xea,
    0xcb,0xea,0xcb,0xea,0xcb,0xea,0xcb,0xea,0xcb,0xea,0xcb,0xea,0xcb,0xea,0xcb,0xea,0xaa,0xea,0xaa,0xea,0xaa,0xea,0xab,0xea,
    0xaa,0xea,0xaa,0xea,0xaa,0xea,0xaa,0xea,0xaa,0xea,0xaa,0xea,0xca,0xea,0xaa,0xea,0xca,0xea,0xca,0xea,0xaa,0xea,0xcb,0xea,
    0x8a,0xda,0xc7,0xb9,0x45,0xa9,0x24,0xa1,0x24,0x99,0x04,0xa1,0xc3,0x90,0x04,0x91,0x45,0x99,0x45,0x89,0x04,0x79,0x00,0x00,
    0x00,0x00,0x00,0x00,0x00,0x00,0x00,0x00,0x00,0x00,0x00,0x00,0x00,0x00,0x00,0x00,0x00,0x00,0x00,0x00,0x00,0x00,0x00,0x00,
    0x00,0x00,0x00,0x00,0x00,0x00,0x00,0x00,0x00,0x00,0x00,0x00,0x00,0x00,0x00,0x00,0x00,0x00,0x00,0x00,0x00,0x00,0x00,0x00,
    0x00,0x00,0x00,0x00,0x00,0x00,0x00,0x00,0x00,0x00,0x00,0x00,0x00,0x00,0x00,0x00,0x00,0x00,0x00,0x00,0x00,0x00,0x00,0x00,
    0x00,0x00,0x00,0x00,0x00,0x00,0x00,0x00,0x00,0x00,0x00,0x00,0x00,0x00,0x00,0x00,0x00,0x00,0x00,0x00,0x00,0x00,0x00,0x00,
    0x00,0x00,0x00,0x00,0x00,0x00,0x00,0x00,0x00,0x00,0x00,0x00,0x00,0x00,0x00,0x00,0x00,0x00,0xa2,0x40,0xe3,0x68,0xa2,0x70,
    0xa2,0x80,0x82,0x80,0x82,0x78,0x61,0x78,0x82,0x70,0xa2,0x70,0x65,0xb1,0x28,0xca,0x8a,0xe2,0xcb,0xea,0xcb,0xea,0xcb,0xea,
    0xca,0xea,0xcb,0xea,0xca,0xea,0xcb,0xea,0xcb,0xea,0xcb,0xea,0xcb,0xea,0xcb,0xea,0xcb,0xea,0xcb,0xea,0xca,0xea,0xcb,0xea,
    0xcb,0xea,0xcb,0xea,0xcb,0xea,0xaa,0xea,0xcb,0xea,0xcb,0xea,0xaa,0xea,0xaa,0xea,0xaa,0xea,0xaa,0xea,0xaa,0xea,0xaa,0xea,
    0xaa,0xea,0xaa,0xea,0xaa,0xea,0x8a,0xe2,0x28,0xda,0x86,0xb1,0x24,0x99,0x24,0x91,0x04,0x91,0xe3,0x88,0xc3,0x80,0xe3,0x88,
    0x45,0x91,0x45,0x81,0x24,0x71,0x00,0x00,0x00,0x00,0x00,0x00,0x00,0x00,0x00,0x00,0x00,0x00,0x00,0x00,0x00,0x00,0x00,0x00,
    0x00,0x00,0x00,0x00,0x00,0x00,0x00,0x00,0x00,0x00,0x00,0x00,0x00,0x00,0x00,0x00,0x00,0x00,0x00,0x00,0x00,0x00,0x00,0x00,
    0x00,0x00,0x00,0x00,0x00,0x00,0x00,0x00,0x00,0x00,0x00,0x00,0x00,0x00,0x00,0x00,0x00,0x00,0x00,0x00,0x00,0x00,0x00,0x00,
    0x00,0x00,0x00,0x00,0x00,0x00,0x00,0x00,0x00,0x00,0x00,0x00,0x00,0x00,0x00,0x00,0x00,0x00,0x00,0x00,0x00,0x00,0x00,0x00,
    0x00,0x00,0x00,0x00,0x00,0x00,0x00,0x00,0x00,0x00,0x00,0x00,0x00,0x00,0x00,0x00,0x00,0x00,0x00,0x00,0x00,0x00,0x00,0x00,
    0x00,0x00,0xa2,0x40,0xc3,0x68,0xa2,0x78,0x82,0x70,0x82,0x70,0x82,0x68,0xa2,0x70,0x45,0x89,0x48,0xca,0xeb,0xf2,0xcb,0xea,
    0xcb,0xea,0xcb,0xea,0xcb,0xea,0xcb,0xea,0xcb,0xea,0xcb,0xea,0xcb,0xea,0xcb,0xea,0xcb,0xea,0xaa,0xea,0xca,0xea,0xcb,0xea,
    0xcb,0xea,0xcb,0xea,0xcb,0xea,0xcb,0xea,0xaa,0xea,0xcb,0xea,0xcb,0xea,0xaa,0xea,0xaa,0xea,0xcb,0xea,0xaa,0xea,0xaa,0xea,
    0xaa,0xea,0xaa,0xea,0xaa,0xea,0xaa,0xea,0xaa,0xea,0xaa,0xea,0xaa,0xea,0xaa,0xea,0xaa,0xea,0x69,0xea,0xe7,0xc9,0x65,0xa1,
    0x04,0x81,0xe3,0x78,0xc3,0x80,0xe3,0x78,0x24,0x81,0x45,0x81,0x65,0x71,0x00,0x00,0x00,0x00,0x00,0x00,0x00,0x00,0x00,0x00,
    0x00,0x00,0x00,0x00,0x00,0x00,0x00,0x00,0x00,0x00,0x00,0x00,0x00,0x00,0x00,0x00,0x00,0x00,0x00,0x00,0x00,0x00,0x00,0x00,
    0x00,0x00,0x00,0x00,0x00,0x00,0x00,0x00,0x00,0x00,0x00,0x00,0x00,0x00,0x00,0x00,0x00,0x00,0x00,0x00,0x00,0x00,0x00,0x00,
    0x00,0x00,0x00,0x00,0x00,0x00,0x00,0x00,0x00,0x00,0x00,0x00,0x00,0x00,0x00,0x00,0x00,0x00,0x00,0x00,0x00,0x00,0x00,0x00,
    0x00,0x00,0x00,0x00,0x00,0x00,0x00,0x00,0x00,0x00,0x00,0x00,0x00,0x00,0x00,0x00,0x00,0x00,0x00,0x00,0x00,0x00,0x00,0x00,
    0x00,0x00,0x00,0x00,0x00,0x00,0x00,0x00,0x00,0x00,0x00,0x00,0xa3,0x50,0xc3,0x70,0xa2,0x68,0x82,0x68,0xc3,0x70,0xc7,0xa9,
    0xaa,0xe2,0xeb,0xea,0xcb,0xe2,0xcb,0xe2,0xcb,0xea,0xcb,0xea,0xcb,0xea,0xcb,0xea,0xcb,0xea,0xcb,0xea,0xcb,0xea,0xcb,0xea,
    0xcb,0xea,0xcb,0xea,0xcb,0xea,0xcb,0xea,0xcb,0xea,0xcb,0xea,0xcb,0xea,0xca,0xea,0xcb,0xea,0xca,0xea,0xaa,0xea,0xcb,0xea,
    0xca,0xea,0xcb,0xea,0xcb,0xea,0xaa,0xea,0xaa,0xea,0xaa,0xea,0xaa,0xea,0xaa,0xea,0xaa,0xea,0xaa,0xea,0xaa,0xea,0xaa,0xea,
    0xaa,0xea,0xca,0xea,0xaa,0xea,0x48,0xda,0x86,0xa9,0x04,0x71,0xc3,0x70,0xe3,0x70,0x24,0x81,0x24,0x71,0x00,0x00,0x00,0x00,
    0x00,0x00,0x00,0x00,0x00,0x00,0x00,0x00,0x00,0x00,0x00,0x00,0x00,0x00,0x00,0x00,0x00,0x00,0x00,0x00,0x00,0x00,0x00,0x00,
    0x00,0x00,0x00,0x00,0x00,0x00,0x00,0x00,0x00,0x00,0x00,0x00,0x00,0x00,0x00,0x00,0x00,0x00,0x00,0x00,0x00,0x00,0x00,0x00,
    0x00,0x00,0x00,0x00,0x00,0x00,0x00,0x00,0x00,0x00,0x00,0x00,0x00,0x00,0x00,0x00,0x00,0x00,0x00,0x00,0x00,0x00,0x00,0x00,
    0x00,0x00,0x00,0x00,0x00,0x00,0x00,0x00,0x00,0x00,0x00,0x00,0x00,0x00,0x00,0x00,0x00,0x00,0x00,0x00,0x00,0x00,0x00,0x00,
    0x00,0x00,0x00,0x00,0x00,0x00,0x00,0x00,0x00,0x00,0x00,0x00,0x00,0x00,0x00,0x00,0x00,0x00,0x00,0x00,0xa2,0x38,0xa2,0x48,
    0x82,0x58,0x45,0x89,0x69,0xd2,0xcb,0xe2,0xcb,0xea,0xcb,0xea,0xcb,0xea,0xcb,0xea,0xcb,0xea,0xcb,0xea,0xcb,0xea,0xcb,0xea,
    0xcb,0xea,0xcb,0xea,0xcb,0xea,0xcb,0xea,0xcb,0xea,0xcb,0xea,0xcb,0xea,0xcb,0xea,0xcb,0xea,0xcb,0xea,0xcb,0xea,0xcb,0xea,
    0xcb,0xea,0xcb,0xea,0xcb,0xea,0xcb,0xea,0xcb,0xea,0xca,0xea,0xaa,0xea,0xcb,0xea,0xcb,0xea,0xaa,0xea,0xcb,0xea,0xaa,0xea,
    0xaa,0xea,0xaa,0xea,0xaa,0xe2,0xaa,0xea,0xaa,0xea,0xaa,0xea,0xaa,0xea,0xaa,0xea,0x69,0xea,0xe7,0xc1,0x45,0x89,0xe4,0x70,
    0x04,0x79,0x45,0x81,0x00,0x00,0x00,0x00,0x00,0x00,0x00,0x00,0x00,0x00,0x00,0x00,0x00,0x00,0x00,0x00,0x00,0x00,0x00,0x00,
    0x00,0x00,0x00,0x00,0x00,0x00,0x00,0x00,0x00,0x00,0x00,0x00,0x00,0x00,0x00,0x00,0x00,0x00,0x00,0x00,0x00,0x00,0x00,0x00,
    0x00,0x00,0x00,0x00,0x00,0x00,0x00,0x00,0x00,0x00,0x00,0x00,0x00,0x00,0x00,0x00,0x00,0x00,0x00,0x00,0x00,0x00,0x00,0x00,
    0x00,0x00,0x00,0x00,0x00,0x00,0x00,0x00,0x00,0x00,0x00,0x00,0x00,0x00,0x00,0x00,0x00,0x00,0x00,0x00,0x00,0x00,0x00,0x00,
    0x00,0x00,0x00,0x00,0x00,0x00,0x00,0x00,0x00,0x00,0x00,0x00,0x00,0x00,0x00,0x00,0x00,0x00,0x00,0x00,0x00,0x00,0x00,0x00,
    0x00,0x00,0x00,0x00,0x00,0x00,0x00,0x08,0x89,0xd2,0xcb,0xf2,0xeb,0xe2,0xcb,0xe2,0xeb,0xea,0xcb,0xea,0xcb,0xea,0xcb,0xea,
    0xcb,0xea,0xcb,0xea,0xcb,0xea,0xcb,0xea,0xcb,0xea,0xcb,0xea,0xcb,0xea,0xcb,0xea,0xab,0xea,0xcb,0xea,0xcb,0xea,0xcb,0xea,
    0xcb,0xea,0xcb,0xea,0xca,0xea,0xca,0xea,0xca,0xea,0xaa,0xea,0xca,0xea,0xcb,0xea,0xca,0xea,0xaa,0xea,0xca,0xea,0xaa,0xea,
    0xaa,0xea,0xaa,0xea,0xaa,0xea,0xaa,0xea,0xaa,0xea,0xaa,0xea,0xaa,0xea,0xaa,0xea,0xaa,0xea,0xaa,0xea,0xaa,0xea,0xaa,0xea,
    0xaa,0xea,0xaa,0xf2,0x69,0xe2,0xe7,0xb1,0x66,0x89,0x00,0x00,0x00,0x00,0x00,0x00,0x00,0x00,0x00,0x00,0x00,0x00,0x00,0x00,
    0x00,0x00,0x00,0x00,0x00,0x00,0x00,0x00,0x00,0x00,0x00,0x00,0x00,0x00,0x00,0x00,0x00,0x00,0x00,0x00,0x00,0x00,0x00,0x00,
    0x00,0x00,0x00,0x00,0x00,0x00,0x00,0x00,0x00,0x00,0x00,0x00,0x00,0x00,0x00,0x00,0x00,0x00,0x00,0x00,0x00,0x00,0x00,0x00,
    0x00,0x00,0x00,0x00,0x00,0x00,0x00,0x00,0x00,0x00,0x00,0x00,0x00,0x00,0x00,0x00,0x00,0x00,0x00,0x00,0x00,0x00,0x00,0x00,
    0x00,0x00,0x00,0x00,0x00,0x00,0x00,0x00,0x00,0x00,0x00,0x00,0x00,0x00,0x00,0x00,0x00,0x00,0x00,0x00,0x00,0x00,0x00,0x00,
    0x00,0x00,0x00,0x00,0x00,0x00,0x00,0x00,0x00,0x00,0x00,0x00,0x00,0x00,0x8a,0xca,0xcb,0xf2,0xeb,0xea,0xcb,0xea,0xcb,0xea,
    0xcb,0xea,0xcb,0xea,0xcb,0xea,0xcb,0xea,0xcb,0xea,0xcb,0xea,0xcb,0xea,0xcb,0xea,0xcb,0xea,0xcb,0xea,0xcb,0xea,0xcb,0xea,
    0xcb,0xea,0xcb,0xea,0xcb,0xea,0xcb,0xea,0xca,0xea,0xaa,0xea,0xcb,0xea,0xaa,0xea,0xcb,0xea,0xaa,0xea,0xcb,0xea,0xaa,0xea,
    0xaa,0xea,0xaa,0xea,0xaa,0xea,0xcb,0xea,0xaa,0xea,0xaa,0xea,0xaa,0xea,0xaa,0xea,0xaa,0xea,0xaa,0xea,0xaa,0xea,0xaa,0xea,
    0xaa,0xea,0xaa,0xea,0xaa,0xea,0xaa,0xea,0xaa,0xe2,0xaa,0xe2,0xaa,0xea,0x69,0xea,0xe8,0xc9,0x65,0x91,0x00,0x00,0x00,0x00,
    0x00,0x00,0x00,0x00,0x00,0x00,0x00,0x00,0x00,0x00,0x00,0x00,0x00,0x00,0x00,0x00,0x00,0x00,0x00,0x00,0x00,0x00,0x00,0x00,
    0x00,0x00,0x00,0x00,0x00,0x00,0x00,0x00,0x00,0x00,0x00,0x00,0x00,0x00,0x00,0x00,0x00,0x00,0x00,0x00,0x00,0x00,0x00,0x00,
    0x00,0x00,0x00,0x00,0x00,0x00,0x00,0x00,0x00,0x00,0x00,0x00,0x00,0x00,0x00,0x00,0x00,0x00,0x00,0x00,0x00,0x00,0x00,0x00,
    0x00,0x00,0x00,0x00,0x00,0x00,0x00,0x00,0x00,0x00,0x00,0x00,0x00,0x00,0x00,0x00,0x00,0x00,0x00,0x00,0x00,0x00,0x00,0x00,
    0x00,0x00,0x00,0x00,0x00,0x00,0x00,0x00,0x00,0x00,0x00,0x00,0x00,0x00,0x00,0x00,0x00,0x00,0x28,0x7a,0x8a,0xd2,0xeb,0xfa,
    0xcb,0xea,0xcb,0xe2,0xcb,0xea,0xcb,0xea,0xcb,0xea,0xcb,0xea,0xcb,0xea,0xcb,0xea,0xcb,0xea,0xcb,0xea,0xcb,0xea,0xcb,0xea,
    0xcb,0xea,0xcb,0xea,0xcb,0xe2,0xcb,0xea,0xaa,0xea,0xcb,0xea,0xaa,0xea,0xca,0xea,0xaa,0xea,0xcb,0xea,0xca,0xea,0xca,0xea,
    0xcb,0xea,0xaa,0xea,0xca,0xea,0xaa,0xea,0xaa,0xea,0xaa,0xea,0xaa,0xea,0xaa,0xea,0xaa,0xea,0xaa,0xea,0xaa,0xea,0xaa,0xea,
    0xaa,0xea,0xaa,0xea,0xaa,0xea,0xaa,0xea,0xaa,0xea,0xaa,0xea,0xaa,0xea,0xaa,0xea,0xaa,0xea,0xaa,0xea,0xaa,0xea,0xaa,0xea,
    0x69,0xea,0xe8,0xc9,0x29,0xc2,0x00,0x00,0x00,0x00,0x00,0x00,0x00,0x00,0x00,0x00,0x00,0x00,0x00,0x00,0x00,0x00,0x00,0x00,
    0x00,0x00,0x00,0x00,0x00,0x00,0x00,0x00,0x00,0x00,0x00,0x00,0x00,0x00,0x00,0x00,0x00,0x00,0x00,0x00,0x00,0x00,0x00,0x00,
    0x00,0x00,0x00,0x00,0x00,0x00,0x00,0x00,0x00,0x00,0x00,0x00,0x00,0x00,0x00,0x00,0x00,0x00,0x00,0x00,0x00,0x00,0x00,0x00,
    0x00,0x00,0x00,0x00,0x00,0x00,0x00,0x00,0x00,0x00,0x00,0x00,0x00,0x00,0x00,0x00,0x00,0x00,0x00,0x00,0x00,0x00,0x00,0x00,
    0x00,0x00,0x00,0x00,0x00,0x00,0x00,0x00,0x00,0x00,0x00,0x00,0x00,0x00,0x00,0x00,0x00,0x00,0x00,0x00,0x00,0x00,0x00,0x00,
    0xc7,0x99,0xaa,0xea,0xeb,0xf2,0xeb,0xf2,0xeb,0xea,0xcb,0xea,0xcb,0xea,0xcb,0xea,0xcb,0xea,0xcb,0xea,0xcb,0xea,0xcb,0xea,
    0xcb,0xea,0xcb,0xea,0xcb,0xea,0xcb,0xea,0xcb,0xea,0xcb,0xea,0xaa,0xe2,0xcb,0xea,0xcb,0xea,0xcb,0xea,0xaa,0xea,0xcb,0xea,
    0xcb,0xea,0xca,0xea,0xaa,0xea,0xcb,0xea,0xca,0xea,0xcb,0xea,0xcb,0xea,0xaa,0xea,0xaa,0xea,0xaa,0xea,0xaa,0xea,0xaa,0xea,
    0xaa,0xea,0xaa,0xea,0xaa,0xea,0xaa,0xea,0xaa,0xea,0xaa,0xea,0xaa,0xea,0xaa,0xea,0xaa,0xea,0xaa,0xea,0xaa,0xea,0xaa,0xea,
    0xaa,0xea,0xaa,0xea,0xaa,0xea,0xaa,0xea,0xaa,0xea,0x69,0xea,0x29,0xda,0xe8,0xb1,0x00,0x00,0x00,0x00,0x00,0x00,0x00,0x00,
    0x00,0x00,0x00,0x00,0x00,0x00,0x00,0x00,0x00,0x00,0x00,0x00,0x00,0x00,0x00,0x00,0x00,0x00,0x00,0x00,0x00,0x00,0x00,0x00,
    0x00,0x00,0x00,0x00,0x00,0x00,0x00,0x00,0x00,0x00,0x00,0x00,0x00,0x00,0x00,0x00,0x00,0x00,0x00,0x00,0x00,0x00,0x00,0x00,
    0x00,0x00,0x00,0x00,0x00,0x00,0x00,0x00,0x00,0x00,0x00,0x00,0x00,0x00,0x00,0x00,0x00,0x00,0x00,0x00,0x00,0x00,0x00,0x00,
    0x00,0x00,0x00,0x00,0x00,0x00,0x00,0x00,0x00,0x00,0x00,0x00,0x00,0x00,0x00,0x00,0x00,0x00,0x00,0x00,0x00,0x00,0x00,0x00,
    0x00,0x00,0x00,0x00,0x00,0x00,0x00,0x08,0xaa,0xea,0x0b,0xfb,0xcb,0xe2,0xcb,0xea,0xcb,0xea,0xcb,0xea,0xcb,0xea,0xcb,0xea,
    0xcb,0xea,0xcb,0xea,0xcb,0xea,0xcb,0xea,0xcb,0xea,0xcb,0xea,0xcb,0xea,0xcb,0xea,0xcb,0xea,0xcb,0xea,0xcb,0xea,0xcb,0xe2,
    0xcb,0xea,0xcb,0xea,0xaa,0xea,0xcb,0xea,0xaa,0xea,0xcb,0xea,0xcb,0xea,0xaa,0xea,0xcb,0xea,0xcb,0xea,0xaa,0xea,0xaa,0xea,
    0xaa,0xea,0xaa,0xea,0xaa,0xea,0xaa,0xea,0xaa,0xea,0xaa,0xea,0xaa,0xea,0xaa,0xea,0xaa,0xea,0xaa,0xea,0xaa,0xea,0xaa,0xea,
    0xaa,0xea,0xaa,0xea,0xaa,0xea,0xaa,0xea,0xaa,0xea,0xaa,0xea,0xaa,0xea,0xaa,0xea,0xaa,0xe2,0x8a,0xda,0x69,0xea,0x08,0xc2,
    0x20,0x08,0x00,0x00,0x00,0x00,0x00,0x00,0x00,0x00,0x00,0x00,0x00,0x00,0x00,0x00,0x00,0x00,0x00,0x00,0x00,0x00,0x00,0x00,
    0x00,0x00,0x00,0x00,0x00,0x00,0x00,0x00,0x00,0x00,0x00,0x00,0x00,0x00,0x00,0x00,0x00,0x00,0x00,0x00,0x00,0x00,0x00,0x00,
    0x00,0x00,0x00,0x00,0x00,0x00,0x00,0x00,0x00,0x00,0x00,0x00,0x00,0x00,0x00,0x00,0x00,0x00,0x00,0x00,0x00,0x00,0x00,0x00,
    0x00,0x00,0x00,0x00,0x00,0x00,0x00,0x00,0x00,0x00,0x00,0x00,0x00,0x00,0x00,0x00,0x00,0x00,0x00,0x00,0x00,0x00,0x00,0x00,
    0x00,0x00,0x00,0x00,0x00,0x00,0x00,0x00,0x00,0x00,0x00,0x00,0x00,0x00,0x8a,0xc2,0xeb,0xf2,0xeb,0xf2,0xcb,0xea,0xcb,0xea,
    0xcb,0xea,0xcb,0xea,0xcb,0xea,0xcb,0xea,0xcb,0xea,0xcb,0xea,0xcb,0xea,0xcb,0xea,0xcb,0xea,0xcb,0xea,0xcb,0xea,0xca,0xe2,
    0xcb,0xea,0xca,0xea,0xcb,0xea,0xcb,0xea,0xab,0xea,0xcb,0xea,0xcb,0xea,0xcb,0xea,0xaa,0xea,0xcb,0xea,0xaa,0xea,0xcb,0xea,
    0xcb,0xea,0xaa,0xea,0xaa,0xea,0xaa,0xea,0xaa,0xea,0xaa,0xea,0xaa,0xea,0xaa,0xea,0xaa,0xea,0xaa,0xea,0xaa,0xea,0xaa,0xea,
    0xaa,0xea,0xca,0xea,0xaa,0xea,0xaa,0xea,0xaa,0xea,0xaa,0xea,0xaa,0xea,0xaa,0xea,0xaa,0xea,0xaa,0xea,0xaa,0xea,0xaa,0xea,
    0xaa,0xea,0xaa,0xea,0x8a,0xe2,0x49,0xe2,0xe8,0xc1,0x04,0x89,0x00,0x00,0x00,0x00,0x00,0x00,0x00,0x00,0x00,0x00,0x00,0x00,
    0x00,0x00,0x00,0x00,0x00,0x00,0x00,0x00,0x00,0x00,0x00,0x00,0x00,0x00,0x00,0x00,0x00,0x00,0x00,0x00,0x00,0x00,0x00,0x00,
    0x00,0x00,0x00,0x00,0x00,0x00,0x00,0x00,0x00,0x00,0x00,0x00,0x00,0x00,0x00,0x00,0x00,0x00,0x00,0x00,0x00,0x00,0x00,0x00,
    0x00,0x00,0x00,0x00,0x00,0x00,0x00,0x00,0x00,0x00,0x00,0x00,0x00,0x00,0x00,0x00,0x00,0x00,0x00,0x00,0x00,0x00,0x00,0x00,
    0x00,0x00,0x00,0x00,0x00,0x00,0x00,0x00,0x00,0x00,0x00,0x00,0x00,0x00,0x00,0x00,0x00,0x00,0x00,0x00,0x8a,0xba,0x8a,0xea,
    0xcb,0xea,0xcb,0xea,0xcb,0xea,0xcb,0xea,0xcb,0xea,0xcb,0xea,0xcb,0xea,0xcb,0xea,0xcb,0xea,0xcb,0xea,0xcb,0xea,0xcb,0xe2,
    0xaa,0xe2,0xcb,0xe2,0xcb,0xe2,0xca,0xe2,0xca,0xea,0xcb,0xea,0xcb,0xea,0xca,0xea,0xcb,0xea,0xcb,0xea,0xcb,0xea,0xcb,0xea,
    0xcb,0xea,0xcb,0xea,0xaa,0xea,0xcb,0xea,0xaa,0xea,0xcb,0xea,0xaa,0xea,0xaa,0xea,0xaa,0xea,0xaa,0xea,0xaa,0xea,0xaa,0xe2,
    0xaa,0xe2,0xca,0xe2,0xaa,0xea,0xca,0xea,0xcb,0xf2,0xcb,0xea,0xca,0xea,0xaa,0xea,0xaa,0xea,0xaa,0xea,0xaa,0xea,0xaa,0xea,
    0xaa,0xea,0xaa,0xea,0xaa,0xea,0xaa,0xea,0xaa,0xea,0xaa,0xea,0xaa,0xea,0x89,0xe2,0x49,0xe2,0xe8,0xc1,0x00,0x00,0x00,0x00,
    0x00,0x00,0x00,0x00,0x00,0x00,0x00,0x00,0x00,0x00,0x00,0x00,0x00,0x00,0x00,0x00,0x00,0x00,0x00,0x00,0x00,0x00,0x00,0x00,
    0x00,0x00,0x00,0x00,0x00,0x00,0x00,0x00,0x00,0x00,0x00,0x00,0x00,0x00,0x00,0x00,0x00,0x00,0x00,0x00,0x00,0x00,0x00,0x00,
    0x00,0x00,0x00,0x00,0x00,0x00,0x00,0x00,0x00,0x00,0x00,0x00,0x00,0x00,0x00,0x00,0x00,0x00,0x00,0x00,0x00,0x00,0x00,0x00,
    0x00,0x00,0x00,0x00,0x00,0x00,0x00,0x00,0x00,0x00,0x00,0x00,0x00,0x00,0x00,0x00,0x00,0x00,0x00,0x00,0x00,0x00,0x00,0x00,
    0x00,0x00,0x8e,0xd3,0xaa,0xe2,0xeb,0xf2,0xeb,0xe2,0xcb,0xea,0xcb,0xea,0xcb,0xea,0xcb,0xea,0xcb,0xea,0xcb,0xea,0xcb,0xea,
    0xcb,0xea,0xcb,0xe2,0xcb,0xe2,0xaa,0xe2,0xaa,0xe2,0xaa,0xda,0x49,0xba,0x08,0xba,0x08,0xaa,0x49,0xca,0xaa,0xe2,0xcb,0xea,
    0xca,0xea,0xcb,0xea,0xca,0xea,0xcb,0xea,0xaa,0xea,0xcb,0xea,0xca,0xea,0xaa,0xea,0xaa,0xea,0xaa,0xea,0xaa,0xea,0xaa,0xea,
    0xaa,0xea,0xaa,0xea,0xaa,0xe2,0xaa,0xda,0xaa,0xda,0x89,0xd2,0x29,0xba,0x08,0xb2,0x29,0xba,0x6a,0xd2,0xaa,0xea,0xcb,0xf2,
    0xaa,0xea,0xaa,0xea,0xaa,0xea,0xaa,0xea,0xaa,0xea,0xaa,0xea,0xaa,0xea,0xaa,0xea,0xaa,0xea,0xaa,0xea,0xaa,0xea,0xaa,0xea,
    0x89,0xe2,0x08,0xd2,0xa9,0xe2,0x00,0x00,0x00,0x00,0x00,0x00,0x00,0x00,0x00,0x00,0x00,0x00,0x00,0x00,0x00,0x00,0x00,0x00,
    0x00,0x00,0x00,0x00,0x00,0x00,0x00,0x00,0x00,0x00,0x00,0x00,0x00,0x00,0x00,0x00,0x00,0x00,0x00,0x00,0x00,0x00,0x00,0x00,
    0x00,0x00,0x00,0x00,0x00,0x00,0x00,0x00,0x00,0x00,0x00,0x00,0x00,0x00,0x00,0x00,0x00,0x00,0x00,0x00,0x00,0x00,0x00,0x00,
    0x00,0x00,0x00,0x00,0x00,0x00,0x00,0x00,0x00,0x00,0x00,0x00,0x00,0x00,0x00,0x00,0x00,0x00,0x00,0x00,0x00,0x00,0x00,0x00,
    0x00,0x00,0x00,0x00,0x00,0x00,0x00,0x00,0x00,0x08,0xaa,0xca,0xeb,0xea,0xcb,0xe2,0xcb,0xea,0xcb,0xea,0xcb,0xea,0xcb,0xea,
    0xcb,0xea,0xcb,0xea,0xcb,0xea,0xcb,0xe2,0xcb,0xe2,0xcb,0xe2,0xcb,0xe2,0x8a,0xda,0x69,0xca,0x66,0x79,0xc4,0x40,0xa3,0x20,
    0x44,0x09,0xe4,0x30,0xc7,0x79,0x69,0xca,0xcb,0xea,0xaa,0xea,0xcb,0xea,0xca,0xea,0xaa,0xea,0xcb,0xea,0xcb,0xea,0xaa,0xea,
    0xaa,0xea,0xaa,0xea,0xaa,0xea,0xaa,0xea,0xaa,0xe2,0xaa,0xe2,0xaa,0xda,0x6a,0xd2,0x08,0xb2,0x25,0x69,0xa3,0x30,0xa3,0x10,
    0xc7,0x21,0xc7,0x59,0xe7,0x99,0x8a,0xe2,0xcb,0xea,0xaa,0xea,0xaa,0xea,0xaa,0xea,0xaa,0xea,0xaa,0xea,0xaa,0xea,0xaa,0xea,
    0xaa,0xea,0xaa,0xea,0xaa,0xea,0xaa,0xea,0xaa,0xe2,0x69,0xea,0xe7,0xc1,0x00,0x00,0x00,0x00,0x00,0x00,0x00,0x00,0x00,0x00,
    0x00,0x00,0x00,0x00,0x00,0x00,0x00,0x00,0x00,0x00,0x00,0x00,0x00,0x00,0x00,0x00,0x00,0x00,0x00,0x00,0x00,0x00,0x00,0x00,
    0x00,0x00,0x00,0x00,0x00,0x00,0x00,0x00,0x00,0x00,0x00,0x00,0x00,0x00,0x00,0x00,0x00,0x00,0x00,0x00,0x00,0x00,0x00,0x00,
    0x00,0x00,0x00,0x00,0x00,0x00,0x00,0x00,0x00,0x00,0x00,0x00,0x00,0x00,0x00,0x00,0x00,0x00,0x00,0x00,0x00,0x00,0x00,0x00,
    0x00,0x00,0x00,0x00,0x00,0x00,0x00,0x00,0x00,0x00,0x00,0x00,0x00,0x00,0x00,0x00,0x48,0xb2,0xcb,0xea,0xcb,0xea,0xcb,0xea,
    0xcb,0xea,0xcb,0xea,0xcb,0xea,0xcb,0xea,0xcb,0xea,0xcb,0xea,0xcb,0xea,0xcb,0xe2,0xcb,0xe2,0xaa,0xe2,0xaa,0xda,0x8a,0xd2,
    0xa6,0x81,0x42,0x08,0x45,0x01,0x0d,0x04,0x97,0x06,0x54,0x06,0x8b,0x0b,0xc6,0x49,0x69,0xca,0xcb,0xea,0xaa,0xea,0xaa,0xea,
    0xca,0xea,0xcb,0xea,0xca,0xea,0xcb,0xea,0xaa,0xea,0xaa,0xea,0xaa,0xea,0xaa,0xea,0xaa,0xe2,0xaa,0xe2,0x8a,0xda,0x08,0xba,
    0xc4,0x40,0x41,0x00,0x45,0x01,0xb2,0x05,0xb7,0x06,0xd3,0x05,0x47,0x12,0xc7,0x91,0xaa,0xe2,0xca,0xea,0xaa,0xea,0xaa,0xea,
    0xaa,0xea,0xaa,0xea,0xaa,0xea,0xaa,0xea,0xaa,0xea,0xaa,0xea,0xaa,0xea,0xaa,0xea,0xaa,0xea,0x8a,0xe2,0x49,0xe2,0x29,0xc2,
    0x00,0x00,0x00,0x00,0x00,0x00,0x00,0x00,0x00,0x00,0x00,0x00,0x00,0x00,0x00,0x00,0x00,0x00,0x00,0x00,0x00,0x00,0x00,0x00,
    0x00,0x00,0x00,0x00,0x00,0x00,0x00,0x00,0x00,0x00,0x00,0x00,0x00,0x00,0x00,0x00,0x00,0x00,0x00,0x00,0x00,0x00,0x00,0x00,
    0x00,0x00,0x00,0x00,0x00,0x00,0x00,0x00,0x00,0x00,0x00,0x00,0x00,0x00,0x00,0x00,0x00,0x00,0x00,0x00,0x00,0x00,0x00,0x00,
    0x00,0x00,0x00,0x00,0x00,0x00,0x00,0x00,0x00,0x00,0x00,0x00,0x00,0x00,0x00,0x00,0x00,0x00,0x00,0x00,0x00,0x00,0x49,0xb2,
    0x8a,0xe2,0xab,0xea,0xcb,0xe2,0xcb,0xe2,0xcb,0xea,0xcb,0xea,0xcb,0xea,0xcb,0xea,0xcb,0xea,0xcb,0xea,0xcb,0xea,0xcb,0xe2,
    0xaa,0xe2,0xaa,0xe2,0x8a,0xda,0x08,0xb2,0x83,0x28,0x42,0x00,0x68,0x02,0x76,0x06,0x5a,0x07,0x9b,0x07,0x76,0x06,0xa4,0x10,
    0xc7,0x91,0xaa,0xe2,0xaa,0xe2,0xaa,0xea,0xaa,0xe2,0xaa,0xe2,0xaa,0xe2,0xcb,0xea,0xaa,0xea,0xaa,0xea,0xaa,0xea,0xaa,0xea,
    0xaa,0xe2,0xaa,0xda,0x49,0xca,0x04,0x59,0x41,0x08,0x22,0x00,0x2e,0x04,0x79,0x07,0x5a,0x07,0x7a,0x07,0xcf,0x0c,0xe4,0x38,
    0x49,0xc2,0xaa,0xe2,0xaa,0xea,0xaa,0xea,0xaa,0xea,0xaa,0xea,0xaa,0xea,0xaa,0xea,0xaa,0xea,0xaa,0xea,0xaa,0xea,0xaa,0xea,
    0xaa,0xea,0x8a,0xea,0x69,0xe2,0x08,0xca,0x49,0xba,0x00,0x00,0x00,0x00,0x00,0x00,0x00,0x00,0x00,0x00,0x00,0x00,0x00,0x00,
    0x00,0x00,0x00,0x00,0x00,0x00,0x00,0x00,0x00,0x00,0x00,0x00,0x00,0x00,0x00,0x00,0x00,0x00,0x00,0x00,0x00,0x00,0x00,0x00,
    0x00,0x00,0x00,0x00,0x00,0x00,0x00,0x00,0x00,0x00,0x00,0x00,0x00,0x00,0x00,0x00,0x00,0x00,0x00,0x00,0x00,0x00,0x00,0x00,
    0x00,0x00,0x00,0x00,0x00,0x00,0x00,0x00,0x00,0x00,0x00,0x00,0x00,0x00,0x00,0x00,0x00,0x00,0x00,0x00,0x00,0x00,0x00,0x00,
    0x00,0x00,0x00,0x00,0x00,0x00,0x89,0xd2,0xab,0xea,0xcb,0xe2,0xcb,0xe2,0xcb,0xea,0xcb,0xea,0xcb,0xea,0xcb,0xea,0xcb,0xea,
    0xcb,0xea,0xcb,0xea,0xcb,0xea,0xcb,0xe2,0xaa,0xe2,0xaa,0xda,0x8a,0xd2,0xc7,0x89,0x41,0x08,0x42,0x00,0x68,0x02,0xf9,0x06,
    0x9a,0x07,0x5a,0x07,0xb8,0x06,0x47,0x02,0xe4,0x48,0x89,0xda,0xaa,0xe2,0xaa,0xea,0xaa,0xe2,0xca,0xea,0xaa,0xe2,0xaa,0xea,
    0xaa,0xea,0xaa,0xea,0xaa,0xea,0xaa,0xea,0xaa,0xe2,0x8a,0xda,0x28,0xba,0x82,0x30,0x21,0x00,0x42,0x00,0x4f,0x04,0xdc,0x07,
    0x5a,0x07,0xbb,0x07,0x51,0x05,0x82,0x18,0x07,0xb2,0x8a,0xe2,0xaa,0xe2,0xaa,0xea,0xaa,0xea,0xaa,0xea,0xaa,0xea,0xaa,0xea,
    0xaa,0xea,0xaa,0xea,0xaa,0xea,0xaa,0xea,0xaa,0xea,0xaa,0xea,0x8a,0xea,0x49,0xea,0x08,0xd2,0x00,0x00,0x00,0x00,0x00,0x00,
    0x00,0x00,0x00,0x00,0x00,0x00,0x00,0x00,0x00,0x00,0x00,0x00,0x00,0x00,0x00,0x00,0x00,0x00,0x00,0x00,0x00,0x00,0x00,0x00,
    0x00,0x00,0x00,0x00,0x00,0x00,0x00,0x00,0x00,0x00,0x00,0x00,0x00,0x00,0x00,0x00,0x00,0x00,0x00,0x00,0x00,0x00,0x00,0x00,
    0x00,0x00,0x00,0x00,0x00,0x00,0x00,0x00,0x00,0x00,0x00,0x00,0x00,0x00,0x00,0x00,0x00,0x00,0x00,0x00,0x00,0x00,0x00,0x00,
    0x00,0x00,0x00,0x00,0x00,0x00,0x00,0x00,0x00,0x00,0x00,0x00,0xe7,0xa1,0x6a,0xea,0xcb,0xea,0xcb,0xe2,0xcb,0xea,0xcb,0xea,
    0xcb,0xea,0xcb,0xea,0xcb,0xea,0xcb,0xea,0xcb,0xe2,0xcb,0xea,0xcb,0xea,0xcb,0xe2,0xaa,0xe2,0xaa,0xda,0x69,0xca,0x86,0x81,
    0x21,0x00,0x42,0x00,0x65,0x01,0x52,0x05,0x39,0x07,0x18,0x07,0xd0,0x04,0x65,0x01,0xc3,0x40,0x69,0xd2,0xca,0xe2,0xaa,0xe2,
    0xaa,0xe2,0xaa,0xe2,0xaa,0xe2,0xaa,0xe2,0xaa,0xe2,0xaa,0xea,0xaa,0xea,0xaa,0xe2,0xaa,0xe2,0x8a,0xda,0x28,0xb2,0x82,0x28,
    0x21,0x00,0x42,0x00,0x88,0x02,0x35,0x06,0x19,0x07,0x77,0x06,0x2b,0x03,0x62,0x08,0xa7,0x91,0x8a,0xe2,0xaa,0xe2,0xaa,0xea,
    0xaa,0xea,0xaa,0xea,0xaa,0xea,0xaa,0xea,0xaa,0xea,0xaa,0xea,0xaa,0xea,0xaa,0xea,0xaa,0xea,0xaa,0xea,0xaa,0xea,0x89,0xe2,
    0x08,0xda,0x8a,0xca,0x00,0x00,0x00,0x00,0x00,0x00,0x00,0x00,0x00,0x00,0x00,0x00,0x00,0x00,0x00,0x00,0x00,0x00,0x00,0x00,
    0x00,0x00,0x00,0x00,0x00,0x00,0x00,0x00,0x00,0x00,0x00,0x00,0x00,0x00,0x00,0x00,0x00,0x00,0x00,0x00,0x00,0x00,0x00,0x00,
    0x00,0x00,0x00,0x00,0x00,0x00,0x00,0x00,0x00,0x00,0x00,0x00,0x00,0x00,0x00,0x00,0x00,0x00,0x00,0x00,0x00,0x00,0x00,0x00,
    0x00,0x00,0x00,0x00,0x00,0x00,0x00,0x00,0x00,0x00,0x00,0x00,0x00,0x00,0x00,0x00,0x00,0x00,0x00,0x00,0x28,0xca,0xab,0xea,
    0xeb,0xe2,0xcb,0xea,0xcb,0xea,0xcb,0xea,0xcb,0xea,0xcb,0xea,0xcb,0xea,0xcb,0xe2,0xcb,0xe2,0xcb,0xe2,0xcb,0xe2,0xab,0xe2,
    0xaa,0xe2,0xaa,0xe2,0x8a,0xda,0xa7,0x89,0x42,0x08,0x21,0x00,0x42,0x00,0x65,0x01,0x2b,0x03,0xa9,0x02,0x63,0x00,0x42,0x08,
    0xe4,0x58,0x49,0xca,0xaa,0xe2,0xaa,0xe2,0xaa,0xea,0xca,0xea,0xaa,0xe2,0xaa,0xea,0xaa,0xe2,0xaa,0xea,0xaa,0xea,0xaa,0xe2,
    0xaa,0xe2,0x8a,0xda,0x49,0xc2,0xe4,0x50,0x42,0x00,0x21,0x00,0x62,0x00,0x48,0x02,0x4b,0x03,0xa9,0x02,0x62,0x00,0x42,0x18,
    0xa6,0x99,0x69,0xe2,0xaa,0xe2,0xaa,0xea,0xaa,0xea,0xaa,0xea,0xaa,0xea,0xaa,0xea,0xaa,0xea,0xaa,0xea,0xaa,0xea,0xaa,0xea,
    0xaa,0xea,0xaa,0xea,0xaa,0xea,0xaa,0xea,0x69,0xea,0xc7,0xb1,0x00,0x00,0x00,0x00,0x00,0x00,0x00,0x00,0x00,0x00,0x00,0x00,
    0x00,0x00,0x00,0x00,0x00,0x00,0x00,0x00,0x00,0x00,0x00,0x00,0x00,0x00,0x00,0x00,0x00,0x00,0x00,0x00,0x00,0x00,0x00,0x00,
    0x00,0x00,0x00,0x00,0x00,0x00,0x00,0x00,0x00,0x00,0x00,0x00,0x00,0x00,0x00,0x00,0x00,0x00,0x00,0x00,0x00,0x00,0x00,0x00,
    0x00,0x00,0x00,0x00,0x00,0x00,0x00,0x00,0x00,0x00,0x00,0x00,0x00,0x00,0x00,0x00,0x00,0x00,0x00,0x00,0x00,0x00,0x00,0x00,
    0x00,0x00,0x86,0x99,0x49,0xda,0xcb,0xea,0xcb,0xe2,0xcb,0xe2,0xcb,0xe2,0xcb,0xea,0xcb,0xea,0xcb,0xea,0xcb,0xe2,0xcb,0xe2,
    0xcb,0xe2,0xcb,0xea,0xcb,0xea,0xcb,0xe2,0xab,0xe2,0xaa,0xe2,0xaa,0xda,0x48,0xc2,0x83,0x30,0x21,0x00,0x41,0x00,0x42,0x00,
    0x42,0x00,0x42,0x00,0x41,0x00,0x62,0x20,0x45,0x89,0x69,0xd2,0xaa,0xe2,0xaa,0xe2,0xaa,0xe2,0xaa,0xe2,0xaa,0xe2,0xaa,0xea,
    0xaa,0xea,0xaa,0xea,0xaa,0xea,0xaa,0xea,0xaa,0xe2,0xaa,0xe2,0x69,0xd2,0xa6,0x89,0x42,0x08,0x42,0x00,0x41,0x00,0x42,0x00,
    0x42,0x00,0x42,0x00,0x41,0x00,0xa3,0x30,0xe8,0xb1,0x8a,0xe2,0xaa,0xe2,0xaa,0xea,0xaa,0xea,0xaa,0xea,0xaa,0xea,0xaa,0xea,
    0xaa,0xea,0xaa,0xea,0xaa,0xea,0xaa,0xea,0xaa,0xea,0xaa,0xea,0xaa,0xea,0xaa,0xea,0x89,0xe2,0x08,0xca,0x6a,0xc2,0x00,0x00,
    0x00,0x00,0x00,0x00,0x00,0x00,0x00,0x00,0x00,0x00,0x00,0x00,0x00,0x00,0x00,0x00,0x00,0x00,0x00,0x00,0x00,0x00,0x00,0x00,
    0x00,0x00,0x00,0x00,0x00,0x00,0x00,0x00,0x00,0x00,0x00,0x00,0x00,0x00,0x00,0x00,0x00,0x00,0x00,0x00,0x00,0x00,0x00,0x00,
    0x00,0x00,0x00,0x00,0x00,0x00,0x00,0x00,0x00,0x00,0x00,0x00,0x00,0x00,0x00,0x00,0x00,0x00,0x00,0x00,0x00,0x00,0x00,0x00,
    0x00,0x00,0x00,0x00,0x00,0x00,0x00,0x00,0x00,0x00,0x09,0xba,0xaa,0xe2,0xcb,0xea,0xcb,0xe2,0xcb,0xe2,0xcb,0xe2,0xcb,0xe2,
    0xcb,0xe2,0xcb,0xe2,0xcb,0xe2,0xca,0xe2,0xcb,0xe2,0xcb,0xe2,0xcb,0xe2,0xcb,0xe2,0xaa,0xe2,0xca,0xe2,0xaa,0xda,0x8a,0xda,
    0xc7,0xa1,0x83,0x38,0x41,0x00,0x42,0x00,0x41,0x00,0x41,0x00,0x42,0x08,0xc3,0x50,0xe7,0xb1,0x69,0xd2,0xaa,0xe2,0xaa,0xe2,
    0xaa,0xe2,0xaa,0xea,0xaa,0xe2,0xaa,0xe2,0xaa,0xe2,0xaa,0xea,0xaa,0xea,0xaa,0xea,0xaa,0xe2,0xaa,0xe2,0xaa,0xe2,0x48,0xd2,
    0x04,0x59,0x42,0x08,0x42,0x00,0x41,0x00,0x41,0x00,0x41,0x00,0x62,0x18,0x66,0x89,0x48,0xca,0xaa,0xe2,0xaa,0xea,0xaa,0xea,
    0xaa,0xea,0xaa,0xea,0xaa,0xea,0xaa,0xea,0xaa,0xea,0xaa,0xea,0xaa,0xea,0xaa,0xea,0xaa,0xea,0xaa,0xea,0xaa,0xea,0xaa,0xea,
    0x8a,0xe2,0x49,0xea,0x29,0xda,0x00,0x00,0x00,0x00,0x00,0x00,0x00,0x00,0x00,0x00,0x00,0x00,0x00,0x00,0x00,0x00,0x00,0x00,
    0x00,0x00,0x00,0x00,0x00,0x00,0x00,0x00,0x00,0x00,0x00,0x00,0x00,0x00,0x00,0x00,0x00,0x00,0x00,0x00,0x00,0x00,0x00,0x00,
    0x00,0x00,0x00,0x00,0x00,0x00,0x00,0x00,0x00,0x00,0x00,0x00,0x00,0x00,0x00,0x00,0x00,0x00,0x00,0x00,0x00,0x00,0x00,0x00,
    0x00,0x00,0x00,0x00,0x00,0x00,0x00,0x00,0x00,0x00,0x00,0x00,0x00,0x00,0x00,0x00,0x00,0x00,0x49,0xca,0xab,0xe2,0xcb,0xe2,
    0xcb,0xe2,0xcb,0xe2,0xcb,0xe2,0xcb,0xe2,0xcb,0xe2,0xcb,0xe2,0xcb,0xe2,0xcb,0xe2,0xcb,0xe2,0xcb,0xe2,0xcb,0xe2,0xcb,0xea,
    0xaa,0xe2,0xcb,0xe2,0xaa,0xe2,0xaa,0xe2,0xaa,0xe2,0xe7,0xa9,0x04,0x61,0x82,0x30,0x83,0x38,0xa3,0x48,0x04,0x61,0xc7,0xa9,
    0x29,0xc2,0x8a,0xda,0xaa,0xe2,0xaa,0xea,0xaa,0xea,0xaa,0xea,0xaa,0xe2,0xaa,0xe2,0xaa,0xea,0xaa,0xe2,0xaa,0xea,0xaa,0xea,
    0xaa,0xe2,0xaa,0xe2,0xaa,0xe2,0x8a,0xda,0x28,0xca,0x45,0x71,0x83,0x20,0x82,0x30,0xa3,0x40,0x04,0x69,0x65,0x89,0x28,0xca,
    0x69,0xd2,0xaa,0xe2,0xaa,0xea,0xaa,0xea,0xaa,0xea,0xaa,0xea,0xaa,0xea,0xaa,0xea,0xaa,0xea,0xaa,0xea,0xaa,0xea,0xaa,0xea,
    0xaa,0xea,0xaa,0xea,0xaa,0xea,0xaa,0xea,0xaa,0xea,0x89,0xea,0x29,0xda,0x44,0xb9,0x00,0x00,0x00,0x00,0x00,0x00,0x00,0x00,
    0x00,0x00,0x00,0x00,0x00,0x00,0x00,0x00,0x00,0x00,0x00,0x00,0x00,0x00,0x00,0x00,0x00,0x00,0x00,0x00,0x00,0x00,0x00,0x00,
    0x00,0x00,0x00,0x00,0x00,0x00,0x00,0x00,0x00,0x00,0x00,0x00,0x00,0x00,0x00,0x00,0x00,0x00,0x00,0x00,0x00,0x00,0x00,0x00,
    0x00,0x00,0x00,0x00,0x00,0x00,0x00,0x00,0x00,0x00,0x00,0x00,0x00,0x00,0x00,0x00,0x00,0x00,0x00,0x00,0x00,0x00,0x28,0xaa,
    0x2d,0xeb,0x48,0xd2,0xaa,0xe2,0xaa,0xea,0xaa,0xe2,0xcb,0xe2,0xcb,0xe2,0xcb,0xe2,0xcb,0xe2,0xcb,0xe2,0xcb,0xe2,0xcb,0xe2,
    0xaa,0xe2,0xaa,0xe2,0xaa,0xe2,0xaa,0xe2,0xcb,0xe2,0xaa,0xe2,0xaa,0xe2,0xcb,0xea,0xab,0xe2,0x8a,0xda,0x28,0xc2,0xe7,0xb1,
    0xe7,0xa9,0xe7,0xb1,0xe7,0xb1,0x69,0xca,0x8a,0xda,0xaa,0xe2,0xaa,0xe2,0xaa,0xea,0xaa,0xea,0xaa,0xea,0xaa,0xe2,0xaa,0xe2,
    0xaa,0xe2,0xaa,0xe2,0xaa,0xea,0xaa,0xea,0xaa,0xe2,0xaa,0xe2,0xaa,0xea,0xaa,0xe2,0xaa,0xda,0x69,0xda,0x08,0xba,0xc7,0xa9,
    0xc7,0xa9,0xe7,0xb1,0x28,0xc2,0x69,0xd2,0xaa,0xe2,0xaa,0xe2,0xaa,0xea,0xaa,0xea,0xaa,0xea,0xaa,0xea,0xaa,0xea,0xaa,0xea,
    0xaa,0xea,0xaa,0xea,0xaa,0xea,0xaa,0xe2,0xaa,0xea,0xaa,0xea,0xaa,0xea,0xaa,0xea,0xaa,0xea,0x89,0xe2,0x28,0xd2,0x49,0xda,
    0xc7,0xa1,0x00,0x08,0x00,0x00,0x00,0x00,0x00,0x00,0x00,0x00,0x00,0x00,0x00,0x00,0x00,0x00,0x00,0x00,0x00,0x00,0x00,0x00,
    0x00,0x00,0x00,0x00,0x00,0x00,0x00,0x00,0x00,0x00,0x00,0x00,0x00,0x00,0x00,0x00,0x00,0x00,0x00,0x00,0x00,0x00,0x00,0x00,
    0x00,0x00,0x00,0x00,0x00,0x00,0x00,0x00,0x00,0x00,0x00,0x00,0x00,0x00,0x00,0x00,0x00,0x00,0x66,0x91,0xcb,0xea,0x8a,0xca,
    0x69,0xda,0x69,0xda,0x8a,0xea,0x49,0xda,0x08,0xd2,0x28,0xe2,0xe7,0xd1,0x28,0xe2,0x69,0xe2,0x69,0xe2,0x8a,0xe2,0xaa,0xea,
    0xcb,0xea,0xcb,0xe2,0xaa,0xe2,0xaa,0xe2,0xaa,0xe2,0xaa,0xe2,0xaa,0xe2,0xaa,0xe2,0xaa,0xe2,0xaa,0xe2,0xaa,0xe2,0xca,0xe2,
    0xaa,0xe2,0xaa,0xe2,0xaa,0xda,0x8a,0xda,0x69,0xd2,0x69,0xd2,0x69,0xd2,0xaa,0xda,0xaa,0xe2,0xaa,0xe2,0xaa,0xea,0xaa,0xea,
    0xaa,0xea,0xaa,0xea,0xaa,0xea,0xaa,0xe2,0xaa,0xe2,0xaa,0xe2,0xaa,0xe2,0xaa,0xea,0xaa,0xe2,0xaa,0xea,0xaa,0xea,0xaa,0xea,
    0xaa,0xe2,0xaa,0xe2,0xaa,0xe2,0x8a,0xda,0x69,0xda,0x69,0xd2,0x8a,0xda,0x8a,0xe2,0xaa,0xe2,0xaa,0xe2,0xaa,0xea,0xaa,0xea,
    0xaa,0xea,0xaa,0xea,0xaa,0xea,0xaa,0xea,0xaa,0xea,0xaa,0xea,0xaa,0xea,0xaa,0xe2,0xaa,0xe2,0xaa,0xe2,0x8a,0xe2,0x8a,0xe2,
    0x69,0xe2,0x69,0xe2,0x69,0xe2,0x49,0xd2,0x49,0xd2,0x49,0xda,0x08,0xda,0x08,0xda,0xc7,0xc1,0x08,0xb2,0x00,0x00,0x00,0x00,
    0x00,0x00,0x00,0x00,0x00,0x00,0x00,0x00,0x00,0x00,0x00,0x00,0x00,0x00,0x00,0x00,0x00,0x00,0x00,0x00,0x00,0x00,0x00,0x00,
    0x00,0x00,0x00,0x00,0x00,0x00,0x00,0x00,0x00,0x00,0x00,0x00,0x00,0x00,0x00,0x00,0x00,0x00,0x00,0x00,0x00,0x00,0x00,0x00,
    0x00,0x08,0x08,0xba,0xca,0xea,0xeb,0xea,0xcb,0xea,0xcb,0xea,0xcb,0xea,0xca,0xea,0x89,0xe2,0x8a,0xe2,0xaa,0xe2,0x69,0xea,
    0x49,0xea,0x28,0xe2,0x08,0xda,0x08,0xda,0x69,0xe2,0xaa,0xe2,0xcb,0xe2,0xaa,0xe2,0xaa,0xe2,0xcb,0xe2,0xcb,0xe2,0xaa,0xe2,
    0xaa,0xe2,0xaa,0xe2,0xaa,0xe2,0xaa,0xe2,0xaa,0xe2,0xaa,0xe2,0xaa,0xe2,0xaa,0xe2,0xaa,0xe2,0xaa,0xe2,0xaa,0xe2,0xaa,0xe2,
    0xaa,0xe2,0xaa,0xe2,0xaa,0xe2,0xaa,0xea,0xaa,0xe2,0xaa,0xe2,0xaa,0xe2,0xaa,0xe2,0xaa,0xe2,0xaa,0xe2,0xaa,0xe2,0xaa,0xea,
    0xaa,0xea,0xaa,0xea,0xaa,0xea,0xaa,0xea,0xaa,0xea,0xaa,0xea,0xaa,0xea,0xaa,0xe2,0xaa,0xe2,0xaa,0xe2,0xaa,0xe2,0xaa,0xe2,
    0xaa,0xe2,0xaa,0xea,0xaa,0xea,0xaa,0xea,0xaa,0xea,0xaa,0xea,0xaa,0xea,0xaa,0xea,0xaa,0xea,0xaa,0xea,0xaa,0xea,0x8a,0xe2,
    0x8a,0xea,0x8a,0xea,0x8a,0xea,0x8a,0xea,0x8a,0xea,0xaa,0xea,0xaa,0xea,0xaa,0xea,0xaa,0xea,0xaa,0xf2,0x8a,0xf2,0x8a,0xf2,
    0x6a,0xea,0x29,0xda,0x08,0xb2,0x00,0x08,0x00,0x00,0x00,0x00,0x00,0x00,0x00,0x00,0x00,0x00,0x00,0x00,0x00,0x00,0x00,0x00,
    0x00,0x00,0x00,0x00,0x00,0x00,0x00,0x00,0x00,0x00,0x00,0x00,0x00,0x00,0x00,0x00,0x00,0x00,0x00,0x00,0x00,0x00,0x00,0x00,
    0x00,0x00,0x00,0x00,0x00,0x00,0xc7,0xa9,0x49,0xd2,0xaa,0xea,0xaa,0xea,0xcb,0xe2,0xcb,0xe2,0xcb,0xe2,0xcb,0xe2,0xcb,0xe2,
    0xab,0xe2,0xcb,0xe2,0xcb,0xe2,0xcb,0xea,0xca,0xea,0xaa,0xea,0xaa,0xea,0x49,0xe2,0x08,0xda,0x49,0xda,0xaa,0xe2,0xaa,0xe2,
    0xaa,0xe2,0xca,0xe2,0xaa,0xe2,0xcb,0xe2,0xaa,0xe2,0xca,0xe2,0xaa,0xe2,0xaa,0xe2,0xaa,0xe2,0xaa,0xe2,0xaa,0xe2,0xaa,0xe2,
    0xaa,0xe2,0xaa,0xe2,0xaa,0xe2,0xaa,0xe2,0xaa,0xe2,0xaa,0xe2,0xaa,0xe2,0xaa,0xea,0xaa,0xea,0xaa,0xea,0xaa,0xe2,0xaa,0xe2,
    0xaa,0xe2,0xaa,0xe2,0xaa,0xe2,0xaa,0xe2,0xaa,0xe2,0xaa,0xea,0xaa,0xea,0xaa,0xe2,0xaa,0xea,0xaa,0xea,0xaa,0xea,0xaa,0xea,
    0xaa,0xea,0xaa,0xea,0xaa,0xea,0xaa,0xea,0xaa,0xea,0xaa,0xea,0xaa,0xea,0xaa,0xea,0xaa,0xea,0xaa,0xea,0xaa,0xea,0xaa,0xea,
    0xaa,0xea,0xaa,0xea,0xaa,0xea,0x8a,0xea,0xaa,0xea,0xaa,0xea,0xaa,0xea,0xaa,0xea,0xaa,0xea,0xaa,0xea,0xaa,0xea,0xaa,0xea,
    0xaa,0xea,0xaa,0xea,0xaa,0xe2,0xaa,0xe2,0xaa,0xe2,0xaa,0xea,0x69,0xea,0x08,0xca,0x45,0x81,0x00,0x00,0x00,0x00,0x00,0x00,
    0x00,0x00,0x00,0x00,0x00,0x00,0x00,0x00,0x00,0x00,0x00,0x00,0x00,0x00,0x00,0x00,0x00,0x00,0x00,0x00,0x00,0x00,0x00,0x00,
    0x00,0x00,0x00,0x00,0x00,0x00,0x00,0x00,0x00,0x00,0x00,0x00,0x00,0x00,0x49,0xd2,0xca,0xea,0xcb,0xe2,0xcb,0xe2,0xcb,0xe2,
    0xcb,0xe2,0xcb,0xe2,0xcb,0xe2,0xcb,0xe2,0xcb,0xe2,0xcb,0xe2,0xcb,0xe2,0xcb,0xe2,0xab,0xe2,0xab,0xe2,0xab,0xe2,0xaa,0xea,
    0x89,0xea,0xe7,0xd9,0x69,0xda,0xab,0xe2,0xaa,0xe2,0xaa,0xe2,0xaa,0xe2,0xaa,0xe2,0xaa,0xe2,0xaa,0xe2,0xaa,0xe2,0xaa,0xe2,
    0xaa,0xe2,0xaa,0xe2,0xaa,0xe2,0xaa,0xe2,0xaa,0xe2,0xaa,0xe2,0xaa,0xe2,0xaa,0xe2,0xaa,0xe2,0xaa,0xe2,0xaa,0xe2,0xaa,0xea,
    0xaa,0xea,0xaa,0xe2,0xaa,0xe2,0xaa,0xe2,0xaa,0xe2,0xaa,0xe2,0xaa,0xe2,0xaa,0xe2,0xaa,0xe2,0xaa,0xea,0xaa,0xea,0xaa,0xea,
    0xaa,0xea,0xaa,0xea,0xaa,0xea,0xaa,0xea,0xaa,0xea,0xaa,0xea,0xaa,0xe2,0xaa,0xea,0xaa,0xea,0xaa,0xea,0xaa,0xea,0xaa,0xea,
    0xaa,0xea,0xaa,0xea,0xaa,0xea,0xaa,0xe2,0xaa,0xea,0xaa,0xea,0x8a,0xe2,0xcb,0xea,0xaa,0xea,0xaa,0xea,0xaa,0xea,0xaa,0xea,
    0xaa,0xea,0xaa,0xea,0xaa,0xea,0xaa,0xea,0xaa,0xea,0xaa,0xea,0xaa,0xea,0xaa,0xea,0xaa,0xea,0x8a,0xea,0x8a,0xe2,0x69,0xea,
    0x08,0xca,0x00,0x00,0x00,0x00,0x00,0x00,0x00,0x00,0x00,0x00,0x00,0x00,0x00,0x00,0x00,0x00,0x00,0x00,0x00,0x00,0x00,0x00,
    0x00,0x00,0x00,0x00,0x00,0x00,0x00,0x00,0x00,0x00,0x00,0x00,0x00,0x00,0x00,0x00,0x00,0x00,0x00,0x00,0x28,0xaa,0x8a,0xea,
    0xcb,0xea,0xcb,0xe2,0xcb,0xe2,0xcb,0xe2,0xcb,0xe2,0xcb,0xe2,0xcb,0xe2,0xcb,0xe2,0xcb,0xe2,0xcb,0xe2,0xca,0xe2,0xaa,0xe2,
    0xcb,0xe2,0xcb,0xe2,0xaa,0xe2,0xcb,0xe2,0xaa,0xe2,0x69,0xe2,0x49,0xda,0xaa,0xe2,0xaa,0xe2,0xaa,0xe2,0xaa,0xe2,0xaa,0xe2,
    0xca,0xe2,0xca,0xe2,0xca,0xe2,0xaa,0xe2,0xaa,0xe2,0xaa,0xe2,0xaa,0xe2,0xaa,0xe2,0xaa,0xe2,0xaa,0xe2,0xaa,0xe2,0xaa,0xe2,
    0xaa,0xe2,0xaa,0xe2,0xaa,0xe2,0xaa,0xe2,0xaa,0xe2,0xaa,0xe2,0xaa,0xe2,0xaa,0xe2,0xaa,0xe2,0xaa,0xe2,0xaa,0xe2,0xaa,0xe2,
    0xaa,0xe2,0xaa,0xe2,0xaa,0xea,0xaa,0xea,0xaa,0xea,0xaa,0xea,0xaa,0xea,0xaa,0xea,0xaa,0xea,0xaa,0xea,0xaa,0xea,0xaa,0xea,
    0xaa,0xea,0xaa,0xea,0xaa,0xea,0xaa,0xea,0xaa,0xea,0xaa,0xea,0xaa,0xea,0xaa,0xea,0xaa,0xea,0x69,0xe2,0xaa,0xea,0xca,0xea,
    0xaa,0xea,0xaa,0xea,0xaa,0xea,0xaa,0xea,0xaa,0xea,0xaa,0xea,0xaa,0xea,0xaa,0xea,0xaa,0xea,0xaa,0xea,0xaa,0xea,0xaa,0xea,
    0xaa,0xea,0xaa,0xea,0x8a,0xea,0x8a,0xe2,0x49,0xea,0x8b,0xda,0x00,0x00,0x00,0x00,0x00,0x00,0x00,0x00,0x00,0x00,0x00,0x00,
    0x00,0x00,0x00,0x00,0x00,0x00,0x00,0x00,0x00,0x00,0x00,0x00,0x00,0x00,0x00,0x00,0x00,0x00,0x00,0x00,0x00,0x00,0x00,0x00,
    0x00,0x00,0x00,0x00,0x28,0xc2,0xcb,0xea,0xcb,0xe2,0xcb,0xe2,0xcb,0xe2,0xcb,0xe2,0xcb,0xe2,0xcb,0xe2,0xcb,0xe2,0xab,0xe2,
    0xcb,0xe2,0xaa,0xe2,0xaa,0xe2,0xaa,0xe2,0xcb,0xe2,0xaa,0xe2,0xcb,0xe2,0xaa,0xe2,0xaa,0xe2,0x69,0xea,0x49,0xe2,0xaa,0xe2,
    0xcb,0xe2,0xaa,0xe2,0xaa,0xe2,0xaa,0xe2,0xaa,0xe2,0xca,0xe2,0xaa,0xe2,0xaa,0xe2,0xaa,0xe2,0xaa,0xe2,0xaa,0xe2,0xaa,0xe2,
    0xaa,0xe2,0xaa,0xe2,0xaa,0xe2,0xaa,0xe2,0xaa,0xe2,0xaa,0xe2,0xaa,0xe2,0xaa,0xe2,0xaa,0xe2,0xaa,0xe2,0xaa,0xe2,0xaa,0xe2,
    0xaa,0xe2,0xaa,0xe2,0xaa,0xe2,0xaa,0xe2,0xaa,0xea,0xaa,0xe2,0xaa,0xea,0xaa,0xea,0xaa,0xea,0xaa,0xea,0xaa,0xea,0xaa,0xe2,
    0xaa,0xe2,0xaa,0xe2,0xaa,0xe2,0xaa,0xe2,0xaa,0xea,0xaa,0xea,0xaa,0xea,0xaa,0xea,0xaa,0xea,0xaa,0xea,0xaa,0xea,0xaa,0xea,
    0xaa,0xea,0x49,0xda,0xaa,0xea,0xaa,0xea,0xaa,0xea,0xaa,0xea,0xaa,0xea,0xaa,0xea,0xaa,0xea,0xaa,0xea,0xaa,0xea,0xaa,0xea,
    0xaa,0xea,0xaa,0xea,0xaa,0xea,0xaa,0xea,0xaa,0xea,0xaa,0xea,0xaa,0xea,0xaa,0xe2,0x69,0xea,0x08,0xc2,0x00,0x00,0x00,0x00,
    0x00,0x00,0x00,0x00,0x00,0x00,0x00,0x00,0x00,0x00,0x00,0x00,0x00,0x00,0x00,0x00,0x00,0x00,0x00,0x00,0x00,0x00,0x00,0x00,
    0x00,0x00,0x00,0x00,0x00,0x00,0x00,0x00,0x00,0x00,0x00,0x00,0x49,0xca,0xab,0xea,0xcb,0xe2,0xcb,0xe2,0xca,0xe2,0xcb,0xe2,
    0xcb,0xe2,0xcb,0xe2,0xcb,0xe2,0xcb,0xe2,0xcb,0xe2,0xca,0xe2,0xaa,0xe2,0xaa,0xe2,0xaa,0xe2,0xaa,0xe2,0xaa,0xe2,0xca,0xe2,
    0xaa,0xe2,0x69,0xda,0x69,0xe2,0xaa,0xe2,0xcb,0xe2,0xaa,0xe2,0xaa,0xe2,0xaa,0xe2,0xaa,0xe2,0xaa,0xe2,0xaa,0xe2,0xaa,0xe2,
    0xaa,0xe2,0xaa,0xe2,0xaa,0xe2,0xaa,0xe2,0xaa,0xe2,0xaa,0xe2,0xaa,0xe2,0xaa,0xe2,0xaa,0xe2,0xaa,0xe2,0xaa,0xe2,0xaa,0xe2,
    0xaa,0xe2,0xaa,0xe2,0xaa,0xe2,0xaa,0xe2,0xaa,0xe2,0xaa,0xe2,0xaa,0xe2,0xaa,0xe2,0xaa,0xe2,0xaa,0xe2,0xaa,0xe2,0xaa,0xea,
    0xaa,0xea,0xaa,0xea,0xaa,0xe2,0xaa,0xe2,0xaa,0xe2,0xaa,0xe2,0xaa,0xe2,0xaa,0xe2,0xaa,0xe2,0xaa,0xe2,0xaa,0xea,0xaa,0xe2,
    0xaa,0xea,0xaa,0xea,0xaa,0xea,0xaa,0xea,0xaa,0xea,0x48,0xda,0xaa,0xea,0xaa,0xea,0xaa,0xea,0xaa,0xea,0xaa,0xea,0xaa,0xea,
    0xaa,0xea,0xaa,0xea,0xaa,0xea,0xaa,0xea,0xaa,0xea,0xaa,0xea,0xaa,0xea,0xaa,0xea,0xaa,0xea,0xaa,0xea,0x8a,0xea,0xaa,0xea,
    0x8a,0xe2,0x08,0xca,0xa7,0xa1,0x00,0x00,0x00,0x00,0x00,0x00,0x00,0x00,0x00,0x00,0x00,0x00,0x00,0x00,0x00,0x00,0x00,0x00,
    0x00,0x00,0x00,0x00,0x00,0x00,0x00,0x00,0x00,0x00,0x00,0x00,0x00,0x00,0x00,0x00,0x00,0x00,0x04,0x61,0x49,0xc2,0xab,0xe2,
    0xcb,0xe2,0xcb,0xe2,0xcb,0xe2,0xcb,0xe2,0xcb,0xe2,0xcb,0xe2,0xaa,0xe2,0xcb,0xe2,0xaa,0xe2,0xaa,0xe2,0xca,0xe2,0xaa,0xe2,
    0xaa,0xe2,0xaa,0xe2,0xcb,0xe2,0xaa,0xe2,0xaa,0xe2,0x69,0xe2,0x8a,0xe2,0xcb,0xea,0xaa,0xe2,0xaa,0xe2,0xaa,0xe2,0xaa,0xe2,
    0xaa,0xe2,0xaa,0xe2,0xaa,0xe2,0xaa,0xe2,0xaa,0xe2,0xaa,0xe2,0xaa,0xe2,0xaa,0xe2,0xaa,0xe2,0xaa,0xe2,0xaa,0xe2,0xaa,0xe2,
    0xaa,0xe2,0xaa,0xe2,0xaa,0xe2,0xaa,0xe2,0xaa,0xe2,0xaa,0xe2,0xaa,0xe2,0xaa,0xe2,0xaa,0xe2,0xaa,0xe2,0xaa,0xe2,0xaa,0xe2,
    0xaa,0xe2,0xaa,0xe2,0xaa,0xea,0xaa,0xe2,0xaa,0xe2,0xaa,0xea,0xaa,0xe2,0xaa,0xe2,0xaa,0xe2,0xaa,0xe2,0xaa,0xe2,0xaa,0xe2,
    0xaa,0xe2,0xaa,0xe2,0xaa,0xea,0xaa,0xea,0xaa,0xea,0xaa,0xea,0xaa,0xea,0xaa,0xe2,0xaa,0xea,0x49,0xda,0x8a,0xe2,0xaa,0xea,
    0xaa,0xea,0xaa,0xea,0xaa,0xea,0xaa,0xea,0xaa,0xea,0xaa,0xea,0xaa,0xea,0xaa,0xea,0xaa,0xea,0xaa,0xea,0xaa,0xea,0xaa,0xea,
    0xaa,0xea,0xaa,0xea,0x8a,0xea,0xaa,0xea,0x8a,0xe2,0x29,0xd2,0xc7,0x99,0x00,0x00,0x00,0x00,0x00,0x00,0x00,0x00,0x00,0x00,
    0x00,0x00,0x00,0x00,0x00,0x00,0x00,0x00,0x00,0x00,0x00,0x00,0x00,0x00,0x00,0x00,0x00,0x00,0x00,0x00,0x00,0x00,0x00,0x00,
    0x00,0x00,0x04,0x69,0x28,0xd2,0xaa,0xe2,0xcb,0xe2,0xcb,0xe2,0xcb,0xe2,0xaa,0xe2,0xcb,0xe2,0xaa,0xe2,0xcb,0xe2,0xaa,0xe2,
    0xaa,0xe2,0xaa,0xe2,0xcb,0xe2,0xaa,0xe2,0xaa,0xe2,0xaa,0xe2,0xaa,0xe2,0xaa,0xe2,0xaa,0xe2,0x69,0xda,0xaa,0xe2,0xcb,0xe2,
    0xaa,0xe2,0xaa,0xe2,0xaa,0xe2,0xaa,0xe2,0xaa,0xe2,0xaa,0xe2,0xaa,0xe2,0xaa,0xe2,0xaa,0xe2,0xaa,0xe2,0xaa,0xe2,0xaa,0xe2,
    0xaa,0xe2,0xaa,0xe2,0xaa,0xe2,0xaa,0xe2,0xaa,0xe2,0xaa,0xe2,0xaa,0xe2,0xaa,0xe2,0xaa,0xe2,0xaa,0xe2,0xaa,0xe2,0xaa,0xe2,
    0xaa,0xe2,0xaa,0xe2,0xaa,0xe2,0xaa,0xe2,0xaa,0xe2,0xaa,0xea,0xaa,0xe2,0xaa,0xe2,0xaa,0xe2,0xaa,0xea,0xaa,0xe2,0xaa,0xe2,
    0xaa,0xe2,0xaa,0xe2,0xaa,0xea,0xaa,0xe2,0xaa,0xe2,0xaa,0xe2,0xaa,0xe2,0xaa,0xea,0xaa,0xea,0xaa,0xea,0xaa,0xea,0xaa,0xe2,
    0xaa,0xea,0x49,0xe2,0x69,0xe2,0xaa,0xea,0xaa,0xea,0xaa,0xea,0xaa,0xea,0xaa,0xea,0xaa,0xea,0xaa,0xea,0xaa,0xea,0xaa,0xea,
    0xaa,0xea,0xaa,0xea,0xaa,0xea,0xaa,0xea,0xaa,0xea,0xaa,0xea,0xaa,0xea,0xaa,0xea,0x8a,0xe2,0x28,0xd2,0xc7,0xa1,0x00,0x00,
    0x00,0x00,0x00,0x00,0x00,0x00,0x00,0x00,0x00,0x00,0x00,0x00,0x00,0x00,0x00,0x00,0x00,0x00,0x00,0x00,0x00,0x00,0x00,0x00,
    0x00,0x00,0x00,0x00,0x00,0x00,0x00,0x00,0x00,0x00,0x03,0x51,0xe7,0xc1,0x8a,0xe2,0xcb,0xe2,0xca,0xe2,0xaa,0xe2,0xaa,0xe2,
    0xcb,0xe2,0xcb,0xe2,0xcb,0xe2,0xcb,0xe2,0xcb,0xe2,0xcb,0xe2,0xaa,0xe2,0xaa,0xe2,0xaa,0xe2,0xaa,0xe2,0xaa,0xe2,0xaa,0xe2,
    0x8a,0xe2,0x49,0xda,0xeb,0xe2,0xab,0xe2,0xaa,0xe2,0xaa,0xe2,0xaa,0xe2,0xaa,0xe2,0xaa,0xe2,0xaa,0xe2,0xaa,0xe2,0xaa,0xe2,
    0xaa,0xe2,0xaa,0xe2,0xaa,0xe2,0xaa,0xe2,0xaa,0xe2,0xaa,0xe2,0xaa,0xe2,0xaa,0xe2,0xaa,0xe2,0xaa,0xe2,0xaa,0xe2,0xaa,0xe2,
    0xaa,0xe2,0xaa,0xe2,0xaa,0xe2,0xaa,0xe2,0xaa,0xe2,0xaa,0xe2,0xaa,0xe2,0xaa,0xe2,0xaa,0xe2,0xaa,0xe2,0xaa,0xe2,0xaa,0xe2,
    0xaa,0xe2,0xaa,0xea,0xaa,0xe2,0xaa,0xe2,0xaa,0xe2,0xaa,0xea,0xaa,0xe2,0xaa,0xea,0xaa,0xea,0xaa,0xe2,0xaa,0xea,0xaa,0xe2,
    0xaa,0xea,0xaa,0xea,0xaa,0xea,0xaa,0xea,0xaa,0xe2,0x69,0xe2,0x28,0xda,0x8a,0xea,0xaa,0xea,0xaa,0xea,0xaa,0xea,0xaa,0xea,
    0xaa,0xea,0xaa,0xea,0xaa,0xea,0xaa,0xea,0xaa,0xea,0xaa,0xea,0xaa,0xea,0xaa,0xea,0xaa,0xea,0xaa,0xea,0xaa,0xea,0xaa,0xea,
    0xaa,0xe2,0x28,0xca,0xa7,0x91,0x00,0x00,0x00,0x00,0x00,0x00,0x00,0x00,0x00,0x00,0x00,0x00,0x00,0x00,0x00,0x00,0x00,0x00,
    0x00,0x00,0x00,0x00,0x00,0x00,0x00,0x00,0x00,0x00,0x00,0x00,0x00,0x00,0x00,0x00,0x00,0x00,0x04,0x71,0xc7,0xb1,0xaa,0xda,
    0xcb,0xe2,0xaa,0xe2,0xaa,0xe2,0xaa,0xe2,0xca,0xe2,0xcb,0xe2,0xcb,0xe2,0xaa,0xe2,0xaa,0xe2,0xaa,0xe2,0xaa,0xe2,0xaa,0xe2,
    0xaa,0xe2,0xaa,0xe2,0xaa,0xe2,0xaa,0xe2,0x8a,0xea,0x49,0xd2,0xeb,0xea,0xaa,0xe2,0xaa,0xe2,0xaa,0xe2,0xaa,0xe2,0xaa,0xe2,
    0xaa,0xe2,0xaa,0xe2,0xaa,0xe2,0xaa,0xe2,0xaa,0xe2,0xaa,0xe2,0xaa,0xe2,0xaa,0xe2,0xaa,0xe2,0xaa,0xe2,0xaa,0xe2,0xaa,0xe2,
    0xaa,0xe2,0xaa,0xe2,0xaa,0xe2,0xaa,0xe2,0xaa,0xe2,0xaa,0xe2,0xaa,0xe2,0xaa,0xe2,0xaa,0xe2,0xaa,0xe2,0xaa,0xe2,0xaa,0xe2,
    0xaa,0xe2,0xaa,0xe2,0xaa,0xe2,0xaa,0xe2,0xaa,0xe2,0xaa,0xe2,0xaa,0xe2,0xaa,0xe2,0xaa,0xea,0xaa,0xe2,0xaa,0xea,0xaa,0xe2,
    0xaa,0xe2,0xaa,0xe2,0xaa,0xe2,0xaa,0xe2,0xaa,0xe2,0xaa,0xe2,0xaa,0xea,0xaa,0xea,0xaa,0xea,0x8a,0xe2,0x08,0xd2,0x49,0xe2,
    0xaa,0xea,0xaa,0xea,0xaa,0xea,0xaa,0xea,0xaa,0xea,0xaa,0xea,0xaa,0xea,0xaa,0xea,0xaa,0xea,0xaa,0xea,0xaa,0xea,0xaa,0xea,
    0xaa,0xea,0xaa,0xea,0xaa,0xea,0xaa,0xea,0xaa,0xe2,0xe7,0xb9,0x66,0x89,0x00,0x00,0x00,0x00,0x00,0x00,0x00,0x00,0x00,0x00,
    0x00,0x00,0x00,0x00,0x00,0x00,0x00,0x00,0x00,0x00,0x00,0x00,0x00,0x00,0x00,0x00,0x00,0x00,0x00,0x00,0x00,0x00,0x00,0x00,
    0x00,0x00,0xe2,0x40,0x86,0x91,0x69,0xd2,0xca,0xe2,0xaa,0xe2,0xaa,0xe2,0xaa,0xe2,0xcb,0xe2,0xcb,0xe2,0xca,0xe2,0xaa,0xe2,
    0xaa,0xe2,0xaa,0xe2,0xaa,0xe2,0xaa,0xe2,0xaa,0xe2,0xaa,0xe2,0xaa,0xe2,0x8a,0xe2,0xaa,0xea,0xca,0xea,0xcb,0xe2,0xaa,0xe2,
    0xaa,0xe2,0xaa,0xe2,0xaa,0xe2,0xaa,0xe2,0xaa,0xe2,0xaa,0xe2,0xaa,0xe2,0xaa,0xe2,0xaa,0xe2,0xaa,0xe2,0xaa,0xe2,0xaa,0xe2,
    0xaa,0xe2,0xaa,0xe2,0xaa,0xe2,0xaa,0xe2,0xaa,0xe2,0xaa,0xe2,0xaa,0xe2,0xaa,0xe2,0xaa,0xe2,0xaa,0xe2,0xaa,0xe2,0xaa,0xe2,
    0xaa,0xe2,0xaa,0xe2,0xaa,0xe2,0xaa,0xe2,0xaa,0xe2,0xaa,0xe2,0xaa,0xe2,0xaa,0xe2,0xaa,0xe2,0xaa,0xea,0xaa,0xe2,0xaa,0xe2,
    0xaa,0xe2,0xaa,0xe2,0xaa,0xea,0xaa,0xe2,0xaa,0xea,0xaa,0xea,0xaa,0xe2,0xaa,0xea,0xaa,0xe2,0xaa,0xea,0xaa,0xea,0xaa,0xea,
    0xaa,0xea,0xaa,0xea,0x69,0xe2,0x08,0xda,0x8a,0xea,0xaa,0xea,0xaa,0xea,0xaa,0xea,0xaa,0xea,0xaa,0xea,0xaa,0xea,0xaa,0xea,
    0xaa,0xea,0xaa,0xea,0xaa,0xea,0xaa,0xea,0xaa,0xea,0xaa,0xea,0xaa,0xea,0xaa,0xea,0x89,0xda,0xc7,0xa1,0xc6,0x99,0x00,0x00,
    0x00,0x00,0x00,0x00,0x00,0x00,0x00,0x00,0x00,0x00,0x00,0x00,0x00,0x00,0x00,0x00,0x00,0x00,0x00,0x00,0x00,0x00,0x00,0x00,
    0x00,0x00,0x00,0x00,0x00,0x00,0x00,0x00,0x00,0x00,0xc3,0x48,0x24,0x69,0xe7,0xb9,0xaa,0xda,0xaa,0xe2,0xcb,0xe2,0xaa,0xe2,
    0xaa,0xe2,0xaa,0xe2,0xaa,0xe2,0xaa,0xe2,0xaa,0xe2,0xaa,0xe2,0xaa,0xe2,0xaa,0xe2,0xaa,0xe2,0xaa,0xe2,0xaa,0xe2,0x8a,0xe2,
    0xeb,0xea,0xcb,0xe2,0xaa,0xe2,0xaa,0xe2,0xaa,0xe2,0xaa,0xe2,0xaa,0xe2,0xaa,0xe2,0xaa,0xe2,0xaa,0xe2,0xaa,0xe2,0xaa,0xe2,
    0xaa,0xe2,0xaa,0xe2,0xaa,0xe2,0xaa,0xe2,0xaa,0xe2,0xaa,0xe2,0xaa,0xe2,0xaa,0xe2,0xaa,0xe2,0xaa,0xe2,0xaa,0xe2,0xaa,0xe2,
    0xaa,0xe2,0xaa,0xe2,0xaa,0xe2,0xaa,0xe2,0xaa,0xe2,0xaa,0xe2,0xaa,0xe2,0xaa,0xe2,0xaa,0xe2,0xaa,0xe2,0xaa,0xe2,0xaa,0xe2,
    0xaa,0xe2,0xaa,0xe2,0xaa,0xe2,0xaa,0xe2,0xaa,0xe2,0xaa,0xe2,0xaa,0xe2,0xaa,0xe2,0xaa,0xea,0xaa,0xe2,0xaa,0xea,0xaa,0xea,
    0xaa,0xea,0xaa,0xea,0xaa,0xea,0xaa,0xea,0xaa,0xea,0xaa,0xea,0xaa,0xea,0x48,0xe2,0x28,0xda,0x8a,0xea,0xaa,0xe2,0xaa,0xea,
    0xaa,0xea,0xaa,0xea,0xaa,0xea,0xaa,0xea,0xaa,0xea,0xaa,0xea,0xaa,0xea,0xaa,0xea,0xaa,0xea,0xaa,0xea,0xaa,0xea,0xaa,0xea,
    0x49,0xd2,0x86,0x91,0x25,0x71,0x00,0x00,0x00,0x00,0x00,0x00,0x00,0x00,0x00,0x00,0x00,0x00,0x00,0x00,0x00,0x00,0x00,0x00,
    0x00,0x00,0x00,0x00,0x00,0x00,0x00,0x00,0x00,0x00,0x00,0x00,0x00,0x00,0x00,0x00,0x00,0x00,0x24,0x69,0x04,0x59,0x85,0x91,
    0x69,0xd2,0xaa,0xe2,0xaa,0xe2,0xaa,0xe2,0xaa,0xe2,0xca,0xe2,0xaa,0xe2,0xaa,0xe2,0xaa,0xe2,0xaa,0xe2,0xaa,0xe2,0xaa,0xe2,
    0xaa,0xe2,0xaa,0xe2,0xaa,0xe2,0xaa,0xea,0xcb,0xea,0xaa,0xe2,0xaa,0xe2,0xaa,0xe2,0xaa,0xe2,0xaa,0xe2,0xaa,0xe2,0xaa,0xe2,
    0xaa,0xe2,0xaa,0xe2,0xaa,0xe2,0xaa,0xe2,0xaa,0xe2,0xaa,0xe2,0xaa,0xe2,0xaa,0xe2,0xaa,0xe2,0xaa,0xe2,0xaa,0xe2,0xaa,0xe2,
    0xaa,0xe2,0xaa,0xe2,0xaa,0xe2,0xaa,0xe2,0xaa,0xe2,0xaa,0xe2,0xaa,0xe2,0xaa,0xe2,0xaa,0xe2,0xaa,0xe2,0xaa,0xe2,0xaa,0xe2,
    0xaa,0xe2,0xaa,0xe2,0xaa,0xe2,0xaa,0xe2,0xaa,0xe2,0xaa,0xe2,0xaa,0xe2,0xaa,0xe2,0xaa,0xe2,0xaa,0xe2,0xaa,0xe2,0xaa,0xe2,
    0xaa,0xe2,0xaa,0xe2,0xaa,0xea,0xaa,0xea,0xaa,0xea,0xaa,0xe2,0xaa,0xea,0xaa,0xea,0xaa,0xea,0xaa,0xea,0xaa,0xea,0x8a,0xea,
    0x28,0xda,0x49,0xe2,0x8a,0xea,0xaa,0xea,0xaa,0xea,0xaa,0xea,0xaa,0xea,0xaa,0xea,0xaa,0xea,0xaa,0xea,0xaa,0xea,0xaa,0xea,
    0xaa,0xea,0xaa,0xea,0xaa,0xea,0xaa,0xe2,0xe7,0xb1,0x65,0x81,0x24,0x69,0x00,0x00,0x00,0x00,0x00,0x00,0x00,0x00,0x00,0x00,
    0x00,0x00,0x00,0x00,0x00,0x00,0x00,0x00,0x00,0x00,0x00,0x00,0x00,0x00,0x00,0x00,0x00,0x00,0x00,0x00,0x00,0x00,0x00,0x00,
    0x00,0x00,0x82,0x38,0xe3,0x50,0x24,0x71,0xe7,0xb1,0xaa,0xe2,0xca,0xe2,0xaa,0xe2,0xaa,0xe2,0xaa,0xe2,0xaa,0xe2,0xaa,0xe2,
    0xaa,0xe2,0xaa,0xe2,0xaa,0xe2,0xaa,0xe2,0xaa,0xe2,0x8a,0xe2,0x8a,0xe2,0xcb,0xea,0xaa,0xe2,0xaa,0xe2,0xaa,0xe2,0xaa,0xe2,
    0xaa,0xe2,0xaa,0xe2,0xaa,0xe2,0xaa,0xe2,0xaa,0xe2,0xaa,0xe2,0xaa,0xe2,0xaa,0xe2,0xaa,0xe2,0xaa,0xe2,0xaa,0xe2,0xaa,0xe2,
    0xaa,0xe2,0xaa,0xe2,0xaa,0xe2,0xaa,0xe2,0xaa,0xe2,0xaa,0xe2,0xaa,0xe2,0xaa,0xe2,0xaa,0xe2,0xaa,0xe2,0xaa,0xe2,0xaa,0xe2,
    0xaa,0xe2,0xaa,0xe2,0xaa,0xe2,0xaa,0xe2,0xaa,0xe2,0xaa,0xe2,0xaa,0xe2,0xaa,0xe2,0xaa,0xe2,0xaa,0xe2,0xaa,0xe2,0xaa,0xe2,
    0xaa,0xe2,0xaa,0xe2,0xaa,0xe2,0xaa,0xe2,0xaa,0xe2,0xaa,0xe2,0xaa,0xe2,0xaa,0xea,0xaa,0xe2,0xaa,0xe2,0xaa,0xe2,0xaa,0xe2,
    0xaa,0xea,0xaa,0xea,0xaa,0xea,0xaa,0xea,0x8a,0xea,0x28,0xda,0x49,0xe2,0xaa,0xea,0xaa,0xea,0xaa,0xea,0xaa,0xea,0xaa,0xea,
    0xaa,0xea,0xaa,0xea,0xaa,0xea,0xaa,0xea,0xaa,0xea,0xaa,0xea,0xcb,0xea,0x49,0xd2,0x86,0x99,0x45,0x79,0x24,0x69,0x00,0x00,
    0x00,0x00,0x00,0x00,0x00,0x00,0x00,0x00,0x00,0x00,0x00,0x00,0x00,0x00,0x00,0x00,0x00,0x00,0x00,0x00,0x00,0x00,0x00,0x00,
    0x00,0x00,0x00,0x00,0x00,0x00,0x00,0x00,0x00,0x00,0x82,0x40,0xe3,0x50,0xe3,0x58,0x45,0x81,0x28,0xca,0xaa,0xe2,0xaa,0xe2,
    0xaa,0xe2,0xaa,0xe2,0xaa,0xe2,0xaa,0xe2,0xaa,0xe2,0xaa,0xe2,0xaa,0xe2,0xaa,0xe2,0x8a,0xe2,0x69,0xe2,0xaa,0xe2,0xaa,0xe2,
    0xaa,0xe2,0xaa,0xe2,0xaa,0xe2,0xaa,0xe2,0xaa,0xe2,0xaa,0xe2,0xaa,0xe2,0xaa,0xe2,0xaa,0xe2,0xaa,0xe2,0xaa,0xe2,0xaa,0xe2,
    0xaa,0xe2,0xaa,0xe2,0xaa,0xe2,0xaa,0xe2,0xaa,0xe2,0xaa,0xe2,0xaa,0xe2,0xaa,0xe2,0xaa,0xe2,0xaa,0xe2,0xaa,0xe2,0xaa,0xe2,
    0xaa,0xe2,0xaa,0xe2,0xaa,0xe2,0xaa,0xe2,0xaa,0xe2,0xaa,0xe2,0xaa,0xe2,0xaa,0xe2,0xaa,0xe2,0xaa,0xe2,0xaa,0xe2,0xaa,0xe2,
    0xaa,0xe2,0xaa,0xe2,0xaa,0xe2,0xaa,0xe2,0xaa,0xe2,0xaa,0xe2,0xaa,0xe2,0xaa,0xe2,0xaa,0xe2,0xaa,0xe2,0xaa,0xe2,0xaa,0xea,
    0xaa,0xea,0xaa,0xe2,0xaa,0xe2,0xaa,0xe2,0xaa,0xe2,0xaa,0xe2,0xaa,0xea,0xaa,0xea,0x8a,0xea,0x69,0xea,0x28,0xda,0x49,0xda,
    0x8a,0xe2,0xaa,0xea,0xaa,0xea,0xaa,0xea,0xaa,0xea,0xaa,0xea,0xaa,0xea,0xaa,0xea,0xaa,0xe2,0xcb,0xea,0x8a,0xe2,0xc7,0xa1,
    0x45,0x81,0x24,0x71,0x24,0x69,0x00,0x00,0x00,0x00,0x00,0x00,0x00,0x00,0x00,0x00,0x00,0x00,0x00,0x00,0x00,0x00,0x00,0x00,
    0x00,0x00,0x00,0x00,0x00,0x00,0x00,0x00,0x00,0x00,0x00,0x00,0x00,0x00,0x00,0x00,0x00,0x00,0x00,0x00,0xc3,0x48,0xe3,0x50,
    0xe3,0x50,0x65,0x89,0x28,0xca,0x8a,0xe2,0xaa,0xe2,0xaa,0xe2,0xaa,0xe2,0xaa,0xe2,0xaa,0xe2,0xaa,0xe2,0x8a,0xe2,0x69,0xe2,
    0x69,0xe2,0xca,0xea,0xaa,0xe2,0xaa,0xe2,0xaa,0xe2,0xaa,0xe2,0xaa,0xe2,0xaa,0xe2,0xaa,0xe2,0xaa,0xe2,0xaa,0xe2,0xaa,0xe2,
    0xaa,0xe2,0xaa,0xe2,0xaa,0xe2,0xaa,0xe2,0xaa,0xe2,0xaa,0xe2,0xaa,0xe2,0xaa,0xe2,0xaa,0xe2,0xaa,0xe2,0xaa,0xe2,0xaa,0xe2,
    0xaa,0xe2,0xaa,0xe2,0xaa,0xe2,0xaa,0xe2,0xaa,0xe2,0xaa,0xe2,0xaa,0xe2,0xaa,0xe2,0xaa,0xe2,0xaa,0xe2,0xaa,0xe2,0xaa,0xe2,
    0xaa,0xe2,0xaa,0xe2,0xaa,0xe2,0xaa,0xe2,0xaa,0xe2,0xaa,0xe2,0xaa,0xe2,0xaa,0xe2,0xaa,0xe2,0xaa,0xe2,0xaa,0xe2,0xaa,0xe2,
    0xaa,0xe2,0xaa,0xe2,0xaa,0xe2,0xaa,0xea,0xaa,0xea,0xaa,0xe2,0xaa,0xe2,0xaa,0xe2,0xaa,0xe2,0xaa,0xe2,0xaa,0xea,0xaa,0xea,
    0xaa,0xea,0xaa,0xea,0x69,0xea,0x28,0xe2,0x28,0xda,0x69,0xe2,0x8a,0xea,0xaa,0xea,0xaa,0xe2,0xaa,0xe2,0xaa,0xea,0xaa,0xe2,
    0xaa,0xea,0x8a,0xe2,0x08,0xba,0x65,0x89,0x45,0x81,0x44,0x71,0x00,0x00,0x00,0x00,0x00,0x00,0x00,0x00,0x00,0x00,0x00,0x00,
    0x00,0x00,0x00,0x00,0x00,0x00,0x00,0x00,0x00,0x00,0x00,0x00,0x00,0x00,0x00,0x00,0x00,0x00,0x00,0x00,0x00,0x00,0x00,0x00,
    0x00,0x00,0x00,0x00,0xe3,0x48,0xe3,0x48,0xc3,0x48,0xc3,0x50,0x45,0x89,0xe7,0xb9,0x69,0xd2,0x8a,0xe2,0x8a,0xe2,0x8a,0xe2,
    0x69,0xda,0x49,0xd2,0x28,0xd2,0xaa,0xe2,0xcb,0xea,0xaa,0xe2,0xaa,0xe2,0xaa,0xe2,0xaa,0xe2,0xaa,0xe2,0xaa,0xe2,0xaa,0xe2,
    0xaa,0xe2,0xaa,0xe2,0xaa,0xe2,0xaa,0xe2,0xaa,0xe2,0xaa,0xe2,0xaa,0xe2,0xaa,0xe2,0xaa,0xe2,0xaa,0xe2,0xaa,0xe2,0xaa,0xe2,
    0xaa,0xe2,0xaa,0xe2,0xaa,0xe2,0xaa,0xe2,0xaa,0xe2,0xaa,0xe2,0xaa,0xe2,0xaa,0xe2,0xaa,0xe2,0xaa,0xe2,0xaa,0xe2,0xaa,0xe2,
    0xaa,0xe2,0xaa,0xe2,0xaa,0xe2,0xaa,0xe2,0xaa,0xe2,0xaa,0xe2,0xaa,0xe2,0xaa,0xe2,0xaa,0xe2,0xaa,0xe2,0xaa,0xe2,0xaa,0xe2,
    0xaa,0xe2,0xaa,0xe2,0xaa,0xe2,0xaa,0xe2,0xaa,0xe2,0xaa,0xea,0xaa,0xe2,0xaa,0xea,0xaa,0xe2,0xaa,0xe2,0xaa,0xea,0xaa,0xea,
    0xaa,0xe2,0xaa,0xe2,0xaa,0xe2,0xaa,0xea,0xaa,0xea,0xaa,0xea,0xaa,0xea,0x8a,0xea,0x49,0xea,0x08,0xd2,0x28,0xd2,0x89,0xe2,
    0x8a,0xe2,0x8a,0xe2,0xaa,0xe2,0x8a,0xe2,0x49,0xd2,0xc7,0xa9,0x65,0x89,0x65,0x81,0x45,0x79,0x65,0x71,0x00,0x00,0x00,0x00,
    0x00,0x00,0x00,0x00,0x00,0x00,0x00,0x00,0x00,0x00,0x00,0x00,0x00,0x00,0x00,0x00,0x00,0x00,0x00,0x00,0x00,0x00,0x00,0x00,
    0x00,0x00,0x00,0x00,0x00,0x00,0x00,0x00,0x00,0x00,0x00,0x00,0xa3,0x40,0xc3,0x40,0xe3,0x40,0xa2,0x40,0xa2,0x40,0xe3,0x60,
    0x24,0x81,0xa6,0xa1,0xa6,0xa9,0x86,0xa9,0x65,0xa1,0x69,0xd2,0xca,0xe2,0xaa,0xe2,0xaa,0xe2,0xaa,0xe2,0xaa,0xe2,0xaa,0xe2,
    0xaa,0xe2,0xaa,0xe2,0xaa,0xe2,0xaa,0xe2,0xaa,0xe2,0xaa,0xe2,0xaa,0xe2,0xaa,0xe2,0xaa,0xe2,0xaa,0xe2,0xaa,0xe2,0xaa,0xe2,
    0xaa,0xe2,0xaa,0xe2,0xaa,0xe2,0xaa,0xe2,0xaa,0xe2,0xaa,0xe2,0xaa,0xe2,0xaa,0xe2,0xaa,0xe2,0xaa,0xe2,0xaa,0xe2,0xaa,0xe2,
    0xaa,0xe2,0xaa,0xe2,0xaa,0xe2,0xaa,0xe2,0xaa,0xe2,0xaa,0xe2,0xaa,0xe2,0xaa,0xe2,0xaa,0xe2,0xaa,0xe2,0xaa,0xe2,0xaa,0xe2,
    0xaa,0xe2,0xaa,0xe2,0xaa,0xe2,0xaa,0xe2,0xaa,0xe2,0xaa,0xe2,0xaa,0xe2,0xaa,0xe2,0xaa,0xe2,0xaa,0xe2,0xaa,0xe2,0xaa,0xe2,
    0xaa,0xe2,0xaa,0xe2,0xaa,0xe2,0xaa,0xe2,0xaa,0xe2,0xaa,0xe2,0xaa,0xe2,0xaa,0xea,0xaa,0xea,0xaa,0xea,0xaa,0xea,0xaa,0xea,
    0xaa,0xea,0x8a,0xf2,0x08,0xd2,0xa6,0xb9,0xc7,0xb9,0x08,0xba,0xe7,0xb9,0xc7,0xb1,0x86,0x99,0x45,0x89,0x45,0x81,0x45,0x81,
    0x24,0x71,0x45,0x71,0x00,0x00,0x00,0x00,0x00,0x00,0x00,0x00,0x00,0x00,0x00,0x00,0x00,0x00,0x00,0x00,0x00,0x00,0x00,0x00,
    0x00,0x00,0x00,0x00,0x00,0x00,0x00,0x00,0x00,0x00,0x00,0x00,0x00,0x00,0x00,0x00,0x00,0x00,0x00,0x00,0x00,0x00,0xa3,0x38,
    0xc3,0x40,0xc3,0x38,0xa2,0x38,0x82,0x38,0xa2,0x40,0xc3,0x50,0xc3,0x50,0xa2,0x58,0xe3,0x70,0xaa,0xd2,0xaa,0xe2,0xaa,0xe2,
    0xaa,0xe2,0xaa,0xe2,0xaa,0xe2,0xaa,0xe2,0xaa,0xe2,0xaa,0xe2,0xaa,0xe2,0xaa,0xe2,0xaa,0xe2,0xaa,0xe2,0xaa,0xe2,0xaa,0xe2,
    0xaa,0xe2,0xaa,0xe2,0xaa,0xe2,0xaa,0xe2,0xaa,0xe2,0xaa,0xe2,0xaa,0xe2,0xaa,0xe2,0xaa,0xe2,0xaa,0xe2,0xaa,0xe2,0xaa,0xe2,
    0xaa,0xe2,0xaa,0xe2,0xaa,0xe2,0xaa,0xe2,0xaa,0xe2,0xaa,0xe2,0xaa,0xe2,0xaa,0xe2,0xaa,0xe2,0xaa,0xe2,0xaa,0xe2,0xaa,0xe2,
    0xaa,0xe2,0xaa,0xe2,0xaa,0xe2,0xaa,0xe2,0xaa,0xe2,0xaa,0xe2,0xaa,0xe2,0xaa,0xe2,0xaa,0xe2,0xaa,0xe2,0xaa,0xe2,0xaa,0xe2,
    0xaa,0xe2,0xaa,0xe2,0xaa,0xe2,0xaa,0xe2,0xaa,0xe2,0xaa,0xe2,0xaa,0xe2,0xaa,0xe2,0xaa,0xe2,0xaa,0xe2,0xaa,0xe2,0xaa,0xe2,
    0xaa,0xe2,0xaa,0xea,0xaa,0xea,0xaa,0xea,0xaa,0xe2,0xaa,0xea,0x49,0xda,0x45,0x99,0xe3,0x78,0x04,0x79,0x24,0x79,0x24,0x81,
    0x24,0x81,0x45,0x81,0x45,0x79,0x45,0x81,0x45,0x71,0x00,0x00,0x00,0x00,0x00,0x00,0x00,0x00,0x00,0x00,0x00,0x00,0x00,0x00,
    0x00,0x00,0x00,0x00,0x00,0x00,0x00,0x00,0x00,0x00,0x00,0x00,0x00,0x00,0x00,0x00,0x00,0x00,0x00,0x00,0x00,0x00,0x00,0x00,
    0x00,0x00,0x00,0x00,0x00,0x00,0x00,0x00,0xc3,0x38,0xc3,0x38,0xa2,0x30,0xa2,0x38,0xa2,0x38,0xa2,0x38,0x82,0x38,0x82,0x30,
    0xa2,0x40,0x08,0xba,0x8a,0xda,0xaa,0xe2,0xaa,0xe2,0xaa,0xe2,0xaa,0xe2,0xaa,0xe2,0xaa,0xe2,0xaa,0xe2,0xaa,0xe2,0xaa,0xe2,
    0xaa,0xe2,0xaa,0xe2,0xaa,0xe2,0xaa,0xe2,0xaa,0xe2,0xaa,0xe2,0xaa,0xe2,0xaa,0xe2,0xaa,0xe2,0xaa,0xe2,0xaa,0xe2,0xaa,0xe2,
    0xaa,0xe2,0xaa,0xe2,0xaa,0xe2,0xaa,0xe2,0xaa,0xe2,0xaa,0xe2,0xaa,0xe2,0xaa,0xe2,0xaa,0xe2,0xaa,0xe2,0xaa,0xe2,0xaa,0xe2,
    0xaa,0xe2,0xaa,0xe2,0xaa,0xe2,0xaa,0xe2,0xaa,0xe2,0xaa,0xe2,0xaa,0xe2,0xaa,0xe2,0xaa,0xe2,0xaa,0xe2,0xaa,0xe2,0xaa,0xe2,
    0xaa,0xe2,0xaa,0xe2,0xaa,0xe2,0xaa,0xe2,0xaa,0xe2,0xaa,0xe2,0xaa,0xe2,0xaa,0xe2,0xaa,0xe2,0xaa,0xe2,0xaa,0xe2,0xaa,0xe2,
    0xaa,0xe2,0xaa,0xe2,0xaa,0xe2,0xaa,0xe2,0xaa,0xe2,0xaa,0xea,0xaa,0xea,0xaa,0xea,0xaa,0xe2,0xaa,0xe2,0x08,0xc2,0x04,0x81,
    0xc3,0x70,0xe3,0x70,0x04,0x71,0x04,0x79,0x24,0x79,0x24,0x79,0x44,0x79,0x25,0x71,0x45,0x61,0x00,0x00,0x00,0x00,0x00,0x00,
    0x00,0x00,0x00,0x00,0x00,0x00,0x00,0x00,0x00,0x00,0x00,0x00,0x00,0x00,0x00,0x00,0x00,0x00,0x00,0x00,0x00,0x00,0x00,0x00,
    0x00,0x00,0x00,0x00,0x00,0x00,0x00,0x00,0x00,0x00,0x00,0x00,0x00,0x00,0x00,0x00,0xa2,0x30,0xa2,0x30,0xa2,0x38,0xa2,0x30,
    0x82,0x30,0x82,0x30,0x82,0x38,0x82,0x30,0x61,0x38,0x65,0x89,0x69,0xd2,0xaa,0xe2,0xaa,0xe2,0xaa,0xe2,0xaa,0xe2,0xaa,0xe2,
    0xaa,0xe2,0xaa,0xe2,0xaa,0xe2,0xaa,0xe2,0xaa,0xe2,0xaa,0xe2,0xaa,0xe2,0xaa,0xe2,0xaa,0xe2,0xaa,0xe2,0xaa,0xe2,0xaa,0xe2,
    0xaa,0xe2,0xaa,0xe2,0xaa,0xe2,0xaa,0xe2,0xaa,0xe2,0xaa,0xe2,0xaa,0xe2,0xaa,0xe2,0xaa,0xe2,0xaa,0xe2,0xaa,0xe2,0xaa,0xe2,
    0xaa,0xe2,0xaa,0xe2,0xaa,0xe2,0xaa,0xe2,0xaa,0xe2,0xaa,0xe2,0xaa,0xe2,0xaa,0xe2,0xaa,0xe2,0xaa,0xe2,0xaa,0xe2,0xaa,0xe2,
    0xaa,0xe2,0xaa,0xe2,0xaa,0xe2,0xaa,0xe2,0xaa,0xe2,0xaa,0xe2,0xaa,0xe2,0xaa,0xe2,0xaa,0xe2,0xaa,0xe2,0xaa,0xe2,0xaa,0xe2,
    0xaa,0xe2,0xaa,0xe2,0xaa,0xe2,0xaa,0xe2,0xaa,0xe2,0xaa,0xe2,0xaa,0xe2,0xaa,0xe2,0xaa,0xe2,0xaa,0xea,0xaa,0xea,0xaa,0xea,
    0xaa,0xe2,0x8a,0xe2,0xa6,0xa9,0xe3,0x78,0xc3,0x68,0xe3,0x70,0x04,0x71,0x04,0x71,0x24,0x71,0x24,0x71,0x25,0x79,0x45,0x71,
    0x00,0x00,0x00,0x00,0x00,0x00,0x00,0x00,0x00,0x00,0x00,0x00,0x00,0x00,0x00,0x00,0x00,0x00,0x00,0x00,0x00,0x00,0x00,0x00,
    0x00,0x00,0x00,0x00,0x00,0x00,0x00,0x00,0x00,0x00,0x00,0x00,0x00,0x00,0x00,0x00,0x00,0x00,0x00,0x00,0x00,0x00,0x00,0x00,
    0x00,0x00,0x82,0x30,0xa2,0x30,0xa2,0x30,0xa2,0x30,0xa2,0x30,0x82,0x30,0x82,0x30,0x61,0x30,0xe3,0x60,0x08,0xc2,0xaa,0xe2,
    0xaa,0xe2,0xaa,0xe2,0xaa,0xe2,0xaa,0xe2,0xaa,0xe2,0xaa,0xe2,0xaa,0xe2,0xaa,0xe2,0xaa,0xe2,0xaa,0xe2,0xaa,0xe2,0xaa,0xe2,
    0xaa,0xe2,0xaa,0xe2,0xaa,0xe2,0xaa,0xe2,0xaa,0xe2,0xaa,0xe2,0xaa,0xe2,0xaa,0xe2,0xaa,0xe2,0xaa,0xe2,0xaa,0xe2,0xaa,0xe2,
    0xaa,0xe2,0xaa,0xe2,0xaa,0xe2,0xaa,0xe2,0xaa,0xe2,0xaa,0xe2,0xaa,0xe2,0xaa,0xe2,0xaa,0xe2,0xaa,0xe2,0xaa,0xe2,0xaa,0xe2,
    0xaa,0xe2,0xaa,0xe2,0xaa,0xe2,0xaa,0xe2,0xaa,0xe2,0xaa,0xe2,0xaa,0xe2,0xaa,0xe2,0xaa,0xe2,0xaa,0xe2,0xaa,0xe2,0xaa,0xe2,
    0xaa,0xe2,0xaa,0xe2,0xaa,0xe2,0xaa,0xe2,0xaa,0xe2,0xaa,0xe2,0xaa,0xe2,0xaa,0xe2,0xaa,0xe2,0xaa,0xe2,0xaa,0xe2,0xaa,0xe2,
    0xaa,0xe2,0xaa,0xe2,0xaa,0xea,0xaa,0xea,0xaa,0xe2,0x49,0xd2,0x45,0x91,0xe3,0x70,0xe3,0x68,0xe3,0x68,0x04,0x69,0x24,0x71,
    0x24,0x71,0x24,0x71,0x65,0x71,0xc3,0x60,0x00,0x00,0x00,0x00,0x00,0x00,0x00,0x00,0x00,0x00,0x00,0x00,0x00,0x00,0x00,0x00,
    0x00,0x00,0x00,0x00,0x00,0x00,0x00,0x00,0x00,0x00,0x00,0x00,0x00,0x00,0x00,0x00,0x00,0x00,0x00,0x00,0x00,0x00,0x00,0x00,
    0x00,0x00,0x00,0x00,0x00,0x00,0x00,0x00,0x00,0x00,0x00,0x20,0x82,0x30,0xa2,0x30,0xa2,0x30,0xa2,0x30,0xa2,0x30,0x82,0x30,
    0x81,0x30,0xa2,0x40,0x86,0x99,0x8a,0xe2,0xaa,0xe2,0xaa,0xe2,0xaa,0xe2,0xaa,0xe2,0xaa,0xe2,0xaa,0xe2,0xaa,0xe2,0xaa,0xe2,
    0xaa,0xe2,0xaa,0xe2,0xaa,0xe2,0xaa,0xe2,0xaa,0xe2,0xaa,0xe2,0xaa,0xe2,0xaa,0xe2,0xaa,0xe2,0xaa,0xe2,0xaa,0xe2,0xaa,0xe2,
    0xaa,0xe2,0xaa,0xe2,0xaa,0xe2,0xaa,0xe2,0xaa,0xe2,0xaa,0xe2,0xaa,0xe2,0xaa,0xe2,0xaa,0xe2,0xaa,0xe2,0xaa,0xe2,0xaa,0xe2,
    0xaa,0xe2,0xaa,0xe2,0xaa,0xe2,0xaa,0xe2,0xaa,0xe2,0xaa,0xe2,0xaa,0xe2,0xaa,0xe2,0xaa,0xe2,0xaa,0xe2,0xaa,0xe2,0xaa,0xe2,
    0xaa,0xe2,0xaa,0xe2,0xaa,0xe2,0xaa,0xe2,0xaa,0xe2,0xaa,0xe2,0xaa,0xe2,0xaa,0xe2,0xaa,0xe2,0xaa,0xe2,0xaa,0xe2,0xaa,0xe2,
    0xaa,0xe2,0xaa,0xe2,0xaa,0xea,0xaa,0xea,0xaa,0xe2,0xaa,0xe2,0xaa,0xe2,0xaa,0xe2,0xaa,0xe2,0xe7,0xb1,0x45,0x81,0xe3,0x70,
    0xe3,0x68,0xe3,0x68,0x04,0x71,0x04,0x71,0x04,0x69,0x45,0x69,0x00,0x00,0x00,0x00,0x00,0x00,0x00,0x00,0x00,0x00,0x00,0x00,
    0x00,0x00,0x00,0x00,0x00,0x00,0x00,0x00,0x00,0x00,0x00,0x00,0x00,0x00,0x00,0x00,0x00,0x00,0x00,0x00,0x00,0x00,0x00,0x00,
    0x00,0x00,0x00,0x00,0x00,0x00,0x00,0x00,0x00,0x00,0x00,0x00,0x00,0x00,0x00,0x00,0x00,0x00,0x00,0x00,0x00,0x00,0x41,0x28,
    0x61,0x30,0x82,0x30,0x82,0x30,0x82,0x30,0x61,0x30,0xa2,0x38,0x45,0x79,0x08,0xc2,0xaa,0xe2,0xaa,0xda,0xaa,0xe2,0xaa,0xe2,
    0xaa,0xe2,0xaa,0xe2,0xaa,0xe2,0xaa,0xe2,0xaa,0xe2,0xaa,0xe2,0xaa,0xe2,0xaa,0xe2,0xaa,0xe2,0xaa,0xe2,0xaa,0xe2,0xaa,0xe2,
    0xaa,0xe2,0xaa,0xe2,0xaa,0xe2,0xaa,0xe2,0xaa,0xe2,0xaa,0xe2,0xaa,0xe2,0xaa,0xe2,0xaa,0xe2,0xaa,0xe2,0xaa,0xe2,0xaa,0xe2,
    0xaa,0xe2,0xaa,0xe2,0xaa,0xe2,0xaa,0xe2,0xaa,0xe2,0xaa,0xe2,0xaa,0xe2,0xaa,0xe2,0xaa,0xe2,0xaa,0xe2,0xaa,0xe2,0xaa,0xe2,
    0xaa,0xe2,0xaa,0xe2,0xaa,0xe2,0xaa,0xe2,0xaa,0xe2,0xaa,0xe2,0xaa,0xe2,0xaa,0xe2,0xaa,0xe2,0xaa,0xe2,0xaa,0xe2,0xaa,0xe2,
    0xaa,0xe2,0xaa,0xe2,0xaa,0xe2,0xaa,0xe2,0xaa,0xe2,0xaa,0xe2,0xaa,0xe2,0xaa,0xe2,0xaa,0xea,0xaa,0xe2,0xaa,0xe2,0xca,0xea,
    0x69,0xda,0x86,0x99,0x45,0x81,0x45,0x71,0xe3,0x60,0xe4,0x58,0xe4,0x58,0x24,0x61,0x04,0x51,0x00,0x00,0x00,0x00,0x00,0x00,
    0x00,0x00,0x00,0x00,0x00,0x00,0x00,0x00,0x00,0x00,0x00,0x00,0x00,0x00,0x00,0x00,0x00,0x00,0x00,0x00,0x00,0x00,0x00,0x00,
    0x00,0x00,0x00,0x00,0x00,0x00,0x00,0x00,0x00,0x00,0x00,0x00,0x00,0x00,0x00,0x00,0x00,0x00,0x00,0x00,0x00,0x00,0x00,0x00,
    0x00,0x00,0x00,0x00,0x00,0x00,0x00,0x00,0x00,0x00,0x00,0x00,0x41,0x10,0x00,0x00,0x41,0x20,0xa2,0x38,0xe3,0x50,0xa6,0x99,
    0x8a,0xda,0xaa,0xe2,0xaa,0xe2,0xaa,0xe2,0xaa,0xe2,0xaa,0xe2,0xaa,0xe2,0xaa,0xe2,0xaa,0xe2,0xaa,0xe2,0xaa,0xe2,0xaa,0xe2,
    0xaa,0xe2,0xaa,0xe2,0xaa,0xe2,0xaa,0xe2,0xaa,0xe2,0xaa,0xe2,0xaa,0xe2,0xaa,0xe2,0xaa,0xe2,0xaa,0xe2,0xaa,0xe2,0xaa,0xe2,
    0xaa,0xe2,0xaa,0xe2,0xaa,0xe2,0xaa,0xe2,0xaa,0xe2,0xaa,0xe2,0xaa,0xe2,0xaa,0xe2,0xaa,0xe2,0xaa,0xe2,0xaa,0xe2,0xaa,0xe2,
    0xaa,0xe2,0xaa,0xe2,0xaa,0xe2,0xaa,0xe2,0xaa,0xe2,0xaa,0xe2,0xaa,0xe2,0xaa,0xe2,0xaa,0xe2,0xaa,0xe2,0xaa,0xe2,0xaa,0xe2,
    0xaa,0xe2,0xaa,0xe2,0xaa,0xe2,0xaa,0xe2,0xaa,0xe2,0xaa,0xe2,0xaa,0xe2,0xaa,0xe2,0xaa,0xe2,0xaa,0xe2,0xaa,0xe2,0xaa,0xe2,
    0xaa,0xea,0xaa,0xe2,0xaa,0xe2,0xcb,0xea,0xe7,0xb1,0x65,0x89,0x45,0x79,0xa6,0x79,0x00,0x00,0x00,0x00,0x00,0x00,0x00,0x00,
    0x00,0x00,0x00,0x00,0x00,0x00,0x00,0x00,0x00,0x00,0x00,0x00,0x00,0x00,0x00,0x00,0x00,0x00,0x00,0x00,0x00,0x00,0x00,0x00,
    0x00,0x00,0x00,0x00,0x00,0x00,0x00,0x00,0x00,0x00,0x00,0x00,0x00,0x00,0x00,0x00,0x00,0x00,0x00,0x00,0x00,0x00,0x00,0x00,
    0x00,0x00,0x00,0x00,0x00,0x00,0x00,0x00,0x00,0x00,0x00,0x00,0x00,0x00,0x00,0x00,0x00,0x00,0x00,0x00,0x00,0x00,0x00,0x00,
    0x00,0x00,0xc3,0x30,0xc3,0x40,0x24,0x71,0x08,0xc2,0xaa,0xe2,0xaa,0xda,0xaa,0xe2,0xaa,0xe2,0xaa,0xe2,0xaa,0xe2,0xaa,0xe2,
    0xaa,0xe2,0xaa,0xe2,0xaa,0xe2,0xaa,0xe2,0xaa,0xe2,0xaa,0xe2,0xaa,0xe2,0xaa,0xe2,0xaa,0xe2,0xaa,0xe2,0xaa,0xe2,0xaa,0xe2,
    0xaa,0xe2,0xaa,0xe2,0xaa,0xe2,0xaa,0xe2,0xaa,0xe2,0xaa,0xe2,0xaa,0xe2,0xaa,0xe2,0xaa,0xe2,0xaa,0xe2,0xaa,0xe2,0xaa,0xe2,
    0xaa,0xe2,0xaa,0xe2,0x8a,0xe2,0xaa,0xe2,0xaa,0xe2,0xaa,0xe2,0xaa,0xe2,0xaa,0xe2,0xaa,0xe2,0x8a,0xe2,0xaa,0xe2,0xaa,0xe2,
    0xaa,0xe2,0xaa,0xe2,0xaa,0xe2,0xaa,0xe2,0xaa,0xe2,0xaa,0xe2,0xaa,0xe2,0xaa,0xe2,0xaa,0xe2,0xaa,0xe2,0xaa,0xe2,0xaa,0xe2,
    0xaa,0xe2,0xaa,0xe2,0xaa,0xe2,0xaa,0xe2,0xaa,0xea,0xaa,0xe2,0xcb,0xea,0x69,0xda,0x86,0x91,0x65,0x89,0x45,0x79,0x00,0x00,
    0x00,0x00,0x00,0x00,0x00,0x00,0x00,0x00,0x00,0x00,0x00,0x00,0x00,0x00,0x00,0x00,0x00,0x00,0x00,0x00,0x00,0x00,0x00,0x00,
    0x00,0x00,0x00,0x00,0x00,0x00,0x00,0x00,0x00,0x00,0x00,0x00,0x00,0x00,0x00,0x00,0x00,0x00,0x00,0x00,0x00,0x00,0x00,0x00,
    0x00,0x00,0x00,0x00,0x00,0x00,0x00,0x00,0x00,0x00,0x00,0x00,0x00,0x00,0x00,0x00,0x00,0x00,0x00,0x00,0x00,0x00,0x00,0x00,
    0x00,0x00,0x00,0x00,0x00,0x00,0x00,0x00,0x00,0x00,0xc3,0x30,0xc3,0x40,0xe3,0x58,0x86,0x99,0x69,0xd2,0xaa,0xda,0xaa,0xe2,
    0xaa,0xe2,0xaa,0xe2,0xaa,0xe2,0xaa,0xe2,0xaa,0xe2,0xaa,0xe2,0xaa,0xe2,0xaa,0xe2,0xaa,0xe2,0xaa,0xe2,0xaa,0xe2,0xaa,0xe2,
    0x8a,0xe2,0xaa,0xe2,0xaa,0xe2,0xaa,0xe2,0xaa,0xe2,0xaa,0xe2,0xaa,0xe2,0xaa,0xe2,0xaa,0xe2,0xaa,0xe2,0xaa,0xe2,0xaa,0xe2,
    0xaa,0xe2,0xaa,0xe2,0xaa,0xe2,0xaa,0xe2,0xaa,0xe2,0xaa,0xe2,0xaa,0xe2,0xaa,0xe2,0xaa,0xe2,0xaa,0xe2,0xaa,0xe2,0xaa,0xe2,
    0xaa,0xe2,0xaa,0xe2,0xaa,0xe2,0xaa,0xe2,0xaa,0xe2,0xaa,0xe2,0xaa,0xe2,0xaa,0xe2,0xaa,0xe2,0xaa,0xe2,0xaa,0xe2,0xaa,0xe2,
    0xaa,0xe2,0xaa,0xe2,0xaa,0xe2,0xaa,0xe2,0xaa,0xe2,0xaa,0xe2,0xaa,0xe2,0x8a,0xe2,0xaa,0xe2,0xaa,0xea,0xca,0xea,0xe7,0xb1,
    0x65,0x81,0x65,0x89,0x65,0x79,0x00,0x00,0x00,0x00,0x00,0x00,0x00,0x00,0x00,0x00,0x00,0x00,0x00,0x00,0x00,0x00,0x00,0x00,
    0x00,0x00,0x00,0x00,0x00,0x00,0x00,0x00,0x00,0x00,0x00,0x00,0x00,0x00,0x00,0x00,0x00,0x00,0x00,0x00,0x00,0x00,0x00,0x00,
    0x00,0x00,0x00,0x00,0x00,0x00,0x00,0x00,0x00,0x00,0x00,0x00,0x00,0x00,0x00,0x00,0x00,0x00,0x00,0x00,0x00,0x00,0x00,0x00,
    0x00,0x00,0x00,0x00,0x00,0x00,0x00,0x00,0x00,0x00,0x00,0x00,0x00,0x00,0x00,0x00,0x00,0x00,0xa2,0x28,0xc3,0x38,0xe3,0x48,
    0x24,0x69,0x07,0xba,0x8a,0xda,0xaa,0xe2,0xaa,0xe2,0xaa,0xe2,0xaa,0xe2,0xaa,0xe2,0xaa,0xe2,0xaa,0xe2,0xaa,0xe2,0xaa,0xe2,
    0xaa,0xe2,0xaa,0xe2,0xaa,0xe2,0x8a,0xe2,0xaa,0xe2,0xaa,0xe2,0xaa,0xe2,0x8a,0xe2,0xaa,0xe2,0xaa,0xe2,0xaa,0xe2,0xaa,0xe2,
    0xaa,0xe2,0xaa,0xe2,0xaa,0xe2,0xaa,0xe2,0xaa,0xe2,0xaa,0xe2,0xaa,0xe2,0xaa,0xe2,0xaa,0xe2,0xaa,0xe2,0xaa,0xe2,0xaa,0xe2,
    0xaa,0xe2,0xaa,0xe2,0xaa,0xe2,0xaa,0xe2,0x8a,0xe2,0xaa,0xe2,0x8a,0xe2,0xaa,0xe2,0xaa,0xe2,0xaa,0xe2,0xaa,0xe2,0x8a,0xe2,
    0xaa,0xe2,0xaa,0xe2,0xaa,0xe2,0xaa,0xe2,0xaa,0xe2,0xaa,0xe2,0xaa,0xe2,0xaa,0xe2,0xaa,0xe2,0xaa,0xe2,0xaa,0xe2,0x8a,0xe2,
    0x8a,0xe2,0xca,0xea,0x69,0xd2,0x86,0x91,0x65,0x81,0x45,0x79,0x85,0x71,0x00,0x00,0x00,0x00,0x00,0x00,0x00,0x00,0x00,0x00,
    0x00,0x00,0x00,0x00,0x00,0x00,0x00,0x00,0x00,0x00,0x00,0x00,0x00,0x00,0x00,0x00,0x00,0x00,0x00,0x00,0x00,0x00,0x00,0x00,
    0x00,0x00,0x00,0x00,0x00,0x00,0x00,0x00,0x00,0x00,0x00,0x00,0x00,0x00,0x00,0x00,0x00,0x00,0x00,0x00,0x00,0x00,0x00,0x00,
    0x00,0x00,0x00,0x00,0x00,0x00,0x00,0x00,0x00,0x00,0x00,0x00,0x00,0x00,0x00,0x00,0x00,0x00,0x00,0x00,0x00,0x00,0x00,0x00,
    0x00,0x00,0x00,0x00,0xc3,0x38,0xc3,0x40,0xe3,0x50,0x65,0x89,0x49,0xca,0xaa,0xe2,0xaa,0xe2,0xaa,0xe2,0xaa,0xe2,0x8a,0xe2,
    0xaa,0xe2,0xaa,0xe2,0xaa,0xe2,0xaa,0xe2,0xaa,0xe2,0xaa,0xe2,0xaa,0xe2,0xaa,0xe2,0xaa,0xe2,0xaa,0xe2,0x8a,0xe2,0xaa,0xe2,
    0x8a,0xe2,0xaa,0xe2,0x8a,0xe2,0xaa,0xe2,0xaa,0xe2,0xaa,0xe2,0xaa,0xe2,0xaa,0xe2,0xaa,0xe2,0xaa,0xe2,0xaa,0xe2,0xaa,0xe2,
    0xaa,0xe2,0xaa,0xe2,0xaa,0xe2,0xaa,0xe2,0xaa,0xe2,0xaa,0xe2,0xaa,0xe2,0xaa,0xe2,0xaa,0xe2,0xaa,0xe2,0xaa,0xe2,0xaa,0xe2,
    0xaa,0xe2,0xaa,0xe2,0xaa,0xe2,0xaa,0xe2,0xaa,0xe2,0xaa,0xe2,0xaa,0xe2,0xaa,0xe2,0xaa,0xe2,0xaa,0xe2,0xaa,0xe2,0xaa,0xe2,
    0xaa,0xe2,0xaa,0xe2,0xaa,0xe2,0xaa,0xe2,0xaa,0xea,0xaa,0xe2,0xc7,0xa9,0x65,0x81,0x65,0x81,0x65,0x79,0x00,0x00,0x00,0x00,
    0x00,0x00,0x00,0x00,0x00,0x00,0x00,0x00,0x00,0x00,0x00,0x00,0x00,0x00,0x00,0x00,0x00,0x00,0x00,0x00,0x00,0x00,0x00,0x00,
    0x00,0x00,0x00,0x00,0x00,0x00,0x00,0x00,0x00,0x00,0x00,0x00,0x00,0x00,0x00,0x00,0x00,0x00,0x00,0x00,0x00,0x00,0x00,0x00,
    0x00,0x00,0x00,0x00,0x00,0x00,0x00,0x00,0x00,0x00,0x00,0x00,0x00,0x00,0x00,0x00,0x00,0x00,0x00,0x00,0x00,0x00,0x00,0x00,
    0x00,0x00,0x00,0x00,0x00,0x00,0x00,0x00,0x00,0x00,0x00,0x00,0xa2,0x38,0xe3,0x40,0xe3,0x48,0x03,0x59,0xa6,0xa1,0x89,0xda,
    0xaa,0xe2,0xaa,0xe2,0xaa,0xe2,0xaa,0xe2,0xaa,0xe2,0xaa,0xe2,0xaa,0xe2,0xaa,0xe2,0xaa,0xe2,0xaa,0xe2,0x8a,0xe2,0xaa,0xe2,
    0xaa,0xe2,0xaa,0xe2,0xaa,0xe2,0xaa,0xe2,0xaa,0xe2,0x8a,0xe2,0xaa,0xe2,0xaa,0xe2,0x8a,0xe2,0xaa,0xe2,0x8a,0xe2,0xaa,0xe2,
    0xaa,0xe2,0xaa,0xe2,0x8a,0xe2,0xaa,0xe2,0xaa,0xe2,0xaa,0xe2,0x8a,0xe2,0xaa,0xe2,0xaa,0xe2,0xaa,0xe2,0xaa,0xe2,0xaa,0xe2,
    0xaa,0xe2,0x8a,0xe2,0xaa,0xe2,0xaa,0xe2,0xaa,0xe2,0xaa,0xe2,0xaa,0xe2,0xaa,0xe2,0xaa,0xe2,0xaa,0xe2,0xaa,0xe2,0xaa,0xe2,
    0xaa,0xe2,0xaa,0xe2,0xaa,0xe2,0xaa,0xe2,0xaa,0xe2,0xaa,0xe2,0xaa,0xe2,0xaa,0xe2,0xaa,0xe2,0x28,0xc2,0x86,0x89,0x45,0x81,
    0x45,0x79,0x65,0x69,0x00,0x00,0x00,0x00,0x00,0x00,0x00,0x00,0x00,0x00,0x00,0x00,0x00,0x00,0x00,0x00,0x00,0x00,0x00,0x00,
    0x00,0x00,0x00,0x00,0x00,0x00,0x00,0x00,0x00,0x00,0x00,0x00,0x00,0x00,0x00,0x00,0x00,0x00,0x00,0x00,0x00,0x00,0x00,0x00,
    0x00,0x00,0x00,0x00,0x00,0x00,0x00,0x00,0x00,0x00,0x00,0x00,0x00,0x00,0x00,0x00,0x00,0x00,0x00,0x00,0x00,0x00,0x00,0x00,
    0x00,0x00,0x00,0x00,0x00,0x00,0x00,0x00,0x00,0x00,0x00,0x00,0x00,0x00,0x00,0x00,0x00,0x00,0x00,0x00,0x00,0x00,0xc3,0x40,
    0xe3,0x48,0xc3,0x48,0x24,0x69,0xe7,0xb1,0x8a,0xda,0xaa,0xe2,0x8a,0xda,0xaa,0xe2,0xaa,0xe2,0xaa,0xe2,0x8a,0xe2,0xaa,0xe2,
    0x8a,0xe2,0xaa,0xe2,0x8a,0xe2,0xaa,0xe2,0xaa,0xe2,0xaa,0xe2,0xaa,0xe2,0x8a,0xe2,0xaa,0xe2,0xaa,0xe2,0xaa,0xe2,0xaa,0xe2,
    0xaa,0xe2,0xaa,0xe2,0xaa,0xe2,0xaa,0xe2,0xaa,0xe2,0xaa,0xe2,0xaa,0xe2,0xaa,0xe2,0x8a,0xe2,0x8a,0xe2,0x8a,0xe2,0x8a,0xe2,
    0xaa,0xe2,0xaa,0xe2,0xaa,0xe2,0x8a,0xe2,0x8a,0xe2,0xaa,0xe2,0x8a,0xe2,0xaa,0xe2,0xaa,0xe2,0xaa,0xe2,0xaa,0xe2,0xaa,0xe2,
    0xaa,0xe2,0xaa,0xe2,0xaa,0xe2,0xaa,0xe2,0xaa,0xe2,0xaa,0xe2,0xaa,0xe2,0xaa,0xe2,0xaa,0xe2,0x8a,0xe2,0x8a,0xe2,0xaa,0xe2,
    0x69,0xda,0x86,0x91,0x45,0x81,0x45,0x81,0x65,0x79,0x00,0x00,0x00,0x00,0x00,0x00,0x00,0x00,0x00,0x00,0x00,0x00,0x00,0x00,
    0x00,0x00,0x00,0x00,0x00,0x00,0x00,0x00,0x00,0x00,0x00,0x00,0x00,0x00,0x00,0x00,0x00,0x00,0x00,0x00,0x00,0x00,0x00,0x00,
    0x00,0x00,0x00,0x00,0x00,0x00,0x00,0x00,0x00,0x00,0x00,0x00,0x00,0x00,0x00,0x00,0x00,0x00,0x00,0x00,0x00,0x00,0x00,0x00,
    0x00,0x00,0x00,0x00,0x00,0x00,0x00,0x00,0x00,0x00,0x00,0x00,0x00,0x00,0x00,0x00,0x00,0x00,0x00,0x00,0x00,0x00,0x00,0x00,
    0x00,0x00,0x00,0x00,0x00,0x00,0xe3,0x38,0xc3,0x40,0xe3,0x48,0xc3,0x48,0x24,0x79,0x28,0xca,0x8a,0xe2,0x8a,0xda,0x8a,0xe2,
    0xaa,0xe2,0xaa,0xe2,0xaa,0xe2,0x8a,0xe2,0x8a,0xe2,0x8a,0xe2,0xaa,0xe2,0xaa,0xe2,0x8a,0xe2,0xaa,0xe2,0x8a,0xe2,0x8a,0xe2,
    0x8a,0xe2,0xaa,0xe2,0xaa,0xe2,0x8a,0xe2,0xaa,0xe2,0xaa,0xe2,0xaa,0xe2,0x8a,0xe2,0x8a,0xe2,0x8a,0xe2,0xaa,0xe2,0xaa,0xe2,
    0xaa,0xe2,0x8a,0xe2,0x8a,0xe2,0x8a,0xe2,0x8a,0xe2,0xaa,0xe2,0x8a,0xe2,0x8a,0xe2,0x8a,0xe2,0xaa,0xe2,0xaa,0xe2,0xaa,0xe2,
    0x8a,0xe2,0x8a,0xe2,0xaa,0xe2,0xaa,0xe2,0x8a,0xe2,0x8a,0xe2,0x8a,0xe2,0xaa,0xe2,0xaa,0xe2,0xaa,0xe2,0xaa,0xe2,0xaa,0xe2,
    0xaa,0xe2,0x8a,0xe2,0xaa,0xe2,0xaa,0xe2,0xc7,0xa1,0x45,0x81,0x45,0x81,0x45,0x81,0xc6,0x81,0x00,0x00,0x00,0x00,0x00,0x00,
    0x00,0x00,0x00,0x00,0x00,0x00,0x00,0x00,0x00,0x00,0x00,0x00,0x00,0x00,0x00,0x00,0x00,0x00,0x00,0x00,0x00,0x00,0x00,0x00,
    0x00,0x00,0x00,0x00,0x00,0x00,0x00,0x00,0x00,0x00,0x00,0x00,0x00,0x00,0x00,0x00,0x00,0x00,0x00,0x00,0x00,0x00,0x00,0x00,
    0x00,0x00,0x00,0x00,0x00,0x00,0x00,0x00,0x00,0x00,0x00,0x00,0x00,0x00,0x00,0x00,0x00,0x00,0x00,0x00,0x00,0x00,0x00,0x00,
    0x00,0x00,0x00,0x00,0x00,0x00,0x00,0x00,0x00,0x00,0x00,0x00,0x00,0x00,0x00,0x00,0xc3,0x38,0xe3,0x40,0xc3,0x40,0xc3,0x50,
    0x65,0x91,0x49,0xca,0x8a,0xda,0x8a,0xda,0x8a,0xe2,0x8a,0xe2,0xaa,0xe2,0x8a,0xe2,0x8a,0xe2,0x8a,0xe2,0xaa,0xe2,0xaa,0xe2,
    0x8a,0xe2,0x8a,0xe2,0x8a,0xe2,0xaa,0xe2,0x8a,0xe2,0x8a,0xe2,0x8a,0xe2,0x8a,0xe2,0x8a,0xe2,0x8a,0xe2,0x8a,0xe2,0x8a,0xe2,
    0x8a,0xe2,0x8a,0xe2,0x8a,0xe2,0x8a,0xe2,0x8a,0xe2,0x8a,0xe2,0x8a,0xe2,0xaa,0xe2,0x8a,0xe2,0xaa,0xe2,0xaa,0xe2,0x8a,0xe2,
    0xaa,0xe2,0xaa,0xe2,0x8a,0xe2,0xaa,0xe2,0xaa,0xe2,0xaa,0xe2,0xaa,0xe2,0xaa,0xe2,0xaa,0xe2,0xaa,0xe2,0xaa,0xe2,0xaa,0xe2,
    0xaa,0xe2,0xaa,0xe2,0xaa,0xe2,0xaa,0xe2,0x8a,0xe2,0xaa,0xe2,0xaa,0xe2,0xe8,0xb1,0x65,0x81,0x45,0x81,0x45,0x81,0x45,0x71,
    0x00,0x00,0x00,0x00,0x00,0x00,0x00,0x00,0x00,0x00,0x00,0x00,0x00,0x00,0x00,0x00,0x00,0x00,0x00,0x00,0x00,0x00,0x00,0x00,
    0x00,0x00,0x00,0x00,0x00,0x00,0x00,0x00,0x00,0x00,0x00,0x00,0x00,0x00,0x00,0x00,0x00,0x00,0x00,0x00,0x00,0x00,0x00,0x00,
    0x00,0x00,0x00,0x00,0x00,0x00,0x00,0x00,0x00,0x00,0x00,0x00,0x00,0x00,0x00,0x00,0x00,0x00,0x00,0x00,0x00,0x00,0x00,0x00,
    0x00,0x00,0x00,0x00,0x00,0x00,0x00,0x00,0x00,0x00,0x00,0x00,0x00,0x00,0x00,0x00,0x00,0x00,0x00,0x00,0x00,0x00,0x00,0x00,
    0x82,0x30,0xc3,0x40,0xc3,0x40,0xc3,0x48,0xc3,0x50,0x86,0x99,0x69,0xd2,0x8a,0xda,0x8a,0xda,0x8a,0xe2,0xaa,0xe2,0x8a,0xe2,
    0xaa,0xe2,0x8a,0xe2,0x8a,0xe2,0x8a,0xe2,0xaa,0xe2,0xaa,0xe2,0x8a,0xe2,0x8a,0xe2,0xaa,0xe2,0x8a,0xe2,0x8a,0xe2,0x8a,0xe2,
    0x8a,0xe2,0x8a,0xe2,0x8a,0xe2,0xaa,0xe2,0x8a,0xe2,0x8a,0xe2,0xaa,0xe2,0x8a,0xe2,0xaa,0xe2,0xaa,0xe2,0x8a,0xe2,0x8a,0xe2,
    0x8a,0xe2,0x8a,0xe2,0x8a,0xe2,0x8a,0xe2,0xaa,0xe2,0x8a,0xe2,0x8a,0xe2,0x8a,0xe2,0xaa,0xe2,0xaa,0xe2,0x8a,0xe2,0xaa,0xe2,
    0x8a,0xe2,0x8a,0xe2,0xaa,0xe2,0xaa,0xe2,0xaa,0xe2,0xaa,0xe2,0xaa,0xe2,0xaa,0xe2,0xaa,0xe2,0xaa,0xe2,0x28,0xc2,0x65,0x89,
    0x45,0x81,0x45,0x81,0x45,0x79,0x24,0x59,0x00,0x00,0x00,0x00,0x00,0x00,0x00,0x00,0x00,0x00,0x00,0x00,0x00,0x00,0x00,0x00,
    0x00,0x00,0x00,0x00,0x00,0x00,0x00,0x00,0x00,0x00,0x00,0x00,0x00,0x00,0x00,0x00,0x00,0x00,0x00,0x00,0x00,0x00,0x00,0x00,
    0x00,0x00,0x00,0x00,0x00,0x00,0x00,0x00,0x00,0x00,0x00,0x00,0x00,0x00,0x00,0x00,0x00,0x00,0x00,0x00,0x00,0x00,0x00,0x00,
    0x00,0x00,0x00,0x00,0x00,0x00,0x00,0x00,0x00,0x00,0x00,0x00,0x00,0x00,0x00,0x00,0x00,0x00,0x00,0x00,0x00,0x00,0x00,0x00,
    0x00,0x00,0x00,0x00,0x00,0x00,0x00,0x00,0x00,0x00,0xc3,0x40,0xc3,0x40,0xc3,0x40,0xc3,0x40,0xe3,0x58,0xa6,0xa1,0x69,0xd2,
    0xaa,0xe2,0x8a,0xda,0x8a,0xe2,0x8a,0xe2,0x8a,0xe2,0x8a,0xe2,0x8a,0xe2,0xaa,0xe2,0x8a,0xe2,0x8a,0xe2,0x8a,0xe2,0x8a,0xe2,
    0x8a,0xe2,0x8a,0xe2,0xaa,0xe2,0x8a,0xe2,0x8a,0xe2,0x8a,0xe2,0x8a,0xe2,0x8a,0xe2,0xaa,0xe2,0x8a,0xe2,0x8a,0xe2,0x8a,0xe2,
    0x8a,0xe2,0x8a,0xe2,0x8a,0xe2,0x8a,0xe2,0x8a,0xe2,0x8a,0xe2,0x8a,0xe2,0x8a,0xe2,0x8a,0xe2,0x8a,0xe2,0xaa,0xe2,0x8a,0xe2,
    0xaa,0xe2,0x8a,0xe2,0xaa,0xe2,0x8a,0xe2,0xaa,0xe2,0xaa,0xe2,0xaa,0xe2,0x8a,0xe2,0xaa,0xe2,0xaa,0xe2,0xaa,0xe2,0xaa,0xe2,
    0xaa,0xe2,0x28,0xc2,0x65,0x89,0x45,0x81,0x45,0x79,0x45,0x81,0x65,0x69,0x00,0x00,0x00,0x00,0x00,0x00,0x00,0x00,0x00,0x00,
    0x00,0x00,0x00,0x00,0x00,0x00,0x00,0x00,0x00,0x00,0x00,0x00,0x00,0x00,0x00,0x00,0x00,0x00,0x00,0x00,0x00,0x00,0x00,0x00,
    0x00,0x00,0x00,0x00,0x00,0x00,0x00,0x00,0x00,0x00,0x00,0x00,0x00,0x00,0x00,0x00,0x00,0x00,0x00,0x00,0x00,0x00,0x00,0x00,
    0x00,0x00,0x00,0x00,0x00,0x00,0x00,0x00,0x00,0x00,0x00,0x00,0x00,0x00,0x00,0x00,0x00,0x00,0x00,0x00,0x00,0x00,0x00,0x00,
    0x00,0x00,0x00,0x00,0x00,0x00,0x00,0x00,0x00,0x00,0x00,0x00,0x00,0x00,0x00,0x00,0x00,0x00,0xa2,0x40,0xe3,0x40,0xc3,0x40,
    0xc3,0x40,0xa2,0x38,0xe3,0x58,0xc7,0xa9,0x69,0xda,0x8a,0xda,0x8a,0xda,0x8a,0xe2,0x8a,0xe2,0x8a,0xe2,0x8a,0xe2,0x8a,0xe2,
    0x8a,0xe2,0x8a,0xe2,0x8a,0xe2,0x8a,0xe2,0x8a,0xe2,0x8a,0xe2,0x8a,0xe2,0x8a,0xe2,0xaa,0xe2,0x8a,0xe2,0xaa,0xe2,0x8a,0xe2,
    0x8a,0xe2,0x8a,0xe2,0x8a,0xe2,0x8a,0xe2,0x8a,0xe2,0x8a,0xe2,0x8a,0xe2,0x8a,0xe2,0x8a,0xe2,0x8a,0xe2,0x8a,0xe2,0x8a,0xe2,
    0x8a,0xe2,0x8a,0xe2,0xaa,0xe2,0x8a,0xe2,0xaa,0xe2,0xaa,0xe2,0xaa,0xe2,0xaa,0xe2,0xaa,0xe2,0xaa,0xe2,0xaa,0xe2,0xaa,0xe2,
    0x8a,0xe2,0xaa,0xe2,0xaa,0xe2,0xaa,0xe2,0x48,0xca,0x65,0x91,0x45,0x81,0x45,0x81,0x45,0x81,0x45,0x71,0x00,0x08,0x00,0x00,
    0x00,0x00,0x00,0x00,0x00,0x00,0x00,0x00,0x00,0x00,0x00,0x00,0x00,0x00,0x00,0x00,0x00,0x00,0x00,0x00,0x00,0x00,0x00,0x00,
    0x00,0x00,0x00,0x00,0x00,0x00,0x00,0x00,0x00,0x00,0x00,0x00,0x00,0x00,0x00,0x00,0x00,0x00,0x00,0x00,0x00,0x00,0x00,0x00,
    0x00,0x00,0x00,0x00,0x00,0x00,0x00,0x00,0x00,0x00,0x00,0x00,0x00,0x00,0x00,0x00,0x00,0x00,0x00,0x00,0x00,0x00,0x00,0x00,
    0x00,0x00,0x00,0x00,0x00,0x00,0x00,0x00,0x00,0x00,0x00,0x00,0x00,0x00,0x00,0x00,0x00,0x00,0x00,0x00,0x00,0x00,0x00,0x00,
    0x00,0x00,0x00,0x00,0xc3,0x38,0xc3,0x38,0xc3,0x38,0xa2,0x38,0xa2,0x40,0xe3,0x58,0xc7,0xa9,0x69,0xd2,0xaa,0xe2,0x8a,0xda,
    0x8a,0xe2,0x8a,0xe2,0x8a,0xe2,0x8a,0xe2,0x8a,0xe2,0x8a,0xe2,0x8a,0xe2,0x8a,0xe2,0x8a,0xe2,0x8a,0xe2,0x8a,0xe2,0x8a,0xe2,
    0x8a,0xe2,0x8a,0xe2,0x8a,0xe2,0x8a,0xe2,0x8a,0xe2,0x8a,0xe2,0x8a,0xe2,0x8a,0xe2,0x8a,0xe2,0x8a,0xe2,0xaa,0xe2,0x8a,0xe2,
    0x8a,0xe2,0x8a,0xe2,0x8a,0xe2,0x8a,0xe2,0x8a,0xe2,0x8a,0xe2,0x8a,0xe2,0x8a,0xe2,0x8a,0xe2,0x8a,0xe2,0x8a,0xe2,0x8a,0xe2,
    0xaa,0xe2,0xaa,0xe2,0xaa,0xe2,0xaa,0xe2,0xaa,0xe2,0xaa,0xe2,0xaa,0xe2,0x49,0xca,0x86,0x91,0x45,0x81,0x45,0x79,0x45,0x81,
    0x24,0x79,0x44,0x61,0x00,0x00,0x00,0x00,0x00,0x00,0x00,0x00,0x00,0x00,0x00,0x00,0x00,0x00,0x00,0x00,0x00,0x00,0x00,0x00,
    0x00,0x00,0x00,0x00,0x00,0x00,0x00,0x00,0x00,0x00,0x00,0x00,0x00,0x00,0x00,0x00,0x00,0x00,0x00,0x00,0x00,0x00,0x00,0x00,
    0x00,0x00,0x00,0x00,0x00,0x00,0x00,0x00,0x00,0x00,0x00,0x00,0x00,0x00,0x00,0x00,0x00,0x00,0x00,0x00,0x00,0x00,0x00,0x00,
    0x00,0x00,0x00,0x00,0x00,0x00,0x00,0x00,0x00,0x00,0x00,0x00,0x00,0x00,0x00,0x00,0x00,0x00,0x00,0x00,0x00,0x00,0x00,0x00,
    0x00,0x00,0x00,0x00,0x00,0x00,0x00,0x00,0x00,0x00,0x00,0x00,0x00,0x00,0xc3,0x38,0xc3,0x38,0xc3,0x38,0xa2,0x38,0xa2,0x38,
    0xe3,0x58,0x86,0xa1,0x49,0xd2,0x8a,0xe2,0x8a,0xda,0x8a,0xe2,0x8a,0xe2,0x8a,0xe2,0x8a,0xe2,0x8a,0xe2,0x8a,0xe2,0x8a,0xe2,
    0x8a,0xe2,0x8a,0xe2,0x8a,0xe2,0x8a,0xe2,0x8a,0xe2,0x8a,0xe2,0x8a,0xe2,0x8a,0xe2,0x8a,0xe2,0x8a,0xe2,0x8a,0xe2,0x8a,0xe2,
    0x8a,0xe2,0x8a,0xe2,0x8a,0xe2,0x8a,0xe2,0x8a,0xe2,0x8a,0xe2,0x8a,0xe2,0x8a,0xe2,0x8a,0xe2,0x8a,0xe2,0x8a,0xe2,0x8a,0xe2,
    0x8a,0xe2,0x8a,0xe2,0x8a,0xe2,0xaa,0xe2,0x8a,0xe2,0xaa,0xe2,0x8a,0xe2,0xaa,0xe2,0xaa,0xe2,0x8a,0xe2,0x28,0xca,0x86,0x91,
    0x45,0x79,0x45,0x79,0x44,0x79,0x25,0x79,0x65,0x69,0x00,0x00,0x00,0x00,0x00,0x00,0x00,0x00,0x00,0x00,0x00,0x00,0x00,0x00,
    0x00,0x00,0x00,0x00,0x00,0x00,0x00,0x00,0x00,0x00,0x00,0x00,0x00,0x00,0x00,0x00,0x00,0x00,0x00,0x00,0x00,0x00,0x00,0x00,
    0x00,0x00,0x00,0x00,0x00,0x00,0x00,0x00,0x00,0x00,0x00,0x00,0x00,0x00,0x00,0x00,0x00,0x00,0x00,0x00,0x00,0x00,0x00,0x00,
    0x00,0x00,0x00,0x00,0x00,0x00,0x00,0x00,0x00,0x00,0x00,0x00,0x00,0x00,0x00,0x00,0x00,0x00,0x00,0x00,0x00,0x00,0x00,0x00,
    0x00,0x00,0x00,0x00,0x00,0x00,0x00,0x00,0x00,0x00,0x00,0x00,0x00,0x00,0x00,0x00,0x00,0x00,0x00,0x00,0x00,0x00,0x21,0x38,
    0xa2,0x38,0xa2,0x38,0xc2,0x38,0xa2,0x38,0xa2,0x40,0xe3,0x58,0x86,0x99,0x28,0xca,0x8a,0xda,0x8a,0xda,0x8a,0xda,0x8a,0xe2,
    0x8a,0xe2,0x8a,0xe2,0x8a,0xe2,0x8a,0xe2,0x8a,0xe2,0x8a,0xe2,0x8a,0xe2,0x8a,0xe2,0x8a,0xe2,0x8a,0xe2,0x8a,0xe2,0x8a,0xe2,
    0x8a,0xe2,0x8a,0xe2,0x8a,0xe2,0x8a,0xe2,0x8a,0xe2,0x8a,0xe2,0x8a,0xe2,0x8a,0xe2,0x8a,0xe2,0x8a,0xe2,0xaa,0xe2,0x8a,0xe2,
    0x8a,0xe2,0x8a,0xe2,0x8a,0xe2,0x8a,0xe2,0x8a,0xe2,0x8a,0xe2,0x8a,0xe2,0x8a,0xe2,0xaa,0xe2,0x8a,0xe2,0x8a,0xe2,0xaa,0xe2,
    0x8a,0xda,0x08,0xba,0x86,0x91,0x45,0x79,0x45,0x79,0x45,0x79,0x25,0x81,0x45,0x71,0x82,0x48,0x00,0x00,0x00,0x00,0x00,0x00,
    0x00,0x00,0x00,0x00,0x00,0x00,0x00,0x00,0x00,0x00,0x00,0x00,0x00,0x00,0x00,0x00,0x00,0x00,0x00,0x00,0x00,0x00,0x00,0x00,
    0x00,0x00,0x00,0x00,0x00,0x00,0x00,0x00,0x00,0x00,0x00,0x00,0x00,0x00,0x00,0x00,0x00,0x00,0x00,0x00,0x00,0x00,0x00,0x00,
    0x00,0x00,0x00,0x00,0x00,0x00,0x00,0x00,0x00,0x00,0x00,0x00,0x00,0x00,0x00,0x00,0x00,0x00,0x00,0x00,0x00,0x00,0x00,0x00,
    0x00,0x00,0x00,0x00,0x00,0x00,0x00,0x00,0x00,0x00,0x00,0x00,0x00,0x00,0x00,0x00,0x00,0x00,0x00,0x00,0x00,0x00,0x00,0x00,
    0x00,0x00,0x00,0x00,0x00,0x00,0x00,0x00,0xe3,0x30,0xa3,0x30,0xc2,0x38,0xa2,0x38,0xa2,0x38,0xa2,0x38,0xc3,0x48,0x65,0x89,
    0x08,0xc2,0x69,0xda,0x8a,0xda,0x8a,0xda,0x8a,0xda,0x8a,0xda,0x8a,0xda,0x8a,0xda,0x8a,0xda,0x8a,0xe2,0x8a,0xe2,0x8a,0xe2,
    0x8a,0xe2,0x8a,0xe2,0x8a,0xe2,0x8a,0xe2,0x8a,0xe2,0x8a,0xe2,0x8a,0xe2,0x8a,0xe2,0x8a,0xe2,0x8a,0xe2,0x8a,0xe2,0x8a,0xe2,
    0x8a,0xe2,0x8a,0xe2,0x8a,0xe2,0x8a,0xe2,0x8a,0xe2,0x8a,0xe2,0x8a,0xe2,0x8a,0xe2,0x8a,0xe2,0x8a,0xe2,0x8a,0xe2,0x8a,0xe2,
    0xaa,0xe2,0x8a,0xe2,0x8a,0xda,0x69,0xd2,0xe7,0xa9,0x45,0x89,0x24,0x79,0x45,0x79,0x45,0x79,0x45,0x81,0x45,0x71,0x00,0x08,
    0x00,0x00,0x00,0x00,0x00,0x00,0x00,0x00,0x00,0x00,0x00,0x00,0x00,0x00,0x00,0x00,0x00,0x00,0x00,0x00,0x00,0x00,0x00,0x00,
    0x00,0x00,0x00,0x00,0x00,0x00,0x00,0x00,0x00,0x00,0x00,0x00,0x00,0x00,0x00,0x00,0x00,0x00,0x00,0x00,0x00,0x00,0x00,0x00,
    0x00,0x00,0x00,0x00,0x00,0x00,0x00,0x00,0x00,0x00,0x00,0x00,0x00,0x00,0x00,0x00,0x00,0x00,0x00,0x00,0x00,0x00,0x00,0x00,
    0x00,0x00,0x00,0x00,0x00,0x00,0x00,0x00,0x00,0x00,0x00,0x00,0x00,0x00,0x00,0x00,0x00,0x00,0x00,0x00,0x00,0x00,0x00,0x00,
    0x00,0x00,0x00,0x00,0x00,0x00,0x00,0x00,0x00,0x00,0x00,0x00,0x00,0x00,0x00,0x00,0x00,0x00,0xa3,0x30,0xa2,0x30,0xa2,0x38,
    0xa2,0x30,0xa2,0x30,0xa2,0x38,0xa2,0x38,0x04,0x71,0xa6,0xa9,0x48,0xca,0x8a,0xda,0x8a,0xda,0x8a,0xda,0x8a,0xda,0x8a,0xda,
    0x8a,0xe2,0x8a,0xe2,0x8a,0xe2,0x8a,0xe2,0x8a,0xe2,0x8a,0xe2,0x8a,0xe2,0x8a,0xe2,0x8a,0xe2,0x8a,0xe2,0x8a,0xe2,0x8a,0xe2,
    0x8a,0xe2,0x8a,0xe2,0x8a,0xe2,0x8a,0xe2,0x8a,0xe2,0x8a,0xe2,0x8a,0xe2,0x8a,0xe2,0x8a,0xe2,0x8a,0xe2,0x8a,0xe2,0x8a,0xe2,
    0x8a,0xe2,0x8a,0xe2,0x8a,0xe2,0xaa,0xe2,0x8a,0xe2,0x69,0xda,0x28,0xca,0xa6,0xa1,0x45,0x81,0x45,0x81,0x45,0x79,0x44,0x79,
    0x24,0x79,0x24,0x69,0x03,0x51,0x00,0x00,0x00,0x00,0x00,0x00,0x00,0x00,0x00,0x00,0x00,0x00,0x00,0x00,0x00,0x00,0x00,0x00,
    0x00,0x00,0x00,0x00,0x00,0x00,0x00,0x00,0x00,0x00,0x00,0x00,0x00,0x00,0x00,0x00,0x00,0x00,0x00,0x00,0x00,0x00,0x00,0x00,
    0x00,0x00,0x00,0x00,0x00,0x00,0x00,0x00,0x00,0x00,0x00,0x00,0x00,0x00,0x00,0x00,0x00,0x00,0x00,0x00,0x00,0x00,0x00,0x00,
    0x00,0x00,0x00,0x00,0x00,0x00,0x00,0x00,0x00,0x00,0x00,0x00,0x00,0x00,0x00,0x00,0x00,0x00,0x00,0x00,0x00,0x00,0x00,0x00,
    0x00,0x00,0x00,0x00,0x00,0x00,0x00,0x00,0x00,0x00,0x00,0x00,0x00,0x00,0x00,0x00,0x00,0x00,0x00,0x00,0x00,0x00,0x00,0x00,
    0x00,0x00,0x00,0x00,0x00,0x00,0x82,0x30,0xa2,0x30,0xa2,0x30,0xa2,0x30,0xa2,0x30,0x82,0x38,0xc3,0x50,0x45,0x81,0xe7,0xb9,
    0x69,0xd2,0x8a,0xda,0x8a,0xe2,0x8a,0xda,0x8a,0xe2,0x8a,0xda,0x8a,0xe2,0x8a,0xe2,0x8a,0xe2,0x8a,0xe2,0x8a,0xe2,0x8a,0xe2,
    0x8a,0xda,0x8a,0xda,0x8a,0xda,0x8a,0xda,0x8a,0xda,0x8a,0xe2,0x8a,0xe2,0x8a,0xe2,0x8a,0xe2,0x8a,0xe2,0x8a,0xe2,0x8a,0xe2,
    0x8a,0xe2,0x8a,0xe2,0x8a,0xe2,0x8a,0xe2,0x8a,0xe2,0x8a,0xe2,0x8a,0xda,0x8a,0xda,0x49,0xca,0xe7,0xb1,0x65,0x89,0x24,0x79,
    0x24,0x79,0x24,0x79,0x24,0x79,0x24,0x79,0x24,0x69,0x00,0x08,0x00,0x00,0x00,0x00,0x00,0x00,0x00,0x00,0x00,0x00,0x00,0x00,
    0x00,0x00,0x00,0x00,0x00,0x00,0x00,0x00,0x00,0x00,0x00,0x00,0x00,0x00,0x00,0x00,0x00,0x00,0x00,0x00,0x00,0x00,0x00,0x00,
    0x00,0x00,0x00,0x00,0x00,0x00,0x00,0x00,0x00,0x00,0x00,0x00,0x00,0x00,0x00,0x00,0x00,0x00,0x00,0x00,0x00,0x00,0x00,0x00,
    0x00,0x00,0x00,0x00,0x00,0x00,0x00,0x00,0x00,0x00,0x00,0x00,0x00,0x00,0x00,0x00,0x00,0x00,0x00,0x00,0x00,0x00,0x00,0x00,
    0x00,0x00,0x00,0x00,0x00,0x00,0x00,0x00,0x00,0x00,0x00,0x00,0x00,0x00,0x00,0x00,0x00,0x00,0x00,0x00,0x00,0x00,0x00,0x00,
    0x00,0x00,0x00,0x00,0x00,0x00,0x00,0x00,0x00,0x00,0x00,0x00,0x00,0x00,0x61,0x30,0xa2,0x30,0xa2,0x30,0x82,0x30,0xa2,0x30,
    0xa2,0x30,0xa2,0x38,0xa2,0x40,0xe3,0x60,0x65,0x91,0xe7,0xb9,0x49,0xd2,0x89,0xda,0x8a,0xda,0x8a,0xe2,0x8a,0xe2,0x8a,0xe2,
    0x8a,0xda,0x8a,0xda,0x8a,0xda,0x8a,0xe2,0x8a,0xe2,0x8a,0xda,0x8a,0xda,0x8a,0xda,0x8a,0xda,0x8a,0xda,0x8a,0xe2,0xaa,0xe2,
    0xaa,0xe2,0x8a,0xe2,0x8a,0xe2,0x8a,0xe2,0x8a,0xe2,0x8a,0xe2,0x8a,0xe2,0x8a,0xda,0x69,0xd2,0x69,0xda,0x49,0xd2,0xe7,0xb9,
    0x65,0x91,0x24,0x81,0x24,0x79,0x24,0x79,0x24,0x71,0x24,0x71,0x24,0x79,0x24,0x69,0xe3,0x48,0x00,0x00,0x00,0x00,0x00,0x00,
    0x00,0x00,0x00,0x00,0x00,0x00,0x00,0x00,0x00,0x00,0x00,0x00,0x00,0x00,0x00,0x00,0x00,0x00,0x00,0x00,0x00,0x00,0x00,0x00,
    0x00,0x00,0x00,0x00,0x00,0x00,0x00,0x00,0x00,0x00,0x00,0x00,0x00,0x00,0x00,0x00,0x00,0x00,0x00,0x00,0x00,0x00,0x00,0x00,
    0x00,0x00,0x00,0x00,0x00,0x00,0x00,0x00,0x00,0x00,0x00,0x00,0x00,0x00,0x00,0x00,0x00,0x00,0x00,0x00,0x00,0x00,0x00,0x00,
    0x00,0x00,0x00,0x00,0x00,0x00,0x00,0x00,0x00,0x00,0x00,0x00,0x00,0x00,0x00,0x00,0x00,0x00,0x00,0x00,0x00,0x00,0x00,0x00,
    0x00,0x00,0x00,0x00,0x00,0x00,0x00,0x00,0x00,0x00,0x00,0x00,0x00,0x00,0x00,0x00,0x00,0x00,0x00,0x00,0x00,0x00,0x00,0x10,
    0xc3,0x30,0xc3,0x30,0xa2,0x30,0xa2,0x30,0x82,0x30,0x82,0x30,0x82,0x30,0x82,0x38,0xa2,0x40,0xe3,0x60,0x65,0x89,0x08,0xca,
    0x8a,0xda,0x8a,0xe2,0x8a,0xe2,0x8a,0xe2,0x8a,0xda,0x8a,0xda,0x8a,0xe2,0x8a,0xe2,0x69,0xda,0x49,0xd2,0x69,0xda,0x89,0xda,
    0x8a,0xda,0x69,0xda,0x69,0xda,0x8a,0xda,0x8a,0xe2,0x8a,0xe2,0x8a,0xe2,0x8a,0xe2,0x8a,0xe2,0x8a,0xe2,0xaa,0xe2,0x8a,0xda,
    0xe7,0xa9,0x65,0x99,0x45,0x89,0x24,0x81,0x24,0x79,0x24,0x79,0x24,0x79,0x24,0x71,0x24,0x71,0x04,0x71,0x24,0x61,0x00,0x00,
    0x00,0x00,0x00,0x00,0x00,0x00,0x00,0x00,0x00,0x00,0x00,0x00,0x00,0x00,0x00,0x00,0x00,0x00,0x00,0x00,0x00,0x00,0x00,0x00,
    0x00,0x00,0x00,0x00,0x00,0x00,0x00,0x00,0x00,0x00,0x00,0x00,0x00,0x00,0x00,0x00,0x00,0x00,0x00,0x00,0x00,0x00,0x00,0x00,
    0x00,0x00,0x00,0x00,0x00,0x00,0x00,0x00,0x00,0x00,0x00,0x00,0x00,0x00,0x00,0x00,0x00,0x00,0x00,0x00,0x00,0x00,0x00,0x00,
    0x00,0x00,0x00,0x00,0x00,0x00,0x00,0x00,0x00,0x00,0x00,0x00,0x00,0x00,0x00,0x00,0x00,0x00,0x00,0x00,0x00,0x00,0x00,0x00,
    0x00,0x00,0x00,0x00,0x00,0x00,0x00,0x00,0x00,0x00,0x00,0x00,0x00,0x00,0x00,0x00,0x00,0x00,0x00,0x00,0x00,0x00,0x00,0x00,
    0x00,0x00,0x00,0x00,0x00,0x00,0x00,0x00,0x00,0x00,0x61,0x38,0x82,0x30,0xa2,0x30,0x82,0x30,0x82,0x30,0x82,0x30,0x82,0x30,
    0x82,0x30,0x82,0x30,0xa2,0x48,0xc7,0xa9,0x8a,0xda,0x8a,0xda,0x8a,0xe2,0x8a,0xe2,0x8a,0xda,0x8a,0xda,0x8a,0xe2,0x8a,0xda,
    0x49,0xd2,0x86,0xa9,0x86,0xb1,0xa6,0xa9,0xc7,0xb1,0xa6,0xa9,0x86,0xa9,0x28,0xca,0x8a,0xda,0x8a,0xe2,0x8a,0xe2,0x8a,0xe2,
    0x8a,0xe2,0x8a,0xe2,0x8a,0xe2,0x8a,0xe2,0xe7,0xc1,0x04,0x81,0x04,0x79,0x24,0x79,0x24,0x79,0x24,0x79,0x24,0x71,0x24,0x71,
    0x04,0x71,0x24,0x61,0x00,0x00,0x00,0x00,0x00,0x00,0x00,0x00,0x00,0x00,0x00,0x00,0x00,0x00,0x00,0x00,0x00,0x00,0x00,0x00,
    0x00,0x00,0x00,0x00,0x00,0x00,0x00,0x00,0x00,0x00,0x00,0x00,0x00,0x00,0x00,0x00,0x00,0x00,0x00,0x00,0x00,0x00,0x00,0x00,
    0x00,0x00,0x00,0x00,0x00,0x00,0x00,0x00,0x00,0x00,0x00,0x00,0x00,0x00,0x00,0x00,0x00,0x00,0x00,0x00,0x00,0x00,0x00,0x00,
    0x00,0x00,0x00,0x00,0x00,0x00,0x00,0x00,0x00,0x00,0x00,0x00,0x00,0x00,0x00,0x00,0x00,0x00,0x00,0x00,0x00,0x00,0x00,0x00,
    0x00,0x00,0x00,0x00,0x00,0x00,0x00,0x00,0x00,0x00,0x00,0x00,0x00,0x00,0x00,0x00,0x00,0x00,0x00,0x00,0x00,0x00,0x00,0x00,
    0x00,0x00,0x00,0x00,0x00,0x00,0x00,0x00,0x00,0x00,0x00,0x00,0x00,0x00,0x00,0x00,0x00,0x00,0x00,0x00,0x20,0x28,0x82,0x30,
    0xa2,0x30,0xa2,0x30,0x82,0x30,0x82,0x30,0x82,0x30,0x82,0x30,0xa2,0x40,0xc7,0xa9,0x8a,0xda,0x8a,0xda,0x8a,0xe2,0x8a,0xda,
    0x8a,0xda,0x8a,0xda,0x8a,0xe2,0x8a,0xe2,0x69,0xda,0xe3,0x80,0xa2,0x70,0xc3,0x78,0xc3,0x70,0xa2,0x78,0xc3,0x78,0x08,0xca,
    0x8a,0xda,0x8a,0xe2,0x8a,0xe2,0x8a,0xe2,0x8a,0xe2,0x8a,0xe2,0x8a,0xe2,0x8a,0xe2,0x28,0xca,0xe4,0x80,0x04,0x79,0x04,0x71,
    0x04,0x71,0x24,0x71,0x24,0x71,0x04,0x69,0x44,0x69,0x82,0x50,0x00,0x00,0x00,0x00,0x00,0x00,0x00,0x00,0x00,0x00,0x00,0x00,
    0x00,0x00,0x00,0x00,0x00,0x00,0x00,0x00,0x00,0x00,0x00,0x00,0x00,0x00,0x00,0x00,0x00,0x00,0x00,0x00,0x00,0x00,0x00,0x00,
    0x00,0x00,0x00,0x00,0x00,0x00,0x00,0x00,0x00,0x00,0x00,0x00,0x00,0x00,0x00,0x00,0x00,0x00,0x00,0x00,0x00,0x00,0x00,0x00,
    0x00,0x00,0x00,0x00,0x00,0x00,0x00,0x00,0x00,0x00,0x00,0x00,0x00,0x00,0x00,0x00,0x00,0x00,0x00,0x00,0x00,0x00,0x00,0x00,
    0x00,0x00,0x00,0x00,0x00,0x00,0x00,0x00,0x00,0x00,0x00,0x00,0x00,0x00,0x00,0x00,0x00,0x00,0x00,0x00,0x00,0x00,0x00,0x00,
    0x00,0x00,0x00,0x00,0x00,0x00,0x00,0x00,0x00,0x00,0x00,0x00,0x00,0x00,0x00,0x00,0x00,0x00,0x00,0x00,0x00,0x00,0x00,0x00,
    0x00,0x00,0x00,0x00,0x00,0x00,0x00,0x00,0x61,0x28,0x82,0x28,0xa2,0x30,0xa2,0x30,0xa2,0x30,0x82,0x30,0xa2,0x40,0xc7,0xa9,
    0x8a,0xda,0x8a,0xda,0x8a,0xda,0x8a,0xda,0x8a,0xda,0x8a,0xe2,0x8a,0xda,0x8a,0xe2,0x28,0xd2,0xc3,0x70,0x82,0x60,0x82,0x60,
    0x82,0x60,0x82,0x60,0xa2,0x70,0x08,0xca,0x8a,0xe2,0x8a,0xe2,0x8a,0xe2,0x8a,0xe2,0x8a,0xe2,0x8a,0xe2,0x8a,0xe2,0x8a,0xe2,
    0x08,0xca,0xe3,0x78,0x04,0x71,0x04,0x71,0x04,0x71,0x04,0x71,0x24,0x71,0x04,0x61,0x00,0x00,0x00,0x00,0x00,0x00,0x00,0x00,
    0x00,0x00,0x00,0x00,0x00,0x00,0x00,0x00,0x00,0x00,0x00,0x00,0x00,0x00,0x00,0x00,0x00,0x00,0x00,0x00,0x00,0x00,0x00,0x00,
    0x00,0x00,0x00,0x00,0x00,0x00,0x00,0x00,0x00,0x00,0x00,0x00,0x00,0x00,0x00,0x00,0x00,0x00,0x00,0x00,0x00,0x00,0x00,0x00,
    0x00,0x00,0x00,0x00,0x00,0x00,0x00,0x00,0x00,0x00,0x00,0x00,0x00,0x00,0x00,0x00,0x00,0x00,0x00,0x00,0x00,0x00,0x00,0x00,
    0x00,0x00,0x00,0x00,0x00,0x00,0x00,0x00,0x00,0x00,0x00,0x00,0x00,0x00,0x00,0x00,0x00,0x00,0x00,0x00,0x00,0x00,0x00,0x00,
    0x00,0x00,0x00,0x00,0x00,0x00,0x00,0x00,0x00,0x00,0x00,0x00,0x00,0x00,0x00,0x00,0x00,0x00,0x00,0x00,0x00,0x00,0x00,0x00,
    0x00,0x00,0x00,0x00,0x00,0x00,0x00,0x00,0x00,0x00,0x00,0x00,0x00,0x00,0x00,0x00,0x00,0x00,0x00,0x00,0x82,0x28,0xa2,0x30,
    0xa2,0x30,0x82,0x30,0xc3,0x40,0xc7,0xa9,0x69,0xda,0x8a,0xda,0x8a,0xda,0x8a,0xda,0x8a,0xda,0x8a,0xda,0x8a,0xda,0x8a,0xda,
    0x49,0xd2,0xc3,0x68,0x61,0x48,0x82,0x48,0x82,0x48,0x82,0x50,0xa2,0x60,0x28,0xca,0x8a,0xe2,0x8a,0xe2,0x8a,0xe2,0x8a,0xe2,
    0x8a,0xe2,0x8a,0xe2,0x8a,0xe2,0x8a,0xda,0x28,0xc2,0xe3,0x78,0x04,0x71,0x04,0x71,0x04,0x71,0x04,0x59,0x00,0x08,0x00,0x00,
    0x00,0x00,0x00,0x00,0x00,0x00,0x00,0x00,0x00,0x00,0x00,0x00,0x00,0x00,0x00,0x00,0x00,0x00,0x00,0x00,0x00,0x00,0x00,0x00,
    0x00,0x00,0x00,0x00,0x00,0x00,0x00,0x00,0x00,0x00,0x00,0x00,0x00,0x00,0x00,0x00,0x00,0x00,0x00,0x00,0x00,0x00,0x00,0x00,
    0x00,0x00,0x00,0x00,0x00,0x00,0x00,0x00,0x00,0x00,0x00,0x00,0x00,0x00,0x00,0x00,0x00,0x00,0x00,0x00,0x00,0x00,0x00,0x00,
    0x00,0x00,0x00,0x00,0x00,0x00,0x00,0x00,0x00,0x00,0x00,0x00,0x00,0x00,0x00,0x00,0x00,0x00,0x00,0x00,0x00,0x00,0x00,0x00,
    0x00,0x00,0x00,0x00,0x00,0x00,0x00,0x00,0x00,0x00,0x00,0x00,0x00,0x00,0x00,0x00,0x00,0x00,0x00,0x00,0x00,0x00,0x00,0x00,
    0x00,0x00,0x00,0x00,0x00,0x00,0x00,0x00,0x00,0x00,0x00,0x00,0x00,0x00,0x00,0x00,0x00,0x00,0x00,0x00,0x00,0x00,0x00,0x00,
    0x00,0x00,0x00,0x00,0x00,0x00,0x61,0x30,0x62,0x28,0x61,0x28,0xa3,0x40,0xc7,0xa9,0x6a,0xda,0x8a,0xda,0x8a,0xda,0x8a,0xda,
    0x8a,0xda,0x8a,0xe2,0x8a,0xda,0x8a,0xda,0x28,0xd2,0xc3,0x68,0x82,0x40,0x82,0x40,0x82,0x40,0x82,0x40,0xa2,0x58,0x28,0xca,
    0x8a,0xda,0x8a,0xe2,0x8a,0xe2,0x8a,0xe2,0x8a,0xda,0x8a,0xe2,0x8a,0xe2,0x8a,0xe2,0x28,0xca,0xe3,0x78,0xe3,0x60,0x04,0x59,
    0x04,0x69,0x00,0x00,0x00,0x00,0x00,0x00,0x00,0x00,0x00,0x00,0x00,0x00,0x00,0x00,0x00,0x00,0x00,0x00,0x00,0x00,0x00,0x00,
    0x00,0x00,0x00,0x00,0x00,0x00,0x00,0x00,0x00,0x00,0x00,0x00,0x00,0x00,0x00,0x00,0x00,0x00,0x00,0x00,0x00,0x00,0x00,0x00,
    0x00,0x00,0x00,0x00,0x00,0x00,0x00,0x00,0x00,0x00,0x00,0x00,0x00,0x00,0x00,0x00,0x00,0x00,0x00,0x00,0x00,0x00,0x00,0x00,
    0x00,0x00,0x00,0x00,0x00,0x00,0x00,0x00,0x00,0x00,0x00,0x00,0x00,0x00,0x00,0x00,0x00,0x00,0x00,0x00,0x00,0x00,0x00,0x00,
    0x00,0x00,0x00,0x00,0x00,0x00,0x00,0x00,0x00,0x00,0x00,0x00,0x00,0x00,0x00,0x00,0x00,0x00,0x00,0x00,0x00,0x00,0x00,0x00,
    0x00,0x00,0x00,0x00,0x00,0x00,0x00,0x00,0x00,0x00,0x00,0x00,0x00,0x00,0x00,0x00,0x00,0x00,0x00,0x00,0x00,0x00,0x00,0x00,
    0x00,0x00,0x00,0x00,0x00,0x00,0x00,0x00,0x00,0x00,0x00,0x00,0x00,0x00,0x00,0x00,0x00,0x00,0x00,0x00,0x04,0x69,0xc7,0xb1,
    0x6a,0xda,0x8a,0xda,0x8a,0xda,0x8a,0xda,0x8a,0xda,0x8a,0xda,0x8a,0xda,0x8a,0xda,0x69,0xd2,0xe3,0x68,0x82,0x38,0x82,0x38,
    0x82,0x38,0x82,0x38,0xc3,0x60,0x28,0xd2,0x8a,0xda,0xaa,0xe2,0x8a,0xe2,0x8a,0xda,0x8a,0xda,0x8a,0xe2,0x8a,0xe2,0x8a,0xe2,
    0x28,0xca,0x45,0x81,0xa2,0x50,0x00,0x00,0x00,0x00,0x00,0x00,0x00,0x00,0x00,0x00,0x00,0x00,0x00,0x00,0x00,0x00,0x00,0x00,
    0x00,0x00,0x00,0x00,0x00,0x00,0x00,0x00,0x00,0x00,0x00,0x00,0x00,0x00,0x00,0x00,0x00,0x00,0x00,0x00,0x00,0x00,0x00,0x00,
    0x00,0x00,0x00,0x00,0x00,0x00,0x00,0x00,0x00,0x00,0x00,0x00,0x00,0x00,0x00,0x00,0x00,0x00,0x00,0x00,0x00,0x00,0x00,0x00,
    0x00,0x00,0x00,0x00,0x00,0x00,0x00,0x00,0x00,0x00,0x00,0x00,0x00,0x00,0x00,0x00,0x00,0x00,0x00,0x00,0x00,0x00,0x00,0x00,
    0x00,0x00,0x00,0x00,0x00,0x00,0x00,0x00,0x00,0x00,0x00,0x00,0x00,0x00,0x00,0x00,0x00,0x00,0x00,0x00,0x00,0x00,0x00,0x00,
    0x00,0x00,0x00,0x00,0x00,0x00,0x00,0x00,0x00,0x00,0x00,0x00,0x00,0x00,0x00,0x00,0x00,0x00,0x00,0x00,0x00,0x00,0x00,0x00,
    0x00,0x00,0x00,0x00,0x00,0x00,0x00,0x00,0x00,0x00,0x00,0x00,0x00,0x00,0x00,0x00,0x00,0x00,0x00,0x00,0x00,0x00,0x00,0x00,
    0x00,0x00,0x00,0x00,0x65,0x81,0xa7,0xa9,0x69,0xda,0x69,0xda,0x69,0xda,0x69,0xda,0x69,0xda,0x8a,0xda,0x8a,0xda,0x8a,0xda,
    0x49,0xd2,0x86,0x91,0x82,0x38,0x62,0x38,0x82,0x30,0x82,0x38,0x45,0x89,0x08,0xca,0x69,0xe2,0x89,0xda,0x8a,0xe2,0x8a,0xe2,
    0x8a,0xda,0x8a,0xda,0x8a,0xda,0x8a,0xda,0x28,0xc2,0xe7,0xa9,0x00,0x00,0x00,0x00,0x00,0x00,0x00,0x00,0x00,0x00,0x00,0x00,
    0x00,0x00,0x00,0x00,0x00,0x00,0x00,0x00,0x00,0x00,0x00,0x00,0x00,0x00,0x00,0x00,0x00,0x00,0x00,0x00,0x00,0x00,0x00,0x00,
    0x00,0x00,0x00,0x00,0x00,0x00,0x00,0x00,0x00,0x00,0x00,0x00,0x00,0x00,0x00,0x00,0x00,0x00,0x00,0x00,0x00,0x00,0x00,0x00,
    0x00,0x00,0x00,0x00,0x00,0x00,0x00,0x00,0x00,0x00,0x00,0x00,0x00,0x00,0x00,0x00,0x00,0x00,0x00,0x00,0x00,0x00,0x00,0x00,
    0x00,0x00,0x00,0x00,0x00,0x00,0x00,0x00,0x00,0x00,0x00,0x00,0x00,0x00,0x00,0x00,0x00,0x00,0x00,0x00,0x00,0x00,0x00,0x00,
    0x00,0x00,0x00,0x00,0x00,0x00,0x00,0x00,0x00,0x00,0x00,0x00,0x00,0x00,0x00,0x00,0x00,0x00,0x00,0x00,0x00,0x00,0x00,0x00,
    0x00,0x00,0x00,0x00,0x00,0x00,0x00,0x00,0x00,0x00,0x00,0x00,0x00,0x00,0x00,0x00,0x00,0x00,0x00,0x00,0x00,0x00,0x00,0x00,
    0x00,0x00,0x00,0x00,0x00,0x00,0x00,0x00,0x00,0x00,0x00,0x00,0x04,0x69,0x45,0x89,0xa6,0xa9,0xa6,0xa9,0xc7,0xb1,0xc7,0xb1,
    0xe7,0xb9,0x08,0xc2,0x08,0xc2,0x08,0xba,0xe8,0xb9,0xa6,0xa1,0x00,0x00,0x00,0x00,0x00,0x00,0x00,0x00,0x45,0x81,0x65,0x91,
    0xc7,0xa9,0xe7,0xb1,0xe7,0xb9,0xe7,0xb9,0xe7,0xb9,0x08,0xc2,0x28,0xc2,0x28,0xc2,0xc7,0xb1,0x69,0xca,0x00,0x00,0x00,0x00,
    0x00,0x00,0x00,0x00,0x00,0x00,0x00,0x00,0x00,0x00,0x00,0x00,0x00,0x00,0x00,0x00,0x00,0x00,0x00,0x00,0x00,0x00,0x00,0x00,
    0x00,0x00,0x00,0x00,0x00,0x00,0x00,0x00,0x00,0x00,0x00,0x00,0x00,0x00,0x00,0x00,0x00,0x00,0x00,0x00,0x00,0x00,0x00,0x00,
    0x00,0x00,0x00,0x00,0x00,0x00,0x00,0x00,0x00,0x00,0x00,0x00,0x00,0x00,0x00,0x00,0x00,0x00,0x00,0x00,0x00,0x00,0x00,0x00,
    0x00,0x00,0x00,0x00,0x00,0x00,0x00,0x00,0x00,0x00,0x00,0x00,0x00,0x00,0x00,0x00,0x00,0x00,0x00,0x00,0x00,0x00,0x00,0x00,
    0x00,0x00,0x00,0x00,0x00,0x00,0x00,0x00,0x00,0x00,0x00,0x00,0x00,0x00,0x00,0x00,0x00,0x00,0x00,0x00,0x00,0x00,0x00,0x00,
    0x00,0x00,0x00,0x00,0x00,0x00,0x00,0x00,0x00,0x00,0x00,0x00,0x00,0x00,0x00,0x00,0x00,0x00,0x00,0x00,0x00,0x00,0x00,0x00,
    0x00,0x00,0x00,0x00,0x00,0x00,0x00,0x00,0x00,0x00,0x00,0x00,0x00,0x00,0x00,0x00,0x00,0x00,0x00,0x00,0xc2,0x58,0xa2,0x40,
    0xa2,0x48,0xc3,0x48,0xc3,0x50,0xc3,0x58,0xe3,0x60,0x04,0x71,0x24,0x79,0x45,0x81,0x45,0x81,0x44,0x79,0x00,0x00,0x00,0x00,
    0x00,0x00,0x00,0x00,0xc3,0x48,0xc3,0x48,0xc3,0x48,0xc2,0x48,0xc3,0x58,0xe3,0x60,0x04,0x71,0x24,0x79,0x24,0x79,0x45,0x81,
    0x45,0x81,0x86,0x89,0x00,0x00,0x00,0x00,0x00,0x00,0x00,0x00,0x00,0x00,0x00,0x00,0x00,0x00,0x00,0x00,0x00,0x00,0x00,0x00,
    0x00,0x00,0x00,0x00,0x00,0x00,0x00,0x00,0x00,0x00,0x00,0x00,0x00,0x00,0x00,0x00,0x00,0x00,0x00,0x00,0x00,0x00,0x00,0x00,
    0x00,0x00,0x00,0x00,0x00,0x00,0x00,0x00,0x00,0x00,0x00,0x00,0x00,0x00,0x00,0x00,0x00,0x00,0x00,0x00,0x00,0x00,0x00,0x00,
    0x00,0x00,0x00,0x00,0x00,0x00,0x00,0x00,0x00,0x00,0x00,0x00,0x00,0x00,0x00,0x00,0x00,0x00,0x00,0x00,0x00,0x00,0x00,0x00,
    0x00,0x00,0x00,0x00,0x00,0x00,0x00,0x00,0x00,0x00,0x00,0x00,0x00,0x00,0x00,0x00,0x00,0x00,0x00,0x00,0x00,0x00,0x00,0x00,
    0x00,0x00,0x00,0x00,0x00,0x00,0x00,0x00,0x00,0x00,0x00,0x00,0x00,0x00,0x00,0x00,0x00,0x00,0x00,0x00,0x00,0x00,0x00,0x00,
    0x00,0x00,0x00,0x00,0x00,0x00,0x00,0x00,0x00,0x00,0x00,0x00,0x00,0x00,0x00,0x00,0x00,0x00,0x00,0x00,0x00,0x00,0x00,0x00,
    0x00,0x00,0x00,0x00,0x82,0x38,0x82,0x30,0xa2,0x30,0x82,0x38,0xa2,0x38,0xa2,0x48,0xc3,0x58,0xe3,0x60,0x04,0x69,0x04,0x71,
    0x24,0x79,0x24,0x71,0x00,0x00,0x00,0x00,0x00,0x00,0x00,0x00,0xa2,0x30,0xa2,0x38,0xa2,0x38,0xa2,0x38,0xa2,0x40,0xc3,0x50,
    0xe3,0x58,0xe3,0x68,0x04,0x71,0x24,0x79,0x24,0x79,0x24,0x71,0x00,0x00,0x00,0x00,0x00,0x00,0x00,0x00,0x00,0x00,0x00,0x00,
    0x00,0x00,0x00,0x00,0x00,0x00,0x00,0x00,0x00,0x00,0x00,0x00,0x00,0x00,0x00,0x00,0x00,0x00,0x00,0x00,0x00,0x00,0x00,0x00,
    0x00,0x00,0x00,0x00,0x00,0x00,0x00,0x00,0x00,0x00,0x00,0x00,0x00,0x00,0x00,0x00,0x00,0x00,0x00,0x00,0x00,0x00,0x00,0x00,
    0x00,0x00,0x00,0x00,0x00,0x00,0x00,0x00,0x00,0x00,0x00,0x00,0x00,0x00,0x00,0x00,0x00,0x00,0x00,0x00,0x00,0x00,0x00,0x00,
    0x00,0x00,0x00,0x00,0x00,0x00,0x00,0x00,0x00,0x00,0x00,0x00,0x00,0x00,0x00,0x00,0x00,0x00,0x00,0x00,0x00,0x00,0x00,0x00,
    0x00,0x00,0x00,0x00,0x00,0x00,0x00,0x00,0x00,0x00,0x00,0x00,0x00,0x00,0x00,0x00,0x00,0x00,0x00,0x00,0x00,0x00,0x00,0x00,
    0x00,0x00,0x00,0x00,0x00,0x00,0x00,0x00,0x00,0x00,0x00,0x00,0x00,0x00,0x00,0x00,0x00,0x00,0x00,0x00,0x00,0x00,0x00,0x00,
    0x00,0x00,0x00,0x00,0x00,0x00,0x00,0x00,0x00,0x00,0x00,0x00,0x24,0x41,0x82,0x30,0xa2,0x30,0x82,0x30,0xa2,0x38,0xa2,0x40,
    0xc3,0x50,0xe3,0x58,0xe4,0x60,0x04,0x69,0x04,0x71,0x04,0x61,0x00,0x00,0x00,0x00,0x00,0x00,0x00,0x00,0xa2,0x30,0xa2,0x30,
    0xa2,0x30,0x82,0x30,0xa2,0x38,0xc3,0x48,0xc3,0x50,0xe3,0x60,0x04,0x69,0x24,0x71,0x24,0x71,0x04,0x69,0x00,0x00,0x00,0x00,
    0x00,0x00,0x00,0x00,0x00,0x00,0x00,0x00,0x00,0x00,0x00,0x00,0x00,0x00,0x00,0x00,0x00,0x00,0x00,0x00,0x00,0x00,0x00,0x00,
    0x00,0x00,0x00,0x00,0x00,0x00,0x00,0x00,0x00,0x00,0x00,0x00,0x00,0x00,0x00,0x00,0x00,0x00,0x00,0x00,0x00,0x00,0x00,0x00,
    0x00,0x00,0x00,0x00,0x00,0x00,0x00,0x00,0x00,0x00,0x00,0x00,0x00,0x00,0x00,0x00,0x00,0x00,0x00,0x00,0x00,0x00,0x00,0x00,
    0x00,0x00,0x00,0x00,0x00,0x00,0x00,0x00,0x00,0x00,0x00,0x00,0x00,0x00,0x00,0x00,0x00,0x00,0x00,0x00,0x00,0x00,0x00,0x00,
    0x00,0x00,0x00,0x00,0x00,0x00,0x00,0x00,0x00,0x00,0x00,0x00,0x00,0x00,0x00,0x00,0x00,0x00,0x00,0x00,0x00,0x00,0x00,0x00,
    0x00,0x00,0x00,0x00,0x00,0x00,0x00,0x00,0x00,0x00,0x00,0x00,0x00,0x00,0x00,0x00,0x00,0x00,0x00,0x00,0x00,0x00,0x00,0x00,
    0x00,0x00,0x00,0x00,0x00,0x00,0x00,0x00,0x00,0x00,0x00,0x00,0x00,0x00,0x00,0x00,0x00,0x00,0x00,0x00,0x82,0x28,0xa2,0x30,
    0xa2,0x30,0xa2,0x30,0xa2,0x38,0xa2,0x40,0xc3,0x48,0xe3,0x58,0xe3,0x58,0x04,0x61,0x04,0x69,0x04,0x61,0x00,0x00,0x00,0x00,
    0x00,0x00,0x00,0x00,0xa2,0x30,0xa2,0x30,0xa2,0x30,0xa2,0x30,0xa2,0x38,0xc3,0x40,0xe3,0x50,0xe3,0x58,0x04,0x61,0x24,0x69,
    0x04,0x69,0x24,0x69,0x00,0x00,0x00,0x00,0x00,0x00,0x00,0x00,0x00,0x00,0x00,0x00,0x00,0x00,0x00,0x00,0x00,0x00,0x00,0x00,
    0x00,0x00,0x00,0x00,0x00,0x00,0x00,0x00,0x00,0x00,0x00,0x00,0x00,0x00,0x00,0x00,0x00,0x00,0x00,0x00,0x00,0x00,0x00,0x00,
    0x00,0x00,0x00,0x00,0x00,0x00,0x00,0x00,0x00,0x00,0x00,0x00,0x00,0x00,0x00,0x00,0x00,0x00,0x00,0x00,0x00,0x00,0x00,0x00,
    0x00,0x00,0x00,0x00,0x00,0x00,0x00,0x00,0x00,0x00,0x00,0x00,0x00,0x00,0x00,0x00,0x00,0x00,0x00,0x00,0x00,0x00,0x00,0x00,
    0x00,0x00,0x00,0x00,0x00,0x00,0x00,0x00,0x00,0x00,0x00,0x00,0x00,0x00,0x00,0x00,0x00,0x00,0x00,0x00,0x00,0x00,0x00,0x00,
    0x00,0x00,0x00,0x00,0x00,0x00,0x00,0x00,0x00,0x00,0x00,0x00,0x00,0x00,0x00,0x00,0x00,0x00,0x00,0x00,0x00,0x00,0x00,0x00,
    0x00,0x00,0x00,0x00,0x00,0x00,0x00,0x00,0x00,0x00,0x00,0x00,0x00,0x00,0x00,0x00,0x00,0x00,0x00,0x00,0x00,0x00,0x00,0x00,
    0x00,0x00,0x00,0x00,0x61,0x28,0xa2,0x28,0xa2,0x30,0xa2,0x30,0xa2,0x38,0xc3,0x40,0xc3,0x48,0xe3,0x50,0xe3,0x58,0x04,0x61,
    0xe3,0x60,0xe3,0x40,0x00,0x00,0x00,0x00,0x00,0x00,0x00,0x00,0x82,0x28,0x82,0x30,0xa2,0x30,0xa2,0x30,0xc2,0x38,0xc3,0x40,
    0xe3,0x48,0xe3,0x50,0x03,0x59,0x04,0x69,0x04,0x69,0x44,0x69,0x00,0x00,0x00,0x00,0x00,0x00,0x00,0x00,0x00,0x00,0x00,0x00,
    0x00,0x00,0x00,0x00,0x00,0x00,0x00,0x00,0x00,0x00,0x00,0x00,0x00,0x00,0x00,0x00,0x00,0x00,0x00,0x00,0x00,0x00,0x00,0x00,
    0x00,0x00,0x00,0x00,0x00,0x00,0x00,0x00,0x00,0x00,0x00,0x00,0x00,0x00,0x00,0x00,0x00,0x00,0x00,0x00,0x00,0x00,0x00,0x00,
    0x00,0x00,0x00,0x00,0x00,0x00,0x00,0x00,0x00,0x00,0x00,0x00,0x00,0x00,0x00,0x00,0x00,0x00,0x00,0x00,0x00,0x00,0x00,0x00,
    0x00,0x00,0x00,0x00,0x00,0x00,0x00,0x00,0x00,0x00,0x00,0x00,0x00,0x00,0x00,0x00,0x00,0x00,0x00,0x00,0x00,0x00,0x00,0x00,
    0x00,0x00,0x00,0x00,0x00,0x00,0x00,0x00,0x00,0x00,0x00,0x00,0x00,0x00,0x00,0x00,0x00,0x00,0x00,0x00,0x00,0x00,0x00,0x00,
    0x00,0x00,0x00,0x00,0x00,0x00,0x00,0x00,0x00,0x00,0x00,0x00,0x00,0x00,0x00,0x00,0x00,0x00,0x00,0x00,0x00,0x00,0x00,0x00,
    0x00,0x00,0x00,0x00,0x00,0x00,0x00,0x00,0x00,0x00,0x00,0x00,0x00,0x00,0x82,0x28,0x82,0x28,0x82,0x28,0x82,0x30,0xa2,0x38,
    0xc3,0x40,0xe3,0x48,0xe4,0x50,0x04,0x59,0xc3,0x50,0xc3,0x58,0x00,0x00,0x00,0x00,0x00,0x00,0x00,0x00,0x81,0x28,0x82,0x28,
    0xa2,0x28,0xa2,0x30,0xa3,0x30,0xc3,0x38,0xc3,0x48,0xc3,0x48,0xe3,0x50,0x04,0x61,0x04,0x61,0x45,0x71,0x00,0x00,0x00,0x00,
    0x00,0x00,0x00,0x00,0x00,0x00,0x00,0x00,0x00,0x00,0x00,0x00,0x00,0x00,0x00,0x00,0x00,0x00,0x00,0x00,0x00,0x00,0x00,0x00,
    0x00,0x00,0x00,0x00,0x00,0x00,0x00,0x00,0x00,0x00,0x00,0x00,0x00,0x00,0x00,0x00,0x00,0x00,0x00,0x00,0x00,0x00,0x00,0x00,
    0x00,0x00,0x00,0x00,0x00,0x00,0x00,0x00,0x00,0x00,0x00,0x00,0x00,0x00,0x00,0x00,0x00,0x00,0x00,0x00,0x00,0x00,0x00,0x00,
    0x00,0x00,0x00,0x00,0x00,0x00,0x00,0x00,0x00,0x00,0x00,0x00,0x00,0x00,0x00,0x00,0x00,0x00,0x00,0x00,0x00,0x00,0x00,0x00,
    0x00,0x00,0x00,0x00,0x00,0x00,0x00,0x00,0x00,0x00,0x00,0x00,0x00,0x00,0x00,0x00,0x00,0x00,0x00,0x00,0x00,0x00,0x00,0x00,
    0x00,0x00,0x00,0x00,0x00,0x00,0x00,0x00,0x00,0x00,0x00,0x00,0x00,0x00,0x00,0x00,0x00,0x00,0x00,0x00,0x00,0x00,0x00,0x00,
    0x00,0x00,0x00,0x00,0x00,0x00,0x00,0x00,0x00,0x00,0x00,0x00,0x00,0x00,0x00,0x00,0x00,0x00,0x00,0x00,0x00,0x00,0x00,0x00,
    0x00,0x00,0x00,0x00,0x00,0x00,0x00,0x00,0x00,0x00,0x00,0x00,0x00,0x00,0x00,0x00,0x00,0x00,0x00,0x00,0x00,0x00,0x00,0x00,
    0x00,0x00,0x00,0x00,0x00,0x00,0x00,0x00,0x00,0x00,0x00,0x00,0x00,0x00,0x00,0x00,0x00,0x00,0x00,0x00,0x00,0x00,0x00,0x00,
    0x00,0x00,0x00,0x00,0x00,0x00,0x00,0x00,0x00,0x00,0x00,0x00,0x00,0x00,0x00,0x00,0x00,0x00,0x00,0x00,0x00,0x00,0x00,0x00,
    0x00,0x00,0x00,0x00,0x00,0x00,0x00,0x00,0x00,0x00,0x00,0x00,0x00,0x00,0x00,0x00,0x00,0x00,0x00,0x00,0x00,0x00,0x00,0x00,
    0x00,0x00,0x00,0x00,0x00,0x00,0x00,0x00,0x00,0x00,0x00,0x00,0x00,0x00,0x00,0x00,0x00,0x00,0x00,0x00,0x00,0x00,0x00,0x00,
    0x00,0x00,0x00,0x00,0x00,0x00,0x00,0x00,0x00,0x00,0x00,0x00,0x00,0x00,0x00,0x00,0x00,0x00,0x00,0x00,0x00,0x00,0x00,0x00,
    0x00,0x00,0x00,0x00,0x00,0x00,0x00,0x00,0x00,0x00,0x00,0x00,0x00,0x00,0x00,0x00,0x00,0x00,0x00,0x00,0x00,0x00,0x00,0x00,
    0x00,0x00,0x00,0x00,0x00,0x00,0x00,0x00,0x00,0x00,0x00,0x00,0x00,0x00,0x00,0x00,0x00,0x00,0x00,0x00,0x00,0x00,0x00,0x00,
    0x00,0x00,0x00,0x00,0x00,0x00,0x00,0x00,0x00,0x00,0x00,0x00,0x00,0x00,0x00,0x00,0x00,0x00,0x00,0x00,0x00,0x00,0x00,0x00,
    0x00,0x00,0x00,0x00,0x00,0x00,0x00,0x00,0x00,0x00,0x00,0x00,0x00,0x00,0x00,0x00,0x00,0x00,0x00,0x00,0x00,0x00,0x00,0x00,
    0x00,0x00,0x00,0x00,0x00,0x00,0x00,0x00,0x00,0x00,0x00,0x00,0x00,0x00,0x00,0x00,0x00,0x00,0x00,0x00,0x00,0x00,0x00,0x00,
    0x00,0x00,0x00,0x00,0x00,0x00,0x00,0x00,0x00,0x00,0x00,0x00,0x00,0x00,0x00,0x00,0x00,0x00,0x00,0x00,0x00,0x00,0x00,0x00,
    0x00,0x00,0x00,0x00,0x00,0x00,0x00,0x00,0x00,0x00,0x00,0x00,0x00,0x00,0x00,0x00,0x00,0x00,0x00,0x00,0x00,0x00,0x00,0x00,
    0x00,0x00,0x00,0x00,0x00,0x00,0x00,0x00,0x00,0x00,0x00,0x00,0x00,0x00,0x00,0x00,0x00,0x00,0x00,0x00,0x00,0x00,0x00,0x00,
    0x00,0x00,0x00,0x00,0x00,0x00,0x00,0x00,0x00,0x00,0x00,0x00,0x00,0x00,0x00,0x00,0x00,0x00,0x00,0x00,0x00,0x00,0x00,0x00,
    0x00,0x00,0x00,0x00,0x00,0x00,0x00,0x00,0x00,0x00,0x00,0x00,0x00,0x00,0x00,0x00,0x00,0x00,0x00,0x00,0x00,0x00,0x00,0x00,
    0x00,0x00,0x00,0x00,0x00,0x00,0x00,0x00,0x00,0x00,0x00,0x00,0x00,0x00,0x00,0x00,0x00,0x00,0x00,0x00,0x00,0x00,0x00,0x00,
    0x00,0x00,0x00,0x00,0x00,0x00,0x00,0x00,0x00,0x00,0x00,0x00,0x00,0x00,0x00,0x00,0x00,0x00,0x00,0x00,0x00,0x00,0x00,0x00,
    0x00,0x00,0x00,0x00,0x00,0x00,0x00,0x00,0x00,0x00,0x00,0x00,0x00,0x00,0x00,0x00,0x00,0x00,0x00,0x00,0x00,0x00,0x00,0x00,
    0x00,0x00,0x00,0x00,0x00,0x00,0x00,0x00,0x00,0x00,0x00,0x00,0x00,0x00,0x00,0x00,0x00,0x00,0x00,0x00,0x00,0x00,0x00,0x00,
    0x00,0x00,0x00,0x00,0x00,0x00,0x00,0x00,0x00,0x00,0x00,0x00,0x00,0x00,0x00,0x00,0x00,0x00,0x00,0x00,0x00,0x00,0x00,0x00,
    0x00,0x00,0x00,0x00,0x00,0x00,0x00,0x00,0x00,0x00,0x00,0x00,0x00,0x00,0x00,0x00,0x00,0x00,0x00,0x00,0x00,0x00,0x00,0x00,
    0x00,0x00,0x00,0x00,0x00,0x00,0x00,0x00,0x00,0x00,0x00,0x00,0x00,0x00,0x00,0x00,0x00,0x00,0x00,0x00,0x00,0x00,0x00,0x00,
    0x00,0x00,0x00,0x00,0x00,0x00,0x00,0x00,0x00,0x00,0x00,0x00,0x00,0x00,0x00,0x00,0x00,0x00,0x00,0x00,0x00,0x00,0x00,0x00,
    0x00,0x00,0x00,0x00,0x00,0x00,0x00,0x00,0x00,0x00,0x00,0x00,0x00,0x00,0x00,0x00,0x00,0x00,0x00,0x00,0x00,0x00,0x00,0x00,
    0x00,0x00,0x00,0x00,0x00,0x00,0x00,0x00,0x00,0x00,0x00,0x00,0x00,0x00,0x00,0x00,0x00,0x00,0x00,0x00,0x00,0x00,0x00,0x00,
    0x00,0x00,0x00,0x00,0x00,0x00,0x00,0x00,0x00,0x00,0x00,0x00,0x00,0x00,0x00,0x00,0x00,0x00,0x00,0x00,0x00,0x00,0x00,0x00,
    0x00,0x00,0x00,0x00,0x00,0x00,0x00,0x00,0x00,0x00,0x00,0x00,0x00,0x00,0x00,0x00,0x00,0x00,0x00,0x00,0x00,0x00,0x00,0x00,
    0x00,0x00,0x00,0x00,0x00,0x00,0x00,0x00,0x00,0x00,0x00,0x00,0x00,0x00,0x00,0x00,0x00,0x00,0x00,0x00,0x00,0x00,0x00,0x00,
    0x00,0x00,0x00,0x00,0x00,0x00,0x00,0x00,0x00,0x00,0x00,0x00,0x00,0x00,0x00,0x00,0x00,0x00,0x00,0x00,0x00,0x00,0x00,0x00,
    0x00,0x00,0x00,0x00,0x00,0x00,0x00,0x00,0x00,0x00,0x00,0x00,0x00,0x00,0x00,0x00,0x00,0x00,0x00,0x00,0x00,0x00,0x00,0x00,
    0x00,0x00,0x00,0x00,0x00,0x00,0x00,0x00,0x00,0x00,0x00,0x00,0x00,0x00,0x00,0x00,0x00,0x00,0x00,0x00,0x00,0x00,0x00,0x00,
    0x00,0x00,0x00,0x00,0x00,0x00,0x00,0x00,0x00,0x00,0x00,0x00,0x00,0x00,0x00,0x00,0x00,0x00,0x00,0x00,0x00,0x00,0x00,0x00,
    0x00,0x00,0x00,0x00,0x00,0x00,0x00,0x00,0x00,0x00,0x00,0x00,0x00,0x00,0x00,0x00,0x00,0x00,0x00,0x00,0x00,0x00,0x00,0x00,
    0x00,0x00,0x00,0x00,0x00,0x00,0x00,0x00,0x00,0x00,0x00,0x00,0x00,0x00,0x00,0x00,0x00,0x00,0x00,0x00,0x00,0x00,0x00,0x00,
    0x00,0x00,0x00,0x00,0x00,0x00,0x00,0x00,0x00,0x00,0x00,0x00,0x00,0x00,0x00,0x00,0x00,0x00,0x00,0x00,0x00,0x00,0x00,0x00,
    0x00,0x00,0x00,0x00,0x00,0x00,0x00,0x00,0x00,0x00,0x00,0x00,0x00,0x00,0x00,0x00,0x00,0x00,0x00,0x00,0x00,0x00,0x00,0x00,
    0x00,0x00,0x00,0x00,0x00,0x00,0x00,0x00,0x00,0x00,0x00,0x00,0x00,0x00,0x00,0x00,0x00,0x00,0x00,0x00,0x00,0x00,0x00,0x00,
    0x00,0x00,0x00,0x00,0x00,0x00,0x00,0x00,0x00,0x00,0x00,0x00,0x00,0x00,0x00,0x00,0x00,0x00,0x00,0x00,0x00,0x00,0x00,0x00,
    0x00,0x00,0x00,0x00,0x00,0x00,0x00,0x00,0x00,0x00,0x00,0x00,0x00,0x00,0x00,0x00,0x00,0x00,0x00,0x00,0x00,0x00,0x00,0x00,
    0x00,0x00,0x00,0x00,0x00,0x00,0x00,0x00,0x00,0x00,0x00,0x00,0x00,0x00,0x00,0x00,0x00,0x00,0x00,0x00,0x00,0x00,0x00,0x00,
    0x00,0x00,0x00,0x00,0x00,0x00,0x00,0x00,0x00,0x00,0x00,0x00,0x00,0x00,0x00,0x00,0x00,0x00,0x00,0x00,0x00,0x00,0x00,0x00,
    0x00,0x00,0x00,0x00,0x00,0x00,0x00,0x00,0x00,0x00,0x00,0x00,0x00,0x00,0x00,0x00,0x00,0x00,0x00,0x00,0x00,0x00,0x00,0x00,
    0x00,0x00,0x00,0x00,0x00,0x00,0x00,0x00,0x00,0x00,0x00,0x00,0x00,0x00,0x00,0x00,0x00,0x00,0x00,0x00,0x00,0x00,0x00,0x00,
    0x00,0x00,0x00,0x00,0x00,0x00,0x00,0x00,0x00,0x00,0x00,0x00,0x00,0x00,0x00,0x00,0x00,0x00,0x00,0x00,0x00,0x00,0x00,0x00,
    0x00,0x00,0x00,0x00,0x00,0x00,0x00,0x00,0x00,0x00,0x00,0x00,0x00,0x00,0x00,0x00,0x00,0x00,0x00,0x00,0x00,0x00,0x00,0x00,
    0x00,0x00,0x00,0x00,0x00,0x00,0x00,0x00,0x00,0x00,0x00,0x00,0x00,0x00,0x00,0x00,0x00,0x00,0x00,0x00,0x00,0x00,0x00,0x00,
    0x00,0x00,0x00,0x00,0x00,0x00,0x00,0x00,0x00,0x00,0x00,0x00,0x00,0x00,0x00,0x00,0x00,0x00,0x00,0x00,0x00,0x00,0x00,0x00,
    0x00,0x00,0x00,0x00,0x00,0x00,0x00,0x00,0x00,0x00,0x00,0x00,0x00,0x00,0x00,0x00,0x00,0x00,0x00,0x00,0x00,0x00,0x00,0x00,
    0x00,0x00,0x00,0x00,0x00,0x00,0x00,0x00,0x00,0x00,0x00,0x00,0x00,0x00,0x00,0x00,0x00,0x00,0x00,0x00,0x00,0x00,0x00,0x00,
    0x00,0x00,0x00,0x00,0x00,0x00,0x00,0x00,0x00,0x00,0x00,0x00,0x00,0x00,0x00,0x00,0x00,0x00,0x00,0x00,0x00,0x00,0x00,0x00,
    0x00,0x00,0x00,0x00,0x00,0x00,0x00,0x00,0x00,0x00,0x00,0x00,0x00,0x00,0x00,0x00,0x00,0x00,0x00,0x00,0x00,0x00,0x00,0x00,
    0x00,0x00,0x00,0x00,0x00,0x00,0x00,0x00,0x00,0x00,0x00,0x00,0x00,0x00,0x00,0x00,0x00,0x00,0x00,0x00,0x00,0x00,0x00,0x00,
    0x00,0x00,0x00,0x00,0x00,0x00,0x00,0x00,0x00,0x00,0x00,0x00,0x00,0x00,0x00,0x00,0x00,0x00,0x00,0x00,0x00,0x00,0x00,0x00,
    0x00,0x00,0x00,0x00,0x00,0x00,0x00,0x00,0x00,0x00,0x00,0x00,0x00,0x00,0x00,0x00,0x00,0x00,0x00,0x00,0x00,0x00,0x00,0x00,
    0x00,0x00,0x00,0x00,0x00,0x00,0x00,0x00,0x00,0x00,0x00,0x00,0x00,0x00,0x00,0x00,0x00,0x00,0x00,0x00,0x00,0x00,0x00,0x00,
    0x00,0x00,0x00,0x00,0x00,0x00,0x00,0x00,0x00,0x00,0x00,0x00,0x00,0x00,0x00,0x00,0x00,0x00,0x00,0x00,0x00,0x00,0x00,0x00,
    0x00,0x00,0x00,0x00,0x00,0x00,0x00,0x00,0x00,0x00,0x00,0x00,0x00,0x00,0x00,0x00,0x00,0x00,0x00,0x00,0x00,0x00,0x00,0x00,
    0x00,0x00,0x00,0x00,0x00,0x00,0x00,0x00,0x00,0x00,0x00,0x00,0x00,0x00,0x00,0x00,0x00,0x00,0x00,0x00,0x00,0x00,0x00,0x00,
    0x00,0x00,0x00,0x00,0x00,0x00,0x00,0x00,0x00,0x00,0x00,0x00,0x00,0x00,0x00,0x00,0x00,0x00,0x00,0x00,0x00,0x00,0x00,0x00,
    0x00,0x00,0x00,0x00,0x00,0x00,0x00,0x00,0x00,0x00,0x00,0x00,0x00,0x00,0x00,0x00,0x00,0x00,0x00,0x00,0x00,0x00,0x00,0x00,
    0x00,0x00,0x00,0x00,0x00,0x00,0x00,0x00,0x00,0x00,0x00,0x00,0x00,0x00,0x00,0x00,0x00,0x00,0x00,0x00,0x00,0x00,0x00,0x00,
    0x00,0x00,0x00,0x00,0x00,0x00,0x00,0x00,0x00,0x00,0x00,0x00,0x00,0x00,0x00,0x00,0x00,0x00,0x00,0x00,0x00,0x00,0x00,0x00,
    0x00,0x00,0x00,0x00,0x00,0x00,0x00,0x00,0x00,0x00,0x00,0x00,0x00,0x00,0x00,0x00,0x00,0x00,0x00,0x00,0x00,0x00,0x00,0x00,
    0x00,0x00,0x00,0x00,0x00,0x00,0x00,0x00,0x00,0x00,0x00,0x00,0x00,0x00,0x00,0x00,0x00,0x00,0x00,0x00,0x00,0x00,0x00,0x00,
    0x00,0x00,0x00,0x00,0x00,0x00,0x00,0x00,0x00,0x00,0x00,0x00,0x00,0x00,0x00,0x00,0x00,0x00,0x00,0x00,0x00,0x00,0x00,0x00,
    0x00,0x00,0x00,0x00,0x00,0x00,0x00,0x00,0x00,0x00,0x00,0x00,0x00,0x00,0x00,0x00,0x00,0x00,0x00,0x00,0x00,0x00,0x00,0x00,
    0x00,0x00,0x00,0x00,0x00,0x00,0x00,0x00,0x00,0x00,0x00,0x00,0x00,0x00,0x00,0x00,0x00,0x00,0x00,0x00,0x00,0x00,0x00,0x00,
    0x00,0x00,0x00,0x00,0x00,0x00,0x00,0x00,0x00,0x00,0x00,0x00,0x00,0x00,0x00,0x00,0x00,0x00,0x00,0x00,0x00,0x00,0x00,0x00,
    0x00,0x00,0x00,0x00,0x00,0x00,0x00,0x00,0x00,0x00,0x00,0x00,0x00,0x00,0x00,0x00,0x00,0x00,0x00,0x00,0x00,0x00,0x00,0x00,
    0x00,0x00,0x00,0x00,0x00,0x00,0x00,0x00,0x00,0x00,0x00,0x00,0x00,0x00,0x00,0x00,0x00,0x00,0x00,0x00,0x00,0x00,0x00,0x00,
    0x00,0x00,0x00,0x00,0x00,0x00,0x00,0x00,0x00,0x00,0x00,0x00,0x00,0x00,0x00,0x00,0x00,0x00,0x00,0x00,0x00,0x00,0x00,0x00,
    0x00,0x00,0x00,0x00,0x00,0x00,0x00,0x00,0x00,0x00,0x00,0x00,0x00,0x00,0x00,0x00,0x00,0x00,0x00,0x00,0x00,0x00,0x00,0x00,
    0x00,0x00,0x00,0x00,0x00,0x00,0x00,0x00,0x00,0x00,0x00,0x00,0x00,0x00,0x00,0x00,0x00,0x00,0x00,0x00,0x00,0x00,0x00,0x00,
    0x00,0x00,0x00,0x00,0x00,0x00,0x00,0x00,0x00,0x00,0x00,0x00,0x00,0x00,0x00,0x00,0x00,0x00,0x00,0x00,0x00,0x00,0x00,0x00,
    0x00,0x00,0x00,0x00,0x00,0x00,0x00,0x00,0x00,0x00,0x00,0x00,0x00,0x00,0x00,0x00,0x00,0x00,0x00,0x00,0x00,0x00,0x00,0x00,
    0x00,0x00,0x00,0x00,0x00,0x00,0x00,0x00,0x00,0x00,0x00,0x00,0x00,0x00,0x00,0x00,0x00,0x00,0x00,0x00,0x00,0x00,0x00,0x00,
    0x00,0x00,0x00,0x00,0x00,0x00,0x00,0x00,0x00,0x00,0x00,0x00,0x00,0x00,0x00,0x00,0x00,0x00,0x00,0x00,0x00,0x00,0x00,0x00,
    0x00,0x00,0x00,0x00,0x00,0x00,0x00,0x00,0x00,0x00,0x00,0x00,0x00,0x00,0x00,0x00,0x00,0x00,0x00,0x00,0x00,0x00,0x00,0x00,
    0x00,0x00,0x00,0x00,0x00,0x00,0x00,0x00,0x00,0x00,0x00,0x00,0x00,0x00,0x00,0x00,0x00,0x00,0x00,0x00,0x00,0x00,0x00,0x00,
    0x00,0x00,0x00,0x00,0x00,0x00,0x00,0x00,0x00,0x00,0x00,0x00,0x00,0x00,0x00,0x00,0x00,0x00,0x00,0x00,0x00,0x00,0x00,0x00,
    0x00,0x00,0x00,0x00,0x00,0x00,0x00,0x00,0x00,0x00,0x00,0x00,0x00,0x00,0x00,0x00,0x00,0x00,0x00,0x00,0x00,0x00,0x00,0x00,
    0x00,0x00,0x00,0x00,0x00,0x00,0x00,0x00,0x00,0x00,0x00,0x00,0x00,0x00,0x00,0x00,0x00,0x00,0x00,0x00,0x00,0x00,0x00,0x00,
    0x00,0x00,0x00,0x00,0x00,0x00,0x00,0x00,0x00,0x00,0x00,0x00,0x00,0x00,0x00,0x00,0x00,0x00,0x00,0x00,0x00,0x00,0x00,0x00,
    0x00,0x00,0x00,0x00,0x00,0x00,0x00,0x00,0x00,0x00,0x00,0x00,0x00,0x00,0x00,0x00,0x00,0x00,0x00,0x00,0x00,0x00,0x00,0x00,
    0x00,0x00,0x00,0x00,0x00,0x00,0x00,0x00,0x00,0x00,0x00,0x00,0x00,0x00,0x00,0x00,0x00,0x00,0x00,0x00,0x00,0x00,0x00,0x00,
    0x00,0x00,0x00,0x00,0x00,0x00,0x00,0x00,0x00,0x00,0x00,0x00,0x00,0x00,0x00,0x00,0x00,0x00,0x00,0x00,0x00,0x00,0x00,0x00,
    0x00,0x00,0x00,0x00,0x00,0x00,0x00,0x00,0x00,0x00,0x00,0x00,0x00,0x00,0x00,0x00,0x00,0x00,0x00,0x00,0x00,0x00,0x00,0x00,
    0x00,0x00,0x00,0x00,0x00,0x00,0x00,0x00,0x00,0x00,0x00,0x00,0x00,0x00,0x00,0x00,0x00,0x00,0x00,0x00,0x00,0x00,0x00,0x00,
    0x00,0x00,0x00,0x00,0x00,0x00,0x00,0x00,0x00,0x00,0x00,0x00,0x00,0x00,0x00,0x00,0x00,0x00,0x00,0x00,0x00,0x00,0x00,0x00,
    0x00,0x00,0x00,0x00,0x00,0x00,0x00,0x00,0x00,0x00,0x00,0x00,0x00,0x00,0x00,0x00,0x00,0x00,0x00,0x00,0x00,0x00,0x00,0x00,
    0x00,0x00,0x00,0x00,0x00,0x00,0x00,0x00,0x00,0x00,0x00,0x00,0x00,0x00,0x00,0x00,0x00,0x00,0x00,0x00,0x00,0x00,0x00,0x00,
    0x00,0x00,0x00,0x00,0x00,0x00,0x00,0x00,0x00,0x00,0x00,0x00,0x00,0x00,0x00,0x00,0x00,0x00,0x00,0x00,0x00,0x00,0x00,0x00,
    0x00,0x00,0x00,0x00,0x00,0x00,0x00,0x00,0x00,0x00,0x00,0x00,0x00,0x00,0x00,0x00,0x00,0x00,0x00,0x00,0x00,0x00,0x00,0x00,
    0x00,0x00,0x00,0x00,0x00,0x00,0x00,0x00,0x00,0x00,0x00,0x00,0x00,0x00,0x00,0x00,0x00,0x00,0x00,0x00,0x00,0x00,0x00,0x00,
    0x00,0x00,0x00,0x00,0x00,0x00,0x00,0x00,0x00,0x00,0x00,0x00,0x00,0x00,0x00,0x00,0x00,0x00,0x00,0x00,0x00,0x00,0x00,0x00,
    0x00,0x00,0x00,0x00,0x00,0x00,0x00,0x00,0x00,0x00,0x00,0x00,0x00,0x00,0x00,0x00,0x00,0x00,0x00,0x00,0x00,0x00,0x00,0x00,
    0x00,0x00,0x00,0x00,0x00,0x00,0x00,0x00,0x00,0x00,0x00,0x00,0x00,0x00,0x00,0x00,0x00,0x00,0x00,0x00,0x00,0x00,0x00,0x00,
    0x00,0x00,0x00,0x00,0x00,0x00,0x00,0x00,0x00,0x00,0x00,0x00,0x00,0x00,0x00,0x00,0x00,0x00,0x00,0x00,0x00,0x00,0x00,0x00,
    0x00,0x00,0x00,0x00,0x00,0x00,0x00,0x00,0x00,0x00,0x00,0x00,0x00,0x00,0x00,0x00,0x00,0x00,0x00,0x00,0x00,0x00,0x00,0x00,
    0x00,0x00,0x00,0x00,0x00,0x00,0x00,0x00,0x00,0x00,0x00,0x00,0x00,0x00,0x00,0x00,0x00,0x00,0x00,0x00,0x00,0x00,0x00,0x00,
    0x00,0x00,0x00,0x00,0x00,0x00,0x00,0x00,0x00,0x00,0x00,0x00,0x00,0x00,0x00,0x00,0x00,0x00,0x00,0x00,0x00,0x00,0x00,0x00,
    0x00,0x00,0x00,0x00,0x00,0x00,0x00,0x00,0x00,0x00,0x00,0x00,0x00,0x00,0x00,0x00,0x00,0x00,0x00,0x00,0x00,0x00,0x00,0x00,
    0x00,0x00,0x00,0x00,0x00,0x00,0x00,0x00,0x00,0x00,0x00,0x00,0x00,0x00,0x00,0x00,0x00,0x00,0x00,0x00,0x00,0x00,0x00,0x00,
    0x00,0x00,0x00,0x00,0x00,0x00,0x00,0x00,0x00,0x00,0x00,0x00,0x00,0x00,0x00,0x00,0x00,0x00,0x00,0x00,0x00,0x00,0x00,0x00,
    0x00,0x00,0x00,0x00,0x00,0x00,0x00,0x00,0x00,0x00,0x00,0x00,0x00,0x00,0x00,0x00,0x00,0x00,0x00,0x00,0x00,0x00,0x00,0x00,
    0x00,0x00,0x00,0x00,0x00,0x00,0x00,0x00,0x00,0x00,0x00,0x00,0x00,0x00,0x00,0x00,0x00,0x00,0x00,0x00,0x00,0x00,0x00,0x00,
    0x00,0x00,0x00,0x00,0x00,0x00,0x00,0x00,0x00,0x00,0x00,0x00,0x00,0x00,0x00,0x00,0x00,0x00,0x00,0x00,0x00,0x00,0x00,0x00,
    0x00,0x00,0x00,0x00,0x00,0x00,0x00,0x00,0x00,0x00,0x00,0x00,0x00,0x00,0x00,0x00,0x00,0x00,0x00,0x00,0x00,0x00,0x00,0x00,
    0x00,0x00,0x00,0x00,0x00,0x00,0x00,0x00,0x00,0x00,0x00,0x00,0x00,0x00,0x00,0x00,0x00,0x00,0x00,0x00,0x00,0x00,0x00,0x00,
    0x00,0x00,0x00,0x00,0x00,0x00,0x00,0x00,0x00,0x00,0x00,0x00,0x00,0x00,0x00,0x00,0x00,0x00,0x00,0x00,0x00,0x00,0x00,0x00,
    0x00,0x00,0x00,0x00,0x00,0x00,0x00,0x00,0x00,0x00,0x00,0x00,0x00,0x00,0x00,0x00,0x00,0x00,0x00,0x00,0x00,0x00,0x00,0x00,
    0x00,0x00,0x00,0x00,0x00,0x00,0x00,0x00,0x00,0x00,0x00,0x00,0x00,0x00,0x00,0x00,0x00,0x00,0x00,0x00,0x00,0x00,0x00,0x00,
    0x00,0x00,0x00,0x00,0x00,0x00,0x00,0x00,0x00,0x00,0x00,0x00,0x00,0x00,0x00,0x00,0x00,0x00,0x00,0x00,0x00,0x00,0x00,0x00,
    0x00,0x00,0x00,0x00,0x00,0x00,0x00,0x00,0x00,0x00,0x00,0x00,0x00,0x00,0x00,0x00,0x00,0x00,0x00,0x00,0x00,0x00,0x00,0x00,
    0x00,0x00,0x00,0x00,0x00,0x00,0x00,0x00,0x00,0x00,0x00,0x00,0x00,0x00,0x00,0x00,0x00,0x00,0x00,0x00,0x00,0x00,0x00,0x00,
    0x00,0x00,0x00,0x00,0x00,0x00,0x00,0x00,0x00,0x00,0x00,0x00,0x00,0x00,0x00,0x00,0x00,0x00,0x00,0x00,0x00,0x00,0x00,0x00,
    0x00,0x00,0x00,0x00,0x00,0x00,0x00,0x00,0x00,0x00,0x00,0x00,0x00,0x00,0x00,0x00,0x00,0x00,0x00,0x00,0x00,0x00,0x00,0x00,
    0x00,0x00,0x00,0x00,0x00,0x00,0x00,0x00,0x00,0x00,0x00,0x00,0x00,0x00,0x00,0x00,0x00,0x00,0x00,0x00,0x00,0x00,0x00,0x00,
    0x00,0x00,0x00,0x00,0x00,0x00,0x00,0x00,0x00,0x00,0x00,0x00,0x00,0x00,0x00,0x00,0x00,0x00,0x00,0x00,0x00,0x00,0x00,0x00,
    0x00,0x00,0x00,0x00,0x00,0x00,0x00,0x00,0x00,0x00,0x00,0x00,0x00,0x00,0x00,0x00,0x00,0x00,0x00,0x00,0x00,0x00,0x00,0x00,
    0x00,0x00,0x00,0x00,0x00,0x00,0x00,0x00,0x00,0x00,0x00,0x00,0x00,0x00,0x00,0x00,0x00,0x00,0x00,0x00,0x00,0x00,0x00,0x00,
    0x00,0x00,0x00,0x00,0x00,0x00,0x00,0x00,0x00,0x00,0x00,0x00,0x00,0x00,0x00,0x00,0x00,0x00,0x00,0x00,0x00,0x00,0x00,0x00,
    0x00,0x00,0x00,0x00,0x00,0x00,0x00,0x00,0x00,0x00,0x00,0x00,0x00,0x00,0x00,0x00,0x00,0x00,0x00,0x00,0x00,0x00,0x00,0x00,
    0x00,0x00,0x00,0x00,0x00,0x00,0x00,0x00,0x00,0x00,0x00,0x00,0x00,0x00,0x00,0x00,0x00,0x00,0x00,0x00,0x00,0x00,0x00,0x00,
    0x00,0x00,0x00,0x00,0x00,0x00,0x00,0x00,0x00,0x00,0x00,0x00,0x00,0x00,0x00,0x00,0x00,0x00,0x00,0x00,0x00,0x00,0x00,0x00,
    0x00,0x00,0x00,0x00,0x00,0x00,0x00,0x00,0x00,0x00,0x00,0x00,0x00,0x00,0x00,0x00,0x00,0x00,0x00,0x00,0x00,0x00,0x00,0x00,
    0x00,0x00,0x00,0x00,0x00,0x00,0x00,0x00,0x00,0x00,0x00,0x00,0x00,0x00,0x00,0x00,0x00,0x00,0x00,0x00,0x00,0x00,0x00,0x00,
    0x00,0x00,0x00,0x00,0x00,0x00,0x00,0x00,0x00,0x00,0x00,0x00,0x00,0x00,0x00,0x00,0x00,0x00,0x00,0x00,0x00,0x00,0x00,0x00,
    0x00,0x00,0x00,0x00,0x00,0x00,0x00,0x00,0x00,0x00,0x00,0x00,0x00,0x00,0x00,0x00,0x00,0x00,0x00,0x00,0x00,0x00,0x00,0x00,
    0x00,0x00,0x00,0x00,0x00,0x00,0x00,0x00,0x00,0x00,0x00,0x00,0x00,0x00,0x00,0x00,0x00,0x00,0x00,0x00,0x00,0x00,0x00,0x00,
    0x00,0x00,0x00,0x00,0x00,0x00,0x00,0x00,0x00,0x00,0x00,0x00,0x00,0x00,0x00,0x00,0x00,0x00,0x00,0x00,0x00,0x00,0x00,0x00,
    0x00,0x00,0x00,0x00,0x00,0x00,0x00,0x00,0x00,0x00,0x00,0x00,0x00,0x00,0x00,0x00,0x00,0x00,0x00,0x00,0x00,0x00,0x00,0x00,
    0x00,0x00,0x00,0x00,0x00,0x00,0x00,0x00,0x00,0x00,0x00,0x00,0x00,0x00,0x00,0x00,0x00,0x00,0x00,0x00,0x00,0x00,0x00,0x00,
    0x00,0x00,0x00,0x00,0x00,0x00,0x00,0x00,0x00,0x00,0x00,0x00,0x00,0x00,0x00,0x00,0x00,0x00,0x00,0x00,0x00,0x00,0x00,0x00,
    0x00,0x00,0x00,0x00,0x00,0x00,0x00,0x00,0x00,0x00,0x00,0x00,0x00,0x00,0x00,0x00,0x00,0x00,0x00,0x00,0x00,0x00,0x00,0x00,
    0x00,0x00,0x00,0x00,0x00,0x00,0x00,0x00,0x00,0x00,0x00,0x00,0x00,0x00,0x00,0x00,0x00,0x00,0x00,0x00,0x00,0x00,0x00,0x00,
    0x00,0x00,0x00,0x00,0x00,0x00,0x00,0x00,0x00,0x00,0x00,0x00,0x00,0x00,0x00,0x00,0x00,0x00,0x00,0x00,0x00,0x00,0x00,0x00,
    0x00,0x00,0x00,0x00,0x00,0x00,0x00,0x00,0x00,0x00,0x00,0x00,0x00,0x00,0x00,0x00,0x00,0x00,0x00,0x00,0x00,0x00,0x00,0x00,
    0x00,0x00,0x00,0x00,0x00,0x00,0x00,0x00,0x00,0x00,0x00,0x00,0x00,0x00,0x00,0x00,0x00,0x00,0x00,0x00,0x00,0x00,0x00,0x00,
    0x00,0x00,0x00,0x00,0x00,0x00,0x00,0x00,0x00,0x00,0x00,0x00,0x00,0x00,0x00,0x00,0x00,0x00,0x00,0x00,0x00,0x00,0x00,0x00,
    0x00,0x00,0x00,0x00,0x00,0x00,0x00,0x00,0x00,0x00,0x00,0x00,0x00,0x00,0x00,0x00,0x00,0x00,0x00,0x00,0x00,0x00,0x00,0x00,
    0x00,0x00,0x00,0x00,0x00,0x00,0x00,0x00,0x00,0x00,0x00,0x00,0x00,0x00,0x00,0x00,0x00,0x00,0x00,0x00,0x00,0x00,0x00,0x00,
    0x00,0x00,0x00,0x00,0x00,0x00,0x00,0x00,0x00,0x00,0x00,0x00,0x00,0x00,0x00,0x00,0x00,0x00,0x00,0x00,0x00,0x00,0x00,0x00,
    0x00,0x00,0x00,0x00,0x00,0x00,0x00,0x00,0x00,0x00,0x00,0x00,0x00,0x00,0x00,0x00,0x00,0x00,0x00,0x00,0x00,0x00,0x00,0x00,
    0x00,0x00,0x00,0x00,0x00,0x00,0x00,0x00,0x00,0x00,0x00,0x00,0x00,0x00,0x00,0x00,0x00,0x00,0x00,0x00,0x00,0x00,0x00,0x00,
    0x00,0x00,0x00,0x00,0x00,0x00,0x00,0x00,0x00,0x00,0x00,0x00,0x00,0x00,0x00,0x00,0x00,0x00,0x00,0x00,0x00,0x00,0x00,0x00,
    0x00,0x00,0x00,0x00,0x00,0x00,0x00,0x00,0x00,0x00,0x00,0x00,0x00,0x00,0x00,0x00,0x00,0x00,0x00,0x00,0x00,0x00,0x00,0x00,
    0x00,0x00,0x00,0x00,0x00,0x00,0x00,0x00,0x00,0x00,0x00,0x00,0x00,0x00,0x00,0x00,0x00,0x00,0x00,0x00,0x00,0x00,0x00,0x00,
    0x00,0x00,0x00,0x00,0x00,0x00,0x00,0x00,0x00,0x00,0x00,0x00,0x00,0x00,0x00,0x00,0x00,0x00,0x00,0x00,0x00,0x00,0x00,0x00,
    0x00,0x00,0x00,0x00,0x00,0x00,0x00,0x00,0x00,0x00,0x00,0x00,0x00,0x00,0x00,0x00,0x00,0x00,0x00,0x00,0x00,0x00,0x00,0x00,
    0x00,0x00,0x00,0x00,0x00,0x00,0x00,0x00,0x00,0x00,0x00,0x00,0x00,0x00,0x00,0x00,0x00,0x00,0x00,0x00,0x00,0x00,0x00,0x00,
    0x00,0x00,0x00,0x00,0x00,0x00,0x00,0x00,0x00,0x00,0x00,0x00,0x00,0x00,0x00,0x00,0x00,0x00,0x00,0x00,0x00,0x00,0x00,0x00,
    0x00,0x00,0x00,0x00,0x00,0x00,0x00,0x00,0x00,0x00,0x00,0x00,0x00,0x00,0x00,0x00,0x00,0x00,0x00,0x00,0x00,0x00,0x00,0x00,
    0x00,0x00,0x00,0x00,0x00,0x00,0x00,0x00,0x00,0x00,0x00,0x00,0x00,0x00,0x00,0x00,0x00,0x00,0x00,0x00,0x00,0x00,0x00,0x00,
    0x00,0x00,0x00,0x00,0x00,0x00,0x00,0x00,0x00,0x00,0x00,0x00,0x00,0x00,0x00,0x00,0x00,0x00,0x00,0x00,0x00,0x00,0x00,0x00,
    0x00,0x00,0x00,0x00,0x00,0x00,0x00,0x00,0x00,0x00,0x00,0x00,0x00,0x00,0x00,0x00,0x00,0x00,0x00,0x00,0x00,0x00,0x00,0x00,
    0x00,0x00,0x00,0x00,0x00,0x00,0x00,0x00,0x00,0x00,0x00,0x00,0x00,0x00,0x00,0x00,0x00,0x00,0x00,0x00,0x00,0x00,0x00,0x00,
    0x00,0x00,0x00,0x00,0x00,0x00,0x00,0x00,0x00,0x00,0x00,0x00,0x00,0x00,0x00,0x00,0x00,0x00,0x00,0x00,0x00,0x00,0x00,0x00,
    0x00,0x00,0x00,0x00,0x00,0x00,0x00,0x00,0x00,0x00,0x00,0x00,0x00,0x00,0x00,0x00,0x00,0x00,0x00,0x00,0x00,0x00,0x00,0x00,
    0x00,0x00,0x00,0x00,0x00,0x00,0x00,0x00,0x00,0x00,0x00,0x00,0x00,0x00,0x00,0x00,0x00,0x00,0x00,0x00,0x00,0x00,0x00,0x00,
    0x00,0x00,0x00,0x00,0x00,0x00,0x00,0x00,0x00,0x00,0x00,0x00,0x00,0x00,0x00,0x00,0x00,0x00,0x00,0x00,0x00,0x00,0x00,0x00,
    0x00,0x00,0x00,0x00,0x00,0x00,0x00,0x00,0x00,0x00,0x00,0x00,0x00,0x00,0x00,0x00,0x00,0x00,0x00,0x00,0x00,0x00,0x00,0x00,
    0x00,0x00,0x00,0x00,0x00,0x00,0x00,0x00,0x00,0x00,0x00,0x00,0x00,0x00,0x00,0x00,0x00,0x00,0x00,0x00,0x00,0x00,0x00,0x00,
    0x00,0x00,0x00,0x00,0x00,0x00,0x00,0x00,0x00,0x00,0x00,0x00,0x00,0x00,0x00,0x00,0x00,0x00,0x00,0x00,0x00,0x00,0x00,0x00,
    0x00,0x00,0x00,0x00,0x00,0x00,0x00,0x00,0x00,0x00,0x00,0x00,0x00,0x00,0x00,0x10,0x48,0x70,0x78,0x58,0x38,0x08,0x00,0x00,
    0x00,0x00,0x00,0x00,0x00,0x00,0x00,0x00,0x00,0x00,0x00,0x00,0x00,0x00,0x00,0x00,0x00,0x00,0x00,0x00,0x00,0x00,0x00,0x00,
    0x00,0x00,0x00,0x00,0x00,0x00,0x00,0x00,0x00,0x00,0x18,0x30,0x68,0x80,0x68,0x30,0x08,0x00,0x00,0x00,0x00,0x00,0x00,0x00,
    0x00,0x00,0x00,0x00,0x00,0x00,0x00,0x00,0x00,0x00,0x00,0x00,0x00,0x00,0x00,0x00,0x00,0x00,0x00,0x00,0x00,0x00,0x00,0x00,
    0x00,0x00,0x00,0x00,0x00,0x00,0x00,0x00,0x00,0x00,0x00,0x00,0x00,0x00,0x00,0x00,0x00,0x00,0x00,0x00,0x00,0x00,0x00,0x00,
    0x00,0x00,0x00,0x00,0x00,0x00,0x30,0xbf,0xe7,0xff,0xff,0xf7,0xef,0xd7,0x78,0x20,0x08,0x00,0x00,0x00,0x00,0x00,0x00,0x00,
    0x00,0x00,0x00,0x00,0x00,0x00,0x00,0x00,0x00,0x00,0x00,0x00,0x00,0x00,0x00,0x00,0x00,0x00,0x00,0x00,0x00,0x00,0x00,0x08,
    0x10,0x68,0xc7,0xf7,0xff,0xf7,0xff,0xf7,0xaf,0x28,0x00,0x00,0x00,0x00,0x00,0x00,0x00,0x00,0x00,0x00,0x00,0x00,0x00,0x00,
    0x00,0x00,0x00,0x00,0x00,0x00,0x00,0x00,0x00,0x00,0x00,0x00,0x00,0x00,0x00,0x00,0x00,0x00,0x00,0x00,0x00,0x00,0x00,0x00,
    0x00,0x00,0x00,0x00,0x00,0x00,0x00,0x00,0x00,0x00,0x00,0x00,0x00,0x00,0x00,0x00,0x00,0x00,0x00,0x00,0x00,0x08,0x9f,0xff,
    0xff,0xff,0xff,0xff,0xff,0xff,0xff,0xc7,0x58,0x08,0x00,0x00,0x00,0x00,0x00,0x00,0x00,0x00,0x00,0x00,0x00,0x00,0x00,0x00,
    0x00,0x00,0x00,0x00,0x00,0x00,0x00,0x00,0x00,0x00,0x00,0x00,0x00,0x00,0x10,0x60,0xcf,0xef,0xff,0xff,0xff,0xff,0xff,0xff,
    0xff,0xaf,0x08,0x00,0x00,0x00,0x00,0x00,0x00,0x00,0x00,0x00,0x00,0x00,0x00,0x00,0x00,0x00,0x00,0x00,0x00,0x00,0x00,0x00,
    0x00,0x00,0x00,0x00,0x00,0x00,0x00,0x00,0x00,0x00,0x00,0x00,0x00,0x00,0x00,0x00,0x00,0x00,0x00,0x00,0x00,0x00,0x00,0x00,
    0x00,0x00,0x00,0x00,0x00,0x00,0x00,0x00,0x00,0x00,0x00,0x00,0x00,0x18,0xcf,0xff,0xff,0xff,0xff,0xff,0xff,0xff,0xff,0xff,
    0xef,0x9f,0x20,0x00,0x00,0x00,0x00,0x00,0x08,0x00,0x18,0x28,0x38,0x40,0x50,0x50,0x50,0x48,0x48,0x30,0x20,0x10,0x08,0x08,
    0x00,0x00,0x00,0x00,0x00,0x20,0x97,0xe7,0xff,0xff,0xff,0xff,0xff,0xff,0xff,0xff,0xff,0xc7,0x08,0x00,0x00,0x00,0x00,0x00,
    0x00,0x00,0x00,0x00,0x00,0x00,0x00,0x00,0x00,0x00,0x00,0x00,0x00,0x00,0x00,0x00,0x00,0x00,0x00,0x00,0x00,0x00,0x00,0x00,
    0x00,0x00,0x00,0x00,0x00,0x00,0x00,0x00,0x00,0x00,0x00,0x00,0x00,0x00,0x00,0x00,0x00,0x00,0x00,0x00,0x00,0x00,0x00,0x00,
    0x00,0x00,0x00,0x00,0x00,0x10,0xcf,0xff,0xff,0xff,0xff,0xff,0xff,0xff,0xff,0xff,0xff,0xff,0xc7,0x28,0x00,0x10,0x38,0x60,
    0x97,0xc7,0xdf,0xe7,0xf7,0xf7,0xf7,0xf7,0xf7,0xf7,0xf7,0xf7,0xe7,0xd7,0xc7,0x9f,0x68,0x40,0x18,0x08,0x28,0xbf,0xf7,0xff,
    0xff,0xff,0xff,0xff,0xff,0xff,0xff,0xff,0xff,0xc7,0x10,0x00,0x00,0x00,0x00,0x00,0x00,0x00,0x00,0x00,0x00,0x00,0x00,0x00,
    0x00,0x00,0x00,0x00,0x00,0x00,0x00,0x00,0x00,0x00,0x00,0x00,0x00,0x00,0x00,0x00,0x00,0x00,0x00,0x00,0x00,0x00,0x00,0x00,
    0x00,0x00,0x00,0x00,0x00,0x00,0x00,0x00,0x00,0x00,0x00,0x00,0x00,0x00,0x00,0x00,0x00,0x00,0x00,0x00,0x00,0x18,0xd7,0xff,
    0xff,0xff,0xff,0xff,0xff,0xff,0xff,0xff,0xff,0xff,0xff,0xcf,0xa7,0xc7,0xef,0xf7,0xff,0xff,0xff,0xff,0xff,0xff,0xff,0xff,
    0xff,0xff,0xff,0xff,0xff,0xff,0xff,0xff,0xff,0xef,0xdf,0xbf,0xcf,0xff,0xff,0xff,0xff,0xff,0xff,0xff,0xff,0xff,0xff,0xff,
    0xff,0xc7,0x08,0x00,0x00,0x00,0x00,0x00,0x00,0x00,0x00,0x00,0x00,0x00,0x00,0x00,0x00,0x00,0x00,0x00,0x00,0x00,0x00,0x00,
    0x00,0x00,0x00,0x00,0x00,0x00,0x00,0x00,0x00,0x00,0x00,0x00,0x00,0x00,0x00,0x00,0x00,0x00,0x00,0x00,0x00,0x00,0x00,0x00,
    0x00,0x00,0x00,0x00,0x00,0x00,0x00,0x00,0x00,0x00,0x00,0x00,0x00,0x10,0xd7,0xff,0xff,0xff,0xff,0xff,0xff,0xff,0xff,0xff,
    0xff,0xff,0xff,0xff,0xf7,0xff,0xff,0xff,0xff,0xff,0xff,0xff,0xff,0xff,0xff,0xff,0xff,0xff,0xff,0xff,0xff,0xff,0xff,0xff,
    0xff,0xff,0xff,0xff,0xff,0xff,0xff,0xff,0xff,0xff,0xff,0xff,0xff,0xff,0xff,0xff,0xff,0xc7,0x10,0x00,0x00,0x00,0x00,0x00,
    0x00,0x00,0x00,0x00,0x00,0x00,0x00,0x00,0x00,0x00,0x00,0x00,0x00,0x00,0x00,0x00,0x00,0x00,0x00,0x00,0x00,0x00,0x00,0x00,
    0x00,0x00,0x00,0x00,0x00,0x00,0x00,0x00,0x00,0x00,0x00,0x00,0x00,0x00,0x00,0x00,0x00,0x00,0x00,0x00,0x00,0x00,0x00,0x00,
    0x00,0x00,0x00,0x00,0x00,0x18,0xd7,0xff,0xff,0xff,0xff,0xff,0xff,0xff,0xff,0xff,0xff,0xff,0xff,0xff,0xff,0xff,0xff,0xff,
    0xff,0xff,0xff,0xff,0xff,0xff,0xff,0xff,0xff,0xff,0xff,0xff,0xff,0xff,0xff,0xff,0xff,0xff,0xff,0xff,0xff,0xff,0xff,0xff,
    0xff,0xff,0xff,0xff,0xff,0xff,0xff,0xff,0xff,0xbf,0x10,0x00,0x00,0x00,0x00,0x00,0x00,0x00,0x00,0x00,0x00,0x00,0x00,0x00,
    0x00,0x00,0x00,0x00,0x00,0x00,0x00,0x00,0x00,0x00,0x00,0x00,0x00,0x00,0x00,0x00,0x00,0x00,0x00,0x00,0x00,0x00,0x00,0x00,
    0x00,0x00,0x00,0x00,0x00,0x00,0x00,0x00,0x00,0x00,0x00,0x00,0x00,0x00,0x00,0x00,0x00,0x00,0x00,0x00,0x00,0x08,0xd7,0xff,
    0xff,0xff,0xff,0xff,0xff,0xff,0xff,0xff,0xff,0xff,0xff,0xff,0xff,0xff,0xff,0xff,0xff,0xff,0xff,0xff,0xff,0xff,0xff,0xff,
    0xff,0xff,0xff,0xff,0xff,0xff,0xff,0xff,0xff,0xff,0xff,0xff,0xff,0xff,0xff,0xff,0xff,0xff,0xff,0xff,0xff,0xff,0xff,0xff,
    0xff,0xc7,0x08,0x00,0x00,0x00,0x00,0x00,0x00,0x00,0x00,0x00,0x00,0x00,0x00,0x00,0x00,0x00,0x00,0x00,0x00,0x00,0x00,0x00,
    0x00,0x00,0x00,0x00,0x00,0x00,0x00,0x00,0x00,0x00,0x00,0x00,0x00,0x00,0x00,0x00,0x00,0x00,0x00,0x00,0x00,0x00,0x00,0x00,
    0x00,0x00,0x00,0x00,0x00,0x00,0x00,0x00,0x00,0x00,0x00,0x00,0x00,0x00,0x8f,0xff,0xff,0xf7,0xef,0xff,0xff,0xff,0xff,0xff,
    0xff,0xff,0xff,0xff,0xff,0xff,0xff,0xff,0xff,0xff,0xff,0xff,0xff,0xff,0xff,0xff,0xff,0xff,0xff,0xff,0xff,0xff,0xff,0xff,
    0xff,0xff,0xff,0xff,0xff,0xff,0xff,0xff,0xff,0xff,0xff,0xff,0xff,0xf7,0xf7,0xff,0xf7,0x80,0x00,0x00,0x00,0x00,0x00,0x00,
    0x00,0x00,0x00,0x00,0x00,0x00,0x00,0x00,0x00,0x00,0x00,0x00,0x00,0x00,0x00,0x00,0x00,0x00,0x00,0x00,0x00,0x00,0x00,0x00,
    0x00,0x00,0x00,0x00,0x00,0x00,0x00,0x00,0x00,0x00,0x00,0x00,0x00,0x00,0x00,0x00,0x00,0x00,0x00,0x00,0x00,0x00,0x00,0x00,
    0x00,0x00,0x00,0x00,0x00,0x00,0x18,0x70,0xa7,0x8f,0xe7,0xf7,0xff,0xff,0xff,0xff,0xff,0xff,0xff,0xff,0xff,0xff,0xff,0xff,
    0xff,0xff,0xff,0xff,0xff,0xff,0xff,0xff,0xff,0xff,0xff,0xff,0xff,0xff,0xff,0xff,0xff,0xff,0xff,0xff,0xff,0xff,0xff,0xff,
    0xff,0xff,0xff,0xff,0xff,0xcf,0x87,0x8f,0x78,0x08,0x00,0x00,0x00,0x00,0x00,0x00,0x00,0x00,0x00,0x00,0x00,0x00,0x00,0x00,
    0x00,0x00,0x00,0x00,0x00,0x00,0x00,0x00,0x00,0x00,0x00,0x00,0x00,0x00,0x00,0x00,0x00,0x00,0x00,0x00,0x00,0x00,0x00,0x00,
    0x00,0x00,0x00,0x00,0x00,0x00,0x00,0x00,0x00,0x00,0x00,0x00,0x00,0x00,0x00,0x00,0x00,0x00,0x00,0x00,0x00,0x00,0x00,0x00,
    0x50,0xd7,0xf7,0xff,0xff,0xff,0xff,0xff,0xff,0xff,0xff,0xff,0xff,0xff,0xff,0xff,0xff,0xff,0xff,0xff,0xff,0xff,0xff,0xff,
    0xff,0xff,0xff,0xff,0xff,0xff,0xff,0xff,0xff,0xff,0xff,0xff,0xff,0xff,0xff,0xff,0xff,0xff,0xff,0xff,0xff,0xf7,0xd7,0x48,
    0x10,0x00,0x00,0x00,0x00,0x00,0x00,0x00,0x00,0x00,0x00,0x00,0x00,0x00,0x00,0x00,0x00,0x00,0x00,0x00,0x00,0x00,0x00,0x00,
    0x00,0x00,0x00,0x00,0x00,0x00,0x00,0x00,0x00,0x00,0x00,0x00,0x00,0x00,0x00,0x00,0x00,0x00,0x00,0x00,0x00,0x00,0x00,0x00,
    0x00,0x00,0x00,0x00,0x00,0x00,0x00,0x00,0x00,0x00,0x00,0x00,0x00,0x00,0x00,0x60,0xdf,0xff,0xff,0xff,0xff,0xff,0xff,0xff,
    0xff,0xff,0xff,0xff,0xff,0xff,0xff,0xff,0xff,0xff,0xff,0xff,0xff,0xff,0xff,0xff,0xff,0xff,0xff,0xff,0xff,0xff,0xff,0xff,
    0xff,0xff,0xff,0xff,0xff,0xff,0xff,0xff,0xff,0xff,0xff,0xff,0xff,0xff,0xff,0xe7,0x68,0x18,0x00,0x00,0x00,0x00,0x00,0x00,
    0x00,0x00,0x00,0x00,0x00,0x00,0x00,0x00,0x00,0x00,0x00,0x00,0x00,0x00,0x00,0x00,0x00,0x00,0x00,0x00,0x00,0x00,0x00,0x00,
    0x00,0x00,0x00,0x00,0x00,0x00,0x00,0x00,0x00,0x00,0x00,0x00,0x00,0x00,0x00,0x00,0x00,0x00,0x00,0x00,0x00,0x00,0x00,0x00,
    0x00,0x00,0x00,0x00,0x00,0x08,0x78,0xef,0xff,0xff,0xff,0xff,0xff,0xff,0xff,0xff,0xff,0xff,0xff,0xff,0xff,0xff,0xff,0xff,
    0xff,0xff,0xff,0xff,0xff,0xff,0xff,0xff,0xff,0xff,0xff,0xff,0xff,0xff,0xff,0xff,0xff,0xff,0xff,0xff,0xff,0xff,0xff,0xff,
    0xff,0xff,0xff,0xff,0xff,0xff,0xff,0xff,0xef,0x80,0x08,0x00,0x00,0x00,0x00,0x00,0x00,0x00,0x00,0x00,0x00,0x00,0x00,0x00,
    0x00,0x00,0x00,0x00,0x00,0x00,0x00,0x00,0x00,0x00,0x00,0x00,0x00,0x00,0x00,0x00,0x00,0x00,0x00,0x00,0x00,0x00,0x00,0x00,
    0x00,0x00,0x00,0x00,0x00,0x00,0x00,0x00,0x00,0x00,0x00,0x00,0x00,0x00,0x00,0x00,0x00,0x00,0x00,0x00,0x10,0x70,0xef,0xff,
    0xff,0xff,0xff,0xff,0xff,0xff,0xff,0xff,0xff,0xff,0xff,0xff,0xff,0xff,0xff,0xff,0xff,0xff,0xff,0xff,0xff,0xff,0xff,0xff,
    0xff,0xff,0xff,0xff,0xff,0xff,0xff,0xff,0xff,0xff,0xff,0xff,0xff,0xff,0xff,0xff,0xff,0xff,0xff,0xff,0xff,0xff,0xff,0xff,
    0xff,0xef,0x68,0x08,0x00,0x00,0x00,0x00,0x00,0x00,0x00,0x00,0x00,0x00,0x00,0x00,0x00,0x00,0x00,0x00,0x00,0x00,0x00,0x00,
    0x00,0x00,0x00,0x00,0x00,0x00,0x00,0x00,0x00,0x00,0x00,0x00,0x00,0x00,0x00,0x00,0x00,0x00,0x00,0x00,0x00,0x00,0x00,0x00,
    0x00,0x00,0x00,0x00,0x00,0x00,0x00,0x00,0x00,0x00,0x00,0x00,0x68,0xe7,0xff,0xff,0xff,0xff,0xff,0xff,0xff,0xff,0xff,0xff,
    0xff,0xff,0xff,0xff,0xff,0xff,0xff,0xff,0xff,0xff,0xff,0xff,0xff,0xff,0xff,0xff,0xff,0xff,0xff,0xff,0xff,0xff,0xff,0xff,
    0xff,0xff,0xff,0xff,0xff,0xff,0xff,0xff,0xff,0xff,0xff,0xff,0xff,0xff,0xff,0xff,0xff,0xff,0xf7,0x60,0x00,0x00,0x00,0x00,
    0x00,0x00,0x00,0x00,0x00,0x00,0x00,0x00,0x00,0x00,0x00,0x00,0x00,0x00,0x00,0x00,0x00,0x00,0x00,0x00,0x00,0x00,0x00,0x00,
    0x00,0x00,0x00,0x00,0x00,0x00,0x00,0x00,0x00,0x00,0x00,0x00,0x00,0x00,0x00,0x00,0x00,0x00,0x00,0x00,0x00,0x00,0x00,0x00,
    0x00,0x00,0x00,0x48,0xe7,0xff,0xff,0xff,0xff,0xff,0xff,0xff,0xff,0xff,0xff,0xff,0xff,0xff,0xff,0xff,0xff,0xff,0xff,0xff,
    0xff,0xff,0xff,0xff,0xff,0xff,0xff,0xff,0xff,0xff,0xff,0xff,0xff,0xff,0xff,0xff,0xff,0xff,0xff,0xff,0xff,0xff,0xff,0xff,
    0xff,0xff,0xff,0xff,0xff,0xff,0xff,0xff,0xff,0xff,0xff,0xef,0x48,0x08,0x00,0x00,0x00,0x00,0x00,0x00,0x00,0x00,0x00,0x00,
    0x00,0x00,0x00,0x00,0x00,0x00,0x00,0x00,0x00,0x00,0x00,0x00,0x00,0x00,0x00,0x00,0x00,0x00,0x00,0x00,0x00,0x00,0x00,0x00,
    0x00,0x00,0x00,0x00,0x00,0x00,0x00,0x00,0x00,0x00,0x00,0x00,0x00,0x00,0x00,0x00,0x00,0x00,0x20,0xdf,0xff,0xff,0xff,0xff,
    0xff,0xff,0xff,0xff,0xff,0xff,0xff,0xff,0xff,0xff,0xff,0xff,0xff,0xff,0xff,0xff,0xff,0xff,0xff,0xff,0xff,0xff,0xff,0xff,
    0xff,0xff,0xff,0xff,0xff,0xff,0xff,0xff,0xff,0xff,0xff,0xff,0xff,0xff,0xff,0xff,0xff,0xff,0xff,0xff,0xff,0xff,0xff,0xff,
    0xff,0xff,0xff,0xff,0xc7,0x28,0x00,0x00,0x00,0x00,0x00,0x00,0x00,0x00,0x00,0x00,0x00,0x00,0x00,0x00,0x00,0x00,0x00,0x00,
    0x00,0x00,0x00,0x00,0x00,0x00,0x00,0x00,0x00,0x00,0x00,0x00,0x00,0x00,0x00,0x00,0x00,0x00,0x00,0x00,0x00,0x00,0x00,0x00,
    0x00,0x00,0x00,0x00,0x00,0x00,0x00,0x00,0x00,0x08,0x9f,0xff,0xff,0xff,0xff,0xff,0xff,0xff,0xff,0xff,0xff,0xff,0xff,0xff,
    0xff,0xff,0xff,0xff,0xff,0xff,0xff,0xff,0xff,0xff,0xff,0xff,0xff,0xff,0xff,0xff,0xff,0xff,0xff,0xff,0xff,0xff,0xff,0xff,
    0xff,0xff,0xff,0xff,0xff,0xff,0xff,0xff,0xff,0xff,0xff,0xff,0xff,0xff,0xff,0xff,0xff,0xff,0xff,0xff,0xff,0xa7,0x08,0x00,
    0x00,0x00,0x00,0x00,0x00,0x00,0x00,0x00,0x00,0x00,0x00,0x00,0x00,0x00,0x00,0x00,0x00,0x00,0x00,0x00,0x00,0x00,0x00,0x00,
    0x00,0x00,0x00,0x00,0x00,0x00,0x00,0x00,0x00,0x00,0x00,0x00,0x00,0x00,0x00,0x00,0x00,0x00,0x00,0x00,0x00,0x00,0x00,0x00,
    0x00,0x80,0xf7,0xff,0xff,0xff,0xff,0xff,0xff,0xff,0xff,0xff,0xff,0xff,0xff,0xff,0xff,0xff,0xff,0xff,0xff,0xff,0xff,0xff,
    0xff,0xff,0xff,0xff,0xff,0xff,0xff,0xff,0xff,0xff,0xff,0xff,0xff,0xff,0xff,0xff,0xff,0xff,0xff,0xff,0xff,0xff,0xff,0xff,
    0xff,0xff,0xff,0xff,0xff,0xff,0xff,0xff,0xff,0xff,0xff,0xff,0xff,0xf7,0x70,0x00,0x00,0x00,0x00,0x00,0x00,0x00,0x00,0x00,
    0x00,0x00,0x00,0x00,0x00,0x00,0x00,0x00,0x00,0x00,0x00,0x00,0x00,0x00,0x00,0x00,0x00,0x00,0x00,0x00,0x00,0x00,0x00,0x00,
    0x00,0x00,0x00,0x00,0x00,0x00,0x00,0x00,0x00,0x00,0x00,0x00,0x00,0x00,0x00,0x00,0x30,0xdf,0xff,0xff,0xff,0xff,0xff,0xff,
    0xff,0xff,0xff,0xff,0xff,0xff,0xff,0xff,0xff,0xff,0xff,0xff,0xff,0xff,0xff,0xff,0xff,0xff,0xff,0xff,0xff,0xff,0xff,0xff,
    0xff,0xff,0xff,0xff,0xff,0xff,0xff,0xff,0xff,0xff,0xff,0xff,0xff,0xff,0xff,0xff,0xff,0xff,0xff,0xff,0xff,0xff,0xff,0xff,
    0xff,0xff,0xff,0xff,0xff,0xff,0xd7,0x20,0x00,0x00,0x00,0x00,0x00,0x00,0x00,0x00,0x00,0x00,0x00,0x00,0x00,0x00,0x00,0x00,
    0x00,0x00,0x00,0x00,0x00,0x00,0x00,0x00,0x00,0x00,0x00,0x00,0x00,0x00,0x00,0x00,0x00,0x00,0x00,0x00,0x00,0x00,0x00,0x00,
    0x00,0x00,0x00,0x00,0x00,0x00,0x00,0x08,0xa7,0xff,0xff,0xff,0xff,0xff,0xff,0xff,0xff,0xff,0xff,0xff,0xff,0xff,0xff,0xff,
    0xff,0xff,0xff,0xff,0xff,0xff,0xff,0xff,0xff,0xff,0xff,0xff,0xff,0xff,0xff,0xff,0xff,0xff,0xff,0xff,0xff,0xff,0xff,0xff,
    0xff,0xff,0xff,0xff,0xff,0xff,0xff,0xff,0xff,0xff,0xff,0xff,0xff,0xff,0xff,0xff,0xff,0xff,0xff,0xff,0xff,0xff,0xf7,0x9f,
    0x08,0x00,0x00,0x00,0x00,0x00,0x00,0x00,0x00,0x00,0x00,0x00,0x00,0x00,0x00,0x00,0x00,0x00,0x00,0x00,0x00,0x00,0x00,0x00,
    0x00,0x00,0x00,0x00,0x00,0x00,0x00,0x00,0x00,0x00,0x00,0x00,0x00,0x00,0x00,0x00,0x00,0x00,0x00,0x00,0x00,0x00,0x00,0x40,
    0xf7,0xff,0xff,0xff,0xff,0xff,0xff,0xff,0xff,0xff,0xff,0xff,0xff,0xff,0xff,0xff,0xff,0xff,0xff,0xff,0xff,0xff,0xff,0xff,
    0xff,0xff,0xff,0xff,0xff,0xff,0xff,0xff,0xff,0xff,0xff,0xff,0xff,0xff,0xff,0xff,0xff,0xff,0xff,0xff,0xff,0xff,0xff,0xff,
    0xff,0xff,0xff,0xff,0xff,0xff,0xff,0xff,0xff,0xff,0xff,0xff,0xff,0xff,0xff,0xef,0x40,0x00,0x00,0x00,0x00,0x00,0x00,0x00,
    0x00,0x00,0x00,0x00,0x00,0x00,0x00,0x00,0x00,0x00,0x00,0x00,0x00,0x00,0x00,0x00,0x00,0x00,0x00,0x00,0x00,0x00,0x00,0x00,
    0x00,0x00,0x00,0x00,0x00,0x00,0x00,0x00,0x00,0x00,0x00,0x00,0x00,0x00,0x10,0xaf,0xff,0xff,0xff,0xff,0xff,0xff,0xff,0xff,
    0xff,0xff,0xff,0xff,0xff,0xff,0xff,0xff,0xff,0xff,0xff,0xff,0xff,0xff,0xff,0xff,0xff,0xff,0xff,0xff,0xff,0xff,0xff,0xff,
    0xff,0xff,0xff,0xff,0xff,0xff,0xff,0xff,0xff,0xff,0xff,0xff,0xff,0xff,0xff,0xff,0xff,0xff,0xff,0xff,0xff,0xff,0xff,0xff,
    0xff,0xff,0xff,0xff,0xff,0xff,0xff,0xff,0xbf,0x08,0x00,0x00,0x00,0x00,0x00,0x00,0x00,0x00,0x00,0x00,0x00,0x00,0x00,0x00,
    0x00,0x00,0x00,0x00,0x00,0x00,0x00,0x00,0x00,0x00,0x00,0x00,0x00,0x00,0x00,0x00,0x00,0x00,0x00,0x00,0x00,0x00,0x00,0x00,
    0x00,0x00,0x00,0x00,0x00,0x00,0x48,0xf7,0xff,0xff,0xff,0xff,0xff,0xff,0xff,0xff,0xff,0xff,0xff,0xff,0xff,0xff,0xff,0xff,
    0xff,0xff,0xff,0xff,0xff,0xff,0xff,0xff,0xff,0xff,0xff,0xff,0xff,0xff,0xff,0xff,0xff,0xff,0xff,0xff,0xff,0xff,0xff,0xff,
    0xff,0xff,0xff,0xff,0xff,0xff,0xff,0xff,0xff,0xff,0xff,0xff,0xff,0xff,0xff,0xff,0xff,0xff,0xff,0xff,0xff,0xff,0xff,0xff,
    0xe7,0x50,0x00,0x00,0x00,0x00,0x00,0x00,0x00,0x00,0x00,0x00,0x00,0x00,0x00,0x00,0x00,0x00,0x00,0x00,0x00,0x00,0x00,0x00,
    0x00,0x00,0x00,0x00,0x00,0x00,0x00,0x00,0x00,0x00,0x00,0x00,0x00,0x00,0x00,0x00,0x00,0x00,0x00,0x00,0x00,0x08,0x9f,0xff,
    0xff,0xff,0xff,0xff,0xff,0xff,0xff,0xff,0xff,0xff,0xff,0xff,0xff,0xff,0xff,0xff,0xff,0xff,0xff,0xff,0xff,0xff,0xff,0xff,
    0xff,0xff,0xff,0xff,0xff,0xff,0xff,0xff,0xff,0xff,0xff,0xff,0xff,0xff,0xff,0xff,0xff,0xff,0xff,0xff,0xff,0xff,0xff,0xff,
    0xff,0xff,0xff,0xff,0xff,0xff,0xff,0xff,0xff,0xff,0xff,0xff,0xff,0xff,0xff,0xff,0xf7,0xb7,0x08,0x00,0x00,0x00,0x00,0x00,
    0x00,0x00,0x00,0x00,0x00,0x00,0x00,0x00,0x00,0x00,0x00,0x00,0x00,0x00,0x00,0x00,0x00,0x00,0x00,0x00,0x00,0x00,0x00,0x00,
    0x00,0x00,0x00,0x00,0x00,0x00,0x00,0x00,0x00,0x00,0x00,0x00,0x00,0x18,0xf7,0xff,0xff,0xff,0xff,0xff,0xff,0xff,0xff,0xff,
    0xff,0xff,0xff,0xff,0xff,0xff,0xff,0xff,0xff,0xff,0xff,0xff,0xff,0xff,0xff,0xff,0xff,0xff,0xff,0xff,0xff,0xff,0xff,0xff,
    0xff,0xff,0xff,0xff,0xff,0xff,0xff,0xff,0xff,0xff,0xff,0xff,0xff,0xff,0xff,0xff,0xff,0xff,0xff,0xff,0xff,0xff,0xff,0xff,
    0xff,0xff,0xff,0xff,0xff,0xff,0xff,0xff,0xff,0xe7,0x30,0x00,0x00,0x00,0x00,0x00,0x00,0x00,0x00,0x00,0x00,0x00,0x00,0x00,
    0x00,0x00,0x00,0x00,0x00,0x00,0x00,0x00,0x00,0x00,0x00,0x00,0x00,0x00,0x00,0x00,0x00,0x00,0x00,0x00,0x00,0x00,0x00,0x00,
    0x00,0x00,0x00,0x00,0x00,0x60,0xff,0xff,0xff,0xff,0xff,0xff,0xff,0xff,0xff,0xff,0xff,0xff,0xff,0xff,0xff,0xff,0xff,0xff,
    0xff,0xff,0xff,0xff,0xff,0xff,0xff,0xff,0xff,0xff,0xff,0xff,0xff,0xff,0xff,0xff,0xff,0xff,0xff,0xff,0xff,0xff,0xff,0xff,
    0xff,0xff,0xff,0xff,0xff,0xff,0xff,0xff,0xff,0xff,0xff,0xff,0xff,0xff,0xff,0xff,0xff,0xff,0xff,0xff,0xff,0xff,0xff,0xff,
    0xff,0xff,0x78,0x08,0x00,0x00,0x00,0x00,0x00,0x00,0x00,0x00,0x00,0x00,0x00,0x00,0x00,0x00,0x00,0x00,0x00,0x00,0x00,0x00,
    0x00,0x00,0x00,0x00,0x00,0x00,0x00,0x00,0x00,0x00,0x00,0x00,0x00,0x00,0x00,0x00,0x00,0x00,0x00,0x08,0x08,0xbf,0xff,0xff,
    0xff,0xff,0xff,0xff,0xff,0xff,0xff,0xff,0xff,0xff,0xff,0xff,0xff,0xff,0xff,0xff,0xff,0xff,0xff,0xff,0xff,0xff,0xff,0xff,
    0xff,0xff,0xff,0xff,0xff,0xff,0xff,0xff,0xff,0xff,0xff,0xff,0xff,0xff,0xff,0xff,0xff,0xff,0xff,0xff,0xff,0xff,0xff,0xff,
    0xff,0xff,0xff,0xff,0xff,0xff,0xff,0xff,0xff,0xff,0xff,0xff,0xff,0xff,0xff,0xff,0xff,0xff,0xbf,0x10,0x08,0x00,0x00,0x00,
    0x00,0x00,0x00,0x00,0x00,0x00,0x00,0x00,0x00,0x00,0x00,0x00,0x00,0x00,0x00,0x00,0x00,0x00,0x00,0x00,0x00,0x00,0x00,0x00,
    0x00,0x00,0x00,0x00,0x00,0x08,0x08,0x38,0x58,0x80,0x8f,0x8f,0x8f,0xef,0xff,0xff,0xff,0xff,0xff,0xff,0xff,0xff,0xff,0xff,
    0xff,0xff,0xff,0xff,0xff,0xff,0xff,0xff,0xff,0xff,0xff,0xff,0xff,0xff,0xff,0xff,0xff,0xff,0xff,0xff,0xff,0xff,0xff,0xff,
    0xff,0xff,0xff,0xff,0xff,0xff,0xff,0xff,0xff,0xff,0xff,0xff,0xff,0xff,0xff,0xff,0xff,0xff,0xff,0xff,0xff,0xff,0xff,0xff,
    0xff,0xff,0xff,0xff,0xff,0xff,0xff,0xff,0xff,0xff,0xf7,0x8f,0x97,0x9f,0x80,0x58,0x30,0x08,0x00,0x00,0x00,0x00,0x00,0x00,
    0x00,0x00,0x00,0x00,0x00,0x00,0x00,0x00,0x00,0x00,0x00,0x00,0x00,0x00,0x00,0x00,0x00,0x00,0x00,0x00,0x00,0x50,0xb7,0xe7,
    0xf7,0xff,0xff,0xff,0xff,0xff,0xff,0xff,0xff,0xff,0xff,0xff,0xff,0xff,0xff,0xff,0xff,0xff,0xff,0xff,0xff,0xff,0xff,0xff,
    0xff,0xff,0xff,0xff,0xff,0xff,0xff,0xff,0xff,0xff,0xff,0xff,0xff,0xff,0xff,0xff,0xff,0xff,0xff,0xff,0xff,0xff,0xff,0xff,
    0xff,0xff,0xff,0xff,0xff,0xff,0xff,0xff,0xff,0xff,0xff,0xff,0xff,0xff,0xff,0xff,0xff,0xff,0xff,0xff,0xff,0xff,0xff,0xff,
    0xff,0xff,0xff,0xff,0xf7,0xff,0xff,0xf7,0xdf,0xb7,0x40,0x00,0x00,0x00,0x00,0x00,0x00,0x00,0x00,0x00,0x00,0x00,0x00,0x00,
    0x00,0x00,0x00,0x00,0x00,0x00,0x00,0x00,0x00,0x00,0x00,0x08,0x60,0xdf,0xff,0xff,0xff,0xff,0xff,0xff,0xff,0xff,0xff,0xff,
    0xff,0xff,0xff,0xff,0xff,0xff,0xff,0xff,0xff,0xff,0xff,0xff,0xff,0xff,0xff,0xff,0xff,0xff,0xff,0xff,0xff,0xff,0xff,0xff,
    0xff,0xff,0xff,0xff,0xff,0xff,0xff,0xff,0xff,0xff,0xff,0xff,0xff,0xff,0xff,0xff,0xff,0xff,0xff,0xff,0xff,0xff,0xff,0xff,
    0xff,0xff,0xff,0xff,0xff,0xff,0xff,0xff,0xff,0xff,0xff,0xff,0xff,0xff,0xff,0xff,0xff,0xff,0xff,0xff,0xff,0xff,0xff,0xff,
    0xff,0xff,0xe7,0x60,0x10,0x00,0x00,0x00,0x00,0x00,0x00,0x00,0x00,0x00,0x00,0x00,0x00,0x00,0x00,0x00,0x00,0x00,0x00,0x00,
    0x00,0x00,0x00,0x58,0xef,0xff,0xff,0xff,0xff,0xff,0xff,0xff,0xff,0xff,0xff,0xff,0xff,0xff,0xff,0xff,0xff,0xff,0xff,0xff,
    0xff,0xff,0xff,0xff,0xff,0xff,0xff,0xff,0xff,0xff,0xff,0xff,0xff,0xff,0xff,0xff,0xff,0xff,0xff,0xff,0xff,0xff,0xff,0xff,
    0xff,0xff,0xff,0xff,0xff,0xff,0xff,0xff,0xff,0xff,0xff,0xff,0xff,0xff,0xff,0xff,0xff,0xff,0xff,0xff,0xff,0xff,0xff,0xff,
    0xff,0xff,0xff,0xff,0xff,0xff,0xff,0xff,0xff,0xff,0xff,0xff,0xff,0xff,0xff,0xff,0xff,0xff,0xff,0xe7,0x58,0x00,0x00,0x00,
    0x00,0x00,0x00,0x00,0x00,0x00,0x00,0x00,0x00,0x00,0x00,0x00,0x00,0x00,0x00,0x00,0x00,0x00,0x20,0xdf,0xff,0xff,0xff,0xff,
    0xff,0xff,0xff,0xff,0xff,0xff,0xff,0xff,0xff,0xff,0xff,0xff,0xff,0xff,0xff,0xff,0xff,0xff,0xff,0xff,0xff,0xff,0xff,0xff,
    0xff,0xff,0xff,0xff,0xff,0xff,0xff,0xff,0xff,0xff,0xff,0xff,0xff,0xff,0xff,0xff,0xff,0xff,0xff,0xff,0xff,0xff,0xff,0xff,
    0xff,0xff,0xff,0xff,0xff,0xff,0xff,0xff,0xff,0xff,0xff,0xff,0xff,0xff,0xff,0xff,0xff,0xff,0xff,0xff,0xff,0xff,0xff,0xff,
    0xff,0xff,0xff,0xff,0xff,0xff,0xff,0xff,0xff,0xff,0xff,0xff,0xd7,0x10,0x00,0x00,0x00,0x00,0x00,0x00,0x00,0x00,0x00,0x00,
    0x00,0x00,0x00,0x00,0x00,0x00,0x00,0x00,0x00,0x00,0x70,0xff,0xff,0xff,0xff,0xff,0xff,0xff,0xff,0xff,0xff,0xff,0xff,0xff,
    0xff,0xff,0xff,0xff,0xff,0xff,0xff,0xff,0xff,0xff,0xff,0xff,0xff,0xff,0xff,0xff,0xff,0xff,0xff,0xff,0xff,0xff,0xff,0xff,
    0xff,0xff,0xff,0xff,0xff,0xff,0xff,0xff,0xff,0xff,0xff,0xff,0xff,0xff,0xff,0xff,0xff,0xff,0xff,0xff,0xff,0xff,0xff,0xff,
    0xff,0xff,0xff,0xff,0xff,0xff,0xff,0xff,0xff,0xff,0xff,0xff,0xff,0xff,0xff,0xff,0xff,0xff,0xff,0xff,0xff,0xff,0xff,0xff,
    0xff,0xff,0xff,0xff,0xff,0x70,0x00,0x00,0x00,0x00,0x00,0x00,0x00,0x00,0x00,0x00,0x00,0x00,0x00,0x00,0x00,0x00,0x00,0x00,
    0x00,0x00,0xa7,0xff,0xff,0xff,0xff,0xff,0xff,0xff,0xff,0xff,0xff,0xff,0xff,0xff,0xff,0xff,0xff,0xff,0xff,0xff,0xff,0xff,
    0xff,0xff,0xff,0xff,0xff,0xff,0xff,0xff,0xff,0xff,0xff,0xff,0xff,0xff,0xff,0xff,0xff,0xff,0xff,0xff,0xff,0xff,0xff,0xff,
    0xff,0xff,0xff,0xff,0xff,0xff,0xff,0xff,0xff,0xff,0xff,0xff,0xff,0xff,0xff,0xff,0xff,0xff,0xff,0xff,0xff,0xff,0xff,0xff,
    0xff,0xff,0xff,0xff,0xff,0xff,0xff,0xff,0xff,0xff,0xff,0xff,0xff,0xff,0xff,0xff,0xff,0xff,0xff,0xff,0xff,0xa7,0x08,0x00,
    0x00,0x00,0x00,0x00,0x00,0x00,0x00,0x00,0x00,0x00,0x00,0x00,0x00,0x00,0x00,0x00,0x00,0x10,0xcf,0xff,0xff,0xff,0xff,0xff,
    0xff,0xff,0xff,0xff,0xff,0xff,0xff,0xff,0xff,0xff,0xff,0xff,0xff,0xff,0xff,0xff,0xff,0xff,0xff,0xff,0xff,0xff,0xff,0xff,
    0xff,0xff,0xff,0xff,0xff,0xff,0xff,0xff,0xff,0xff,0xff,0xff,0xff,0xff,0xff,0xff,0xff,0xff,0xff,0xff,0xff,0xff,0xff,0xff,
    0xff,0xff,0xff,0xff,0xff,0xff,0xff,0xff,0xff,0xff,0xff,0xff,0xff,0xff,0xff,0xff,0xff,0xff,0xff,0xff,0xff,0xff,0xff,0xff,
    0xff,0xff,0xff,0xff,0xff,0xff,0xff,0xff,0xff,0xff,0xff,0xff,0xff,0xc7,0x10,0x00,0x00,0x00,0x00,0x00,0x00,0x00,0x00,0x00,
    0x00,0x00,0x00,0x00,0x00,0x00,0x00,0x00,0x00,0x10,0xcf,0xff,0xff,0xff,0xff,0xff,0xff,0xff,0xff,0xff,0xff,0xff,0xff,0xff,
    0xff,0xff,0xff,0xff,0xff,0xff,0xff,0xff,0xff,0xff,0xff,0xff,0xff,0xff,0xff,0xff,0xff,0xff,0xff,0xff,0xff,0xff,0xff,0xff,
    0xff,0xff,0xff,0xff,0xff,0xff,0xff,0xff,0xff,0xff,0xff,0xff,0xff,0xff,0xff,0xff,0xff,0xff,0xff,0xff,0xff,0xff,0xff,0xff,
    0xff,0xff,0xff,0xff,0xff,0xff,0xff,0xff,0xff,0xff,0xff,0xff,0xff,0xff,0xff,0xff,0xff,0xff,0xff,0xff,0xff,0xff,0xff,0xff,
    0xff,0xff,0xff,0xff,0xff,0xd7,0x10,0x00,0x00,0x00,0x00,0x00,0x00,0x00,0x00,0x00,0x00,0x00,0x00,0x00,0x00,0x00,0x00,0x00,
    0x00,0x10,0xcf,0xff,0xff,0xff,0xff,0xff,0xff,0xff,0xff,0xff,0xff,0xff,0xff,0xff,0xff,0xff,0xff,0xff,0xff,0xff,0xff,0xff,
    0xff,0xff,0xff,0xff,0xff,0xff,0xff,0xff,0xff,0xff,0xff,0xff,0xff,0xff,0xff,0xff,0xff,0xff,0xff,0xff,0xff,0xff,0xff,0xff,
    0xff,0xff,0xff,0xff,0xff,0xff,0xff,0xff,0xff,0xff,0xff,0xff,0xff,0xff,0xff,0xff,0xff,0xff,0xff,0xff,0xff,0xff,0xff,0xff,
    0xff,0xff,0xff,0xff,0xff,0xff,0xff,0xff,0xff,0xff,0xff,0xff,0xff,0xff,0xff,0xff,0xff,0xff,0xff,0xff,0xff,0xcf,0x10,0x00,
    0x00,0x00,0x00,0x00,0x00,0x00,0x00,0x00,0x00,0x00,0x00,0x00,0x00,0x00,0x00,0x00,0x00,0x08,0xcf,0xf7,0xff,0xff,0xff,0xff,
    0xff,0xff,0xff,0xff,0xff,0xff,0xff,0xff,0xff,0xff,0xff,0xff,0xff,0xff,0xff,0xff,0xff,0xff,0xff,0xff,0xff,0xff,0xff,0xff,
    0xff,0xff,0xff,0xff,0xff,0xff,0xff,0xff,0xff,0xff,0xff,0xff,0xff,0xff,0xff,0xff,0xff,0xff,0xff,0xff,0xff,0xff,0xff,0xff,
    0xff,0xff,0xff,0xff,0xff,0xff,0xff,0xff,0xff,0xff,0xff,0xff,0xff,0xff,0xff,0xff,0xff,0xff,0xff,0xff,0xff,0xff,0xff,0xff,
    0xff,0xff,0xff,0xff,0xff,0xff,0xff,0xff,0xff,0xff,0xff,0xff,0xff,0xcf,0x10,0x00,0x00,0x00,0x00,0x00,0x00,0x00,0x00,0x00,
    0x00,0x00,0x00,0x00,0x00,0x00,0x00,0x00,0x00,0x10,0xcf,0xff,0xff,0xff,0xff,0xff,0xff,0xff,0xff,0xff,0xff,0xff,0xff,0xff,
    0xff,0xff,0xff,0xff,0xff,0xff,0xff,0xff,0xff,0xff,0xff,0xff,0xff,0xff,0xff,0xff,0xff,0xff,0xff,0xff,0xff,0xff,0xff,0xff,
    0xff,0xff,0xff,0xff,0xff,0xff,0xff,0xff,0xff,0xff,0xff,0xff,0xff,0xff,0xff,0xff,0xff,0xff,0xff,0xff,0xff,0xff,0xff,0xff,
    0xff,0xff,0xff,0xff,0xff,0xff,0xff,0xff,0xff,0xff,0xff,0xff,0xff,0xff,0xff,0xff,0xff,0xff,0xff,0xff,0xff,0xff,0xff,0xff,
    0xff,0xff,0xff,0xff,0xff,0xd7,0x08,0x00,0x00,0x00,0x00,0x00,0x00,0x00,0x00,0x00,0x00,0x00,0x00,0x00,0x00,0x00,0x00,0x00,
    0x00,0x10,0xd7,0xff,0xff,0xff,0xff,0xff,0xff,0xff,0xff,0xff,0xff,0xff,0xff,0xff,0xff,0xff,0xff,0xff,0xff,0xff,0xff,0xff,
    0xff,0xff,0xff,0xff,0xff,0xff,0xff,0xff,0xff,0xff,0xff,0xff,0xff,0xff,0xff,0xff,0xff,0xff,0xff,0xff,0xff,0xff,0xff,0xff,
    0xff,0xff,0xff,0xff,0xff,0xff,0xff,0xff,0xff,0xff,0xff,0xff,0xff,0xff,0xff,0xff,0xff,0xff,0xff,0xff,0xff,0xff,0xff,0xff,
    0xff,0xff,0xff,0xff,0xff,0xff,0xff,0xff,0xff,0xff,0xff,0xff,0xff,0xff,0xff,0xff,0xff,0xff,0xff,0xff,0xff,0xcf,0x10,0x00,
    0x00,0x00,0x00,0x00,0x00,0x00,0x00,0x00,0x00,0x00,0x00,0x00,0x00,0x00,0x00,0x00,0x00,0x08,0xcf,0xff,0xff,0xff,0xff,0xff,
    0xff,0xff,0xff,0xff,0xff,0xff,0xff,0xff,0xff,0xff,0xff,0xff,0xff,0xff,0xff,0xff,0xff,0xff,0xff,0xff,0xff,0xff,0xff,0xff,
    0xff,0xff,0xff,0xff,0xff,0xff,0xff,0xff,0xff,0xff,0xff,0xff,0xff,0xff,0xff,0xff,0xff,0xff,0xff,0xff,0xff,0xff,0xff,0xff,
    0xff,0xff,0xff,0xff,0xff,0xff,0xff,0xff,0xff,0xff,0xff,0xff,0xff,0xff,0xff,0xff,0xff,0xff,0xff,0xff,0xff,0xff,0xff,0xff,
    0xff,0xff,0xff,0xff,0xff,0xff,0xff,0xff,0xff,0xff,0xff,0xff,0xff,0xcf,0x10,0x00,0x00,0x00,0x00,0x00,0x00,0x00,0x00,0x00,
    0x00,0x00,0x00,0x00,0x00,0x00,0x00,0x00,0x00,0x18,0xc7,0xff,0xff,0xff,0xff,0xff,0xff,0xff,0xff,0xff,0xff,0xff,0xff,0xff,
    0xff,0xff,0xff,0xff,0xff,0xff,0xff,0xff,0xff,0xff,0xff,0xff,0xff,0xff,0xff,0xff,0xff,0xff,0xff,0xff,0xff,0xff,0xff,0xff,
    0xff,0xff,0xff,0xff,0xff,0xff,0xff,0xff,0xff,0xff,0xff,0xff,0xff,0xff,0xff,0xff,0xff,0xff,0xff,0xff,0xff,0xff,0xff,0xff,
    0xff,0xff,0xff,0xff,0xff,0xff,0xff,0xff,0xff,0xff,0xff,0xff,0xff,0xff,0xff,0xff,0xff,0xff,0xff,0xff,0xff,0xff,0xff,0xff,
    0xff,0xff,0xff,0xff,0xff,0xcf,0x10,0x00,0x00,0x00,0x00,0x00,0x00,0x00,0x00,0x00,0x00,0x00,0x00,0x00,0x00,0x00,0x00,0x00,
    0x00,0x08,0xb7,0xff,0xff,0xff,0xff,0xff,0xff,0xff,0xff,0xff,0xff,0xff,0xff,0xff,0xff,0xff,0xff,0xff,0xff,0xff,0xff,0xff,
    0xff,0xff,0xff,0xff,0xff,0xff,0xff,0xff,0xff,0xff,0xff,0xff,0xff,0xff,0xff,0xff,0xff,0xff,0xff,0xff,0xff,0xff,0xff,0xff,
    0xff,0xff,0xff,0xff,0xff,0xff,0xff,0xff,0xff,0xff,0xff,0xff,0xff,0xff,0xff,0xff,0xff,0xff,0xff,0xff,0xff,0xff,0xff,0xff,
    0xff,0xff,0xff,0xff,0xff,0xff,0xff,0xff,0xff,0xff,0xff,0xff,0xff,0xff,0xff,0xff,0xff,0xff,0xff,0xff,0xff,0xb7,0x08,0x00,
    0x00,0x00,0x00,0x00,0x00,0x00,0x00,0x00,0x00,0x00,0x00,0x00,0x00,0x00,0x00,0x00,0x00,0x00,0x70,0xf7,0xff,0xff,0xff,0xff,
    0xff,0xff,0xff,0xff,0xff,0xff,0xff,0xff,0xff,0xff,0xff,0xff,0xff,0xff,0xff,0xff,0xff,0xff,0xff,0xff,0xff,0xff,0xff,0xff,
    0xff,0xff,0xff,0xff,0xff,0xff,0xff,0xff,0xff,0xff,0xff,0xff,0xff,0xff,0xff,0xff,0xff,0xff,0xff,0xff,0xff,0xff,0xff,0xff,
    0xff,0xff,0xff,0xff,0xff,0xff,0xff,0xff,0xff,0xff,0xff,0xff,0xff,0xff,0xff,0xff,0xff,0xff,0xff,0xff,0xff,0xff,0xff,0xff,
    0xff,0xff,0xff,0xff,0xff,0xff,0xff,0xff,0xff,0xff,0xff,0xff,0xff,0x78,0x00,0x00,0x00,0x00,0x00,0x00,0x00,0x00,0x00,0x00,
    0x00,0x00,0x00,0x00,0x00,0x00,0x00,0x00,0x00,0x00,0x30,0xff,0xff,0xff,0xff,0xff,0xff,0xff,0xff,0xff,0xff,0xff,0xff,0xff,
    0xff,0xff,0xff,0xff,0xff,0xff,0xff,0xff,0xff,0xff,0xff,0xff,0xff,0xff,0xff,0xff,0xff,0xff,0xff,0xff,0xff,0xff,0xff,0xff,
    0xff,0xff,0xff,0xff,0xff,0xff,0xff,0xff,0xff,0xff,0xff,0xff,0xff,0xff,0xff,0xff,0xff,0xff,0xff,0xff,0xff,0xff,0xff,0xff,
    0xff,0xff,0xff,0xff,0xff,0xff,0xff,0xff,0xff,0xff,0xff,0xff,0xff,0xff,0xff,0xff,0xff,0xff,0xff,0xff,0xff,0xff,0xff,0xff,
    0xff,0xff,0xff,0xff,0xdf,0x38,0x00,0x00,0x00,0x00,0x00,0x00,0x00,0x00,0x00,0x00,0x00,0x00,0x00,0x00,0x00,0x00,0x00,0x00,
    0x00,0x00,0x08,0xb7,0xff,0xff,0xff,0xff,0xff,0xff,0xff,0xff,0xff,0xff,0xff,0xff,0xff,0xff,0xff,0xff,0xff,0xff,0xff,0xff,
    0xff,0xff,0xff,0xff,0xff,0xff,0xff,0xff,0xff,0xff,0xff,0xff,0xff,0xff,0xff,0xff,0xff,0xff,0xff,0xff,0xff,0xff,0xff,0xff,
    0xff,0xff,0xff,0xff,0xff,0xff,0xff,0xff,0xff,0xff,0xff,0xff,0xff,0xff,0xff,0xff,0xff,0xff,0xff,0xff,0xff,0xff,0xff,0xff,
    0xff,0xff,0xff,0xff,0xff,0xff,0xff,0xff,0xff,0xff,0xff,0xff,0xff,0xff,0xff,0xff,0xff,0xff,0xff,0xff,0xaf,0x10,0x00,0x00,
    0x00,0x00,0x00,0x00,0x00,0x00,0x00,0x00,0x00,0x00,0x00,0x00,0x00,0x00,0x00,0x00,0x00,0x00,0x00,0x50,0xef,0xff,0xff,0xff,
    0xff,0xff,0xff,0xff,0xff,0xff,0xff,0xff,0xff,0xff,0xff,0xff,0xff,0xff,0xff,0xff,0xff,0xff,0xff,0xff,0xff,0xff,0xff,0xff,
    0xff,0xff,0xff,0xff,0xff,0xff,0xff,0xff,0xff,0xff,0xff,0xff,0xff,0xff,0xff,0xff,0xff,0xff,0xff,0xff,0xff,0xff,0xff,0xff,
    0xff,0xff,0xff,0xff,0xff,0xff,0xff,0xff,0xff,0xff,0xff,0xff,0xff,0xff,0xff,0xff,0xff,0xff,0xff,0xff,0xff,0xff,0xff,0xff,
    0xff,0xff,0xff,0xff,0xff,0xff,0xff,0xff,0xff,0xff,0xff,0xf7,0x50,0x00,0x00,0x00,0x00,0x00,0x00,0x00,0x00,0x00,0x00,0x00,
    0x00,0x00,0x00,0x00,0x00,0x00,0x00,0x00,0x00,0x00,0x00,0x00,0xa7,0xff,0xff,0xff,0xff,0xff,0xff,0xff,0xff,0xff,0xff,0xff,
    0xff,0xff,0xff,0xff,0xff,0xff,0xff,0xff,0xff,0xff,0xff,0xff,0xff,0xff,0xff,0xff,0xff,0xff,0xff,0xff,0xff,0xff,0xff,0xff,
    0xff,0xff,0xff,0xff,0xff,0xff,0xff,0xff,0xff,0xff,0xff,0xff,0xff,0xff,0xff,0xff,0xff,0xff,0xff,0xff,0xff,0xff,0xff,0xff,
    0xff,0xff,0xff,0xff,0xff,0xff,0xff,0xff,0xff,0xff,0xff,0xff,0xff,0xff,0xff,0xff,0xff,0xff,0xff,0xff,0xff,0xff,0xff,0xff,
    0xff,0xff,0xff,0xb7,0x10,0x00,0x00,0x00,0x00,0x00,0x00,0x00,0x00,0x00,0x00,0x00,0x00,0x00,0x00,0x00,0x00,0x00,0x00,0x00,
    0x00,0x00,0x00,0x00,0x38,0xdf,0xff,0xff,0xff,0xff,0xff,0xff,0xff,0xff,0xff,0xff,0xff,0xff,0xff,0xff,0xff,0xff,0xff,0xff,
    0xff,0xff,0xff,0xff,0xff,0xff,0xff,0xff,0xff,0xff,0xff,0xff,0xff,0xff,0xff,0xff,0xff,0xff,0xff,0xff,0xff,0xff,0xff,0xff,
    0xff,0xff,0xff,0xff,0xff,0xff,0xff,0xff,0xff,0xff,0xff,0xff,0xff,0xff,0xff,0xff,0xff,0xff,0xff,0xff,0xff,0xff,0xff,0xff,
    0xff,0xff,0xff,0xff,0xff,0xff,0xff,0xff,0xff,0xff,0xff,0xff,0xff,0xff,0xff,0xff,0xff,0xff,0xdf,0x38,0x00,0x00,0x00,0x00,
    0x00,0x00,0x00,0x00,0x00,0x00,0x00,0x00,0x00,0x00,0x00,0x00,0x00,0x00,0x00,0x00,0x00,0x00,0x00,0x00,0x00,0x38,0xdf,0xff,
    0xff,0xff,0xff,0xff,0xff,0xff,0xff,0xff,0xff,0xff,0xff,0xff,0xff,0xff,0xff,0xff,0xff,0xff,0xff,0xff,0xff,0xff,0xff,0xff,
    0xff,0xff,0xff,0xff,0xff,0xff,0xff,0xff,0xff,0xff,0xff,0xff,0xff,0xff,0xff,0xff,0xff,0xff,0xff,0xff,0xff,0xff,0xff,0xff,
    0xff,0xff,0xff,0xff,0xff,0xff,0xff,0xff,0xff,0xff,0xff,0xff,0xff,0xff,0xff,0xff,0xff,0xff,0xff,0xff,0xff,0xff,0xff,0xff,
    0xff,0xff,0xff,0xff,0xff,0xff,0xff,0xff,0xff,0xd7,0x38,0x08,0x00,0x00,0x00,0x00,0x00,0x00,0x00,0x00,0x00,0x00,0x00,0x00,
    0x00,0x00,0x00,0x00,0x00,0x00,0x00,0x00,0x00,0x00,0x00,0x00,0x00,0x08,0x30,0xa7,0xdf,0xf7,0xf7,0xef,0xef,0xff,0xff,0xff,
    0xff,0xff,0xff,0xff,0xff,0xff,0xff,0xff,0xff,0xff,0xff,0xff,0xff,0xff,0xff,0xff,0xff,0xff,0xff,0xff,0xff,0xff,0xff,0xff,
    0xff,0xff,0xff,0xff,0xff,0xff,0xff,0xff,0xff,0xff,0xff,0xff,0xff,0xff,0xff,0xff,0xff,0xff,0xff,0xff,0xff,0xff,0xff,0xff,
    0xff,0xff,0xff,0xff,0xff,0xff,0xff,0xff,0xff,0xff,0xff,0xff,0xff,0xff,0xff,0xff,0xff,0xff,0xff,0xf7,0xf7,0xf7,0xf7,0xdf,
    0x97,0x28,0x00,0x00,0x00,0x00,0x00,0x00,0x00,0x00,0x00,0x00,0x00,0x00,0x00,0x00,0x00,0x00,0x00,0x00,0x00,0x00,0x00,0x00,
    0x00,0x00,0x00,0x00,0x00,0x00,0x00,0x08,0x20,0x38,0x50,0x40,0x58,0xf7,0xff,0xff,0xff,0xff,0xff,0xff,0xff,0xff,0xff,0xff,
    0xff,0xff,0xff,0xff,0xff,0xff,0xff,0xff,0xff,0xff,0xff,0xff,0xff,0xff,0xff,0xff,0xff,0xff,0xff,0xff,0xff,0xff,0xff,0xff,
    0xff,0xff,0xff,0xff,0xff,0xff,0xff,0xff,0xff,0xff,0xff,0xff,0xff,0xff,0xff,0xff,0xff,0xff,0xff,0xff,0xff,0xff,0xff,0xff,
    0xff,0xff,0xff,0xff,0xff,0xff,0xff,0xff,0xff,0xff,0xef,0x50,0x38,0x50,0x48,0x18,0x08,0x00,0x00,0x00,0x00,0x00,0x00,0x00,
    0x00,0x00,0x00,0x00,0x00,0x00,0x00,0x00,0x00,0x00,0x00,0x00,0x00,0x00,0x00,0x00,0x00,0x00,0x00,0x00,0x00,0x00,0x00,0x00,
    0x00,0x00,0x08,0x00,0x08,0xd7,0xff,0xff,0xff,0xff,0xff,0xff,0xff,0xff,0xff,0xff,0xff,0xff,0xff,0xff,0xff,0xff,0xff,0xff,
    0xff,0xff,0xff,0xff,0xff,0xff,0xff,0xff,0xff,0xff,0xff,0xff,0xff,0xff,0xff,0xff,0xff,0xff,0xff,0xff,0xff,0xff,0xff,0xff,
    0xff,0xff,0xff,0xff,0xff,0xff,0xff,0xff,0xff,0xff,0xff,0xff,0xff,0xff,0xff,0xff,0xff,0xff,0xff,0xff,0xff,0xff,0xff,0xff,
    0xff,0xff,0xcf,0x10,0x00,0x00,0x00,0x00,0x00,0x00,0x00,0x00,0x00,0x00,0x00,0x00,0x00,0x00,0x00,0x00,0x00,0x00,0x00,0x00,
    0x00,0x00,0x00,0x00,0x00,0x00,0x00,0x00,0x00,0x00,0x00,0x00,0x00,0x00,0x00,0x00,0x00,0x00,0x00,0x00,0x00,0x78,0xff,0xff,
    0xff,0xff,0xff,0xff,0xff,0xff,0xff,0xff,0xff,0xff,0xff,0xff,0xff,0xff,0xff,0xff,0xff,0xff,0xff,0xff,0xff,0xff,0xff,0xff,
    0xff,0xff,0xff,0xff,0xff,0xff,0xff,0xff,0xff,0xff,0xff,0xff,0xff,0xff,0xff,0xff,0xff,0xff,0xff,0xff,0xff,0xff,0xff,0xff,
    0xff,0xff,0xff,0xff,0xff,0xff,0xff,0xff,0xff,0xff,0xff,0xff,0xff,0xff,0xff,0xff,0xff,0xff,0x87,0x00,0x00,0x00,0x00,0x00,
    0x00,0x00,0x00,0x00,0x00,0x00,0x00,0x00,0x00,0x00,0x00,0x00,0x00,0x00,0x00,0x00,0x00,0x00,0x00,0x00,0x00,0x00,0x00,0x00,
    0x00,0x00,0x00,0x00,0x00,0x00,0x00,0x00,0x00,0x00,0x00,0x00,0x00,0x40,0xf7,0xff,0xff,0xff,0xff,0xff,0xff,0xff,0xff,0xff,
    0xff,0xff,0xff,0xff,0xff,0xff,0xff,0xff,0xff,0xff,0xff,0xff,0xff,0xff,0xff,0xff,0xff,0xff,0xff,0xff,0xff,0xff,0xff,0xff,
    0xff,0xff,0xff,0xff,0xff,0xff,0xff,0xff,0xff,0xff,0xff,0xff,0xff,0xff,0xff,0xff,0xff,0xff,0xff,0xff,0xff,0xff,0xff,0xff,
    0xff,0xff,0xff,0xff,0xff,0xff,0xff,0xff,0xff,0xef,0x40,0x00,0x00,0x00,0x00,0x00,0x00,0x00,0x00,0x00,0x00,0x00,0x00,0x00,
    0x00,0x00,0x00,0x00,0x00,0x00,0x00,0x00,0x00,0x00,0x00,0x00,0x00,0x00,0x00,0x00,0x00,0x00,0x00,0x00,0x00,0x00,0x00,0x00,
    0x00,0x00,0x00,0x00,0x00,0x18,0xbf,0xff,0xff,0xff,0xff,0xff,0xff,0xff,0xff,0xff,0xff,0xff,0xff,0xff,0xff,0xff,0xff,0xff,
    0xff,0xff,0xff,0xff,0xff,0xff,0xff,0xff,0xff,0xff,0xff,0xff,0xff,0xff,0xff,0xff,0xff,0xff,0xff,0xff,0xff,0xff,0xff,0xff,
    0xff,0xff,0xff,0xff,0xff,0xff,0xff,0xff,0xff,0xff,0xff,0xff,0xff,0xff,0xff,0xff,0xff,0xff,0xff,0xff,0xff,0xff,0xff,0xff,
    0xff,0xbf,0x10,0x00,0x00,0x00,0x00,0x00,0x00,0x00,0x00,0x00,0x00,0x00,0x00,0x00,0x00,0x00,0x00,0x00,0x00,0x00,0x00,0x00,
    0x00,0x00,0x00,0x00,0x00,0x00,0x00,0x00,0x00,0x00,0x00,0x00,0x00,0x00,0x00,0x00,0x00,0x00,0x00,0x00,0x00,0x00,0x60,0xf7,
    0xff,0xff,0xff,0xff,0xff,0xff,0xff,0xff,0xff,0xff,0xff,0xff,0xff,0xff,0xff,0xff,0xff,0xff,0xff,0xff,0xff,0xff,0xff,0xff,
    0xff,0xff,0xff,0xff,0xff,0xff,0xff,0xff,0xff,0xff,0xff,0xff,0xff,0xff,0xff,0xff,0xff,0xff,0xff,0xff,0xff,0xff,0xff,0xff,
    0xff,0xff,0xff,0xff,0xff,0xff,0xff,0xff,0xff,0xff,0xff,0xff,0xff,0xff,0xff,0xff,0xf7,0x58,0x00,0x00,0x00,0x00,0x00,0x00,
    0x00,0x00,0x00,0x00,0x00,0x00,0x00,0x00,0x00,0x00,0x00,0x00,0x00,0x00,0x00,0x00,0x00,0x00,0x00,0x00,0x00,0x00,0x00,0x00,
    0x00,0x00,0x00,0x00,0x00,0x00,0x00,0x00,0x00,0x00,0x00,0x00,0x00,0x00,0x20,0xcf,0xff,0xff,0xff,0xff,0xff,0xff,0xff,0xff,
    0xff,0xff,0xff,0xff,0xff,0xff,0xff,0xff,0xff,0xff,0xff,0xff,0xff,0xff,0xff,0xff,0xff,0xff,0xff,0xff,0xff,0xff,0xff,0xff,
    0xff,0xff,0xff,0xff,0xff,0xff,0xff,0xff,0xff,0xff,0xff,0xff,0xff,0xff,0xff,0xff,0xff,0xff,0xff,0xff,0xff,0xff,0xff,0xff,
    0xff,0xff,0xff,0xff,0xff,0xff,0xff,0xff,0xc7,0x20,0x00,0x00,0x00,0x00,0x00,0x00,0x00,0x00,0x00,0x00,0x00,0x00,0x00,0x00,
    0x00,0x00,0x00,0x00,0x00,0x00,0x00,0x00,0x00,0x00,0x00,0x00,0x00,0x00,0x00,0x00,0x00,0x00,0x00,0x00,0x00,0x00,0x00,0x00,
    0x00,0x00,0x00,0x00,0x00,0x00,0x00,0x60,0xf7,0xff,0xff,0xff,0xff,0xff,0xff,0xff,0xff,0xff,0xff,0xff,0xff,0xff,0xff,0xff,
    0xff,0xff,0xff,0xff,0xff,0xff,0xff,0xff,0xff,0xff,0xff,0xff,0xff,0xff,0xff,0xff,0xff,0xff,0xff,0xff,0xff,0xff,0xff,0xff,
    0xff,0xff,0xff,0xff,0xff,0xff,0xff,0xff,0xff,0xff,0xff,0xff,0xff,0xff,0xff,0xff,0xff,0xff,0xff,0xff,0xff,0xff,0xff,0xff,
    0x68,0x00,0x00,0x00,0x00,0x00,0x00,0x00,0x00,0x00,0x00,0x00,0x00,0x00,0x00,0x00,0x00,0x00,0x00,0x00,0x00,0x00,0x00,0x00,
    0x00,0x00,0x00,0x00,0x00,0x00,0x00,0x00,0x00,0x00,0x00,0x00,0x00,0x00,0x00,0x00,0x00,0x00,0x00,0x00,0x00,0x00,0x00,0x10,
    0xcf,0xff,0xff,0xff,0xff,0xff,0xff,0xff,0xff,0xff,0xff,0xff,0xff,0xff,0xff,0xff,0xff,0xff,0xff,0xff,0xff,0xff,0xff,0xff,
    0xff,0xff,0xff,0xff,0xff,0xff,0xff,0xff,0xff,0xff,0xff,0xff,0xff,0xff,0xff,0xff,0xff,0xff,0xff,0xff,0xff,0xff,0xff,0xff,
    0xff,0xff,0xff,0xff,0xff,0xff,0xff,0xff,0xff,0xff,0xff,0xff,0xff,0xff,0xff,0xcf,0x10,0x00,0x00,0x00,0x00,0x00,0x00,0x00,
    0x00,0x00,0x00,0x00,0x00,0x00,0x00,0x00,0x00,0x00,0x00,0x00,0x00,0x00,0x00,0x00,0x00,0x00,0x00,0x00,0x00,0x00,0x00,0x00,
    0x00,0x00,0x00,0x00,0x00,0x00,0x00,0x00,0x00,0x00,0x00,0x00,0x00,0x00,0x00,0x00,0x60,0xf7,0xff,0xff,0xff,0xff,0xff,0xff,
    0xff,0xff,0xff,0xff,0xff,0xff,0xff,0xff,0xff,0xff,0xff,0xff,0xff,0xff,0xff,0xff,0xff,0xff,0xff,0xff,0xff,0xff,0xff,0xff,
    0xff,0xff,0xff,0xff,0xff,0xff,0xff,0xff,0xff,0xff,0xff,0xff,0xff,0xff,0xff,0xff,0xff,0xff,0xff,0xff,0xff,0xff,0xff,0xff,
    0xff,0xff,0xff,0xff,0xff,0xff,0xff,0x70,0x00,0x00,0x00,0x00,0x00,0x00,0x00,0x00,0x00,0x00,0x00,0x00,0x00,0x00,0x00,0x00,
    0x00,0x00,0x00,0x00,0x00,0x00,0x00,0x00,0x00,0x00,0x00,0x00,0x00,0x00,0x00,0x00,0x00,0x00,0x00,0x00,0x00,0x00,0x00,0x00,
    0x00,0x00,0x00,0x00,0x00,0x00,0x00,0x00,0x18,0xb7,0xff,0xff,0xff,0xff,0xff,0xff,0xff,0xff,0xff,0xff,0xff,0xff,0xff,0xff,
    0xff,0xff,0xff,0xff,0xff,0xff,0xff,0xff,0xff,0xff,0xff,0xff,0xff,0xff,0xff,0xff,0xff,0xff,0xff,0xff,0xff,0xff,0xff,0xff,
    0xff,0xff,0xff,0xff,0xff,0xff,0xff,0xff,0xff,0xff,0xff,0xff,0xff,0xff,0xff,0xff,0xff,0xff,0xff,0xff,0xff,0xff,0xbf,0x20,
    0x00,0x00,0x00,0x00,0x00,0x00,0x00,0x00,0x00,0x00,0x00,0x00,0x00,0x00,0x00,0x00,0x00,0x00,0x00,0x00,0x00,0x00,0x00,0x00,
    0x00,0x00,0x00,0x00,0x00,0x00,0x00,0x00,0x00,0x00,0x00,0x00,0x00,0x00,0x00,0x00,0x00,0x00,0x00,0x00,0x00,0x00,0x00,0x00,
    0x00,0x40,0xe7,0xff,0xff,0xff,0xff,0xff,0xff,0xff,0xff,0xff,0xff,0xff,0xff,0xff,0xff,0xff,0xff,0xff,0xff,0xff,0xff,0xff,
    0xff,0xff,0xff,0xff,0xff,0xff,0xff,0xff,0xff,0xff,0xff,0xff,0xff,0xff,0xff,0xff,0xff,0xff,0xff,0xff,0xff,0xff,0xff,0xff,
    0xff,0xff,0xff,0xff,0xff,0xff,0xff,0xff,0xff,0xff,0xff,0xff,0xff,0xe7,0x40,0x00,0x00,0x00,0x00,0x00,0x00,0x00,0x00,0x00,
    0x00,0x00,0x00,0x00,0x00,0x00,0x00,0x00,0x00,0x00,0x00,0x00,0x00,0x00,0x00,0x00,0x00,0x00,0x00,0x00,0x00,0x00,0x00,0x00,
    0x00,0x00,0x00,0x00,0x00,0x00,0x00,0x00,0x00,0x00,0x00,0x00,0x00,0x00,0x00,0x00,0x00,0x08,0x80,0xef,0xff,0xff,0xff,0xff,
    0xff,0xff,0xff,0xff,0xff,0xff,0xff,0xff,0xff,0xff,0xff,0xff,0xff,0xff,0xff,0xff,0xff,0xff,0xff,0xff,0xff,0xff,0xff,0xff,
    0xff,0xff,0xff,0xff,0xff,0xff,0xff,0xff,0xff,0xff,0xff,0xff,0xff,0xff,0xff,0xff,0xff,0xff,0xff,0xff,0xff,0xff,0xff,0xff,
    0xff,0xff,0xff,0xff,0xf7,0x78,0x00,0x00,0x00,0x00,0x00,0x00,0x00,0x00,0x00,0x00,0x00,0x00,0x00,0x00,0x00,0x00,0x00,0x00,
    0x00,0x00,0x00,0x00,0x00,0x00,0x00,0x00,0x00,0x00,0x00,0x00,0x00,0x00,0x00,0x00,0x00,0x00,0x00,0x00,0x00,0x00,0x00,0x00,
    0x00,0x00,0x00,0x00,0x00,0x00,0x00,0x00,0x00,0x00,0x20,0xbf,0xff,0xff,0xff,0xff,0xff,0xff,0xff,0xff,0xff,0xff,0xff,0xff,
    0xff,0xff,0xff,0xff,0xff,0xff,0xff,0xff,0xff,0xff,0xff,0xff,0xff,0xff,0xff,0xff,0xff,0xff,0xff,0xff,0xff,0xff,0xff,0xff,
    0xff,0xff,0xff,0xff,0xff,0xff,0xff,0xff,0xff,0xff,0xff,0xff,0xff,0xff,0xff,0xff,0xff,0xff,0xff,0xff,0xbf,0x18,0x00,0x00,
    0x00,0x00,0x00,0x00,0x00,0x00,0x00,0x00,0x00,0x00,0x00,0x00,0x00,0x00,0x00,0x00,0x00,0x00,0x00,0x00,0x00,0x00,0x00,0x00,
    0x00,0x00,0x00,0x00,0x00,0x00,0x00,0x00,0x00,0x00,0x00,0x00,0x00,0x00,0x00,0x00,0x00,0x00,0x00,0x00,0x00,0x00,0x00,0x00,
    0x00,0x00,0x00,0x38,0xd7,0xff,0xff,0xff,0xff,0xff,0xff,0xff,0xff,0xff,0xff,0xff,0xff,0xff,0xff,0xff,0xff,0xff,0xff,0xff,
    0xff,0xff,0xff,0xff,0xff,0xff,0xff,0xff,0xff,0xff,0xff,0xff,0xff,0xff,0xff,0xff,0xff,0xff,0xff,0xff,0xff,0xff,0xff,0xff,
    0xff,0xff,0xff,0xff,0xff,0xff,0xff,0xff,0xff,0xff,0xff,0xe7,0x38,0x00,0x00,0x00,0x00,0x00,0x00,0x00,0x00,0x00,0x00,0x00,
    0x00,0x00,0x00,0x00,0x00,0x00,0x00,0x00,0x00,0x00,0x00,0x00,0x00,0x00,0x00,0x00,0x00,0x00,0x00,0x00,0x00,0x00,0x00,0x00,
    0x00,0x00,0x00,0x00,0x00,0x00,0x00,0x00,0x00,0x00,0x00,0x00,0x00,0x00,0x00,0x00,0x00,0x00,0x00,0x08,0x58,0xef,0xff,0xff,
    0xff,0xff,0xff,0xff,0xff,0xff,0xff,0xff,0xff,0xff,0xff,0xff,0xff,0xff,0xff,0xff,0xff,0xff,0xff,0xff,0xff,0xff,0xff,0xff,
    0xff,0xff,0xff,0xff,0xff,0xff,0xff,0xff,0xff,0xff,0xff,0xff,0xff,0xff,0xff,0xff,0xff,0xff,0xff,0xff,0xff,0xff,0xff,0xff,
    0xff,0xff,0xe7,0x50,0x08,0x00,0x00,0x00,0x00,0x00,0x00,0x00,0x00,0x00,0x00,0x00,0x00,0x00,0x00,0x00,0x00,0x00,0x00,0x00,
    0x00,0x00,0x00,0x00,0x00,0x00,0x00,0x00,0x00,0x00,0x00,0x00,0x00,0x00,0x00,0x00,0x00,0x00,0x00,0x00,0x00,0x00,0x00,0x00,
    0x00,0x00,0x00,0x00,0x00,0x00,0x00,0x00,0x00,0x00,0x00,0x00,0x08,0x68,0xf7,0xff,0xff,0xff,0xff,0xff,0xff,0xff,0xff,0xff,
    0xff,0xff,0xff,0xff,0xff,0xff,0xff,0xff,0xff,0xff,0xff,0xff,0xff,0xff,0xff,0xff,0xff,0xff,0xff,0xff,0xff,0xff,0xff,0xff,
    0xff,0xff,0xff,0xff,0xff,0xff,0xff,0xff,0xff,0xff,0xff,0xff,0xff,0xff,0xff,0xff,0xff,0xef,0x70,0x00,0x00,0x00,0x00,0x00,
    0x00,0x00,0x00,0x00,0x00,0x00,0x00,0x00,0x00,0x00,0x00,0x00,0x00,0x00,0x00,0x00,0x00,0x00,0x00,0x00,0x00,0x00,0x00,0x00,
    0x00,0x00,0x00,0x00,0x00,0x00,0x00,0x00,0x00,0x00,0x00,0x00,0x00,0x00,0x00,0x00,0x00,0x00,0x00,0x00,0x00,0x00,0x00,0x00,
    0x00,0x00,0x00,0x00,0x00,0x08,0x8f,0xf7,0xff,0xff,0xff,0xff,0xff,0xff,0xff,0xff,0xff,0xff,0xff,0xff,0xff,0xff,0xff,0xff,
    0xff,0xff,0xff,0xff,0xff,0xff,0xff,0xff,0xff,0xff,0xff,0xff,0xff,0xff,0xff,0xff,0xff,0xff,0xff,0xff,0xff,0xff,0xff,0xff,
    0xff,0xff,0xff,0xff,0xff,0xff,0xff,0xff,0xff,0x8f,0x10,0x00,0x00,0x00,0x00,0x00,0x00,0x00,0x00,0x00,0x00,0x00,0x00,0x00,
    0x00,0x00,0x00,0x00,0x00,0x00,0x00,0x00,0x00,0x00,0x00,0x00,0x00,0x00,0x00,0x00,0x00,0x00,0x00,0x00,0x00,0x00,0x00,0x00,
    0x00,0x00,0x00,0x00,0x00,0x00,0x00,0x00,0x00,0x00,0x00,0x00,0x00,0x00,0x00,0x00,0x00,0x00,0x00,0x00,0x00,0x00,0x00,0x8f,
    0xf7,0xff,0xff,0xff,0xff,0xff,0xff,0xff,0xff,0xff,0xff,0xff,0xff,0xff,0xff,0xff,0xff,0xff,0xff,0xff,0xff,0xff,0xff,0xff,
    0xff,0xff,0xff,0xff,0xff,0xff,0xff,0xff,0xff,0xff,0xff,0xff,0xff,0xff,0xff,0xff,0xff,0xff,0xff,0xff,0xff,0xff,0xff,0xff,
    0x97,0x00,0x00,0x00,0x00,0x00,0x00,0x00,0x00,0x00,0x00,0x00,0x00,0x00,0x00,0x00,0x00,0x00,0x00,0x00,0x00,0x00,0x00,0x00,
    0x00,0x00,0x00,0x00,0x00,0x00,0x00,0x00,0x00,0x00,0x00,0x00,0x00,0x00,0x00,0x00,0x00,0x00,0x00,0x00,0x00,0x00,0x00,0x00,
    0x00,0x00,0x00,0x00,0x00,0x00,0x00,0x00,0x00,0x00,0x00,0x00,0x00,0x00,0x00,0x10,0x8f,0xef,0xff,0xff,0xff,0xff,0xff,0xff,
    0xff,0xff,0xff,0xff,0xff,0xff,0xff,0xff,0xff,0xff,0xff,0xff,0xff,0xff,0xff,0xff,0xff,0xff,0xff,0xff,0xff,0xff,0xff,0xff,
    0xff,0xff,0xff,0xff,0xff,0xff,0xff,0xff,0xff,0xff,0xff,0xff,0xff,0xff,0xff,0x87,0x10,0x00,0x00,0x00,0x00,0x00,0x00,0x00,
    0x00,0x00,0x00,0x00,0x00,0x00,0x00,0x00,0x00,0x00,0x00,0x00,0x00,0x00,0x00,0x00,0x00,0x00,0x00,0x00,0x00,0x00,0x00,0x00,
    0x00,0x00,0x00,0x00,0x00,0x00,0x00,0x00,0x00,0x00,0x00,0x00,0x00,0x00,0x00,0x00,0x00,0x00,0x00,0x00,0x00,0x00,0x00,0x00,
    0x00,0x00,0x00,0x00,0x00,0x00,0x00,0x08,0x10,0x78,0xe7,0xff,0xff,0xff,0xff,0xff,0xff,0xff,0xff,0xff,0xff,0xff,0xff,0xff,
    0xff,0xff,0xff,0xff,0xff,0xff,0xff,0xff,0xff,0xff,0xff,0xff,0xff,0xff,0xff,0xff,0xff,0xff,0xff,0xff,0xff,0xff,0xff,0xff,
    0xff,0xff,0xff,0xff,0xff,0xef,0x68,0x00,0x00,0x00,0x00,0x00,0x00,0x00,0x00,0x00,0x00,0x00,0x00,0x00,0x00,0x00,0x00,0x00,
    0x00,0x00,0x00,0x00,0x00,0x00,0x00,0x00,0x00,0x00,0x00,0x00,0x00,0x00,0x00,0x00,0x00,0x00,0x00,0x00,0x00,0x00,0x00,0x00,
    0x00,0x00,0x00,0x00,0x00,0x00,0x00,0x00,0x00,0x00,0x00,0x00,0x00,0x00,0x00,0x00,0x00,0x00,0x00,0x00,0x00,0x00,0x00,0x00,
    0x00,0x08,0x68,0xdf,0xff,0xff,0xff,0xff,0xff,0xff,0xff,0xff,0xff,0xff,0xff,0xff,0xff,0xff,0xff,0xff,0xff,0xff,0xff,0xff,
    0xff,0xff,0xff,0xff,0xff,0xff,0xff,0xff,0xff,0xff,0xff,0xff,0xff,0xff,0xff,0xff,0xff,0xff,0xff,0xff,0xd7,0x58,0x00,0x00,
    0x00,0x00,0x00,0x00,0x00,0x00,0x00,0x00,0x00,0x00,0x00,0x00,0x00,0x00,0x00,0x00,0x00,0x00,0x00,0x00,0x00,0x00,0x00,0x00,
    0x00,0x00,0x00,0x00,0x00,0x00,0x00,0x00,0x00,0x00,0x00,0x00,0x00,0x00,0x00,0x00,0x00,0x00,0x00,0x00,0x00,0x00,0x00,0x00,
    0x00,0x00,0x00,0x00,0x00,0x00,0x00,0x00,0x00,0x00,0x00,0x00,0x00,0x00,0x00,0x00,0x00,0x00,0x08,0x40,0xbf,0xff,0xff,0xff,
    0xff,0xff,0xff,0xff,0xff,0xff,0xff,0xff,0xff,0xff,0xff,0xff,0xff,0xff,0xff,0xff,0xff,0xff,0xff,0xff,0xff,0xff,0xff,0xff,
    0xff,0xff,0xff,0xff,0xff,0xff,0xff,0xff,0xff,0xff,0xf7,0xbf,0x38,0x08,0x00,0x00,0x00,0x00,0x00,0x00,0x00,0x00,0x00,0x00,
    0x00,0x00,0x00,0x00,0x00,0x00,0x00,0x00,0x00,0x00,0x00,0x00,0x00,0x00,0x00,0x00,0x00,0x00,0x00,0x00,0x00,0x00,0x00,0x00,
    0x00,0x00,0x00,0x00,0x00,0x00,0x00,0x00,0x00,0x00,0x00,0x00,0x00,0x00,0x00,0x00,0x00,0x00,0x00,0x00,0x00,0x00,0x00,0x00,
    0x00,0x00,0x00,0x00,0x00,0x00,0x00,0x00,0x00,0x00,0x00,0x00,0x18,0x80,0xe7,0xf7,0xff,0xff,0xff,0xff,0xff,0xff,0xff,0xff,
    0xff,0xff,0xff,0xff,0xff,0xff,0xff,0xff,0xff,0xff,0xff,0xff,0xff,0xff,0xff,0xff,0xff,0xff,0xff,0xff,0xff,0xff,0xff,0xff,
    0xff,0xef,0x87,0x20,0x00,0x00,0x00,0x00,0x00,0x00,0x00,0x00,0x00,0x00,0x00,0x00,0x00,0x00,0x00,0x00,0x00,0x00,0x00,0x00,
    0x00,0x00,0x00,0x00,0x00,0x00,0x00,0x00,0x00,0x00,0x00,0x00,0x00,0x00,0x00,0x00,0x00,0x00,0x00,0x00,0x00,0x00,0x00,0x00,
    0x00,0x00,0x00,0x00,0x00,0x00,0x00,0x00,0x00,0x00,0x00,0x00,0x00,0x00,0x00,0x00,0x00,0x00,0x00,0x00,0x00,0x00,0x00,0x00,
    0x00,0x00,0x00,0x00,0x00,0x00,0x40,0xa7,0xf7,0xff,0xff,0xff,0xff,0xff,0xff,0xff,0xff,0xff,0xff,0xff,0xff,0xff,0xff,0xff,
    0xff,0xff,0xff,0xff,0xff,0xff,0xff,0xff,0xff,0xff,0xff,0xff,0xff,0xff,0xff,0xef,0x97,0x48,0x00,0x00,0x00,0x00,0x00,0x00,
    0x00,0x00,0x00,0x00,0x00,0x00,0x00,0x00,0x00,0x00,0x00,0x00,0x00,0x00,0x00,0x00,0x00,0x00,0x00,0x00,0x00,0x00,0x00,0x00,
    0x00,0x00,0x00,0x00,0x00,0x00,0x00,0x00,0x00,0x00,0x00,0x00,0x00,0x00,0x00,0x00,0x00,0x00,0x00,0x00,0x00,0x00,0x00,0x00,
    0x00,0x00,0x00,0x00,0x00,0x00,0x00,0x00,0x00,0x00,0x00,0x00,0x00,0x00,0x00,0x00,0x00,0x00,0x00,0x00,0x00,0x00,0x00,0x08,
    0x48,0xaf,0xef,0xff,0xff,0xff,0xff,0xff,0xff,0xff,0xff,0xff,0xff,0xff,0xff,0xff,0xff,0xff,0xff,0xff,0xff,0xff,0xff,0xff,
    0xff,0xff,0xff,0xff,0xff,0xe7,0xa7,0x40,0x08,0x00,0x00,0x00,0x00,0x00,0x00,0x00,0x00,0x00,0x00,0x00,0x00,0x00,0x00,0x00,
    0x00,0x00,0x00,0x00,0x00,0x00,0x00,0x00,0x00,0x00,0x00,0x00,0x00,0x00,0x00,0x00,0x00,0x00,0x00,0x00,0x00,0x00,0x00,0x00,
    0x00,0x00,0x00,0x00,0x00,0x00,0x00,0x00,0x00,0x00,0x00,0x00,0x00,0x00,0x00,0x00,0x00,0x00,0x00,0x00,0x00,0x00,0x00,0x00,
    0x00,0x00,0x00,0x00,0x00,0x00,0x00,0x00,0x00,0x00,0x00,0x00,0x00,0x00,0x00,0x00,0x00,0x00,0x30,0xdf,0xff,0xff,0xff,0xff,
    0xff,0xff,0xff,0xff,0xf7,0xef,0xf7,0xf7,0xf7,0xef,0xff,0xf7,0xff,0xff,0xff,0xff,0xff,0xff,0xff,0xff,0xdf,0x40,0x10,0x00,
    0x00,0x00,0x00,0x00,0x00,0x00,0x00,0x00,0x00,0x00,0x00,0x00,0x00,0x00,0x00,0x00,0x00,0x00,0x00,0x00,0x00,0x00,0x00,0x00,
    0x00,0x00,0x00,0x00,0x00,0x00,0x00,0x00,0x00,0x00,0x00,0x00,0x00,0x00,0x00,0x00,0x00,0x00,0x00,0x00,0x00,0x00,0x00,0x00,
    0x00,0x00,0x00,0x00,0x00,0x00,0x00,0x00,0x00,0x00,0x00,0x00,0x00,0x00,0x00,0x00,0x00,0x00,0x00,0x00,0x00,0x00,0x00,0x00,
    0x00,0x00,0x00,0x00,0x00,0x00,0x00,0x00,0x00,0x00,0x10,0xcf,0xff,0xff,0xff,0xff,0xff,0xff,0xff,0xff,0xf7,0x58,0x48,0x50,
    0x50,0x40,0x58,0xef,0xff,0xff,0xff,0xff,0xff,0xff,0xff,0xff,0xdf,0x10,0x00,0x00,0x00,0x00,0x00,0x00,0x00,0x00,0x00,0x00,
    0x00,0x00,0x00,0x00,0x00,0x00,0x00,0x00,0x00,0x00,0x00,0x00,0x00,0x00,0x00,0x00,0x00,0x00,0x00,0x00,0x00,0x00,0x00,0x00,
    0x00,0x00,0x00,0x00,0x00,0x00,0x00,0x00,0x00,0x00,0x00,0x00,0x00,0x00,0x00,0x00,0x00,0x00,0x00,0x00,0x00,0x00,0x00,0x00,
    0x00,0x00,0x00,0x00,0x00,0x00,0x00,0x00,0x00,0x00,0x00,0x00,0x00,0x00,0x00,0x00,0x00,0x00,0x00,0x00,0x00,0x00,0x00,0x00,
    0x00,0x00,0x18,0xcf,0xff,0xff,0xff,0xff,0xff,0xff,0xff,0xff,0xef,0x30,0x00,0x00,0x00,0x00,0x30,0xef,0xff,0xff,0xff,0xff,
    0xff,0xff,0xff,0xff,0xcf,0x08,0x00,0x00,0x00,0x00,0x00,0x00,0x00,0x00,0x00,0x00,0x00,0x00,0x00,0x00,0x00,0x00,0x00,0x00,
    0x00,0x00,0x00,0x00,0x00,0x00,0x00,0x00,0x00,0x00,0x00,0x00,0x00,0x00,0x00,0x00,0x00,0x00,0x00,0x00,0x00,0x00,0x00,0x00,
    0x00,0x00,0x00,0x00,0x00,0x00,0x00,0x00,0x00,0x00,0x00,0x00,0x00,0x00,0x00,0x00,0x00,0x00,0x00,0x00,0x00,0x00,0x00,0x00,
    0x00,0x00,0x00,0x00,0x00,0x00,0x00,0x00,0x00,0x00,0x00,0x00,0x00,0x00,0x00,0x00,0x00,0x00,0x10,0xcf,0xff,0xff,0xff,0xff,
    0xff,0xff,0xff,0xff,0xef,0x30,0x00,0x00,0x00,0x00,0x30,0xef,0xff,0xff,0xff,0xff,0xff,0xff,0xff,0xff,0xcf,0x10,0x00,0x00,
    0x00,0x00,0x00,0x00,0x00,0x00,0x00,0x00,0x00,0x00,0x00,0x00,0x00,0x00,0x00,0x00,0x00,0x00,0x00,0x00,0x00,0x00,0x00,0x00,
    0x00,0x00,0x00,0x00,0x00,0x00,0x00,0x00,0x00,0x00,0x00,0x00,0x00,0x00,0x00,0x00,0x00,0x00,0x00,0x00,0x00,0x00,0x00,0x00,
    0x00,0x00,0x00,0x00,0x00,0x00,0x00,0x00,0x00,0x00,0x00,0x00,0x00,0x00,0x00,0x00,0x00,0x00,0x00,0x00,0x00,0x00,0x00,0x00,
    0x00,0x00,0x00,0x00,0x00,0x00,0x00,0x00,0x00,0x00,0x10,0xd7,0xff,0xff,0xff,0xff,0xff,0xff,0xff,0xff,0xef,0x30,0x00,0x00,
    0x00,0x00,0x38,0xef,0xff,0xff,0xff,0xff,0xff,0xff,0xff,0xff,0xcf,0x18,0x00,0x00,0x00,0x00,0x00,0x00,0x00,0x00,0x00,0x00,
    0x00,0x00,0x00,0x00,0x00,0x00,0x00,0x00,0x00,0x00,0x00,0x00,0x00,0x00,0x00,0x00,0x00,0x00,0x00,0x00,0x00,0x00,0x00,0x00,
    0x00,0x00,0x00,0x00,0x00,0x00,0x00,0x00,0x00,0x00,0x00,0x00,0x00,0x00,0x00,0x00,0x00,0x00,0x00,0x00,0x00,0x00,0x00,0x00,
    0x00,0x00,0x00,0x00,0x00,0x00,0x00,0x00,0x00,0x00,0x00,0x00,0x00,0x00,0x00,0x00,0x00,0x00,0x00,0x00,0x00,0x00,0x00,0x00,
    0x00,0x00,0x08,0xcf,0xff,0xff,0xff,0xff,0xff,0xff,0xff,0xff,0xef,0x38,0x00,0x00,0x00,0x00,0x30,0xef,0xff,0xff,0xff,0xff,
    0xff,0xff,0xff,0xff,0xcf,0x18,0x00,0x00,0x00,0x00,0x00,0x00,0x00,0x00,0x00,0x00,0x00,0x00,0x00,0x00,0x00,0x00,0x00,0x00,
    0x00,0x00,0x00,0x00,0x00,0x00,0x00,0x00,0x00,0x00,0x00,0x00,0x00,0x00,0x00,0x00,0x00,0x00,0x00,0x00,0x00,0x00,0x00,0x00,
    0x00,0x00,0x00,0x00,0x00,0x00,0x00,0x00,0x00,0x00,0x00,0x00,0x00,0x00,0x00,0x00,0x00,0x00,0x00,0x00,0x00,0x00,0x00,0x00,
    0x00,0x00,0x00,0x00,0x00,0x00,0x00,0x00,0x00,0x00,0x00,0x00,0x00,0x00,0x00,0x00,0x00,0x00,0x18,0xcf,0xff,0xff,0xff,0xff,
    0xff,0xff,0xff,0xff,0xef,0x30,0x00,0x00,0x00,0x00,0x30,0xef,0xff,0xff,0xff,0xff,0xff,0xff,0xff,0xff,0xdf,0x18,0x00,0x00,
    0x00,0x00,0x00,0x00,0x00,0x00,0x00,0x00,0x00,0x00,0x00,0x00,0x00,0x00,0x00,0x00,0x00,0x00,0x00,0x00,0x00,0x00,0x00,0x00,
    0x00,0x00,0x00,0x00,0x00,0x00,0x00,0x00,0x00,0x00,0x00,0x00,0x00,0x00,0x00,0x00,0x00,0x00,0x00,0x00,0x00,0x00,0x00,0x00,
    0x00,0x00,0x00,0x00,0x00,0x00,0x00,0x00,0x00,0x00,0x00,0x00,0x00,0x00,0x00,0x00,0x00,0x00,0x00,0x00,0x00,0x00,0x00,0x00,
    0x00,0x00,0x00,0x00,0x00,0x00,0x00,0x00,0x00,0x00,0x10,0xc7,0xf7,0xf7,0xf7,0xff,0xf7,0xf7,0xf7,0xf7,0xe7,0x38,0x00,0x00,
    0x00,0x00,0x30,0xe7,0xff,0xf7,0xf7,0xf7,0xf7,0xf7,0xf7,0xf7,0xc7,0x18,0x00,0x00,0x00,0x00,0x00,0x00,0x00,0x00,0x00,0x00,
    0x00,0x00,0x00,0x00,0x00,0x00,0x00,0x00,0x00,0x00,0x00,0x00,0x00,0x00,0x00,0x00,0x00,0x00,0x00,0x00,0x00,0x00,0x00,0x00,
    0x00,0x00,0x00,0x00,0x00,0x00,0x00,0x00,0x00,0x00,0x00,0x00,0x00,0x00,0x00,0x00,0x00,0x00,0x00,0x00,0x00,0x00,0x00,0x00,
    0x00,0x00,0x00,0x00,0x00,0x00,0x00,0x00,0x00,0x00,0x00,0x00,0x00,0x00,0x00,0x00,0x00,0x00,0x00,0x00,0x00,0x00,0x00,0x00,
    0x00,0x00,0x00,0x40,0x50,0x50,0x48,0x48,0x48,0x50,0x50,0x50,0x50,0x10,0x00,0x00,0x00,0x00,0x10,0x48,0x50,0x50,0x50,0x48,
    0x40,0x50,0x48,0x48,0x38,0x08,0x00,0x00,0x00,0x00,0x00,0x00,0x00,0x00,0x00,0x00,0x00,0x00,0x00,0x00,0x00,0x00,0x00,0x00,
    0x00,0x00,0x00,0x00,0x00,0x00,0x00,0x00,0x00,0x00,0x00,0x00,0x00,0x00,0x00,0x00,0x00,0x00,0x00,0x00,0x00,0x00,0x00,0x00,
    0x00,0x00,0x00,0x00,0x00,0x00,0x00,0x00,0x00,0x00,0x00,0x00,0x00,0x00,0x00,0x00,0x00,0x00,0x00,0x00,0x00,0x00,0x00,0x00,
    0x00,0x00,0x00,0x00,0x00,0x00,0x00,0x00,0x00,0x00,0x00,0x00,0x00,0x00,0x00,0x00,0x00,0x00,0x00,0x00,0x00,0x00,0x00,0x00,
    0x00,0x00,0x00,0x00,0x00,0x00,0x00,0x00,0x00,0x00,0x00,0x00,0x00,0x00,0x00,0x00,0x00,0x00,0x00,0x00,0x00,0x00,0x00,0x00,
    0x00,0x00,0x00,0x00,0x00,0x00,0x00,0x00,0x00,0x00,0x00,0x00,0x00,0x00,0x00,0x00,0x00,0x00,0x00,0x00,0x00,0x00,0x00,0x00,
    0x00,0x00,0x00,0x00,0x00,0x00,0x00,0x00,0x00,0x00,0x00,0x00,0x00,0x00,0x00,0x00,0x00,0x00,0x00,0x00,0x00,0x00,0x00,0x00,
    0x00,0x00,0x00,0x00,0x00,0x00,0x00,0x00,0x00,0x00,0x00,0x00,0x00,0x00,0x00,0x00,0x00,0x00,0x00,0x00,0x00,0x00,0x00,0x00,
    0x00,0x00,0x00,0x00,0x00,0x00,0x00,0x00,0x00,0x00,0x00,0x00,0x00,0x00,0x00,0x00,0x00,0x00,0x00,0x00,0x00,0x00,0x00,0x00,
    0x00,0x00,0x00,0x00,0x00,0x00,0x00,0x00,0x00,0x00,0x00,0x00,0x00,0x00,0x00,0x00,0x00,0x00,0x00,0x00,0x00,0x00,0x00,0x00,
    0x00,0x00,0x00,0x00,0x00,0x00,0x00,0x00,0x00,0x00,0x00,0x00,0x00,0x00,0x00,0x00,0x00,0x00,0x00,0x00,0x00,0x00,0x00,0x00,
    0x00,0x00,0x00,0x00,0x00,0x00,0x00,0x00,0x00,0x00,0x00,0x00,0x00,0x00,0x00,0x00,0x00,0x00,0x00,0x00,0x00,0x00,0x00,0x00,
    0x00,0x00,0x00,0x00,0x00,0x00,0x00,0x00,0x00,0x00,0x00,0x00,0x00,0x00,0x00,0x00,0x00,0x00,0x00,0x00,0x00,0x00,0x00,0x00,
    0x00,0x00,0x00,0x00,0x00,0x00,0x00,0x00,0x00,0x00,0x00,0x00,0x00,0x00,0x00,0x00,0x00,0x00,0x00,0x00,0x00,0x00,0x00,0x00,
    0x00,0x00,0x00,0x00,0x00,0x00,0x00,0x00,0x00,0x00,0x00,0x00,0x00,0x00,0x00,0x00,0x00,0x00,0x00,0x00,0x00,0x00,0x00,0x00,
    0x00,0x00,0x00,0x00,0x00,0x00,0x00,0x00,0x00,0x00,0x00,0x00,0x00,0x00,0x00,0x00,0x00,0x00,0x00,0x00,0x00,0x00,0x00,0x00,
    0x00,0x00,0x00,0x00,0x00,0x00,0x00,0x00,0x00,0x00,0x00,0x00,0x00,0x00,0x00,0x00,0x00,0x00,0x00,0x00,0x00,0x00,0x00,0x00,
    0x00,0x00,0x00,0x00,0x00,0x00,0x00,0x00,0x00,0x00,0x00,0x00,0x00,0x00,0x00,0x00,0x00,0x00,0x00,0x00,0x00,0x00,0x00,0x00,
    0x00,0x00,0x00,0x00,0x00,0x00,0x00,0x00,0x00,0x00,0x00,0x00,0x00,0x00,0x00,0x00,0x00,0x00,0x00,0x00,0x00,0x00,0x00,0x00,
    0x00,0x00,0x00,0x00,0x00,0x00,0x00,0x00,0x00,0x00,0x00,0x00,0x00,0x00,0x00,0x00,0x00,0x00,0x00,0x00,0x00,0x00,0x00,0x00,
    0x00,0x00,0x00,0x00,0x00,0x00,0x00,0x00,0x00,0x00,0x00,0x00,0x00,0x00,0x00,0x00,0x00,0x00,0x00,0x00,0x00,0x00,0x00,0x00,
    0x00,0x00,0x00,0x00,0x00,0x00,0x00,0x00,0x00,0x00,0x00,0x00,0x00,0x00,0x00,0x00,0x00,0x00,0x00,0x00,0x00,0x00,0x00,0x00,
    0x00,0x00,0x00,0x00,0x00,0x00,0x00,0x00,0x00,0x00,0x00,0x00,0x00,0x00,0x00,0x00,0x00,0x00,0x00,0x00,0x00,0x00,0x00,0x00,
    0x00,0x00,0x00,0x00,0x00,0x00,0x00,0x00,0x00,0x00,0x00,0x00,0x00,0x00,0x00,0x00,0x00,0x00,0x00,0x00,0x00,0x00,0x00,0x00,
    0x00,0x00,0x00,0x00,0x00,0x00,0x00,0x00,0x00,0x00,0x00,0x00,0x00,0x00,0x00,0x00,0x00,0x00,0x00,0x00,0x00,0x00,0x00,0x00,
    0x00,0x00,0x00,0x00,0x00,0x00,0x00,0x00,0x00,0x00,0x00,0x00,0x00,0x00,0x00,0x00,0x00,0x00,0x00,0x00,0x00,0x00,0x00,0x00,
    0x00,0x00,0x00,0x00,0x00,0x00,0x00,0x00,0x00,0x00,0x00,0x00,0x00,0x00,0x00,0x00,0x00,0x00,0x00,0x00,0x00,0x00,0x00,0x00,
    0x00,0x00,0x00,0x00,0x00,0x00,0x00,0x00,0x00,0x00,0x00,0x00,0x00,0x00,0x00,0x00,0x00,0x00,0x00,0x00,0x00,0x00,0x00,0x00,
    0x00,0x00,0x00,0x00,0x00,0x00,0x00,0x00,0x00,0x00,0x00,0x00,0x00,0x00,0x00,0x00,0x00,0x00,0x00,0x00,0x00,0x00,0x00,0x00,
    0x00,0x00,0x00,0x00,0x00,0x00,0x00,0x00,0x00,0x00,0x00,0x00,0x00,0x00,0x00,0x00,0x00,0x00,0x00,0x00,0x00,0x00,0x00,0x00,
    0x00,0x00,0x00,0x00,0x00,0x00,0x00,0x00,0x00,0x00,0x00,0x00,0x00,0x00,0x00,0x00,0x00,0x00,0x00,0x00,0x00,0x00,0x00,0x00,
    0x00,0x00,0x00,0x00,0x00,0x00,0x00,0x00,0x00,0x00,0x00,0x00,0x00,0x00,0x00,0x00,0x00,0x00,0x00,0x00,0x00,0x00,0x00,0x00,
    0x00,0x00,0x00,0x00,0x00,0x00,0x00,0x00,0x00,0x00,0x00,0x00,0x00,0x00,0x00,0x00,0x00,0x00,0x00,0x00,0x00,0x00,0x00,0x00,
    0x00,0x00,0x00,0x00,0x00,0x00,0x00,0x00,0x00,0x00,0x00,0x00,0x00,0x00,0x00,0x00,0x00,0x00,0x00,0x00,0x00,0x00,0x00,0x00,
    0x00,0x00,0x00,0x00,0x00,0x00,0x00,0x00,0x00,0x00,0x00,0x00,0x00,0x00,0x00,0x00,0x00,0x00,0x00,0x00,0x00,0x00,0x00,0x00,
    0x00,0x00,0x00,0x00,0x00,0x00,0x00,0x00,0x00,0x00,0x00,0x00,0x00,0x00,0x00,0x00,0x00,0x00,0x00,0x00,0x00,0x00,0x00,0x00,
    0x00,0x00,0x00,0x00,0x00,0x00,0x00,0x00,0x00,0x00,0x00,0x00,0x00,0x00,0x00,0x00,0x00,0x00,0x00,0x00,0x00,0x00,0x00,0x00,
    0x00,0x00,0x00,0x00,0x00,0x00,0x00,0x00,0x00,0x00,0x00,0x00,0x00,0x00,0x00,0x00,0x00,0x00,0x00,0x00,0x00,0x00,0x00,0x00,
    0x00,0x00,0x00,0x00,0x00,0x00,0x00,0x00,0x00,0x00,0x00,0x00,0x00,0x00,0x00,0x00,0x00,0x00,0x00,0x00,0x00,0x00,0x00,0x00,
    0x00,0x00,0x00,0x00,0x00,0x00,0x00,0x00,0x00,0x00,0x00,0x00,0x00,0x00,0x00,0x00,0x00,0x00,0x00,0x00,0x00,0x00,0x00,0x00,
    0x00,0x00,0x00,0x00,0x00,0x00,0x00,0x00,0x00,0x00,0x00,0x00,0x00,0x00,0x00,0x00,0x00,0x00,0x00,0x00,0x00,0x00,0x00,0x00,
    0x00,0x00,0x00,0x00,0x00,0x00,0x00,0x00,0x00,0x00,0x00,0x00,0x00,0x00,0x00,0x00,0x00,0x00,0x00,0x00,0x00,0x00,0x00,0x00,
    0x00,0x00,0x00,0x00,0x00,0x00,0x00,0x00,0x00,0x00,0x00,0x00,0x00,0x00,0x00,0x00,0x00,0x00,0x00,0x00,0x00,0x00,0x00,0x00,
    0x00,0x00,0x00,0x00,0x00,0x00,0x00,0x00,0x00,0x00,0x00,0x00,0x00,0x00,0x00,0x00,0x00,0x00,0x00,0x00,0x00,0x00,0x00,0x00,
    0x00,0x00,0x00,0x00,0x00,0x00,0x00,0x00,0x00,0x00,0x00,0x00,0x00,0x00,0x00,0x00,0x00,0x00,0x00,0x00,0x00,0x00,0x00,0x00,
    0x00,0x00,0x00,0x00,0x00,0x00,0x00,0x00,0x00,0x00,0x00,0x00,0x00,0x00,0x00,0x00,0x00,0x00,0x00,0x00,0x00,0x00,0x00,0x00,
    0x00,0x00,0x00,0x00,0x00,0x00,0x00,0x00,0x00,0x00,0x00,0x00,0x00,0x00,0x00,0x00,0x00,0x00,0x00,0x00,0x00,0x00,0x00,0x00,
    0x00,0x00,0x00,0x00,0x00,0x00,0x00,0x00,0x00,0x00,0x00,0x00,0x00,0x00,0x00,0x00,0x00,0x00,0x00,0x00,0x00,0x00,0x00,0x00,
    0x00,0x00,0x00,0x00,0x00,0x00,0x00,0x00,0x00,0x00,0x00,0x00,0x00,0x00,0x00,0x00,0x00,0x00,0x00,0x00,0x00,0x00,0x00,0x00,
    0x00,0x00,0x00,0x00,0x00,0x00,0x00,0x00,0x00,0x00,0x00,0x00,0x00,0x00,0x00,0x00,0x00,0x00,0x00,0x00,0x00,0x00,0x00,0x00,
    0x00,0x00,0x00,0x00,0x00,0x00,0x00,0x00,0x00,0x00,0x00,0x00,0x00,0x00,0x00,0x00,0x00,0x00,0x00,0x00,0x00,0x00,0x00,0x00,
    0x00,0x00,0x00,0x00,0x00,0x00,0x00,0x00,0x00,0x00,0x00,0x00,0x00,0x00,0x00,0x00,0x00,0x00,0x00,0x00,0x00,0x00,0x00,0x00,
    0x00,0x00,0x00,0x00,0x00,0x00,0x00,0x00,0x00,0x00,0x00,0x00,0x00,0x00,0x00,0x00,0x00,0x00,0x00,0x00,0x00,0x00,0x00,0x00,
    0x00,0x00,0x00,0x00,0x00,0x00,0x00,0x00,0x00,0x00,0x00,0x00,0x00,0x00,0x00,0x00,0x00,0x00,0x00,0x00,0x00,0x00,0x00,0x00,
    0x00,0x00,0x00,0x00,0x00,0x00,0x00,0x00,0x00,0x00,0x00,0x00,0x00,0x00,0x00,0x00,0x00,0x00,0x00,0x00,0x00,0x00,0x00,0x00,
    0x00,0x00,0x00,0x00,0x00,0x00,0x00,0x00,0x00,0x00,0x00,0x00,0x00,0x00,0x00,0x00,0x00,0x00,0x00,0x00,0x00,0x00,0x00,0x00,
    0x00,0x00,0x00,0x00,0x00,0x00,0x00,0x00,0x00,0x00,0x00,0x00,0x00,0x00,0x00,0x00,0x00,0x00,0x00,0x00,0x00,0x00,0x00,0x00,
    0x00,0x00,0x00,0x00,0x00,0x00,0x00,0x00,0x00,0x00,0x00,0x00,0x00,0x00,0x00,0x00,0x00,0x00,0x00,0x00,0x00,0x00,0x00,0x00,
};
static const lv_image_dsc_t image = [] {
    lv_image_dsc_t d{};
    d.header.magic=LV_IMAGE_HEADER_MAGIC;
    d.header.cf=LV_COLOR_FORMAT_RGB565A8;
    d.header.w=112;d.header.h=112;d.header.stride=224;
    d.data_size=sizeof(pixels);d.data=pixels;return d;
}();
}
