#pragma once
// Generated by design/ips10/encode.py. Do not edit.
// Blender source: design/ips10/keycap.py (5.2); input PNG SHA256:
// 62a302c175e68be9d2416ce239e6cf5585101cfdf6e23a14392caf2ab0f4bc76
#include <lvgl.h>
namespace IPS10Keycap {
// One shared flash image, 36 KiB; no runtime allocation or decompression.
alignas(4) static const uint8_t pixels[] = {
    0x00,0x00,0x00,0x00,0x00,0x00,0x00,0x00,0x00,0x00,0x00,0x00,0x00,0x00,0x00,0x00,0x00,0x00,0x00,0x00,0x00,0x00,0x00,0x00,
    0x00,0x00,0x00,0x00,0x00,0x00,0x00,0x00,0x00,0x00,0x00,0x00,0x00,0x00,0x00,0x00,0x00,0x00,0x00,0x00,0x00,0x00,0x00,0x00,
    0x00,0x00,0x00,0x00,0x00,0x00,0x00,0x00,0x00,0x00,0x00,0x00,0x00,0x00,0x00,0x00,0x00,0x00,0x00,0x00,0x00,0x00,0x00,0x00,
    0x00,0x00,0x00,0x00,0x00,0x00,0x00,0x00,0x00,0x00,0x00,0x00,0x00,0x00,0x00,0x00,0x00,0x00,0x00,0x00,0x00,0x00,0x00,0x00,
    0x00,0x00,0x00,0x00,0x00,0x00,0x00,0x00,0x00,0x00,0x00,0x00,0x00,0x00,0x00,0x00,0x00,0x00,0x00,0x00,0x00,0x00,0x00,0x00,
    0x00,0x00,0x00,0x00,0x00,0x00,0x00,0x00,0x00,0x00,0x00,0x00,0x00,0x00,0x00,0x00,0x00,0x00,0x00,0x00,0x00,0x00,0x00,0x00,
    0x00,0x00,0x00,0x00,0x00,0x00,0x00,0x00,0x00,0x00,0x00,0x00,0x00,0x00,0x00,0x00,0x00,0x00,0x00,0x00,0x00,0x00,0x00,0x00,
    0x00,0x00,0x00,0x00,0x00,0x00,0x00,0x00,0x00,0x00,0x00,0x00,0x00,0x00,0x00,0x00,0x00,0x00,0x00,0x00,0x00,0x00,0x00,0x00,
    0x00,0x00,0x00,0x00,0x00,0x00,0x00,0x00,0x00,0x00,0x00,0x00,0x00,0x00,0x00,0x00,0x00,0x00,0x00,0x00,0x00,0x00,0x00,0x00,
    0x00,0x00,0x00,0x00,0x00,0x00,0x00,0x00,0x00,0x00,0x00,0x00,0x00,0x00,0x00,0x00,0x00,0x00,0x00,0x00,0x00,0x00,0x00,0x00,
    0x00,0x00,0x00,0x00,0x00,0x00,0x00,0x00,0x00,0x00,0x00,0x00,0x00,0x00,0x00,0x00,0x00,0x00,0x00,0x00,0x00,0x00,0x00,0x00,
    0x00,0x00,0x00,0x00,0x00,0x00,0x00,0x00,0x00,0x00,0x00,0x00,0x00,0x00,0x00,0x00,0x00,0x00,0x00,0x00,0x00,0x00,0x00,0x00,
    0x00,0x00,0x00,0x00,0x00,0x00,0x00,0x00,0x00,0x00,0x00,0x00,0x00,0x00,0x00,0x00,0x00,0x00,0x00,0x00,0x00,0x00,0x00,0x00,
    0x00,0x00,0x00,0x00,0x00,0x00,0x00,0x00,0x00,0x00,0x00,0x00,0x00,0x00,0x00,0x00,0x00,0x00,0x00,0x00,0x00,0x00,0x00,0x00,
    0x00,0x00,0x00,0x00,0x00,0x00,0x00,0x00,0x00,0x00,0x00,0x00,0x00,0x00,0x00,0x00,0x00,0x00,0x00,0x00,0x00,0x00,0x00,0x00,
    0x00,0x00,0x00,0x00,0x00,0x00,0x00,0x00,0x00,0x00,0x00,0x00,0x00,0x00,0x00,0x00,0x00,0x00,0x00,0x00,0x00,0x00,0x00,0x00,
    0x00,0x00,0x00,0x00,0x00,0x00,0x00,0x00,0x00,0x00,0x00,0x00,0x00,0x00,0x00,0x00,0x00,0x00,0x00,0x00,0x00,0x00,0x00,0x00,
    0x00,0x00,0x00,0x00,0x00,0x00,0x00,0x00,0x00,0x00,0x00,0x00,0x00,0x00,0x00,0x00,0x00,0x00,0x00,0x00,0x00,0x00,0x00,0x00,
    0x00,0x00,0x00,0x00,0x00,0x00,0x00,0x00,0x00,0x00,0x00,0x00,0x00,0x00,0x00,0x00,0x00,0x00,0x00,0x00,0x00,0x00,0x00,0x00,
    0x00,0x00,0x00,0x00,0x00,0x00,0x00,0x00,0x00,0x00,0x00,0x00,0x00,0x00,0x00,0x00,0x00,0x00,0x00,0x00,0x00,0x00,0x00,0x00,
    0x00,0x00,0x00,0x00,0x00,0x00,0x00,0x00,0x00,0x00,0x00,0x00,0x00,0x00,0x00,0x00,0x00,0x00,0x00,0x00,0x00,0x00,0x00,0x00,
    0x00,0x00,0x00,0x00,0x00,0x00,0x00,0x00,0x00,0x00,0x00,0x00,0x00,0x00,0x00,0x00,0x00,0x00,0x00,0x00,0x00,0x00,0x00,0x00,
    0x00,0x00,0x00,0x00,0x00,0x00,0x00,0x00,0x00,0x00,0x00,0x00,0x00,0x00,0x00,0x00,0x00,0x00,0x00,0x00,0x00,0x00,0x00,0x00,
    0x00,0x00,0x00,0x00,0x00,0x00,0x00,0x00,0x00,0x00,0x00,0x00,0x00,0x00,0x00,0x00,0x00,0x00,0x00,0x00,0x00,0x00,0x00,0x00,
    0x00,0x00,0x00,0x00,0x00,0x00,0x00,0x00,0x00,0x00,0x00,0x00,0x00,0x00,0x00,0x00,0x00,0x00,0x00,0x00,0x00,0x00,0x00,0x00,
    0x00,0x00,0x00,0x00,0x00,0x00,0x00,0x00,0x00,0x00,0x00,0x00,0x00,0x00,0x00,0x00,0x00,0x00,0x00,0x00,0x00,0x00,0x00,0x00,
    0x00,0x00,0x00,0x00,0x00,0x00,0x00,0x00,0x00,0x00,0x00,0x00,0x00,0x00,0x00,0x00,0x00,0x00,0x00,0x00,0x00,0x00,0x00,0x00,
    0x00,0x00,0x00,0x00,0x00,0x00,0x00,0x00,0x00,0x00,0x00,0x00,0x00,0x00,0x00,0x00,0x00,0x00,0x00,0x00,0x00,0x00,0x00,0x00,
    0x00,0x00,0x00,0x00,0x00,0x00,0x00,0x00,0x00,0x00,0x00,0x00,0x00,0x00,0x00,0x00,0x00,0x00,0x00,0x00,0x00,0x00,0x00,0x00,
    0x00,0x00,0x00,0x00,0x00,0x00,0x00,0x00,0x00,0x00,0x00,0x00,0x00,0x00,0x00,0x00,0x00,0x00,0x00,0x00,0x00,0x00,0x00,0x00,
    0x00,0x00,0x00,0x00,0x00,0x00,0x00,0x00,0x00,0x00,0x00,0x00,0x00,0x00,0x00,0x00,0x00,0x00,0x00,0x00,0x00,0x00,0x00,0x00,
    0x00,0x00,0x00,0x00,0x00,0x00,0x00,0x00,0x00,0x00,0x00,0x00,0x00,0x00,0x00,0x00,0x00,0x00,0x00,0x00,0x00,0x00,0x00,0x00,
    0x00,0x00,0x00,0x00,0x00,0x00,0x00,0x00,0x00,0x00,0x00,0x00,0x00,0x00,0x00,0x00,0x00,0x00,0x00,0x00,0x00,0x00,0x00,0x00,
    0x00,0x00,0x00,0x00,0x00,0x00,0x00,0x00,0x00,0x00,0x00,0x00,0x00,0x00,0x00,0x00,0x00,0x00,0x00,0x00,0x00,0x00,0x00,0x00,
    0x00,0x00,0x00,0x00,0x00,0x00,0x00,0x00,0x00,0x00,0x00,0x00,0x00,0x00,0x00,0x00,0x00,0x00,0x00,0x00,0x00,0x00,0x00,0x00,
    0x00,0x00,0x00,0x00,0x00,0x00,0x00,0x00,0x00,0x00,0x00,0x00,0x00,0x00,0x00,0x00,0x00,0x00,0x00,0x00,0x00,0x00,0x00,0x00,
    0x00,0x00,0x00,0x00,0x00,0x00,0x00,0x00,0x00,0x00,0x00,0x00,0x00,0x00,0x00,0x00,0x00,0x00,0x00,0x00,0x00,0x00,0x00,0x00,
    0x00,0x00,0x00,0x00,0x00,0x00,0x00,0x00,0x00,0x00,0x00,0x00,0x00,0x00,0x00,0x00,0x00,0x00,0x00,0x00,0x00,0x00,0x00,0x00,
    0x00,0x00,0x00,0x00,0x00,0x00,0x00,0x00,0x00,0x00,0x00,0x00,0x00,0x00,0x00,0x00,0x00,0x00,0x00,0x00,0x00,0x00,0x00,0x00,
    0x00,0x00,0x00,0x00,0x00,0x00,0x00,0x00,0x00,0x00,0x00,0x00,0x00,0x00,0x00,0x00,0x00,0x00,0x00,0x00,0x00,0x00,0x00,0x00,
    0x00,0x00,0x00,0x00,0x00,0x00,0x00,0x00,0x00,0x00,0x00,0x00,0x00,0x00,0x00,0x00,0x00,0x00,0x00,0x00,0x00,0x00,0x00,0x00,
    0x00,0x00,0x00,0x00,0x00,0x00,0x00,0x00,0x00,0x00,0x00,0x00,0x00,0x00,0x00,0x00,0x00,0x00,0x00,0x00,0x00,0x00,0x00,0x00,
    0x00,0x00,0x00,0x00,0x00,0x00,0x00,0x00,0x00,0x00,0x00,0x00,0x00,0x00,0x00,0x00,0x00,0x00,0x00,0x00,0x00,0x00,0x00,0x00,
    0x00,0x00,0x00,0x00,0x00,0x00,0x00,0x00,0x00,0x00,0x00,0x00,0x00,0x00,0x00,0x00,0x00,0x00,0x00,0x00,0x00,0x00,0x00,0x00,
    0x00,0x00,0x00,0x00,0x00,0x00,0x00,0x00,0x00,0x00,0x00,0x00,0x00,0x00,0x00,0x00,0x00,0x00,0x00,0x00,0x00,0x00,0x00,0x00,
    0x00,0x00,0x00,0x00,0x00,0x00,0x00,0x00,0x00,0x00,0x00,0x00,0x00,0x00,0x00,0x00,0x00,0x00,0x00,0x00,0x00,0x00,0x00,0x00,
    0x00,0x00,0x00,0x00,0x00,0x00,0x00,0x00,0x00,0x00,0x00,0x00,0x00,0x00,0x00,0x00,0x00,0x00,0x00,0x00,0x00,0x00,0x00,0x00,
    0x00,0x00,0x00,0x00,0x00,0x00,0x00,0x00,0x00,0x00,0x00,0x00,0x00,0x00,0x00,0x00,0x00,0x00,0x00,0x00,0x00,0x00,0x00,0x00,
    0x00,0x00,0x00,0x00,0x00,0x00,0x00,0x00,0x00,0x00,0x00,0x00,0x00,0x00,0x00,0x00,0x00,0x00,0x00,0x00,0x00,0x00,0x00,0x00,
    0x00,0x00,0x00,0x00,0x00,0x00,0x00,0x00,0x00,0x00,0x00,0x00,0x00,0x00,0x00,0x00,0x00,0x00,0x00,0x00,0x00,0x00,0x00,0x00,
    0x00,0x00,0x00,0x00,0x00,0x00,0x00,0x00,0x00,0x00,0x00,0x00,0x00,0x00,0x00,0x00,0x00,0x00,0x00,0x00,0x00,0x00,0x00,0x00,
    0x00,0x00,0x00,0x00,0x00,0x00,0x00,0x00,0x00,0x00,0x00,0x00,0x00,0x00,0x00,0x00,0x00,0x00,0x00,0x00,0x00,0x00,0x00,0x00,
    0x00,0x00,0x00,0x00,0x00,0x00,0x00,0x00,0x00,0x00,0x00,0x00,0x00,0x00,0x00,0x00,0x00,0x00,0x00,0x00,0x00,0x00,0x00,0x00,
    0x00,0x00,0x00,0x00,0x00,0x00,0x00,0x00,0x00,0x00,0x00,0x00,0x00,0x00,0x00,0x00,0x00,0x00,0x00,0x00,0x00,0x00,0x00,0x00,
    0x00,0x00,0x00,0x00,0x00,0x00,0x00,0x00,0x00,0x00,0x00,0x00,0x00,0x00,0x00,0x00,0x00,0x00,0x00,0x00,0x00,0x00,0x00,0x00,
    0x00,0x00,0x00,0x00,0x00,0x00,0x00,0x00,0x00,0x00,0x00,0x00,0x00,0x00,0x00,0x00,0x00,0x00,0x00,0x00,0x00,0x00,0x00,0x00,
    0x00,0x00,0x00,0x00,0x00,0x00,0x00,0x00,0x00,0x00,0x00,0x00,0x00,0x00,0x00,0x00,0x00,0x00,0x00,0x00,0x00,0x00,0x00,0x00,
    0x00,0x00,0x00,0x00,0x00,0x00,0x00,0x00,0x00,0x00,0x00,0x00,0x00,0x00,0x00,0x00,0x00,0x00,0x00,0x00,0x00,0x00,0x00,0x00,
    0x00,0x00,0x00,0x00,0x00,0x00,0x00,0x00,0x00,0x00,0x00,0x00,0x00,0x00,0x00,0x00,0x00,0x00,0x00,0x00,0x00,0x00,0x00,0x00,
    0x00,0x00,0x00,0x00,0x00,0x00,0x00,0x00,0x00,0x00,0x00,0x00,0x00,0x00,0x00,0x00,0x00,0x00,0x00,0x00,0x00,0x00,0x00,0x00,
    0x00,0x00,0x00,0x00,0x00,0x00,0x00,0x00,0x00,0x00,0x00,0x00,0x00,0x00,0x00,0x00,0x00,0x00,0x00,0x00,0x00,0x00,0x00,0x00,
    0x00,0x00,0x00,0x00,0x00,0x00,0x00,0x00,0x00,0x00,0x00,0x00,0x00,0x00,0x00,0x00,0x00,0x00,0x00,0x00,0x00,0x00,0x00,0x00,
    0x00,0x00,0x00,0x00,0x00,0x00,0x00,0x00,0x00,0x00,0x00,0x00,0x00,0x00,0x00,0x00,0x00,0x00,0x00,0x00,0x00,0x00,0x00,0x00,
    0x00,0x00,0x00,0x00,0x00,0x00,0x00,0x00,0x00,0x00,0x00,0x00,0x00,0x00,0x00,0x00,0x00,0x00,0x00,0x00,0x00,0x00,0x00,0x00,
    0x00,0x00,0x00,0x00,0x00,0x00,0x00,0x00,0x00,0x00,0x00,0x00,0x00,0x00,0x00,0x00,0x00,0x00,0x00,0x00,0x00,0x00,0x00,0x00,
    0x00,0x00,0x00,0x00,0x00,0x00,0x00,0x00,0x00,0x00,0x00,0x00,0x00,0x00,0x00,0x00,0x00,0x00,0x00,0x00,0x00,0x00,0x00,0x00,
    0x00,0x00,0x00,0x00,0x00,0x00,0x00,0x00,0x00,0x00,0x00,0x00,0x00,0x00,0x00,0x00,0x00,0x00,0x00,0x00,0x00,0x00,0x00,0x00,
    0x00,0x00,0x00,0x00,0x00,0x00,0x00,0x00,0x00,0x00,0x00,0x00,0x00,0x00,0x00,0x00,0x00,0x00,0x00,0x00,0x00,0x00,0x00,0x00,
    0x00,0x00,0x00,0x00,0x00,0x00,0x00,0x00,0x00,0x00,0x00,0x00,0x00,0x00,0x00,0x00,0x00,0x00,0x00,0x00,0x00,0x00,0x00,0x00,
    0x00,0x00,0x00,0x00,0x00,0x00,0x00,0x00,0x00,0x00,0x00,0x00,0x00,0x00,0x00,0x00,0x00,0x00,0x00,0x00,0x00,0x00,0x00,0x00,
    0x00,0x00,0x00,0x00,0x00,0x00,0x00,0x00,0x00,0x00,0x00,0x00,0x00,0x00,0x00,0x00,0x00,0x00,0x00,0x00,0x00,0x00,0x00,0x00,
    0x00,0x00,0x00,0x00,0x00,0x00,0x00,0x00,0x00,0x00,0x00,0x00,0x00,0x00,0x00,0x00,0x00,0x00,0x00,0x00,0x00,0x00,0x00,0x00,
    0x00,0x00,0x00,0x00,0x00,0x00,0x00,0x00,0x00,0x00,0x00,0x00,0x00,0x00,0x00,0x00,0x00,0x00,0x00,0x00,0x00,0x00,0x00,0x00,
    0x00,0x00,0x00,0x00,0x00,0x00,0x00,0x00,0x00,0x00,0x00,0x00,0x00,0x00,0x00,0x00,0x00,0x00,0x00,0x00,0x00,0x00,0x00,0x00,
    0x00,0x00,0x00,0x00,0x00,0x00,0x00,0x00,0x00,0x00,0x00,0x00,0x00,0x00,0x00,0x00,0x00,0x00,0x00,0x00,0x00,0x00,0x00,0x00,
    0x00,0x00,0x00,0x00,0x00,0x00,0x00,0x00,0x00,0x00,0x00,0x00,0x00,0x00,0x00,0x00,0x00,0x00,0x00,0x00,0x00,0x00,0x00,0x00,
    0x00,0x00,0x00,0x00,0x00,0x00,0x00,0x00,0x00,0x00,0x00,0x00,0x00,0x00,0x00,0x00,0x00,0x00,0x00,0x00,0x00,0x00,0x81,0x08,
    0xc2,0x10,0x00,0x00,0x00,0x00,0x00,0x00,0x82,0x08,0x00,0x00,0x00,0x00,0x00,0x00,0x00,0x00,0x00,0x00,0x04,0x19,0x00,0x00,
    0x45,0x21,0x20,0x00,0xa6,0x31,0x45,0x21,0xc7,0x31,0xc7,0x31,0xa7,0x29,0xa6,0x21,0xa6,0x21,0x86,0x21,0x65,0x21,0x00,0x00,
    0x24,0x19,0x24,0x19,0x00,0x00,0x00,0x00,0x00,0x00,0x86,0x21,0xa6,0x31,0xc7,0x31,0xa6,0x31,0x20,0x00,0x65,0x29,0x20,0x00,
    0x65,0x29,0x00,0x00,0x24,0x21,0x00,0x00,0x00,0x00,0x45,0x29,0x45,0x21,0x25,0x21,0x00,0x00,0x00,0x00,0x00,0x00,0x45,0x21,
    0xc3,0x10,0x00,0x00,0x00,0x00,0x24,0x21,0x24,0x19,0x00,0x00,0xe3,0x18,0x00,0x00,0x04,0x19,0x04,0x19,0x00,0x00,0x45,0x29,
    0xc3,0x18,0x00,0x00,0xa2,0x10,0x00,0x00,0x00,0x00,0x00,0x00,0x00,0x00,0x04,0x11,0x24,0x19,0x00,0x00,0x45,0x21,0x24,0x21,
    0x00,0x00,0x00,0x00,0x00,0x00,0x00,0x00,0x00,0x00,0x00,0x00,0x00,0x00,0x00,0x00,0x00,0x00,0x00,0x00,0x00,0x00,0x00,0x00,
    0x00,0x00,0x00,0x00,0x00,0x00,0x00,0x00,0x00,0x00,0x00,0x00,0x00,0x00,0x00,0x00,0x00,0x00,0x00,0x00,0x00,0x00,0x00,0x00,
    0x00,0x00,0x00,0x00,0x00,0x00,0x00,0x00,0x00,0x00,0x00,0x00,0x00,0x00,0x00,0x00,0x00,0x00,0x00,0x00,0x00,0x00,0x00,0x00,
    0x00,0x00,0x00,0x00,0x00,0x00,0x00,0x00,0x00,0x00,0x00,0x00,0x00,0x00,0x00,0x00,0x00,0x00,0x00,0x00,0x00,0x00,0x00,0x00,
    0x00,0x00,0x00,0x00,0x00,0x00,0x00,0x00,0xa7,0x31,0x86,0x29,0x65,0x21,0x45,0x21,0x65,0x21,0x65,0x21,0x85,0x29,0x65,0x21,
    0x65,0x21,0x65,0x21,0x65,0x29,0x65,0x29,0x85,0x29,0x65,0x29,0x85,0x29,0x85,0x29,0x65,0x29,0x85,0x29,0x65,0x21,0x65,0x21,
    0x65,0x21,0x65,0x29,0x65,0x29,0x86,0x29,0x85,0x29,0x65,0x21,0x65,0x29,0x86,0x29,0x65,0x29,0x65,0x21,0x85,0x29,0x86,0x29,
    0x86,0x29,0x86,0x29,0x86,0x29,0x86,0x29,0x86,0x29,0x86,0x29,0x65,0x21,0x85,0x29,0x85,0x29,0x65,0x21,0x85,0x29,0x86,0x29,
    0x86,0x29,0x85,0x29,0x86,0x29,0x86,0x29,0x86,0x29,0x86,0x29,0x85,0x29,0x65,0x21,0x85,0x29,0x86,0x29,0x85,0x29,0x86,0x29,
    0x85,0x29,0x85,0x29,0x65,0x29,0x86,0x29,0x65,0x29,0x65,0x29,0x85,0x29,0x85,0x29,0x85,0x29,0x85,0x29,0x65,0x29,0x85,0x29,
    0x85,0x29,0x85,0x29,0x86,0x29,0x65,0x21,0x85,0x29,0x85,0x29,0x85,0x29,0x65,0x29,0x65,0x29,0x65,0x29,0xa6,0x31,0x86,0x29,
    0x00,0x00,0x00,0x00,0x00,0x00,0x00,0x00,0x00,0x00,0x00,0x00,0x00,0x00,0x00,0x00,0x00,0x00,0x00,0x00,0x00,0x00,0x00,0x00,
    0x00,0x00,0x00,0x00,0x00,0x00,0x00,0x00,0x00,0x00,0x00,0x00,0x00,0x00,0x00,0x00,0x00,0x00,0x00,0x00,0x00,0x00,0x00,0x00,
    0x00,0x00,0x00,0x00,0x00,0x00,0x00,0x00,0x00,0x00,0x00,0x00,0x00,0x00,0x00,0x00,0x00,0x00,0x00,0x00,0x00,0x00,0x00,0x00,
    0x00,0x00,0x00,0x00,0x00,0x00,0x00,0x00,0x00,0x00,0x00,0x00,0x00,0x00,0x00,0x00,0x00,0x00,0x00,0x00,0xa6,0x31,0xe7,0x31,
    0xa6,0x29,0x86,0x21,0x45,0x19,0x45,0x19,0x45,0x19,0x45,0x19,0x45,0x19,0x45,0x19,0x45,0x19,0x45,0x19,0x45,0x19,0x45,0x19,
    0x45,0x19,0x45,0x19,0x45,0x19,0x45,0x19,0x45,0x19,0x45,0x19,0x45,0x19,0x45,0x19,0x45,0x19,0x45,0x19,0x45,0x19,0x45,0x19,
    0x45,0x19,0x45,0x19,0x45,0x19,0x45,0x19,0x44,0x19,0x45,0x19,0x45,0x19,0x45,0x19,0x45,0x19,0x45,0x19,0x45,0x19,0x45,0x19,
    0x45,0x19,0x44,0x19,0x45,0x19,0x44,0x19,0x45,0x19,0x44,0x19,0x45,0x19,0x44,0x19,0x44,0x19,0x45,0x19,0x45,0x19,0x24,0x19,
    0x45,0x19,0x45,0x19,0x45,0x19,0x45,0x19,0x45,0x19,0x44,0x19,0x44,0x19,0x45,0x19,0x44,0x19,0x44,0x19,0x24,0x19,0x45,0x19,
    0x44,0x19,0x45,0x19,0x44,0x19,0x44,0x19,0x44,0x19,0x44,0x19,0x44,0x19,0x24,0x19,0x24,0x19,0x24,0x19,0x24,0x19,0x24,0x19,
    0x24,0x19,0x24,0x19,0x24,0x19,0x45,0x19,0x24,0x19,0x24,0x19,0x24,0x19,0x65,0x21,0x86,0x29,0x20,0x00,0x00,0x00,0x00,0x00,
    0x00,0x00,0x00,0x00,0x00,0x00,0x00,0x00,0x00,0x00,0x00,0x00,0x00,0x00,0x00,0x00,0x00,0x00,0x00,0x00,0x00,0x00,0x00,0x00,
    0x00,0x00,0x00,0x00,0x00,0x00,0x00,0x00,0x00,0x00,0x00,0x00,0x00,0x00,0x00,0x00,0x00,0x00,0x00,0x00,0x00,0x00,0x00,0x00,
    0x00,0x00,0x00,0x00,0x00,0x00,0x00,0x00,0x00,0x00,0x00,0x00,0x00,0x00,0x00,0x00,0x00,0x00,0x00,0x00,0x00,0x00,0x00,0x00,
    0x00,0x00,0x00,0x00,0x00,0x00,0x00,0x00,0x24,0x21,0x04,0x21,0x65,0x21,0xc7,0x29,0xa6,0x21,0x65,0x19,0x65,0x19,0x45,0x19,
    0x45,0x19,0x65,0x19,0x65,0x19,0x65,0x19,0x65,0x19,0x65,0x19,0x65,0x19,0x65,0x19,0x65,0x19,0x65,0x19,0x65,0x19,0x45,0x19,
    0x45,0x19,0x45,0x19,0x45,0x19,0x45,0x19,0x45,0x19,0x45,0x19,0x45,0x19,0x45,0x19,0x45,0x19,0x45,0x19,0x45,0x19,0x45,0x19,
    0x45,0x19,0x45,0x19,0x45,0x19,0x45,0x19,0x45,0x19,0x45,0x19,0x45,0x19,0x45,0x19,0x45,0x19,0x45,0x19,0x45,0x19,0x45,0x19,
    0x45,0x19,0x45,0x19,0x45,0x19,0x45,0x19,0x45,0x19,0x45,0x19,0x45,0x19,0x45,0x19,0x45,0x19,0x45,0x19,0x45,0x19,0x45,0x19,
    0x45,0x19,0x45,0x19,0x45,0x19,0x45,0x19,0x45,0x19,0x45,0x19,0x45,0x19,0x45,0x19,0x45,0x19,0x45,0x19,0x45,0x19,0x45,0x19,
    0x45,0x19,0x45,0x19,0x45,0x19,0x45,0x19,0x45,0x19,0x45,0x19,0x45,0x19,0x45,0x19,0x45,0x19,0x45,0x19,0x45,0x19,0x45,0x19,
    0x45,0x19,0x24,0x19,0x04,0x19,0x24,0x19,0x45,0x21,0x45,0x21,0x04,0x21,0x24,0x21,0x00,0x00,0x00,0x00,0x00,0x00,0x00,0x00,
    0x00,0x00,0x00,0x00,0x00,0x00,0x00,0x00,0x00,0x00,0x00,0x00,0x00,0x00,0x00,0x00,0x00,0x00,0x00,0x00,0x00,0x00,0x00,0x00,
    0x00,0x00,0x00,0x00,0x00,0x00,0x00,0x00,0x00,0x00,0x00,0x00,0x00,0x00,0x00,0x00,0x00,0x00,0x00,0x00,0x00,0x00,0x00,0x00,
    0x00,0x00,0x00,0x00,0x00,0x00,0x00,0x00,0x00,0x00,0x00,0x00,0x00,0x00,0x00,0x00,0x00,0x00,0x00,0x00,0x45,0x21,0x65,0x29,
    0x24,0x21,0x45,0x21,0xa6,0x29,0xc7,0x21,0xa6,0x21,0x86,0x19,0x65,0x19,0x65,0x19,0x65,0x19,0x65,0x19,0x65,0x19,0x65,0x19,
    0x65,0x19,0x65,0x19,0x65,0x19,0x65,0x19,0x65,0x19,0x65,0x19,0x65,0x19,0x65,0x19,0x45,0x19,0x65,0x19,0x65,0x19,0x65,0x19,
    0x65,0x19,0x65,0x19,0x65,0x19,0x45,0x19,0x65,0x19,0x65,0x19,0x45,0x19,0x65,0x19,0x45,0x19,0x45,0x19,0x45,0x19,0x45,0x19,
    0x65,0x19,0x45,0x19,0x45,0x19,0x45,0x19,0x45,0x19,0x45,0x19,0x65,0x19,0x45,0x19,0x45,0x19,0x45,0x19,0x45,0x19,0x45,0x19,
    0x45,0x19,0x45,0x19,0x45,0x19,0x45,0x19,0x45,0x19,0x45,0x19,0x45,0x19,0x45,0x19,0x45,0x19,0x45,0x19,0x45,0x19,0x45,0x19,
    0x45,0x19,0x45,0x19,0x45,0x19,0x45,0x19,0x45,0x19,0x45,0x19,0x45,0x19,0x45,0x19,0x45,0x19,0x45,0x19,0x45,0x19,0x45,0x19,
    0x45,0x19,0x45,0x19,0x45,0x19,0x45,0x19,0x45,0x19,0x45,0x19,0x45,0x19,0x45,0x19,0x45,0x19,0x24,0x19,0x04,0x19,0x04,0x19,
    0x24,0x19,0x45,0x21,0x04,0x19,0xe3,0x18,0x25,0x21,0x00,0x00,0x00,0x00,0x00,0x00,0x00,0x00,0x00,0x00,0x00,0x00,0x00,0x00,
    0x00,0x00,0x00,0x00,0x00,0x00,0x00,0x00,0x00,0x00,0x00,0x00,0x00,0x00,0x00,0x00,0x00,0x00,0x00,0x00,0x00,0x00,0x00,0x00,
    0x00,0x00,0x00,0x00,0x00,0x00,0x00,0x00,0x00,0x00,0x00,0x00,0x00,0x00,0x00,0x00,0x00,0x00,0x00,0x00,0x00,0x00,0x00,0x00,
    0x00,0x00,0x00,0x00,0x00,0x00,0x00,0x00,0x00,0x00,0x00,0x00,0xa6,0x31,0x45,0x21,0x04,0x19,0x65,0x21,0xe7,0x29,0xc7,0x21,
    0xc7,0x21,0x65,0x19,0x65,0x19,0x65,0x19,0x65,0x19,0x65,0x19,0x65,0x19,0x65,0x19,0x65,0x19,0x65,0x19,0x65,0x19,0x65,0x19,
    0x65,0x19,0x65,0x19,0x65,0x19,0x65,0x19,0x65,0x19,0x65,0x19,0x65,0x19,0x65,0x19,0x65,0x19,0x65,0x19,0x65,0x19,0x65,0x19,
    0x45,0x19,0x45,0x19,0x65,0x19,0x65,0x19,0x45,0x19,0x45,0x19,0x45,0x19,0x45,0x19,0x45,0x19,0x45,0x19,0x45,0x19,0x45,0x19,
    0x45,0x19,0x45,0x19,0x45,0x19,0x45,0x19,0x45,0x19,0x45,0x19,0x45,0x19,0x45,0x19,0x45,0x19,0x45,0x19,0x45,0x19,0x45,0x19,
    0x45,0x19,0x45,0x19,0x45,0x19,0x45,0x19,0x45,0x19,0x45,0x19,0x45,0x19,0x45,0x19,0x45,0x19,0x45,0x19,0x45,0x19,0x45,0x19,
    0x45,0x19,0x45,0x19,0x45,0x19,0x45,0x19,0x45,0x19,0x45,0x19,0x45,0x19,0x45,0x19,0x45,0x19,0x45,0x19,0x45,0x19,0x45,0x19,
    0x45,0x19,0x45,0x19,0x45,0x19,0x45,0x19,0x45,0x19,0x24,0x19,0x04,0x19,0x04,0x19,0x04,0x19,0x45,0x21,0x04,0x21,0xc3,0x18,
    0xe3,0x18,0x45,0x29,0x00,0x00,0x00,0x00,0x00,0x00,0x00,0x00,0x00,0x00,0x00,0x00,0x00,0x00,0x00,0x00,0x00,0x00,0x00,0x00,
    0x00,0x00,0x00,0x00,0x00,0x00,0x00,0x00,0x00,0x00,0x00,0x00,0x00,0x00,0x00,0x00,0x00,0x00,0x00,0x00,0x00,0x00,0x00,0x00,
    0x00,0x00,0x00,0x00,0x00,0x00,0x00,0x00,0x00,0x00,0x00,0x00,0x00,0x00,0x00,0x00,0x00,0x00,0x00,0x00,0x00,0x00,0x00,0x00,
    0x00,0x00,0x00,0x00,0x85,0x29,0x24,0x21,0x04,0x19,0xa6,0x21,0xc7,0x21,0xc7,0x21,0xc7,0x21,0x65,0x19,0x65,0x19,0x65,0x19,
    0x65,0x19,0x65,0x19,0x65,0x19,0x65,0x19,0x65,0x19,0x65,0x19,0x65,0x19,0x65,0x19,0x65,0x19,0x65,0x19,0x65,0x19,0x65,0x19,
    0x65,0x19,0x65,0x19,0x65,0x19,0x45,0x19,0x65,0x19,0x65,0x19,0x65,0x19,0x65,0x19,0x45,0x19,0x65,0x19,0x45,0x19,0x45,0x19,
    0x65,0x19,0x45,0x19,0x45,0x19,0x45,0x19,0x45,0x19,0x65,0x19,0x65,0x19,0x45,0x19,0x45,0x19,0x45,0x19,0x45,0x19,0x45,0x19,
    0x45,0x19,0x45,0x19,0x45,0x19,0x45,0x19,0x45,0x19,0x45,0x19,0x45,0x19,0x45,0x19,0x45,0x19,0x45,0x19,0x45,0x19,0x45,0x19,
    0x45,0x19,0x45,0x19,0x45,0x19,0x45,0x19,0x45,0x19,0x45,0x19,0x45,0x19,0x45,0x19,0x45,0x19,0x45,0x19,0x45,0x19,0x45,0x19,
    0x45,0x19,0x45,0x19,0x45,0x19,0x45,0x19,0x45,0x19,0x45,0x19,0x45,0x19,0x45,0x19,0x45,0x19,0x45,0x19,0x45,0x19,0x45,0x19,
    0x45,0x19,0x24,0x19,0x04,0x19,0x04,0x19,0x04,0x19,0x45,0x19,0x45,0x21,0xc3,0x10,0xe3,0x18,0x45,0x29,0x00,0x00,0x00,0x00,
    0x00,0x00,0x00,0x00,0x00,0x00,0x00,0x00,0x00,0x00,0x00,0x00,0x00,0x00,0x00,0x00,0x00,0x00,0x00,0x00,0x00,0x00,0x00,0x00,
    0x00,0x00,0x00,0x00,0x00,0x00,0x00,0x00,0x00,0x00,0x00,0x00,0x00,0x00,0x00,0x00,0x00,0x00,0x00,0x00,0x00,0x00,0x00,0x00,
    0x00,0x00,0x00,0x00,0x00,0x00,0x00,0x00,0x00,0x00,0x00,0x00,0x00,0x00,0x00,0x00,0x00,0x00,0x00,0x00,0x45,0x21,0x24,0x21,
    0x04,0x19,0xa6,0x21,0xc7,0x21,0xc7,0x21,0xc7,0x21,0x65,0x19,0x65,0x19,0x65,0x19,0x65,0x19,0x65,0x19,0x65,0x19,0x65,0x19,
    0x65,0x19,0x65,0x19,0x65,0x19,0x65,0x19,0x65,0x19,0x65,0x19,0x65,0x19,0x65,0x19,0x65,0x19,0x65,0x19,0x65,0x19,0x65,0x19,
    0x65,0x19,0x65,0x19,0x65,0x19,0x65,0x19,0x65,0x19,0x65,0x19,0x65,0x19,0x65,0x19,0x45,0x19,0x65,0x19,0x65,0x19,0x45,0x19,
    0x65,0x19,0x65,0x19,0x45,0x19,0x65,0x19,0x45,0x19,0x65,0x19,0x45,0x19,0x45,0x19,0x45,0x19,0x65,0x19,0x45,0x19,0x45,0x19,
    0x45,0x19,0x45,0x19,0x45,0x19,0x45,0x19,0x45,0x19,0x45,0x19,0x45,0x19,0x45,0x19,0x45,0x19,0x45,0x19,0x45,0x19,0x45,0x19,
    0x45,0x19,0x45,0x19,0x45,0x19,0x45,0x19,0x45,0x19,0x45,0x19,0x45,0x19,0x45,0x19,0x45,0x19,0x45,0x19,0x45,0x19,0x45,0x19,
    0x45,0x19,0x45,0x19,0x45,0x19,0x45,0x19,0x45,0x19,0x45,0x19,0x45,0x19,0x45,0x19,0x45,0x19,0x44,0x19,0x04,0x19,0x04,0x11,
    0x04,0x11,0x24,0x19,0x45,0x21,0xc3,0x10,0xe3,0x18,0x04,0x21,0x00,0x00,0x00,0x00,0x00,0x00,0x00,0x00,0x00,0x00,0x00,0x00,
    0x00,0x00,0x00,0x00,0x00,0x00,0x00,0x00,0x00,0x00,0x00,0x00,0x00,0x00,0x00,0x00,0x00,0x00,0x00,0x00,0x00,0x00,0x00,0x00,
    0x00,0x00,0x00,0x00,0x00,0x00,0x00,0x00,0x00,0x00,0x00,0x00,0x00,0x00,0x00,0x00,0x00,0x00,0x00,0x00,0x00,0x00,0x00,0x00,
    0x00,0x00,0x00,0x00,0x00,0x00,0x00,0x00,0x00,0x00,0x00,0x00,0x65,0x29,0x24,0x21,0x24,0x19,0xc7,0x29,0xc7,0x21,0xc7,0x21,
    0xc7,0x21,0x85,0x19,0x65,0x19,0x65,0x19,0x65,0x19,0x65,0x19,0x65,0x19,0x65,0x19,0x65,0x19,0x65,0x19,0x65,0x19,0x65,0x19,
    0x65,0x19,0x65,0x19,0x65,0x19,0x65,0x19,0x65,0x19,0x65,0x19,0x65,0x19,0x65,0x19,0x65,0x19,0x65,0x19,0x65,0x19,0x65,0x19,
    0x65,0x19,0x65,0x19,0x65,0x19,0x65,0x19,0x65,0x19,0x65,0x19,0x65,0x19,0x45,0x19,0x65,0x19,0x45,0x19,0x45,0x19,0x65,0x19,
    0x65,0x19,0x45,0x19,0x45,0x19,0x45,0x19,0x45,0x19,0x45,0x19,0x45,0x19,0x65,0x19,0x45,0x19,0x45,0x19,0x45,0x19,0x45,0x19,
    0x45,0x19,0x45,0x19,0x45,0x19,0x45,0x19,0x45,0x19,0x45,0x19,0x45,0x19,0x45,0x19,0x45,0x19,0x45,0x19,0x45,0x19,0x45,0x19,
    0x45,0x19,0x45,0x19,0x45,0x19,0x45,0x19,0x45,0x19,0x45,0x19,0x45,0x19,0x45,0x19,0x45,0x19,0x45,0x19,0x45,0x19,0x45,0x19,
    0x45,0x19,0x45,0x19,0x45,0x19,0x45,0x19,0x45,0x19,0x24,0x19,0x04,0x19,0x04,0x11,0x04,0x19,0x24,0x19,0x45,0x21,0xc3,0x10,
    0xe3,0x18,0x24,0x21,0x00,0x00,0x00,0x00,0x00,0x00,0x00,0x00,0x00,0x00,0x00,0x00,0x00,0x00,0x00,0x00,0x00,0x00,0x00,0x00,
    0x00,0x00,0x00,0x00,0x00,0x00,0x00,0x00,0x00,0x00,0x00,0x00,0x00,0x00,0x00,0x00,0x00,0x00,0x00,0x00,0x00,0x00,0x00,0x00,
    0x00,0x00,0x00,0x00,0x00,0x00,0x00,0x00,0x00,0x00,0x00,0x00,0x00,0x00,0x00,0x00,0x00,0x00,0x00,0x00,0x00,0x00,0x00,0x00,
    0x00,0x00,0x00,0x00,0x45,0x29,0x24,0x21,0x24,0x19,0xc7,0x29,0xc7,0x21,0xc7,0x21,0xc7,0x21,0x65,0x19,0x65,0x19,0x65,0x19,
    0x65,0x19,0x65,0x19,0x65,0x19,0x65,0x19,0x65,0x19,0x65,0x19,0x65,0x19,0x65,0x19,0x65,0x19,0x65,0x19,0x65,0x19,0x65,0x19,
    0x65,0x19,0x65,0x19,0x65,0x19,0x65,0x19,0x65,0x19,0x65,0x19,0x65,0x19,0x65,0x19,0x65,0x19,0x65,0x19,0x65,0x19,0x45,0x19,
    0x65,0x19,0x65,0x19,0x65,0x19,0x65,0x19,0x45,0x19,0x45,0x19,0x65,0x19,0x65,0x19,0x65,0x19,0x65,0x19,0x45,0x19,0x65,0x19,
    0x65,0x19,0x45,0x19,0x45,0x19,0x45,0x19,0x45,0x19,0x65,0x19,0x65,0x19,0x45,0x19,0x45,0x19,0x45,0x19,0x45,0x19,0x45,0x19,
    0x45,0x19,0x45,0x19,0x45,0x19,0x45,0x19,0x45,0x19,0x45,0x19,0x45,0x19,0x45,0x19,0x45,0x19,0x45,0x19,0x45,0x19,0x45,0x19,
    0x45,0x19,0x45,0x19,0x45,0x19,0x45,0x19,0x45,0x19,0x45,0x19,0x45,0x19,0x45,0x19,0x45,0x19,0x45,0x19,0x45,0x19,0x45,0x19,
    0x45,0x19,0x24,0x19,0x04,0x19,0x04,0x11,0x04,0x19,0x24,0x19,0x45,0x21,0xc3,0x18,0xe3,0x18,0x65,0x29,0x00,0x00,0x00,0x00,
    0x00,0x00,0x00,0x00,0x00,0x00,0x00,0x00,0x00,0x00,0x00,0x00,0x00,0x00,0x00,0x00,0x00,0x00,0x00,0x00,0x00,0x00,0x00,0x00,
    0x00,0x00,0x00,0x00,0x00,0x00,0x00,0x00,0x00,0x00,0x00,0x00,0x00,0x00,0x00,0x00,0x00,0x00,0x00,0x00,0x00,0x00,0x00,0x00,
    0x00,0x00,0x00,0x00,0x00,0x00,0x00,0x00,0x00,0x00,0x00,0x00,0x00,0x00,0x00,0x00,0x00,0x00,0x00,0x00,0x86,0x29,0x24,0x21,
    0x24,0x19,0xc7,0x29,0xe7,0x21,0xe7,0x21,0xc7,0x21,0x65,0x19,0x65,0x19,0x65,0x19,0x65,0x19,0x65,0x19,0x65,0x19,0x65,0x19,
    0x65,0x19,0x65,0x19,0x65,0x19,0x65,0x19,0x65,0x19,0x65,0x19,0x65,0x19,0x65,0x19,0x65,0x19,0x65,0x19,0x65,0x19,0x65,0x19,
    0x65,0x19,0x65,0x19,0x65,0x19,0x65,0x19,0x65,0x19,0x65,0x19,0x65,0x19,0x45,0x19,0x45,0x19,0x65,0x19,0x65,0x19,0x65,0x19,
    0x65,0x19,0x45,0x19,0x45,0x19,0x65,0x19,0x45,0x19,0x65,0x19,0x45,0x19,0x65,0x19,0x45,0x19,0x45,0x19,0x45,0x19,0x65,0x19,
    0x45,0x19,0x45,0x19,0x45,0x19,0x45,0x19,0x45,0x19,0x45,0x19,0x45,0x19,0x45,0x19,0x45,0x19,0x45,0x19,0x45,0x19,0x45,0x19,
    0x45,0x19,0x45,0x19,0x45,0x19,0x45,0x19,0x45,0x19,0x45,0x19,0x45,0x19,0x45,0x19,0x45,0x19,0x45,0x19,0x45,0x19,0x45,0x19,
    0x45,0x19,0x45,0x19,0x45,0x19,0x45,0x19,0x45,0x19,0x45,0x19,0x45,0x19,0x45,0x19,0x45,0x19,0x45,0x19,0x04,0x19,0x04,0x19,
    0x04,0x19,0x24,0x19,0x45,0x21,0xe3,0x18,0xe3,0x18,0x45,0x29,0x00,0x00,0x00,0x00,0x00,0x00,0x00,0x00,0x00,0x00,0x00,0x00,
    0x00,0x00,0x00,0x00,0x00,0x00,0x00,0x00,0x00,0x00,0x00,0x00,0x00,0x00,0x00,0x00,0x00,0x00,0x00,0x00,0x00,0x00,0x00,0x00,
    0x00,0x00,0x00,0x00,0x00,0x00,0x00,0x00,0x00,0x00,0x00,0x00,0x00,0x00,0x00,0x00,0x00,0x00,0x00,0x00,0x00,0x00,0x00,0x00,
    0x00,0x00,0x00,0x00,0x00,0x00,0x00,0x00,0x00,0x00,0x00,0x00,0x65,0x29,0x24,0x21,0x24,0x19,0xc7,0x29,0xe7,0x21,0xe7,0x21,
    0xc7,0x21,0x65,0x19,0x65,0x19,0x65,0x19,0x65,0x19,0x65,0x19,0x65,0x19,0x65,0x19,0x65,0x19,0x65,0x19,0x65,0x19,0x65,0x19,
    0x65,0x19,0x65,0x19,0x65,0x19,0x65,0x19,0x65,0x19,0x65,0x19,0x65,0x19,0x65,0x19,0x65,0x19,0x65,0x19,0x65,0x19,0x65,0x19,
    0x65,0x19,0x65,0x19,0x65,0x19,0x65,0x19,0x65,0x19,0x65,0x19,0x65,0x19,0x65,0x19,0x65,0x19,0x65,0x19,0x65,0x19,0x65,0x19,
    0x65,0x19,0x45,0x19,0x65,0x19,0x65,0x19,0x45,0x19,0x65,0x19,0x45,0x19,0x65,0x19,0x65,0x19,0x45,0x19,0x45,0x19,0x45,0x19,
    0x65,0x19,0x45,0x19,0x45,0x19,0x45,0x19,0x45,0x19,0x45,0x19,0x45,0x19,0x45,0x19,0x45,0x19,0x45,0x19,0x45,0x19,0x45,0x19,
    0x45,0x19,0x45,0x19,0x45,0x19,0x45,0x19,0x45,0x19,0x45,0x19,0x45,0x19,0x45,0x19,0x45,0x19,0x45,0x19,0x45,0x19,0x45,0x19,
    0x45,0x19,0x45,0x19,0x45,0x19,0x45,0x19,0x45,0x19,0x24,0x19,0x04,0x11,0x04,0x19,0x04,0x19,0x24,0x19,0x45,0x21,0xc3,0x18,
    0x03,0x19,0x45,0x29,0x00,0x00,0x00,0x00,0x00,0x00,0x00,0x00,0x00,0x00,0x00,0x00,0x00,0x00,0x00,0x00,0x00,0x00,0x00,0x00,
    0x00,0x00,0x00,0x00,0x00,0x00,0x00,0x00,0x00,0x00,0x00,0x00,0x00,0x00,0x00,0x00,0x00,0x00,0x00,0x00,0x00,0x00,0x00,0x00,
    0x00,0x00,0x00,0x00,0x00,0x00,0x00,0x00,0x00,0x00,0x00,0x00,0x00,0x00,0x00,0x00,0x00,0x00,0x00,0x00,0x00,0x00,0x00,0x00,
    0x00,0x00,0x00,0x00,0x65,0x29,0x24,0x21,0x24,0x19,0xc7,0x29,0xe7,0x21,0xe7,0x21,0xc7,0x21,0x85,0x19,0x65,0x19,0x65,0x19,
    0x65,0x19,0x65,0x19,0x65,0x19,0x65,0x19,0x65,0x19,0x65,0x19,0x65,0x19,0x65,0x19,0x65,0x19,0x65,0x19,0x65,0x19,0x65,0x19,
    0x65,0x19,0x65,0x19,0x65,0x19,0x65,0x19,0x65,0x19,0x65,0x19,0x65,0x19,0x65,0x19,0x65,0x19,0x65,0x19,0x65,0x19,0x65,0x19,
    0x65,0x19,0x65,0x19,0x65,0x19,0x65,0x19,0x45,0x19,0x65,0x19,0x65,0x19,0x45,0x19,0x45,0x19,0x45,0x19,0x45,0x19,0x45,0x19,
    0x45,0x19,0x65,0x19,0x45,0x19,0x45,0x19,0x65,0x19,0x45,0x19,0x45,0x19,0x45,0x19,0x45,0x19,0x45,0x19,0x45,0x19,0x45,0x19,
    0x45,0x19,0x45,0x19,0x45,0x19,0x45,0x19,0x45,0x19,0x45,0x19,0x45,0x19,0x45,0x19,0x45,0x19,0x45,0x19,0x45,0x19,0x45,0x19,
    0x45,0x19,0x45,0x19,0x45,0x19,0x45,0x19,0x45,0x19,0x45,0x19,0x45,0x19,0x45,0x19,0x45,0x19,0x45,0x19,0x45,0x19,0x45,0x19,
    0x45,0x19,0x24,0x19,0x04,0x19,0xe3,0x10,0x04,0x11,0x24,0x19,0x45,0x21,0xc3,0x18,0xe3,0x18,0x24,0x21,0x00,0x00,0x00,0x00,
    0x00,0x00,0x00,0x00,0x00,0x00,0x00,0x00,0x00,0x00,0x00,0x00,0x00,0x00,0x00,0x00,0x00,0x00,0x00,0x00,0x00,0x00,0x00,0x00,
    0x00,0x00,0x00,0x00,0x00,0x00,0x00,0x00,0x00,0x00,0x00,0x00,0x00,0x00,0x00,0x00,0x00,0x00,0x00,0x00,0x00,0x00,0x00,0x00,
    0x00,0x00,0x00,0x00,0x00,0x00,0x00,0x00,0x00,0x00,0x00,0x00,0x00,0x00,0x00,0x00,0x00,0x00,0x00,0x00,0x86,0x29,0x24,0x21,
    0x24,0x19,0xc7,0x29,0xe7,0x21,0xe7,0x21,0xc7,0x21,0x85,0x19,0x65,0x19,0x65,0x19,0x65,0x19,0x65,0x19,0x65,0x19,0x65,0x19,
    0x65,0x19,0x65,0x19,0x65,0x19,0x65,0x19,0x65,0x19,0x65,0x19,0x65,0x19,0x65,0x19,0x65,0x19,0x65,0x19,0x65,0x19,0x65,0x19,
    0x65,0x19,0x65,0x19,0x65,0x19,0x65,0x19,0x65,0x19,0x65,0x19,0x65,0x19,0x65,0x19,0x65,0x19,0x65,0x19,0x65,0x19,0x65,0x19,
    0x65,0x19,0x65,0x19,0x65,0x19,0x65,0x19,0x45,0x19,0x65,0x19,0x65,0x19,0x45,0x19,0x65,0x19,0x65,0x19,0x65,0x19,0x65,0x19,
    0x65,0x19,0x65,0x19,0x45,0x19,0x45,0x19,0x65,0x19,0x45,0x19,0x45,0x19,0x45,0x19,0x45,0x19,0x45,0x19,0x45,0x19,0x45,0x19,
    0x45,0x19,0x45,0x19,0x45,0x19,0x45,0x19,0x45,0x19,0x45,0x19,0x45,0x19,0x45,0x19,0x45,0x19,0x45,0x19,0x45,0x19,0x45,0x19,
    0x45,0x19,0x45,0x19,0x45,0x19,0x45,0x19,0x45,0x19,0x45,0x19,0x45,0x19,0x45,0x19,0x45,0x19,0x45,0x19,0x04,0x19,0xe3,0x10,
    0x04,0x19,0x24,0x19,0x65,0x21,0xc3,0x18,0xe3,0x18,0x65,0x29,0x00,0x00,0x00,0x00,0x00,0x00,0x00,0x00,0x00,0x00,0x00,0x00,
    0x00,0x00,0x00,0x00,0x00,0x00,0x00,0x00,0x00,0x00,0x00,0x00,0x00,0x00,0x00,0x00,0x00,0x00,0x00,0x00,0x00,0x00,0x00,0x00,
    0x00,0x00,0x00,0x00,0x00,0x00,0x00,0x00,0x00,0x00,0x00,0x00,0x00,0x00,0x00,0x00,0x00,0x00,0x00,0x00,0x00,0x00,0x00,0x00,
    0x00,0x00,0x00,0x00,0x00,0x00,0x00,0x00,0x00,0x00,0x00,0x00,0x65,0x29,0x24,0x21,0x24,0x19,0xc7,0x29,0xe7,0x21,0xe7,0x21,
    0xc7,0x21,0x85,0x19,0x65,0x19,0x65,0x19,0x65,0x19,0x65,0x19,0x65,0x19,0x65,0x19,0x65,0x19,0x65,0x19,0x65,0x19,0x65,0x19,
    0x65,0x19,0x65,0x19,0x65,0x19,0x65,0x19,0x65,0x19,0x65,0x19,0x65,0x19,0x65,0x19,0x65,0x19,0x65,0x19,0x65,0x19,0x65,0x19,
    0x65,0x19,0x65,0x19,0x65,0x19,0x65,0x19,0x65,0x19,0x65,0x19,0x65,0x19,0x65,0x19,0x65,0x19,0x65,0x19,0x65,0x19,0x65,0x19,
    0x65,0x19,0x65,0x19,0x65,0x19,0x65,0x19,0x65,0x19,0x65,0x19,0x65,0x19,0x65,0x19,0x65,0x19,0x65,0x19,0x65,0x19,0x45,0x19,
    0x45,0x19,0x45,0x19,0x65,0x19,0x65,0x19,0x45,0x19,0x45,0x19,0x45,0x19,0x45,0x19,0x45,0x19,0x45,0x19,0x45,0x19,0x45,0x19,
    0x45,0x19,0x45,0x19,0x45,0x19,0x45,0x19,0x45,0x19,0x45,0x19,0x45,0x19,0x45,0x19,0x45,0x19,0x45,0x19,0x45,0x19,0x45,0x19,
    0x45,0x19,0x45,0x19,0x45,0x19,0x45,0x19,0x45,0x19,0x44,0x19,0x04,0x19,0x03,0x11,0x04,0x11,0x24,0x19,0x45,0x21,0xc3,0x10,
    0xe3,0x18,0x45,0x29,0x00,0x00,0x00,0x00,0x00,0x00,0x00,0x00,0x00,0x00,0x00,0x00,0x00,0x00,0x00,0x00,0x00,0x00,0x00,0x00,
    0x00,0x00,0x00,0x00,0x00,0x00,0x00,0x00,0x00,0x00,0x00,0x00,0x00,0x00,0x00,0x00,0x00,0x00,0x00,0x00,0x00,0x00,0x00,0x00,
    0x00,0x00,0x00,0x00,0x00,0x00,0x00,0x00,0x00,0x00,0x00,0x00,0x00,0x00,0x00,0x00,0x00,0x00,0x00,0x00,0x00,0x00,0x00,0x00,
    0x00,0x00,0x00,0x00,0x86,0x29,0x24,0x21,0x24,0x19,0xc7,0x29,0xe7,0x21,0xe7,0x21,0xc7,0x21,0x85,0x19,0x65,0x19,0x65,0x19,
    0x65,0x19,0x65,0x19,0x65,0x19,0x65,0x19,0x65,0x19,0x65,0x19,0x65,0x19,0x65,0x19,0x65,0x19,0x65,0x19,0x65,0x19,0x65,0x19,
    0x65,0x19,0x65,0x19,0x65,0x19,0x65,0x19,0x65,0x19,0x65,0x19,0x65,0x19,0x65,0x19,0x65,0x19,0x65,0x19,0x65,0x19,0x65,0x19,
    0x65,0x19,0x65,0x19,0x65,0x19,0x65,0x19,0x65,0x19,0x65,0x19,0x65,0x19,0x65,0x19,0x65,0x19,0x65,0x19,0x65,0x19,0x65,0x19,
    0x65,0x19,0x65,0x19,0x65,0x19,0x65,0x19,0x65,0x19,0x65,0x19,0x45,0x19,0x45,0x19,0x65,0x19,0x65,0x19,0x45,0x19,0x65,0x19,
    0x65,0x19,0x65,0x19,0x45,0x19,0x45,0x19,0x45,0x19,0x45,0x19,0x45,0x19,0x45,0x19,0x45,0x19,0x45,0x19,0x45,0x19,0x45,0x19,
    0x45,0x19,0x45,0x19,0x45,0x19,0x45,0x19,0x45,0x19,0x45,0x19,0x45,0x19,0x45,0x19,0x45,0x19,0x45,0x19,0x45,0x19,0x45,0x19,
    0x45,0x19,0x24,0x19,0x04,0x19,0xe3,0x10,0x04,0x11,0x24,0x19,0x45,0x21,0xc3,0x18,0xe3,0x18,0x45,0x29,0x00,0x00,0x00,0x00,
    0x00,0x00,0x00,0x00,0x00,0x00,0x00,0x00,0x00,0x00,0x00,0x00,0x00,0x00,0x00,0x00,0x00,0x00,0x00,0x00,0x00,0x00,0x00,0x00,
    0x00,0x00,0x00,0x00,0x00,0x00,0x00,0x00,0x00,0x00,0x00,0x00,0x00,0x00,0x00,0x00,0x00,0x00,0x00,0x00,0x00,0x00,0x00,0x00,
    0x00,0x00,0x00,0x00,0x00,0x00,0x00,0x00,0x00,0x00,0x00,0x00,0x00,0x00,0x00,0x00,0x00,0x00,0x00,0x00,0x86,0x29,0x24,0x19,
    0x24,0x19,0xc7,0x29,0xe7,0x21,0xe7,0x21,0xc7,0x21,0x86,0x19,0x65,0x19,0x65,0x19,0x65,0x19,0x65,0x19,0x65,0x19,0x65,0x19,
    0x65,0x19,0x65,0x19,0x65,0x19,0x65,0x19,0x65,0x19,0x65,0x19,0x65,0x19,0x65,0x19,0x65,0x19,0x65,0x19,0x65,0x19,0x65,0x19,
    0x65,0x19,0x65,0x19,0x65,0x19,0x65,0x19,0x65,0x19,0x65,0x19,0x65,0x19,0x65,0x19,0x65,0x19,0x65,0x19,0x65,0x19,0x65,0x19,
    0x65,0x19,0x65,0x19,0x65,0x19,0x65,0x19,0x65,0x19,0x65,0x19,0x65,0x19,0x65,0x19,0x65,0x19,0x65,0x19,0x65,0x19,0x65,0x19,
    0x65,0x19,0x65,0x19,0x45,0x19,0x65,0x19,0x65,0x19,0x65,0x19,0x45,0x19,0x45,0x19,0x65,0x19,0x45,0x19,0x45,0x19,0x45,0x19,
    0x45,0x19,0x45,0x19,0x45,0x19,0x45,0x19,0x45,0x19,0x45,0x19,0x45,0x19,0x45,0x19,0x45,0x19,0x45,0x19,0x45,0x19,0x45,0x19,
    0x45,0x19,0x45,0x19,0x45,0x19,0x45,0x19,0x45,0x19,0x45,0x19,0x45,0x19,0x45,0x19,0x45,0x19,0x45,0x19,0x04,0x19,0x03,0x11,
    0x04,0x11,0x24,0x19,0x45,0x21,0xc3,0x10,0xe3,0x18,0x25,0x21,0x00,0x00,0x00,0x00,0x00,0x00,0x00,0x00,0x00,0x00,0x00,0x00,
    0x00,0x00,0x00,0x00,0x00,0x00,0x00,0x00,0x00,0x00,0x00,0x00,0x00,0x00,0x00,0x00,0x00,0x00,0x00,0x00,0x00,0x00,0x00,0x00,
    0x00,0x00,0x00,0x00,0x00,0x00,0x00,0x00,0x00,0x00,0x00,0x00,0x00,0x00,0x00,0x00,0x00,0x00,0x00,0x00,0x00,0x00,0x00,0x00,
    0x00,0x00,0x00,0x00,0x00,0x00,0x00,0x00,0x00,0x00,0x00,0x00,0x86,0x29,0x44,0x21,0x24,0x19,0xc7,0x29,0xe7,0x21,0xe7,0x21,
    0xc7,0x21,0x86,0x19,0x65,0x19,0x65,0x19,0x65,0x19,0x65,0x19,0x65,0x19,0x65,0x19,0x65,0x19,0x65,0x19,0x65,0x19,0x65,0x19,
    0x65,0x19,0x65,0x19,0x65,0x19,0x65,0x19,0x65,0x19,0x65,0x19,0x65,0x19,0x65,0x19,0x65,0x19,0x65,0x19,0x65,0x19,0x65,0x19,
    0x65,0x19,0x65,0x19,0x65,0x19,0x65,0x19,0x65,0x19,0x65,0x19,0x65,0x19,0x65,0x19,0x65,0x19,0x65,0x19,0x65,0x19,0x65,0x19,
    0x65,0x19,0x65,0x19,0x65,0x19,0x65,0x19,0x65,0x19,0x45,0x19,0x65,0x19,0x45,0x19,0x65,0x19,0x65,0x19,0x65,0x19,0x65,0x19,
    0x65,0x19,0x45,0x19,0x65,0x19,0x45,0x19,0x45,0x19,0x65,0x19,0x65,0x19,0x45,0x19,0x45,0x19,0x65,0x19,0x45,0x19,0x45,0x19,
    0x45,0x19,0x65,0x19,0x45,0x19,0x45,0x19,0x45,0x19,0x45,0x19,0x45,0x19,0x45,0x19,0x45,0x19,0x45,0x19,0x45,0x19,0x45,0x19,
    0x45,0x19,0x45,0x19,0x45,0x19,0x45,0x19,0x45,0x19,0x45,0x19,0x04,0x19,0x03,0x19,0x04,0x11,0x24,0x19,0x45,0x21,0xc3,0x18,
    0xe3,0x18,0x45,0x29,0x00,0x00,0x00,0x00,0x00,0x00,0x00,0x00,0x00,0x00,0x00,0x00,0x00,0x00,0x00,0x00,0x00,0x00,0x00,0x00,
    0x00,0x00,0x00,0x00,0x00,0x00,0x00,0x00,0x00,0x00,0x00,0x00,0x00,0x00,0x00,0x00,0x00,0x00,0x00,0x00,0x00,0x00,0x00,0x00,
    0x00,0x00,0x00,0x00,0x00,0x00,0x00,0x00,0x00,0x00,0x00,0x00,0x00,0x00,0x00,0x00,0x00,0x00,0x00,0x00,0x00,0x00,0x00,0x00,
    0x00,0x00,0x00,0x00,0x86,0x29,0x24,0x19,0x24,0x19,0xc7,0x29,0xe7,0x21,0xe7,0x21,0xc7,0x21,0x86,0x19,0x65,0x19,0x65,0x19,
    0x65,0x19,0x65,0x19,0x65,0x19,0x65,0x19,0x65,0x19,0x65,0x19,0x65,0x19,0x65,0x19,0x65,0x19,0x65,0x19,0x65,0x19,0x65,0x19,
    0x65,0x19,0x65,0x19,0x65,0x19,0x65,0x19,0x65,0x19,0x65,0x19,0x65,0x19,0x65,0x19,0x65,0x19,0x65,0x19,0x65,0x19,0x65,0x19,
    0x65,0x19,0x65,0x19,0x65,0x19,0x65,0x19,0x65,0x19,0x65,0x19,0x65,0x19,0x65,0x19,0x65,0x19,0x65,0x19,0x65,0x19,0x45,0x19,
    0x65,0x19,0x65,0x19,0x65,0x19,0x65,0x19,0x65,0x19,0x65,0x19,0x65,0x19,0x45,0x19,0x45,0x19,0x65,0x19,0x65,0x19,0x65,0x19,
    0x65,0x19,0x65,0x19,0x65,0x19,0x45,0x19,0x45,0x19,0x45,0x19,0x45,0x19,0x45,0x19,0x45,0x19,0x45,0x19,0x45,0x19,0x45,0x19,
    0x45,0x19,0x45,0x19,0x45,0x19,0x45,0x19,0x45,0x19,0x45,0x19,0x45,0x19,0x45,0x19,0x45,0x19,0x45,0x19,0x45,0x19,0x45,0x19,
    0x45,0x19,0x45,0x19,0x04,0x19,0xe3,0x10,0x04,0x19,0x24,0x19,0x45,0x21,0xc3,0x18,0xe3,0x18,0x24,0x21,0x00,0x00,0x00,0x00,
    0x00,0x00,0x00,0x00,0x00,0x00,0x00,0x00,0x00,0x00,0x00,0x00,0x00,0x00,0x00,0x00,0x00,0x00,0x00,0x00,0x00,0x00,0x00,0x00,
    0x00,0x00,0x00,0x00,0x00,0x00,0x00,0x00,0x00,0x00,0x00,0x00,0x00,0x00,0x00,0x00,0x00,0x00,0x00,0x00,0x00,0x00,0x00,0x00,
    0x00,0x00,0x00,0x00,0x00,0x00,0x00,0x00,0x00,0x00,0x00,0x00,0x00,0x00,0x00,0x00,0x00,0x00,0x00,0x00,0x65,0x29,0x45,0x21,
    0x24,0x19,0xc7,0x29,0xe7,0x21,0xe7,0x21,0xc7,0x21,0x85,0x19,0x65,0x19,0x65,0x19,0x65,0x19,0x65,0x19,0x65,0x19,0x65,0x19,
    0x65,0x19,0x65,0x19,0x65,0x19,0x65,0x19,0x65,0x19,0x65,0x19,0x65,0x19,0x65,0x19,0x65,0x19,0x65,0x19,0x65,0x19,0x65,0x19,
    0x65,0x19,0x65,0x19,0x65,0x19,0x65,0x19,0x65,0x19,0x65,0x19,0x65,0x19,0x65,0x19,0x65,0x19,0x65,0x19,0x65,0x19,0x65,0x19,
    0x65,0x19,0x65,0x19,0x65,0x19,0x65,0x19,0x65,0x19,0x65,0x19,0x65,0x19,0x65,0x19,0x65,0x19,0x65,0x19,0x65,0x19,0x65,0x19,
    0x65,0x19,0x65,0x19,0x65,0x19,0x65,0x19,0x65,0x19,0x65,0x19,0x65,0x19,0x65,0x19,0x65,0x19,0x65,0x19,0x65,0x19,0x65,0x19,
    0x45,0x19,0x45,0x19,0x45,0x19,0x45,0x19,0x45,0x19,0x45,0x19,0x45,0x19,0x45,0x19,0x45,0x19,0x45,0x19,0x45,0x19,0x45,0x19,
    0x45,0x19,0x45,0x19,0x45,0x19,0x45,0x19,0x45,0x19,0x45,0x19,0x45,0x19,0x45,0x19,0x45,0x19,0x24,0x19,0x04,0x19,0x03,0x19,
    0x04,0x19,0x24,0x19,0x45,0x21,0xc3,0x18,0xe3,0x18,0x65,0x29,0x00,0x00,0x00,0x00,0x00,0x00,0x00,0x00,0x00,0x00,0x00,0x00,
    0x00,0x00,0x00,0x00,0x00,0x00,0x00,0x00,0x00,0x00,0x00,0x00,0x00,0x00,0x00,0x00,0x00,0x00,0x00,0x00,0x00,0x00,0x00,0x00,
    0x00,0x00,0x00,0x00,0x00,0x00,0x00,0x00,0x00,0x00,0x00,0x00,0x00,0x00,0x00,0x00,0x00,0x00,0x00,0x00,0x00,0x00,0x00,0x00,
    0x00,0x00,0x00,0x00,0x00,0x00,0x00,0x00,0x00,0x00,0x00,0x00,0xa6,0x31,0x24,0x21,0x24,0x19,0xc7,0x29,0xe7,0x21,0xe7,0x21,
    0xc7,0x21,0x85,0x19,0x65,0x19,0x65,0x19,0x65,0x19,0x65,0x19,0x65,0x19,0x65,0x19,0x65,0x19,0x65,0x19,0x65,0x19,0x65,0x19,
    0x65,0x19,0x65,0x19,0x65,0x19,0x65,0x19,0x65,0x19,0x65,0x19,0x65,0x19,0x65,0x19,0x65,0x19,0x65,0x19,0x65,0x19,0x65,0x19,
    0x65,0x19,0x65,0x19,0x65,0x19,0x65,0x19,0x65,0x19,0x65,0x19,0x65,0x19,0x65,0x19,0x65,0x19,0x65,0x19,0x65,0x19,0x65,0x19,
    0x65,0x19,0x65,0x19,0x65,0x19,0x65,0x19,0x65,0x19,0x65,0x19,0x65,0x19,0x65,0x19,0x65,0x19,0x65,0x19,0x65,0x19,0x65,0x19,
    0x65,0x19,0x65,0x19,0x65,0x19,0x65,0x19,0x65,0x19,0x45,0x19,0x65,0x19,0x65,0x19,0x45,0x19,0x65,0x19,0x45,0x19,0x45,0x19,
    0x65,0x19,0x45,0x19,0x65,0x19,0x45,0x19,0x45,0x19,0x45,0x19,0x45,0x19,0x45,0x19,0x45,0x19,0x45,0x19,0x45,0x19,0x45,0x19,
    0x45,0x19,0x45,0x19,0x45,0x19,0x45,0x19,0x45,0x19,0x44,0x19,0x04,0x19,0xe3,0x10,0x04,0x11,0x24,0x19,0x45,0x21,0xc3,0x18,
    0x03,0x19,0x45,0x29,0x00,0x00,0x00,0x00,0x00,0x00,0x00,0x00,0x00,0x00,0x00,0x00,0x00,0x00,0x00,0x00,0x00,0x00,0x00,0x00,
    0x00,0x00,0x00,0x00,0x00,0x00,0x00,0x00,0x00,0x00,0x00,0x00,0x00,0x00,0x00,0x00,0x00,0x00,0x00,0x00,0x00,0x00,0x00,0x00,
    0x00,0x00,0x00,0x00,0x00,0x00,0x00,0x00,0x00,0x00,0x00,0x00,0x00,0x00,0x00,0x00,0x00,0x00,0x00,0x00,0x00,0x00,0x00,0x00,
    0x00,0x00,0x00,0x00,0x65,0x29,0x24,0x21,0x24,0x19,0xe7,0x29,0xe7,0x21,0xe7,0x21,0xc7,0x21,0x85,0x19,0x65,0x19,0x65,0x19,
    0x65,0x19,0x65,0x19,0x65,0x19,0x65,0x19,0x65,0x19,0x65,0x19,0x65,0x19,0x65,0x19,0x65,0x19,0x65,0x19,0x65,0x19,0x65,0x19,
    0x65,0x19,0x65,0x19,0x65,0x19,0x65,0x19,0x65,0x19,0x65,0x19,0x65,0x19,0x65,0x19,0x65,0x19,0x65,0x19,0x65,0x19,0x65,0x19,
    0x65,0x19,0x65,0x19,0x65,0x19,0x65,0x19,0x65,0x19,0x65,0x19,0x65,0x19,0x65,0x19,0x65,0x19,0x65,0x19,0x65,0x19,0x65,0x19,
    0x65,0x19,0x65,0x19,0x65,0x19,0x65,0x19,0x65,0x19,0x65,0x19,0x65,0x19,0x65,0x19,0x65,0x19,0x65,0x19,0x65,0x19,0x65,0x19,
    0x45,0x19,0x65,0x19,0x65,0x19,0x45,0x19,0x65,0x19,0x65,0x19,0x45,0x19,0x65,0x19,0x45,0x19,0x45,0x19,0x65,0x19,0x45,0x19,
    0x45,0x19,0x45,0x19,0x45,0x19,0x45,0x19,0x45,0x19,0x45,0x19,0x45,0x19,0x45,0x19,0x45,0x19,0x45,0x19,0x45,0x19,0x45,0x19,
    0x45,0x19,0x45,0x19,0x04,0x19,0x04,0x19,0x04,0x19,0x24,0x19,0x45,0x21,0xc3,0x18,0xe3,0x18,0x66,0x29,0x00,0x00,0x00,0x00,
    0x00,0x00,0x00,0x00,0x00,0x00,0x00,0x00,0x00,0x00,0x00,0x00,0x00,0x00,0x00,0x00,0x00,0x00,0x00,0x00,0x00,0x00,0x00,0x00,
    0x00,0x00,0x00,0x00,0x00,0x00,0x00,0x00,0x00,0x00,0x00,0x00,0x00,0x00,0x00,0x00,0x00,0x00,0x00,0x00,0x00,0x00,0x00,0x00,
    0x00,0x00,0x00,0x00,0x00,0x00,0x00,0x00,0x00,0x00,0x00,0x00,0x00,0x00,0x00,0x00,0x00,0x00,0x00,0x00,0x86,0x29,0x45,0x21,
    0x24,0x19,0xe7,0x29,0xe7,0x21,0xe7,0x21,0xe7,0x21,0x85,0x19,0x65,0x19,0x65,0x19,0x65,0x19,0x65,0x19,0x65,0x19,0x65,0x19,
    0x65,0x19,0x65,0x19,0x65,0x19,0x65,0x19,0x65,0x19,0x65,0x19,0x65,0x19,0x65,0x19,0x65,0x19,0x65,0x19,0x65,0x19,0x65,0x19,
    0x65,0x19,0x65,0x19,0x65,0x19,0x65,0x19,0x65,0x19,0x65,0x19,0x65,0x19,0x65,0x19,0x65,0x19,0x65,0x19,0x65,0x19,0x65,0x19,
    0x65,0x19,0x65,0x19,0x65,0x19,0x65,0x19,0x65,0x19,0x65,0x19,0x65,0x19,0x65,0x19,0x65,0x19,0x65,0x19,0x65,0x19,0x65,0x19,
    0x65,0x19,0x65,0x19,0x65,0x19,0x65,0x19,0x65,0x19,0x65,0x19,0x65,0x19,0x65,0x19,0x45,0x19,0x45,0x19,0x65,0x19,0x65,0x19,
    0x65,0x19,0x45,0x19,0x65,0x19,0x65,0x19,0x45,0x19,0x45,0x19,0x45,0x19,0x65,0x19,0x45,0x19,0x45,0x19,0x45,0x19,0x45,0x19,
    0x45,0x19,0x45,0x19,0x45,0x19,0x45,0x19,0x45,0x19,0x45,0x19,0x45,0x19,0x45,0x19,0x45,0x19,0x45,0x19,0x04,0x19,0x04,0x19,
    0x04,0x11,0x24,0x19,0x65,0x21,0xc3,0x10,0xe3,0x18,0x45,0x29,0x00,0x00,0x00,0x00,0x00,0x00,0x00,0x00,0x00,0x00,0x00,0x00,
    0x00,0x00,0x00,0x00,0x00,0x00,0x00,0x00,0x00,0x00,0x00,0x00,0x00,0x00,0x00,0x00,0x00,0x00,0x00,0x00,0x00,0x00,0x00,0x00,
    0x00,0x00,0x00,0x00,0x00,0x00,0x00,0x00,0x00,0x00,0x00,0x00,0x00,0x00,0x00,0x00,0x00,0x00,0x00,0x00,0x00,0x00,0x00,0x00,
    0x00,0x00,0x00,0x00,0x00,0x00,0x00,0x00,0x00,0x00,0x00,0x00,0x65,0x29,0x24,0x21,0x24,0x19,0xe7,0x29,0xe7,0x21,0xe7,0x21,
    0xc7,0x21,0x85,0x19,0x85,0x19,0x65,0x19,0x65,0x19,0x65,0x19,0x65,0x19,0x65,0x19,0x65,0x19,0x65,0x19,0x65,0x19,0x65,0x19,
    0x65,0x19,0x65,0x19,0x65,0x19,0x65,0x19,0x65,0x19,0x65,0x19,0x65,0x19,0x65,0x19,0x65,0x19,0x65,0x19,0x65,0x19,0x65,0x19,
    0x65,0x19,0x65,0x19,0x65,0x19,0x65,0x19,0x65,0x19,0x65,0x19,0x65,0x19,0x65,0x19,0x65,0x19,0x65,0x19,0x65,0x19,0x65,0x19,
    0x65,0x19,0x65,0x19,0x65,0x19,0x65,0x19,0x65,0x19,0x65,0x19,0x65,0x19,0x65,0x19,0x65,0x19,0x65,0x19,0x65,0x19,0x65,0x19,
    0x65,0x19,0x65,0x19,0x65,0x19,0x65,0x19,0x65,0x19,0x65,0x19,0x65,0x19,0x65,0x19,0x65,0x19,0x45,0x19,0x65,0x19,0x65,0x19,
    0x65,0x19,0x65,0x19,0x65,0x19,0x45,0x19,0x45,0x19,0x45,0x19,0x65,0x19,0x45,0x19,0x45,0x19,0x45,0x19,0x45,0x19,0x45,0x19,
    0x45,0x19,0x45,0x19,0x45,0x19,0x45,0x19,0x45,0x19,0x45,0x19,0x04,0x19,0x03,0x19,0x04,0x11,0x24,0x19,0x45,0x21,0xc3,0x18,
    0xe3,0x18,0x24,0x21,0x00,0x00,0x00,0x00,0x00,0x00,0x00,0x00,0x00,0x00,0x00,0x00,0x00,0x00,0x00,0x00,0x00,0x00,0x00,0x00,
    0x00,0x00,0x00,0x00,0x00,0x00,0x00,0x00,0x00,0x00,0x00,0x00,0x00,0x00,0x00,0x00,0x00,0x00,0x00,0x00,0x00,0x00,0x00,0x00,
    0x00,0x00,0x00,0x00,0x00,0x00,0x00,0x00,0x00,0x00,0x00,0x00,0x00,0x00,0x00,0x00,0x00,0x00,0x00,0x00,0x00,0x00,0x00,0x00,
    0x00,0x00,0x00,0x00,0x66,0x29,0x45,0x21,0x24,0x19,0xe7,0x29,0xe7,0x21,0xe7,0x21,0xc7,0x21,0x85,0x19,0x65,0x19,0x65,0x19,
    0x65,0x19,0x65,0x19,0x65,0x19,0x65,0x19,0x65,0x19,0x65,0x19,0x65,0x19,0x65,0x19,0x65,0x19,0x65,0x19,0x65,0x19,0x65,0x19,
    0x65,0x19,0x65,0x19,0x65,0x19,0x65,0x19,0x65,0x19,0x65,0x19,0x65,0x19,0x65,0x19,0x65,0x19,0x65,0x19,0x65,0x19,0x65,0x19,
    0x65,0x19,0x65,0x19,0x65,0x19,0x65,0x19,0x65,0x19,0x65,0x19,0x65,0x19,0x65,0x19,0x65,0x19,0x65,0x19,0x65,0x19,0x65,0x19,
    0x65,0x19,0x65,0x19,0x65,0x19,0x65,0x19,0x65,0x19,0x65,0x19,0x65,0x19,0x65,0x19,0x65,0x19,0x65,0x19,0x65,0x19,0x65,0x19,
    0x45,0x19,0x65,0x19,0x45,0x19,0x65,0x19,0x45,0x19,0x45,0x19,0x65,0x19,0x65,0x19,0x65,0x19,0x45,0x19,0x65,0x19,0x45,0x19,
    0x45,0x19,0x45,0x19,0x45,0x19,0x45,0x19,0x65,0x19,0x45,0x19,0x45,0x19,0x45,0x19,0x45,0x19,0x45,0x19,0x45,0x19,0x45,0x19,
    0x45,0x19,0x45,0x19,0x04,0x19,0x03,0x11,0x04,0x19,0x24,0x19,0x45,0x21,0xc3,0x18,0xe3,0x18,0x45,0x29,0x00,0x00,0x00,0x00,
    0x00,0x00,0x00,0x00,0x00,0x00,0x00,0x00,0x00,0x00,0x00,0x00,0x00,0x00,0x00,0x00,0x00,0x00,0x00,0x00,0x00,0x00,0x00,0x00,
    0x00,0x00,0x00,0x00,0x00,0x00,0x00,0x00,0x00,0x00,0x00,0x00,0x00,0x00,0x00,0x00,0x00,0x00,0x00,0x00,0x00,0x00,0x00,0x00,
    0x00,0x00,0x00,0x00,0x00,0x00,0x00,0x00,0x00,0x00,0x00,0x00,0x00,0x00,0x00,0x00,0x00,0x00,0x00,0x00,0x86,0x29,0x45,0x21,
    0x24,0x19,0xe7,0x29,0xe7,0x21,0xe7,0x21,0xc7,0x21,0x86,0x19,0x85,0x19,0x65,0x19,0x65,0x19,0x65,0x19,0x65,0x19,0x65,0x19,
    0x65,0x19,0x65,0x19,0x65,0x19,0x65,0x19,0x65,0x19,0x65,0x19,0x65,0x19,0x65,0x19,0x65,0x19,0x65,0x19,0x65,0x19,0x65,0x19,
    0x65,0x19,0x65,0x19,0x65,0x19,0x65,0x19,0x65,0x19,0x65,0x19,0x65,0x19,0x65,0x19,0x65,0x19,0x65,0x19,0x65,0x19,0x65,0x19,
    0x65,0x19,0x65,0x19,0x65,0x19,0x65,0x19,0x65,0x19,0x65,0x19,0x65,0x19,0x65,0x19,0x65,0x19,0x65,0x19,0x65,0x19,0x65,0x19,
    0x65,0x19,0x65,0x19,0x65,0x19,0x65,0x19,0x65,0x19,0x65,0x19,0x65,0x19,0x65,0x19,0x65,0x19,0x65,0x19,0x65,0x19,0x45,0x19,
    0x65,0x19,0x65,0x19,0x65,0x19,0x65,0x19,0x45,0x19,0x65,0x19,0x65,0x19,0x65,0x19,0x45,0x19,0x65,0x19,0x45,0x19,0x65,0x19,
    0x45,0x19,0x45,0x19,0x45,0x19,0x45,0x19,0x45,0x19,0x65,0x19,0x45,0x19,0x45,0x19,0x45,0x19,0x45,0x19,0x04,0x19,0x04,0x19,
    0x04,0x11,0x24,0x19,0x45,0x21,0xc3,0x18,0xe3,0x18,0x24,0x21,0x00,0x00,0x00,0x00,0x00,0x00,0x00,0x00,0x00,0x00,0x00,0x00,
    0x00,0x00,0x00,0x00,0x00,0x00,0x00,0x00,0x00,0x00,0x00,0x00,0x00,0x00,0x00,0x00,0x00,0x00,0x00,0x00,0x00,0x00,0x00,0x00,
    0x00,0x00,0x00,0x00,0x00,0x00,0x00,0x00,0x00,0x00,0x00,0x00,0x00,0x00,0x00,0x00,0x00,0x00,0x00,0x00,0x00,0x00,0x00,0x00,
    0x00,0x00,0x00,0x00,0x00,0x00,0x00,0x00,0x00,0x00,0x00,0x00,0x86,0x29,0x24,0x21,0x24,0x19,0xe7,0x29,0xe7,0x21,0xe7,0x21,
    0xe7,0x21,0x86,0x19,0x65,0x19,0x65,0x19,0x65,0x19,0x65,0x19,0x65,0x19,0x65,0x19,0x65,0x19,0x65,0x19,0x65,0x19,0x65,0x19,
    0x65,0x19,0x65,0x19,0x65,0x19,0x65,0x19,0x65,0x19,0x65,0x19,0x65,0x19,0x65,0x19,0x65,0x19,0x65,0x19,0x65,0x19,0x65,0x19,
    0x65,0x19,0x65,0x19,0x65,0x19,0x65,0x19,0x65,0x19,0x65,0x19,0x65,0x19,0x65,0x19,0x65,0x19,0x65,0x19,0x65,0x19,0x65,0x19,
    0x65,0x19,0x65,0x19,0x65,0x19,0x65,0x19,0x65,0x19,0x65,0x19,0x65,0x19,0x65,0x19,0x65,0x19,0x65,0x19,0x65,0x19,0x65,0x19,
    0x65,0x19,0x65,0x19,0x65,0x19,0x65,0x19,0x65,0x19,0x65,0x19,0x65,0x19,0x65,0x19,0x65,0x19,0x65,0x19,0x65,0x19,0x45,0x19,
    0x65,0x19,0x65,0x19,0x65,0x19,0x65,0x19,0x45,0x19,0x45,0x19,0x45,0x19,0x65,0x19,0x45,0x19,0x45,0x19,0x45,0x19,0x45,0x19,
    0x45,0x19,0x45,0x19,0x45,0x19,0x45,0x19,0x45,0x19,0x45,0x19,0x04,0x19,0x04,0x19,0x04,0x19,0x24,0x19,0x45,0x21,0xc3,0x18,
    0xe3,0x18,0x45,0x29,0x00,0x00,0x00,0x00,0x00,0x00,0x00,0x00,0x00,0x00,0x00,0x00,0x00,0x00,0x00,0x00,0x00,0x00,0x00,0x00,
    0x00,0x00,0x00,0x00,0x00,0x00,0x00,0x00,0x00,0x00,0x00,0x00,0x00,0x00,0x00,0x00,0x00,0x00,0x00,0x00,0x00,0x00,0x00,0x00,
    0x00,0x00,0x00,0x00,0x00,0x00,0x00,0x00,0x00,0x00,0x00,0x00,0x00,0x00,0x00,0x00,0x00,0x00,0x00,0x00,0x00,0x00,0x00,0x00,
    0x00,0x00,0x00,0x00,0xa6,0x31,0x45,0x21,0x24,0x19,0xe7,0x29,0xe7,0x21,0xe7,0x21,0xe7,0x21,0x86,0x19,0x85,0x19,0x65,0x19,
    0x65,0x19,0x65,0x19,0x65,0x19,0x65,0x19,0x65,0x19,0x65,0x19,0x65,0x19,0x65,0x19,0x65,0x19,0x65,0x19,0x65,0x19,0x65,0x19,
    0x65,0x19,0x65,0x19,0x65,0x19,0x65,0x19,0x65,0x19,0x65,0x19,0x65,0x19,0x65,0x19,0x65,0x19,0x65,0x19,0x65,0x19,0x65,0x19,
    0x65,0x19,0x65,0x19,0x65,0x19,0x65,0x19,0x65,0x19,0x65,0x19,0x65,0x19,0x65,0x19,0x65,0x19,0x65,0x19,0x65,0x19,0x65,0x19,
    0x65,0x19,0x65,0x19,0x65,0x19,0x65,0x19,0x65,0x19,0x65,0x19,0x65,0x19,0x65,0x19,0x65,0x19,0x65,0x19,0x65,0x19,0x65,0x19,
    0x65,0x19,0x65,0x19,0x65,0x19,0x65,0x19,0x65,0x19,0x65,0x19,0x65,0x19,0x65,0x19,0x65,0x19,0x65,0x19,0x65,0x19,0x65,0x19,
    0x45,0x19,0x65,0x19,0x65,0x19,0x45,0x19,0x45,0x19,0x65,0x19,0x45,0x19,0x45,0x19,0x45,0x19,0x45,0x19,0x65,0x19,0x45,0x19,
    0x45,0x19,0x45,0x19,0x04,0x19,0x04,0x19,0x04,0x19,0x24,0x19,0x65,0x21,0xc3,0x10,0xe3,0x18,0x65,0x29,0x00,0x00,0x00,0x00,
    0x00,0x00,0x00,0x00,0x00,0x00,0x00,0x00,0x00,0x00,0x00,0x00,0x00,0x00,0x00,0x00,0x00,0x00,0x00,0x00,0x00,0x00,0x00,0x00,
    0x00,0x00,0x00,0x00,0x00,0x00,0x00,0x00,0x00,0x00,0x00,0x00,0x00,0x00,0x00,0x00,0x00,0x00,0x00,0x00,0x00,0x00,0x00,0x00,
    0x00,0x00,0x00,0x00,0x00,0x00,0x00,0x00,0x00,0x00,0x00,0x00,0x00,0x00,0x00,0x00,0x00,0x00,0x00,0x00,0x86,0x29,0x24,0x21,
    0x24,0x19,0xe7,0x29,0xe7,0x21,0xe7,0x21,0xe7,0x21,0x86,0x21,0x85,0x19,0x65,0x19,0x65,0x19,0x85,0x19,0x65,0x19,0x65,0x19,
    0x65,0x19,0x65,0x19,0x65,0x19,0x65,0x19,0x65,0x19,0x65,0x19,0x65,0x19,0x65,0x19,0x65,0x19,0x65,0x19,0x65,0x19,0x65,0x19,
    0x65,0x19,0x65,0x19,0x65,0x19,0x65,0x19,0x65,0x19,0x65,0x19,0x65,0x19,0x65,0x19,0x65,0x19,0x65,0x19,0x65,0x19,0x65,0x19,
    0x65,0x19,0x65,0x19,0x65,0x19,0x65,0x19,0x65,0x19,0x65,0x19,0x65,0x19,0x65,0x19,0x65,0x19,0x65,0x19,0x65,0x19,0x65,0x19,
    0x65,0x19,0x65,0x19,0x65,0x19,0x65,0x19,0x65,0x19,0x65,0x19,0x65,0x19,0x65,0x19,0x65,0x19,0x65,0x19,0x65,0x19,0x65,0x19,
    0x65,0x19,0x65,0x19,0x65,0x19,0x45,0x19,0x45,0x19,0x65,0x19,0x45,0x19,0x65,0x19,0x65,0x19,0x45,0x19,0x65,0x19,0x65,0x19,
    0x65,0x19,0x45,0x19,0x65,0x19,0x45,0x19,0x45,0x19,0x45,0x19,0x45,0x19,0x45,0x19,0x45,0x19,0x45,0x19,0x04,0x19,0x04,0x19,
    0x04,0x19,0x24,0x19,0x65,0x21,0xc3,0x10,0xe3,0x18,0x45,0x29,0x00,0x00,0x00,0x00,0x00,0x00,0x00,0x00,0x00,0x00,0x00,0x00,
    0x00,0x00,0x00,0x00,0x00,0x00,0x00,0x00,0x00,0x00,0x00,0x00,0x00,0x00,0x00,0x00,0x00,0x00,0x00,0x00,0x00,0x00,0x00,0x00,
    0x00,0x00,0x00,0x00,0x00,0x00,0x00,0x00,0x00,0x00,0x00,0x00,0x00,0x00,0x00,0x00,0x00,0x00,0x00,0x00,0x00,0x00,0x00,0x00,
    0x00,0x00,0x00,0x00,0x00,0x00,0x00,0x00,0x00,0x00,0x00,0x00,0x86,0x29,0x24,0x21,0x24,0x19,0xc7,0x29,0xe7,0x21,0xe7,0x21,
    0xe7,0x21,0x86,0x21,0x85,0x19,0x65,0x19,0x65,0x19,0x65,0x19,0x65,0x19,0x65,0x19,0x85,0x19,0x65,0x19,0x65,0x19,0x65,0x19,
    0x65,0x19,0x65,0x19,0x65,0x19,0x65,0x19,0x65,0x19,0x65,0x19,0x65,0x19,0x65,0x19,0x65,0x19,0x65,0x19,0x65,0x19,0x65,0x19,
    0x65,0x19,0x65,0x19,0x65,0x19,0x65,0x19,0x65,0x19,0x65,0x19,0x65,0x19,0x65,0x19,0x65,0x19,0x65,0x19,0x65,0x19,0x65,0x19,
    0x65,0x19,0x65,0x19,0x65,0x19,0x65,0x19,0x65,0x19,0x65,0x19,0x65,0x19,0x65,0x19,0x65,0x19,0x65,0x19,0x65,0x19,0x65,0x19,
    0x65,0x19,0x65,0x19,0x65,0x19,0x65,0x19,0x65,0x19,0x65,0x19,0x65,0x19,0x65,0x19,0x65,0x19,0x65,0x19,0x65,0x19,0x65,0x19,
    0x65,0x19,0x65,0x19,0x65,0x19,0x65,0x19,0x45,0x19,0x65,0x19,0x65,0x19,0x65,0x19,0x45,0x19,0x45,0x19,0x65,0x19,0x65,0x19,
    0x65,0x19,0x45,0x19,0x45,0x19,0x45,0x19,0x45,0x19,0x45,0x19,0x04,0x19,0x03,0x19,0x04,0x19,0x24,0x19,0x65,0x21,0xc3,0x18,
    0xe3,0x18,0x45,0x29,0x00,0x00,0x00,0x00,0x00,0x00,0x00,0x00,0x00,0x00,0x00,0x00,0x00,0x00,0x00,0x00,0x00,0x00,0x00,0x00,
    0x00,0x00,0x00,0x00,0x00,0x00,0x00,0x00,0x00,0x00,0x00,0x00,0x00,0x00,0x00,0x00,0x00,0x00,0x00,0x00,0x00,0x00,0x00,0x00,
    0x00,0x00,0x00,0x00,0x00,0x00,0x00,0x00,0x00,0x00,0x00,0x00,0x00,0x00,0x00,0x00,0x00,0x00,0x00,0x00,0x00,0x00,0x00,0x00,
    0x00,0x00,0x00,0x00,0x86,0x29,0x24,0x21,0x24,0x19,0xe7,0x29,0xe7,0x21,0x07,0x22,0xe7,0x21,0x86,0x19,0x85,0x19,0x65,0x19,
    0x65,0x19,0x65,0x19,0x65,0x19,0x65,0x19,0x65,0x19,0x65,0x19,0x65,0x19,0x65,0x19,0x65,0x19,0x65,0x19,0x65,0x19,0x65,0x19,
    0x65,0x19,0x65,0x19,0x65,0x19,0x65,0x19,0x65,0x19,0x65,0x19,0x65,0x19,0x65,0x19,0x65,0x19,0x65,0x19,0x65,0x19,0x65,0x19,
    0x65,0x19,0x65,0x19,0x65,0x19,0x65,0x19,0x65,0x19,0x65,0x19,0x65,0x19,0x65,0x19,0x65,0x19,0x65,0x19,0x65,0x19,0x65,0x19,
    0x65,0x19,0x65,0x19,0x65,0x19,0x65,0x19,0x65,0x19,0x65,0x19,0x65,0x19,0x65,0x19,0x65,0x19,0x65,0x19,0x65,0x19,0x65,0x19,
    0x65,0x19,0x65,0x19,0x65,0x19,0x65,0x19,0x65,0x19,0x65,0x19,0x65,0x19,0x65,0x19,0x65,0x19,0x65,0x19,0x65,0x19,0x45,0x19,
    0x65,0x19,0x65,0x19,0x45,0x19,0x65,0x19,0x65,0x19,0x45,0x19,0x45,0x19,0x45,0x19,0x65,0x19,0x45,0x19,0x65,0x19,0x45,0x19,
    0x45,0x19,0x45,0x19,0x04,0x19,0x03,0x19,0x04,0x19,0x24,0x19,0x65,0x21,0xc3,0x18,0xe3,0x18,0x65,0x29,0x00,0x00,0x00,0x00,
    0x00,0x00,0x00,0x00,0x00,0x00,0x00,0x00,0x00,0x00,0x00,0x00,0x00,0x00,0x00,0x00,0x00,0x00,0x00,0x00,0x00,0x00,0x00,0x00,
    0x00,0x00,0x00,0x00,0x00,0x00,0x00,0x00,0x00,0x00,0x00,0x00,0x00,0x00,0x00,0x00,0x00,0x00,0x00,0x00,0x00,0x00,0x00,0x00,
    0x00,0x00,0x00,0x00,0x00,0x00,0x00,0x00,0x00,0x00,0x00,0x00,0x00,0x00,0x00,0x00,0x00,0x00,0x00,0x00,0x86,0x29,0x24,0x21,
    0x24,0x19,0xe7,0x29,0xe7,0x21,0xe7,0x21,0xe7,0x21,0x86,0x19,0x85,0x19,0x65,0x19,0x65,0x19,0x65,0x19,0x65,0x19,0x65,0x19,
    0x65,0x19,0x65,0x19,0x65,0x19,0x65,0x19,0x65,0x19,0x65,0x19,0x65,0x19,0x65,0x19,0x65,0x19,0x65,0x19,0x65,0x19,0x65,0x19,
    0x65,0x19,0x65,0x19,0x65,0x19,0x65,0x19,0x65,0x19,0x65,0x19,0x65,0x19,0x65,0x19,0x65,0x19,0x65,0x19,0x65,0x19,0x65,0x19,
    0x65,0x19,0x65,0x19,0x65,0x19,0x65,0x19,0x65,0x19,0x65,0x19,0x65,0x19,0x65,0x19,0x65,0x19,0x65,0x19,0x65,0x19,0x65,0x19,
    0x65,0x19,0x65,0x19,0x65,0x19,0x65,0x19,0x65,0x19,0x65,0x19,0x65,0x19,0x65,0x19,0x65,0x19,0x65,0x19,0x65,0x19,0x65,0x19,
    0x65,0x19,0x65,0x19,0x65,0x19,0x65,0x19,0x65,0x19,0x65,0x19,0x65,0x19,0x45,0x19,0x65,0x19,0x65,0x19,0x65,0x19,0x65,0x19,
    0x45,0x19,0x45,0x19,0x45,0x19,0x45,0x19,0x65,0x19,0x45,0x19,0x65,0x19,0x65,0x19,0x45,0x19,0x45,0x19,0x04,0x19,0x04,0x19,
    0x04,0x11,0x24,0x19,0x45,0x21,0xe3,0x18,0xe3,0x18,0x24,0x21,0x00,0x00,0x00,0x00,0x00,0x00,0x00,0x00,0x00,0x00,0x00,0x00,
    0x00,0x00,0x00,0x00,0x00,0x00,0x00,0x00,0x00,0x00,0x00,0x00,0x00,0x00,0x00,0x00,0x00,0x00,0x00,0x00,0x00,0x00,0x00,0x00,
    0x00,0x00,0x00,0x00,0x00,0x00,0x00,0x00,0x00,0x00,0x00,0x00,0x00,0x00,0x00,0x00,0x00,0x00,0x00,0x00,0x00,0x00,0x00,0x00,
    0x00,0x00,0x00,0x00,0x00,0x00,0x00,0x00,0x00,0x00,0x00,0x00,0x86,0x29,0x24,0x21,0x24,0x19,0xe7,0x29,0xe7,0x21,0xe7,0x21,
    0xe7,0x21,0x86,0x19,0x86,0x19,0x85,0x19,0x65,0x19,0x85,0x19,0x85,0x19,0x85,0x19,0x65,0x19,0x65,0x19,0x65,0x19,0x85,0x19,
    0x65,0x19,0x65,0x19,0x65,0x19,0x65,0x19,0x65,0x19,0x65,0x19,0x65,0x19,0x65,0x19,0x65,0x19,0x65,0x19,0x65,0x19,0x65,0x19,
    0x65,0x19,0x65,0x19,0x65,0x19,0x65,0x19,0x65,0x19,0x65,0x19,0x65,0x19,0x65,0x19,0x65,0x19,0x65,0x19,0x65,0x19,0x65,0x19,
    0x65,0x19,0x65,0x19,0x65,0x19,0x65,0x19,0x65,0x19,0x65,0x19,0x65,0x19,0x65,0x19,0x65,0x19,0x65,0x19,0x65,0x19,0x65,0x19,
    0x65,0x19,0x65,0x19,0x65,0x19,0x65,0x19,0x65,0x19,0x65,0x19,0x65,0x19,0x65,0x19,0x65,0x19,0x65,0x19,0x65,0x19,0x65,0x19,
    0x65,0x19,0x65,0x19,0x65,0x19,0x65,0x19,0x65,0x19,0x65,0x19,0x65,0x19,0x45,0x19,0x65,0x19,0x65,0x19,0x45,0x19,0x65,0x19,
    0x65,0x19,0x65,0x19,0x45,0x19,0x45,0x19,0x45,0x19,0x45,0x19,0x04,0x19,0x04,0x19,0x04,0x11,0x24,0x19,0x45,0x21,0xc3,0x18,
    0xe3,0x18,0x65,0x29,0x00,0x00,0x00,0x00,0x00,0x00,0x00,0x00,0x00,0x00,0x00,0x00,0x00,0x00,0x00,0x00,0x00,0x00,0x00,0x00,
    0x00,0x00,0x00,0x00,0x00,0x00,0x00,0x00,0x00,0x00,0x00,0x00,0x00,0x00,0x00,0x00,0x00,0x00,0x00,0x00,0x00,0x00,0x00,0x00,
    0x00,0x00,0x00,0x00,0x00,0x00,0x00,0x00,0x00,0x00,0x00,0x00,0x00,0x00,0x00,0x00,0x00,0x00,0x00,0x00,0x00,0x00,0x00,0x00,
    0x00,0x00,0x00,0x00,0x86,0x29,0x24,0x21,0x45,0x19,0xe7,0x29,0xe7,0x21,0x07,0x22,0xe7,0x21,0x86,0x19,0x85,0x19,0x65,0x19,
    0x65,0x19,0x85,0x19,0x85,0x19,0x65,0x19,0x65,0x19,0x65,0x19,0x65,0x19,0x85,0x19,0x65,0x19,0x65,0x19,0x65,0x19,0x65,0x19,
    0x65,0x19,0x65,0x19,0x65,0x19,0x65,0x19,0x65,0x19,0x65,0x19,0x65,0x19,0x65,0x19,0x65,0x19,0x65,0x19,0x65,0x19,0x65,0x19,
    0x65,0x19,0x65,0x19,0x65,0x19,0x65,0x19,0x65,0x19,0x65,0x19,0x65,0x19,0x65,0x19,0x65,0x19,0x65,0x19,0x65,0x19,0x65,0x19,
    0x65,0x19,0x65,0x19,0x65,0x19,0x65,0x19,0x65,0x19,0x65,0x19,0x65,0x19,0x65,0x19,0x65,0x19,0x65,0x19,0x65,0x19,0x65,0x19,
    0x65,0x19,0x65,0x19,0x65,0x19,0x65,0x19,0x65,0x19,0x65,0x19,0x65,0x19,0x65,0x19,0x65,0x19,0x65,0x19,0x65,0x19,0x65,0x19,
    0x65,0x19,0x65,0x19,0x65,0x19,0x65,0x19,0x65,0x19,0x65,0x19,0x45,0x19,0x65,0x19,0x45,0x19,0x65,0x19,0x45,0x19,0x65,0x19,
    0x45,0x19,0x45,0x19,0x04,0x19,0x04,0x19,0x04,0x11,0x44,0x19,0x65,0x21,0xc3,0x18,0xe3,0x18,0x65,0x29,0x00,0x00,0x00,0x00,
    0x00,0x00,0x00,0x00,0x00,0x00,0x00,0x00,0x00,0x00,0x00,0x00,0x00,0x00,0x00,0x00,0x00,0x00,0x00,0x00,0x00,0x00,0x00,0x00,
    0x00,0x00,0x00,0x00,0x00,0x00,0x00,0x00,0x00,0x00,0x00,0x00,0x00,0x00,0x00,0x00,0x00,0x00,0x00,0x00,0x00,0x00,0x00,0x00,
    0x00,0x00,0x00,0x00,0x00,0x00,0x00,0x00,0x00,0x00,0x00,0x00,0x00,0x00,0x00,0x00,0x00,0x00,0x00,0x00,0xa6,0x29,0x24,0x21,
    0x45,0x19,0xe7,0x29,0xe7,0x21,0x07,0x22,0xe7,0x21,0x86,0x19,0x85,0x19,0x85,0x19,0x85,0x19,0x85,0x19,0x85,0x19,0x65,0x19,
    0x65,0x19,0x65,0x19,0x65,0x19,0x65,0x19,0x65,0x19,0x65,0x19,0x65,0x19,0x65,0x19,0x65,0x19,0x65,0x19,0x65,0x19,0x65,0x19,
    0x65,0x19,0x65,0x19,0x65,0x19,0x65,0x19,0x65,0x19,0x65,0x19,0x65,0x19,0x65,0x19,0x65,0x19,0x65,0x19,0x65,0x19,0x65,0x19,
    0x65,0x19,0x65,0x19,0x65,0x19,0x65,0x19,0x65,0x19,0x65,0x19,0x65,0x19,0x65,0x19,0x65,0x19,0x65,0x19,0x65,0x19,0x65,0x19,
    0x65,0x19,0x65,0x19,0x65,0x19,0x65,0x19,0x65,0x19,0x65,0x19,0x65,0x19,0x65,0x19,0x65,0x19,0x65,0x19,0x65,0x19,0x65,0x19,
    0x65,0x19,0x65,0x19,0x65,0x19,0x65,0x19,0x65,0x19,0x65,0x19,0x65,0x19,0x65,0x19,0x65,0x19,0x65,0x19,0x65,0x19,0x65,0x19,
    0x45,0x19,0x65,0x19,0x65,0x19,0x45,0x19,0x65,0x19,0x45,0x19,0x65,0x19,0x65,0x19,0x65,0x19,0x45,0x19,0x04,0x19,0x03,0x19,
    0x04,0x11,0x44,0x19,0x45,0x21,0xe3,0x18,0xe3,0x18,0x24,0x21,0x00,0x00,0x00,0x00,0x00,0x00,0x00,0x00,0x00,0x00,0x00,0x00,
    0x00,0x00,0x00,0x00,0x00,0x00,0x00,0x00,0x00,0x00,0x00,0x00,0x00,0x00,0x00,0x00,0x00,0x00,0x00,0x00,0x00,0x00,0x00,0x00,
    0x00,0x00,0x00,0x00,0x00,0x00,0x00,0x00,0x00,0x00,0x00,0x00,0x00,0x00,0x00,0x00,0x00,0x00,0x00,0x00,0x00,0x00,0x00,0x00,
    0x00,0x00,0x00,0x00,0x00,0x00,0x00,0x00,0x00,0x00,0x00,0x00,0x65,0x29,0x24,0x21,0x45,0x19,0xc7,0x29,0xe7,0x21,0x07,0x22,
    0xe7,0x21,0x86,0x19,0x86,0x19,0x85,0x19,0x85,0x19,0x65,0x19,0x85,0x19,0x85,0x19,0x65,0x19,0x85,0x19,0x65,0x19,0x65,0x19,
    0x65,0x19,0x65,0x19,0x65,0x19,0x65,0x19,0x65,0x19,0x65,0x19,0x65,0x19,0x65,0x19,0x65,0x19,0x65,0x19,0x65,0x19,0x65,0x19,
    0x65,0x19,0x65,0x19,0x65,0x19,0x65,0x19,0x65,0x19,0x65,0x19,0x65,0x19,0x65,0x19,0x65,0x19,0x65,0x19,0x65,0x19,0x65,0x19,
    0x65,0x19,0x65,0x19,0x65,0x19,0x65,0x19,0x65,0x19,0x65,0x19,0x65,0x19,0x65,0x19,0x65,0x19,0x65,0x19,0x65,0x19,0x65,0x19,
    0x65,0x19,0x65,0x19,0x65,0x19,0x65,0x19,0x65,0x19,0x65,0x19,0x65,0x19,0x65,0x19,0x65,0x19,0x65,0x19,0x65,0x19,0x65,0x19,
    0x65,0x19,0x65,0x19,0x65,0x19,0x65,0x19,0x65,0x19,0x65,0x19,0x65,0x19,0x65,0x19,0x65,0x19,0x45,0x19,0x65,0x19,0x65,0x19,
    0x65,0x19,0x65,0x19,0x65,0x19,0x65,0x19,0x65,0x19,0x45,0x19,0x04,0x19,0x03,0x19,0x04,0x11,0x24,0x19,0x45,0x21,0xe3,0x18,
    0xe3,0x18,0x24,0x21,0x00,0x00,0x00,0x00,0x00,0x00,0x00,0x00,0x00,0x00,0x00,0x00,0x00,0x00,0x00,0x00,0x00,0x00,0x00,0x00,
    0x00,0x00,0x00,0x00,0x00,0x00,0x00,0x00,0x00,0x00,0x00,0x00,0x00,0x00,0x00,0x00,0x00,0x00,0x00,0x00,0x00,0x00,0x00,0x00,
    0x00,0x00,0x00,0x00,0x00,0x00,0x00,0x00,0x00,0x00,0x00,0x00,0x00,0x00,0x00,0x00,0x00,0x00,0x00,0x00,0x00,0x00,0x00,0x00,
    0x00,0x00,0x00,0x00,0x45,0x21,0x24,0x21,0x45,0x19,0xe7,0x29,0xe7,0x21,0x08,0x22,0xe7,0x21,0x86,0x19,0x86,0x19,0x85,0x19,
    0x85,0x19,0x65,0x19,0x85,0x19,0x85,0x19,0x85,0x19,0x85,0x19,0x85,0x19,0x85,0x19,0x65,0x19,0x65,0x19,0x65,0x19,0x65,0x19,
    0x65,0x19,0x65,0x19,0x65,0x19,0x65,0x19,0x65,0x19,0x65,0x19,0x65,0x19,0x65,0x19,0x65,0x19,0x65,0x19,0x65,0x19,0x65,0x19,
    0x65,0x19,0x65,0x19,0x65,0x19,0x65,0x19,0x65,0x19,0x65,0x19,0x65,0x19,0x65,0x19,0x65,0x19,0x65,0x19,0x65,0x19,0x65,0x19,
    0x65,0x19,0x65,0x19,0x65,0x19,0x65,0x19,0x65,0x19,0x65,0x19,0x65,0x19,0x65,0x19,0x65,0x19,0x65,0x19,0x65,0x19,0x65,0x19,
    0x65,0x19,0x65,0x19,0x65,0x19,0x65,0x19,0x65,0x19,0x65,0x19,0x65,0x19,0x65,0x19,0x65,0x19,0x65,0x19,0x65,0x19,0x65,0x19,
    0x65,0x19,0x65,0x19,0x65,0x19,0x65,0x19,0x65,0x19,0x65,0x19,0x45,0x19,0x65,0x19,0x65,0x19,0x65,0x19,0x45,0x19,0x65,0x19,
    0x45,0x19,0x45,0x19,0x04,0x19,0x04,0x11,0x04,0x19,0x24,0x19,0x65,0x21,0xe3,0x18,0xe3,0x18,0x45,0x29,0x00,0x00,0x00,0x00,
    0x00,0x00,0x00,0x00,0x00,0x00,0x00,0x00,0x00,0x00,0x00,0x00,0x00,0x00,0x00,0x00,0x00,0x00,0x00,0x00,0x00,0x00,0x00,0x00,
    0x00,0x00,0x00,0x00,0x00,0x00,0x00,0x00,0x00,0x00,0x00,0x00,0x00,0x00,0x00,0x00,0x00,0x00,0x00,0x00,0x00,0x00,0x00,0x00,
    0x00,0x00,0x00,0x00,0x00,0x00,0x00,0x00,0x00,0x00,0x00,0x00,0x00,0x00,0x00,0x00,0x00,0x00,0x00,0x00,0xa6,0x31,0x24,0x21,
    0x45,0x19,0xe7,0x29,0xe7,0x21,0x08,0x22,0xe7,0x21,0x86,0x21,0x86,0x19,0x85,0x19,0x86,0x19,0x85,0x19,0x85,0x19,0x65,0x19,
    0x85,0x19,0x85,0x19,0x85,0x19,0x65,0x19,0x85,0x19,0x65,0x19,0x65,0x19,0x65,0x19,0x65,0x19,0x65,0x19,0x65,0x19,0x65,0x19,
    0x65,0x19,0x65,0x19,0x65,0x19,0x65,0x19,0x65,0x19,0x65,0x19,0x65,0x19,0x65,0x19,0x65,0x19,0x65,0x19,0x65,0x19,0x65,0x19,
    0x65,0x19,0x65,0x19,0x65,0x19,0x65,0x19,0x65,0x19,0x65,0x19,0x65,0x19,0x65,0x19,0x65,0x19,0x65,0x19,0x65,0x19,0x65,0x19,
    0x65,0x19,0x65,0x19,0x65,0x19,0x65,0x19,0x65,0x19,0x65,0x19,0x65,0x19,0x65,0x19,0x65,0x19,0x65,0x19,0x65,0x19,0x65,0x19,
    0x65,0x19,0x65,0x19,0x65,0x19,0x65,0x19,0x65,0x19,0x65,0x19,0x65,0x19,0x65,0x19,0x65,0x19,0x65,0x19,0x65,0x19,0x65,0x19,
    0x65,0x19,0x65,0x19,0x65,0x19,0x65,0x19,0x65,0x19,0x65,0x19,0x45,0x19,0x65,0x19,0x65,0x19,0x45,0x19,0x04,0x19,0x03,0x11,
    0x04,0x11,0x24,0x19,0x65,0x21,0xe3,0x18,0xe3,0x18,0x45,0x29,0x00,0x00,0x00,0x00,0x00,0x00,0x00,0x00,0x00,0x00,0x00,0x00,
    0x00,0x00,0x00,0x00,0x00,0x00,0x00,0x00,0x00,0x00,0x00,0x00,0x00,0x00,0x00,0x00,0x00,0x00,0x00,0x00,0x00,0x00,0x00,0x00,
    0x00,0x00,0x00,0x00,0x00,0x00,0x00,0x00,0x00,0x00,0x00,0x00,0x00,0x00,0x00,0x00,0x00,0x00,0x00,0x00,0x00,0x00,0x00,0x00,
    0x00,0x00,0x00,0x00,0x00,0x00,0x00,0x00,0x00,0x00,0x00,0x00,0x45,0x21,0x24,0x21,0x45,0x19,0xe7,0x29,0xe7,0x21,0x08,0x22,
    0xe7,0x21,0x86,0x19,0x85,0x19,0x85,0x19,0x85,0x19,0x65,0x19,0x85,0x19,0x65,0x19,0x85,0x19,0x65,0x19,0x85,0x19,0x85,0x19,
    0x85,0x19,0x85,0x19,0x65,0x19,0x65,0x19,0x65,0x19,0x85,0x19,0x65,0x19,0x65,0x19,0x65,0x19,0x65,0x19,0x65,0x19,0x65,0x19,
    0x65,0x19,0x65,0x19,0x65,0x19,0x65,0x19,0x65,0x19,0x65,0x19,0x65,0x19,0x65,0x19,0x65,0x19,0x65,0x19,0x65,0x19,0x65,0x19,
    0x65,0x19,0x65,0x19,0x65,0x19,0x65,0x19,0x65,0x19,0x65,0x19,0x65,0x19,0x65,0x19,0x65,0x19,0x65,0x19,0x65,0x19,0x65,0x19,
    0x65,0x19,0x65,0x19,0x65,0x19,0x65,0x19,0x65,0x19,0x65,0x19,0x65,0x19,0x65,0x19,0x65,0x19,0x65,0x19,0x65,0x19,0x65,0x19,
    0x65,0x19,0x65,0x19,0x65,0x19,0x65,0x19,0x65,0x19,0x65,0x19,0x65,0x19,0x65,0x19,0x65,0x19,0x65,0x19,0x65,0x19,0x65,0x19,
    0x65,0x19,0x65,0x19,0x65,0x19,0x65,0x19,0x65,0x19,0x45,0x19,0x04,0x19,0xe3,0x10,0x04,0x11,0x24,0x19,0x65,0x21,0xc3,0x18,
    0xe3,0x18,0x65,0x29,0x00,0x00,0x00,0x00,0x00,0x00,0x00,0x00,0x00,0x00,0x00,0x00,0x00,0x00,0x00,0x00,0x00,0x00,0x00,0x00,
    0x00,0x00,0x00,0x00,0x00,0x00,0x00,0x00,0x00,0x00,0x00,0x00,0x00,0x00,0x00,0x00,0x00,0x00,0x00,0x00,0x00,0x00,0x00,0x00,
    0x00,0x00,0x00,0x00,0x00,0x00,0x00,0x00,0x00,0x00,0x00,0x00,0x00,0x00,0x00,0x00,0x00,0x00,0x00,0x00,0x00,0x00,0x00,0x00,
    0x00,0x00,0x00,0x00,0x65,0x29,0x45,0x21,0x24,0x19,0xe7,0x29,0xe7,0x21,0x08,0x22,0xe7,0x21,0x86,0x21,0x86,0x19,0x85,0x19,
    0x86,0x19,0x85,0x19,0x85,0x19,0x85,0x19,0x65,0x19,0x85,0x19,0x86,0x19,0x85,0x19,0x85,0x19,0x85,0x19,0x85,0x19,0x85,0x19,
    0x85,0x19,0x65,0x19,0x65,0x19,0x65,0x19,0x85,0x19,0x65,0x19,0x65,0x19,0x65,0x19,0x65,0x19,0x65,0x19,0x65,0x19,0x65,0x19,
    0x65,0x19,0x65,0x19,0x65,0x19,0x65,0x19,0x65,0x19,0x65,0x19,0x65,0x19,0x65,0x19,0x65,0x19,0x65,0x19,0x65,0x19,0x65,0x19,
    0x65,0x19,0x65,0x19,0x65,0x19,0x65,0x19,0x65,0x19,0x65,0x19,0x65,0x19,0x65,0x19,0x65,0x19,0x65,0x19,0x65,0x19,0x65,0x19,
    0x65,0x19,0x65,0x19,0x65,0x19,0x65,0x19,0x65,0x19,0x65,0x19,0x65,0x19,0x65,0x19,0x65,0x19,0x65,0x19,0x65,0x19,0x65,0x19,
    0x65,0x19,0x65,0x19,0x65,0x19,0x65,0x19,0x65,0x19,0x65,0x19,0x65,0x19,0x65,0x19,0x65,0x19,0x65,0x19,0x65,0x19,0x65,0x19,
    0x45,0x19,0x45,0x19,0x04,0x19,0x04,0x19,0x04,0x19,0x24,0x19,0x45,0x21,0xc3,0x18,0xe3,0x18,0x45,0x29,0x00,0x00,0x00,0x00,
    0x00,0x00,0x00,0x00,0x00,0x00,0x00,0x00,0x00,0x00,0x00,0x00,0x00,0x00,0x00,0x00,0x00,0x00,0x00,0x00,0x00,0x00,0x00,0x00,
    0x00,0x00,0x00,0x00,0x00,0x00,0x00,0x00,0x00,0x00,0x00,0x00,0x00,0x00,0x00,0x00,0x00,0x00,0x00,0x00,0x00,0x00,0x00,0x00,
    0x00,0x00,0x00,0x00,0x00,0x00,0x00,0x00,0x00,0x00,0x00,0x00,0x00,0x00,0x00,0x00,0x00,0x00,0x00,0x00,0x65,0x29,0x24,0x21,
    0x24,0x19,0xe7,0x29,0xe7,0x21,0x08,0x22,0xe7,0x21,0x86,0x21,0x86,0x19,0x85,0x19,0x85,0x19,0x85,0x19,0x85,0x19,0x65,0x19,
    0x85,0x19,0x86,0x19,0x86,0x19,0x85,0x19,0x85,0x19,0x85,0x19,0x85,0x19,0x65,0x19,0x85,0x19,0x65,0x19,0x65,0x19,0x85,0x19,
    0x85,0x19,0x85,0x19,0x65,0x19,0x85,0x19,0x65,0x19,0x65,0x19,0x65,0x19,0x65,0x19,0x65,0x19,0x65,0x19,0x65,0x19,0x65,0x19,
    0x65,0x19,0x65,0x19,0x65,0x19,0x65,0x19,0x65,0x19,0x65,0x19,0x65,0x19,0x65,0x19,0x65,0x19,0x65,0x19,0x65,0x19,0x65,0x19,
    0x65,0x19,0x65,0x19,0x65,0x19,0x65,0x19,0x65,0x19,0x65,0x19,0x65,0x19,0x65,0x19,0x65,0x19,0x65,0x19,0x65,0x19,0x65,0x19,
    0x65,0x19,0x65,0x19,0x65,0x19,0x65,0x19,0x65,0x19,0x65,0x19,0x65,0x19,0x65,0x19,0x65,0x19,0x65,0x19,0x65,0x19,0x65,0x19,
    0x65,0x19,0x65,0x19,0x65,0x19,0x65,0x19,0x65,0x19,0x65,0x19,0x65,0x19,0x65,0x19,0x45,0x19,0x45,0x19,0x04,0x19,0x04,0x19,
    0x04,0x11,0x24,0x19,0x45,0x21,0xe3,0x18,0xe3,0x18,0x45,0x29,0x00,0x00,0x00,0x00,0x00,0x00,0x00,0x00,0x00,0x00,0x00,0x00,
    0x00,0x00,0x00,0x00,0x00,0x00,0x00,0x00,0x00,0x00,0x00,0x00,0x00,0x00,0x00,0x00,0x00,0x00,0x00,0x00,0x00,0x00,0x00,0x00,
    0x00,0x00,0x00,0x00,0x00,0x00,0x00,0x00,0x00,0x00,0x00,0x00,0x00,0x00,0x00,0x00,0x00,0x00,0x00,0x00,0x00,0x00,0x00,0x00,
    0x00,0x00,0x00,0x00,0x00,0x00,0x00,0x00,0x00,0x00,0x00,0x00,0x45,0x21,0x24,0x21,0x24,0x19,0xe7,0x29,0xe7,0x21,0x08,0x22,
    0xe7,0x21,0x86,0x21,0x86,0x19,0x86,0x19,0x86,0x19,0x86,0x19,0x86,0x19,0x65,0x19,0x85,0x19,0x85,0x19,0x85,0x19,0x86,0x19,
    0x65,0x19,0x85,0x19,0x65,0x19,0x85,0x19,0x65,0x19,0x65,0x19,0x65,0x19,0x85,0x19,0x85,0x19,0x65,0x19,0x85,0x19,0x65,0x19,
    0x65,0x19,0x85,0x19,0x85,0x19,0x65,0x19,0x65,0x19,0x65,0x19,0x65,0x19,0x65,0x19,0x65,0x19,0x65,0x19,0x65,0x19,0x65,0x19,
    0x65,0x19,0x65,0x19,0x65,0x19,0x65,0x19,0x65,0x19,0x65,0x19,0x65,0x19,0x65,0x19,0x65,0x19,0x65,0x19,0x65,0x19,0x65,0x19,
    0x65,0x19,0x65,0x19,0x65,0x19,0x65,0x19,0x65,0x19,0x65,0x19,0x65,0x19,0x65,0x19,0x65,0x19,0x65,0x19,0x65,0x19,0x65,0x19,
    0x65,0x19,0x65,0x19,0x65,0x19,0x65,0x19,0x65,0x19,0x65,0x19,0x65,0x19,0x65,0x19,0x65,0x19,0x65,0x19,0x65,0x19,0x65,0x19,
    0x65,0x19,0x65,0x19,0x65,0x19,0x65,0x19,0x65,0x19,0x45,0x19,0x04,0x19,0x04,0x19,0x04,0x11,0x24,0x19,0x45,0x21,0xc3,0x18,
    0x03,0x19,0x24,0x21,0x00,0x00,0x00,0x00,0x00,0x00,0x00,0x00,0x00,0x00,0x00,0x00,0x00,0x00,0x00,0x00,0x00,0x00,0x00,0x00,
    0x00,0x00,0x00,0x00,0x00,0x00,0x00,0x00,0x00,0x00,0x00,0x00,0x00,0x00,0x00,0x00,0x00,0x00,0x00,0x00,0x00,0x00,0x00,0x00,
    0x00,0x00,0x00,0x00,0x00,0x00,0x00,0x00,0x00,0x00,0x00,0x00,0x00,0x00,0x00,0x00,0x00,0x00,0x00,0x00,0x00,0x00,0x00,0x00,
    0x00,0x00,0x00,0x00,0x86,0x29,0x45,0x21,0x24,0x19,0xe7,0x29,0x07,0x22,0x08,0x22,0xe7,0x21,0x86,0x19,0x86,0x19,0x85,0x19,
    0x85,0x19,0x85,0x19,0x85,0x19,0x86,0x19,0x86,0x19,0x85,0x19,0x85,0x19,0x85,0x19,0x85,0x19,0x85,0x19,0x85,0x19,0x65,0x19,
    0x85,0x19,0x86,0x19,0x85,0x19,0x65,0x19,0x85,0x19,0x85,0x19,0x65,0x19,0x65,0x19,0x65,0x19,0x65,0x19,0x85,0x19,0x85,0x19,
    0x65,0x19,0x65,0x19,0x65,0x19,0x65,0x19,0x65,0x19,0x65,0x19,0x65,0x19,0x65,0x19,0x65,0x19,0x65,0x19,0x65,0x19,0x65,0x19,
    0x65,0x19,0x65,0x19,0x65,0x19,0x65,0x19,0x65,0x19,0x65,0x19,0x65,0x19,0x65,0x19,0x65,0x19,0x65,0x19,0x65,0x19,0x65,0x19,
    0x65,0x19,0x65,0x19,0x65,0x19,0x65,0x19,0x65,0x19,0x65,0x19,0x65,0x19,0x65,0x19,0x65,0x19,0x65,0x19,0x65,0x19,0x65,0x19,
    0x65,0x19,0x65,0x19,0x65,0x19,0x65,0x19,0x65,0x19,0x65,0x19,0x65,0x19,0x65,0x19,0x65,0x19,0x65,0x19,0x65,0x19,0x65,0x19,
    0x65,0x19,0x45,0x19,0x04,0x19,0x03,0x19,0x04,0x11,0x24,0x19,0x45,0x21,0xc3,0x18,0xe3,0x18,0x45,0x29,0x00,0x00,0x00,0x00,
    0x00,0x00,0x00,0x00,0x00,0x00,0x00,0x00,0x00,0x00,0x00,0x00,0x00,0x00,0x00,0x00,0x00,0x00,0x00,0x00,0x00,0x00,0x00,0x00,
    0x00,0x00,0x00,0x00,0x00,0x00,0x00,0x00,0x00,0x00,0x00,0x00,0x00,0x00,0x00,0x00,0x00,0x00,0x00,0x00,0x00,0x00,0x00,0x00,
    0x00,0x00,0x00,0x00,0x00,0x00,0x00,0x00,0x00,0x00,0x00,0x00,0x00,0x00,0x00,0x00,0x00,0x00,0x00,0x00,0xa6,0x29,0x24,0x21,
    0x45,0x19,0xe7,0x29,0x07,0x22,0x08,0x22,0xe7,0x21,0x86,0x21,0x86,0x19,0x86,0x19,0x86,0x19,0x86,0x19,0x86,0x19,0x86,0x19,
    0x86,0x19,0x85,0x19,0x86,0x19,0x85,0x19,0x85,0x19,0x85,0x19,0x85,0x19,0x86,0x19,0x85,0x19,0x65,0x19,0x85,0x19,0x85,0x19,
    0x86,0x19,0x85,0x19,0x85,0x19,0x65,0x19,0x65,0x19,0x65,0x19,0x85,0x19,0x65,0x19,0x65,0x19,0x65,0x19,0x65,0x19,0x65,0x19,
    0x65,0x19,0x65,0x19,0x65,0x19,0x65,0x19,0x65,0x19,0x65,0x19,0x65,0x19,0x65,0x19,0x65,0x19,0x65,0x19,0x65,0x19,0x65,0x19,
    0x65,0x19,0x65,0x19,0x65,0x19,0x65,0x19,0x65,0x19,0x65,0x19,0x65,0x19,0x65,0x19,0x65,0x19,0x65,0x19,0x65,0x19,0x65,0x19,
    0x65,0x19,0x65,0x19,0x65,0x19,0x65,0x19,0x65,0x19,0x65,0x19,0x65,0x19,0x65,0x19,0x65,0x19,0x65,0x19,0x65,0x19,0x65,0x19,
    0x65,0x19,0x65,0x19,0x65,0x19,0x65,0x19,0x65,0x19,0x65,0x19,0x65,0x19,0x65,0x19,0x65,0x19,0x45,0x19,0x04,0x19,0x04,0x19,
    0x04,0x19,0x24,0x19,0x45,0x21,0xc3,0x18,0xe3,0x18,0x24,0x21,0x00,0x00,0x00,0x00,0x00,0x00,0x00,0x00,0x00,0x00,0x00,0x00,
    0x00,0x00,0x00,0x00,0x00,0x00,0x00,0x00,0x00,0x00,0x00,0x00,0x00,0x00,0x00,0x00,0x00,0x00,0x00,0x00,0x00,0x00,0x00,0x00,
    0x00,0x00,0x00,0x00,0x00,0x00,0x00,0x00,0x00,0x00,0x00,0x00,0x00,0x00,0x00,0x00,0x00,0x00,0x00,0x00,0x00,0x00,0x00,0x00,
    0x00,0x00,0x00,0x00,0x00,0x00,0x00,0x00,0x00,0x00,0x00,0x00,0x65,0x29,0x25,0x21,0x45,0x19,0xe7,0x29,0x07,0x22,0x08,0x22,
    0xe7,0x21,0x86,0x19,0x86,0x19,0x86,0x19,0x86,0x19,0x86,0x19,0x86,0x19,0x86,0x19,0x86,0x19,0x86,0x19,0x86,0x19,0x86,0x19,
    0x85,0x19,0x85,0x19,0x86,0x19,0x85,0x19,0x85,0x19,0x86,0x19,0x65,0x19,0x65,0x19,0x85,0x19,0x85,0x19,0x85,0x19,0x85,0x19,
    0x65,0x19,0x85,0x19,0x65,0x19,0x65,0x19,0x65,0x19,0x65,0x19,0x65,0x19,0x65,0x19,0x65,0x19,0x65,0x19,0x65,0x19,0x65,0x19,
    0x65,0x19,0x65,0x19,0x65,0x19,0x65,0x19,0x65,0x19,0x65,0x19,0x65,0x19,0x65,0x19,0x65,0x19,0x65,0x19,0x65,0x19,0x65,0x19,
    0x65,0x19,0x65,0x19,0x65,0x19,0x65,0x19,0x65,0x19,0x65,0x19,0x65,0x19,0x65,0x19,0x65,0x19,0x65,0x19,0x65,0x19,0x65,0x19,
    0x65,0x19,0x65,0x19,0x65,0x19,0x65,0x19,0x65,0x19,0x65,0x19,0x65,0x19,0x65,0x19,0x65,0x19,0x65,0x19,0x65,0x19,0x65,0x19,
    0x65,0x19,0x65,0x19,0x65,0x19,0x65,0x19,0x65,0x19,0x45,0x19,0x04,0x19,0x03,0x19,0x04,0x11,0x24,0x19,0x45,0x21,0xc3,0x18,
    0x03,0x19,0x45,0x29,0x00,0x00,0x00,0x00,0x00,0x00,0x00,0x00,0x00,0x00,0x00,0x00,0x00,0x00,0x00,0x00,0x00,0x00,0x00,0x00,
    0x00,0x00,0x00,0x00,0x00,0x00,0x00,0x00,0x00,0x00,0x00,0x00,0x00,0x00,0x00,0x00,0x00,0x00,0x00,0x00,0x00,0x00,0x00,0x00,
    0x00,0x00,0x00,0x00,0x00,0x00,0x00,0x00,0x00,0x00,0x00,0x00,0x00,0x00,0x00,0x00,0x00,0x00,0x00,0x00,0x00,0x00,0x00,0x00,
    0x00,0x00,0x00,0x00,0x85,0x29,0x45,0x21,0x45,0x19,0xe7,0x29,0x08,0x22,0x08,0x22,0xe7,0x21,0x86,0x21,0x86,0x19,0x86,0x19,
    0x86,0x19,0x86,0x19,0x86,0x19,0x85,0x19,0x86,0x19,0x86,0x19,0x85,0x19,0x86,0x19,0x86,0x19,0x85,0x19,0x85,0x19,0x86,0x19,
    0x85,0x19,0x85,0x19,0x85,0x19,0x85,0x19,0x65,0x19,0x85,0x19,0x85,0x19,0x65,0x19,0x85,0x19,0x65,0x19,0x65,0x19,0x65,0x19,
    0x85,0x19,0x85,0x19,0x85,0x19,0x65,0x19,0x65,0x19,0x65,0x19,0x65,0x19,0x65,0x19,0x65,0x19,0x65,0x19,0x65,0x19,0x65,0x19,
    0x65,0x19,0x65,0x19,0x65,0x19,0x65,0x19,0x65,0x19,0x65,0x19,0x65,0x19,0x65,0x19,0x65,0x19,0x65,0x19,0x65,0x19,0x65,0x19,
    0x65,0x19,0x65,0x19,0x65,0x19,0x65,0x19,0x65,0x19,0x65,0x19,0x65,0x19,0x65,0x19,0x65,0x19,0x65,0x19,0x65,0x19,0x65,0x19,
    0x65,0x19,0x65,0x19,0x65,0x19,0x65,0x19,0x65,0x19,0x65,0x19,0x65,0x19,0x65,0x19,0x65,0x19,0x65,0x19,0x65,0x19,0x65,0x19,
    0x65,0x19,0x45,0x19,0x04,0x19,0x04,0x11,0x04,0x11,0x24,0x19,0x65,0x21,0xc3,0x18,0xe3,0x18,0x45,0x29,0x00,0x00,0x00,0x00,
    0x00,0x00,0x00,0x00,0x00,0x00,0x00,0x00,0x00,0x00,0x00,0x00,0x00,0x00,0x00,0x00,0x00,0x00,0x00,0x00,0x00,0x00,0x00,0x00,
    0x00,0x00,0x00,0x00,0x00,0x00,0x00,0x00,0x00,0x00,0x00,0x00,0x00,0x00,0x00,0x00,0x00,0x00,0x00,0x00,0x00,0x00,0x00,0x00,
    0x00,0x00,0x00,0x00,0x00,0x00,0x00,0x00,0x00,0x00,0x00,0x00,0x00,0x00,0x00,0x00,0x00,0x00,0x00,0x00,0x86,0x29,0x24,0x21,
    0x45,0x19,0xe7,0x29,0x07,0x22,0x08,0x22,0xe7,0x21,0x86,0x21,0x86,0x19,0x86,0x19,0x86,0x19,0x86,0x19,0x86,0x19,0x86,0x19,
    0x86,0x19,0x86,0x19,0x86,0x19,0x86,0x19,0x86,0x19,0x86,0x19,0x86,0x19,0x85,0x19,0x86,0x19,0x85,0x19,0x86,0x19,0x85,0x19,
    0x86,0x19,0x85,0x19,0x85,0x19,0x85,0x19,0x65,0x19,0x85,0x19,0x65,0x19,0x85,0x19,0x85,0x19,0x65,0x19,0x85,0x19,0x85,0x19,
    0x65,0x19,0x85,0x19,0x65,0x19,0x65,0x19,0x65,0x19,0x65,0x19,0x65,0x19,0x65,0x19,0x65,0x19,0x65,0x19,0x65,0x19,0x65,0x19,
    0x65,0x19,0x65,0x19,0x65,0x19,0x65,0x19,0x65,0x19,0x65,0x19,0x65,0x19,0x65,0x19,0x65,0x19,0x65,0x19,0x65,0x19,0x65,0x19,
    0x65,0x19,0x65,0x19,0x65,0x19,0x65,0x19,0x65,0x19,0x65,0x19,0x65,0x19,0x65,0x19,0x65,0x19,0x65,0x19,0x65,0x19,0x65,0x19,
    0x65,0x19,0x65,0x19,0x65,0x19,0x65,0x19,0x65,0x19,0x65,0x19,0x65,0x19,0x65,0x19,0x65,0x19,0x45,0x19,0x04,0x19,0xe3,0x10,
    0x04,0x11,0x24,0x19,0x45,0x21,0xc3,0x18,0xe3,0x18,0x24,0x21,0x00,0x00,0x00,0x00,0x00,0x00,0x00,0x00,0x00,0x00,0x00,0x00,
    0x00,0x00,0x00,0x00,0x00,0x00,0x00,0x00,0x00,0x00,0x00,0x00,0x00,0x00,0x00,0x00,0x00,0x00,0x00,0x00,0x00,0x00,0x00,0x00,
    0x00,0x00,0x00,0x00,0x00,0x00,0x00,0x00,0x00,0x00,0x00,0x00,0x00,0x00,0x00,0x00,0x00,0x00,0x00,0x00,0x00,0x00,0x00,0x00,
    0x00,0x00,0x00,0x00,0x00,0x00,0x00,0x00,0x00,0x00,0x00,0x00,0x65,0x29,0x45,0x21,0x45,0x19,0xe7,0x29,0x08,0x22,0x08,0x22,
    0xe7,0x21,0x86,0x21,0x86,0x19,0x86,0x19,0x86,0x19,0x86,0x19,0x86,0x19,0x85,0x19,0x86,0x19,0x86,0x19,0x86,0x19,0x86,0x19,
    0x86,0x19,0x85,0x19,0x86,0x19,0x85,0x19,0x85,0x19,0x86,0x19,0x85,0x19,0x86,0x19,0x85,0x19,0x86,0x19,0x65,0x19,0x85,0x19,
    0x85,0x19,0x85,0x19,0x85,0x19,0x85,0x19,0x65,0x19,0x65,0x19,0x65,0x19,0x85,0x19,0x65,0x19,0x65,0x19,0x65,0x19,0x65,0x19,
    0x65,0x19,0x65,0x19,0x65,0x19,0x65,0x19,0x65,0x19,0x65,0x19,0x65,0x19,0x65,0x19,0x65,0x19,0x65,0x19,0x65,0x19,0x65,0x19,
    0x65,0x19,0x65,0x19,0x65,0x19,0x65,0x19,0x65,0x19,0x65,0x19,0x65,0x19,0x65,0x19,0x65,0x19,0x65,0x19,0x65,0x19,0x65,0x19,
    0x65,0x19,0x65,0x19,0x65,0x19,0x65,0x19,0x65,0x19,0x65,0x19,0x65,0x19,0x65,0x19,0x65,0x19,0x65,0x19,0x65,0x19,0x65,0x19,
    0x65,0x19,0x65,0x19,0x65,0x19,0x65,0x19,0x65,0x19,0x45,0x19,0x04,0x19,0xe3,0x10,0x04,0x11,0x24,0x19,0x45,0x21,0xc3,0x18,
    0xe3,0x18,0x45,0x29,0x00,0x00,0x00,0x00,0x00,0x00,0x00,0x00,0x00,0x00,0x00,0x00,0x00,0x00,0x00,0x00,0x00,0x00,0x00,0x00,
    0x00,0x00,0x00,0x00,0x00,0x00,0x00,0x00,0x00,0x00,0x00,0x00,0x00,0x00,0x00,0x00,0x00,0x00,0x00,0x00,0x00,0x00,0x00,0x00,
    0x00,0x00,0x00,0x00,0x00,0x00,0x00,0x00,0x00,0x00,0x00,0x00,0x00,0x00,0x00,0x00,0x00,0x00,0x00,0x00,0x00,0x00,0x00,0x00,
    0x00,0x00,0x00,0x00,0xc6,0x31,0x45,0x21,0x45,0x21,0xe7,0x29,0x07,0x22,0x08,0x22,0xe7,0x21,0x86,0x21,0x86,0x19,0x86,0x19,
    0x86,0x19,0x86,0x19,0x86,0x19,0x86,0x19,0x86,0x19,0x86,0x19,0x86,0x19,0x86,0x19,0x86,0x19,0x86,0x19,0x85,0x19,0x86,0x19,
    0x86,0x19,0x86,0x19,0x86,0x19,0x86,0x19,0x86,0x19,0x85,0x19,0x85,0x19,0x86,0x19,0x65,0x19,0x85,0x19,0x85,0x19,0x85,0x19,
    0x85,0x19,0x85,0x19,0x65,0x19,0x85,0x19,0x85,0x19,0x85,0x19,0x65,0x19,0x85,0x19,0x65,0x19,0x85,0x19,0x65,0x19,0x85,0x19,
    0x65,0x19,0x65,0x19,0x65,0x19,0x65,0x19,0x65,0x19,0x65,0x19,0x65,0x19,0x65,0x19,0x65,0x19,0x65,0x19,0x65,0x19,0x65,0x19,
    0x65,0x19,0x65,0x19,0x65,0x19,0x65,0x19,0x65,0x19,0x65,0x19,0x65,0x19,0x65,0x19,0x65,0x19,0x65,0x19,0x65,0x19,0x65,0x19,
    0x65,0x19,0x65,0x19,0x65,0x19,0x65,0x19,0x65,0x19,0x65,0x19,0x65,0x19,0x65,0x19,0x65,0x19,0x65,0x19,0x65,0x19,0x65,0x19,
    0x65,0x19,0x45,0x19,0x04,0x19,0x03,0x19,0x04,0x11,0x24,0x19,0x65,0x21,0xc3,0x18,0xe3,0x18,0x45,0x29,0x00,0x00,0x00,0x00,
    0x00,0x00,0x00,0x00,0x00,0x00,0x00,0x00,0x00,0x00,0x00,0x00,0x00,0x00,0x00,0x00,0x00,0x00,0x00,0x00,0x00,0x00,0x00,0x00,
    0x00,0x00,0x00,0x00,0x00,0x00,0x00,0x00,0x00,0x00,0x00,0x00,0x00,0x00,0x00,0x00,0x00,0x00,0x00,0x00,0x00,0x00,0x00,0x00,
    0x00,0x00,0x00,0x00,0x00,0x00,0x00,0x00,0x00,0x00,0x00,0x00,0x00,0x00,0x00,0x00,0x00,0x00,0x00,0x00,0x65,0x29,0x45,0x21,
    0x45,0x21,0xe7,0x29,0x07,0x22,0x08,0x22,0xe7,0x21,0x86,0x21,0x86,0x19,0x86,0x19,0x86,0x19,0x86,0x19,0x86,0x19,0x86,0x19,
    0x86,0x19,0x86,0x19,0x86,0x19,0x86,0x19,0x86,0x19,0x86,0x19,0x86,0x19,0x86,0x19,0x86,0x19,0x86,0x19,0x86,0x19,0x85,0x19,
    0x86,0x19,0x86,0x19,0x85,0x19,0x86,0x19,0x85,0x19,0x85,0x19,0x86,0x19,0x85,0x19,0x85,0x19,0x85,0x19,0x85,0x19,0x85,0x19,
    0x65,0x19,0x65,0x19,0x65,0x19,0x65,0x19,0x65,0x19,0x65,0x19,0x65,0x19,0x65,0x19,0x65,0x19,0x65,0x19,0x65,0x19,0x65,0x19,
    0x65,0x19,0x65,0x19,0x65,0x19,0x65,0x19,0x65,0x19,0x65,0x19,0x65,0x19,0x65,0x19,0x65,0x19,0x65,0x19,0x65,0x19,0x65,0x19,
    0x65,0x19,0x65,0x19,0x65,0x19,0x65,0x19,0x65,0x19,0x65,0x19,0x65,0x19,0x65,0x19,0x65,0x19,0x65,0x19,0x65,0x19,0x65,0x19,
    0x65,0x19,0x65,0x19,0x65,0x19,0x65,0x19,0x65,0x19,0x65,0x19,0x65,0x19,0x65,0x19,0x65,0x19,0x45,0x19,0x04,0x19,0x04,0x19,
    0x04,0x11,0x24,0x19,0x65,0x21,0xc3,0x18,0xe3,0x18,0x65,0x29,0x00,0x00,0x00,0x00,0x00,0x00,0x00,0x00,0x00,0x00,0x00,0x00,
    0x00,0x00,0x00,0x00,0x00,0x00,0x00,0x00,0x00,0x00,0x00,0x00,0x00,0x00,0x00,0x00,0x00,0x00,0x00,0x00,0x00,0x00,0x00,0x00,
    0x00,0x00,0x00,0x00,0x00,0x00,0x00,0x00,0x00,0x00,0x00,0x00,0x00,0x00,0x00,0x00,0x00,0x00,0x00,0x00,0x00,0x00,0x00,0x00,
    0x00,0x00,0x00,0x00,0x00,0x00,0x00,0x00,0x00,0x00,0x00,0x00,0x86,0x29,0x45,0x21,0x45,0x21,0xe7,0x29,0x08,0x22,0x08,0x22,
    0xe7,0x21,0x86,0x19,0x86,0x19,0x86,0x19,0x86,0x19,0x86,0x19,0x86,0x19,0x86,0x19,0x86,0x19,0x86,0x19,0x86,0x19,0x86,0x19,
    0x86,0x19,0x86,0x19,0x86,0x19,0x86,0x19,0x85,0x19,0x86,0x19,0x86,0x19,0x86,0x19,0x86,0x19,0x86,0x19,0x86,0x19,0x85,0x19,
    0x86,0x19,0x86,0x19,0x85,0x19,0x65,0x19,0x85,0x19,0x85,0x19,0x85,0x19,0x85,0x19,0x85,0x19,0x85,0x19,0x65,0x19,0x65,0x19,
    0x65,0x19,0x65,0x19,0x65,0x19,0x65,0x19,0x65,0x19,0x65,0x19,0x65,0x19,0x65,0x19,0x65,0x19,0x65,0x19,0x65,0x19,0x65,0x19,
    0x65,0x19,0x65,0x19,0x65,0x19,0x65,0x19,0x65,0x19,0x65,0x19,0x65,0x19,0x65,0x19,0x65,0x19,0x65,0x19,0x65,0x19,0x65,0x19,
    0x65,0x19,0x65,0x19,0x65,0x19,0x65,0x19,0x65,0x19,0x65,0x19,0x65,0x19,0x65,0x19,0x65,0x19,0x65,0x19,0x65,0x19,0x65,0x19,
    0x65,0x19,0x65,0x19,0x65,0x19,0x65,0x19,0x65,0x19,0x45,0x19,0x04,0x19,0x04,0x19,0x04,0x11,0x24,0x19,0x45,0x21,0xc3,0x18,
    0xe3,0x18,0x24,0x21,0x00,0x00,0x00,0x00,0x00,0x00,0x00,0x00,0x00,0x00,0x00,0x00,0x00,0x00,0x00,0x00,0x00,0x00,0x00,0x00,
    0x00,0x00,0x00,0x00,0x00,0x00,0x00,0x00,0x00,0x00,0x00,0x00,0x00,0x00,0x00,0x00,0x00,0x00,0x00,0x00,0x00,0x00,0x00,0x00,
    0x00,0x00,0x00,0x00,0x00,0x00,0x00,0x00,0x00,0x00,0x00,0x00,0x00,0x00,0x00,0x00,0x00,0x00,0x00,0x00,0x00,0x00,0x00,0x00,
    0x00,0x00,0x00,0x00,0x86,0x29,0x45,0x21,0x45,0x21,0xe7,0x29,0x07,0x22,0x08,0x22,0xe7,0x21,0x86,0x21,0x86,0x19,0x86,0x19,
    0x86,0x19,0x86,0x19,0x86,0x19,0x86,0x19,0x86,0x19,0x86,0x19,0x86,0x19,0x86,0x19,0x86,0x19,0x86,0x19,0x86,0x19,0x86,0x19,
    0x86,0x19,0x85,0x19,0x86,0x19,0x86,0x19,0x85,0x19,0x86,0x19,0x86,0x19,0x85,0x19,0x85,0x19,0x86,0x19,0x85,0x19,0x85,0x19,
    0x65,0x19,0x85,0x19,0x85,0x19,0x65,0x19,0x85,0x19,0x85,0x19,0x65,0x19,0x85,0x19,0x65,0x19,0x85,0x19,0x85,0x19,0x65,0x19,
    0x85,0x19,0x85,0x19,0x65,0x19,0x65,0x19,0x65,0x19,0x65,0x19,0x65,0x19,0x65,0x19,0x65,0x19,0x65,0x19,0x65,0x19,0x65,0x19,
    0x65,0x19,0x65,0x19,0x65,0x19,0x65,0x19,0x65,0x19,0x65,0x19,0x65,0x19,0x65,0x19,0x65,0x19,0x65,0x19,0x65,0x19,0x65,0x19,
    0x65,0x19,0x65,0x19,0x65,0x19,0x65,0x19,0x65,0x19,0x65,0x19,0x65,0x19,0x65,0x19,0x65,0x19,0x65,0x19,0x65,0x19,0x65,0x19,
    0x65,0x19,0x45,0x19,0x04,0x19,0x04,0x19,0x04,0x11,0x24,0x19,0x45,0x21,0xc3,0x18,0xe3,0x18,0x45,0x21,0x00,0x00,0x00,0x00,
    0x00,0x00,0x00,0x00,0x00,0x00,0x00,0x00,0x00,0x00,0x00,0x00,0x00,0x00,0x00,0x00,0x00,0x00,0x00,0x00,0x00,0x00,0x00,0x00,
    0x00,0x00,0x00,0x00,0x00,0x00,0x00,0x00,0x00,0x00,0x00,0x00,0x00,0x00,0x00,0x00,0x00,0x00,0x00,0x00,0x00,0x00,0x00,0x00,
    0x00,0x00,0x00,0x00,0x00,0x00,0x00,0x00,0x00,0x00,0x00,0x00,0x00,0x00,0x00,0x00,0x00,0x00,0x00,0x00,0x65,0x29,0x45,0x21,
    0x45,0x21,0xe7,0x29,0x08,0x22,0x08,0x22,0xe7,0x21,0x86,0x19,0x86,0x19,0x86,0x19,0x86,0x19,0x86,0x19,0x86,0x19,0x86,0x19,
    0x86,0x19,0x86,0x19,0x86,0x19,0x86,0x19,0x86,0x19,0x86,0x19,0x86,0x19,0x86,0x19,0x86,0x19,0x86,0x19,0x86,0x19,0x86,0x19,
    0x86,0x19,0x86,0x19,0x86,0x19,0x86,0x19,0x85,0x19,0x85,0x19,0x85,0x19,0x86,0x19,0x85,0x19,0x85,0x19,0x85,0x19,0x85,0x19,
    0x85,0x19,0x86,0x19,0x65,0x19,0x65,0x19,0x65,0x19,0x85,0x19,0x65,0x19,0x65,0x19,0x85,0x19,0x65,0x19,0x65,0x19,0x65,0x19,
    0x85,0x19,0x85,0x19,0x65,0x19,0x65,0x19,0x65,0x19,0x65,0x19,0x65,0x19,0x65,0x19,0x65,0x19,0x65,0x19,0x65,0x19,0x65,0x19,
    0x65,0x19,0x65,0x19,0x65,0x19,0x65,0x19,0x65,0x19,0x65,0x19,0x65,0x19,0x65,0x19,0x65,0x19,0x65,0x19,0x65,0x19,0x65,0x19,
    0x65,0x19,0x65,0x19,0x65,0x19,0x65,0x19,0x65,0x19,0x65,0x19,0x65,0x19,0x65,0x19,0x65,0x19,0x45,0x19,0x04,0x19,0x03,0x19,
    0x04,0x19,0x24,0x19,0x45,0x21,0xc3,0x18,0xe3,0x18,0x45,0x21,0x00,0x00,0x00,0x00,0x00,0x00,0x00,0x00,0x00,0x00,0x00,0x00,
    0x00,0x00,0x00,0x00,0x00,0x00,0x00,0x00,0x00,0x00,0x00,0x00,0x00,0x00,0x00,0x00,0x00,0x00,0x00,0x00,0x00,0x00,0x00,0x00,
    0x00,0x00,0x00,0x00,0x00,0x00,0x00,0x00,0x00,0x00,0x00,0x00,0x00,0x00,0x00,0x00,0x00,0x00,0x00,0x00,0x00,0x00,0x00,0x00,
    0x00,0x00,0x00,0x00,0x00,0x00,0x00,0x00,0x00,0x00,0x00,0x00,0x65,0x29,0x45,0x21,0x45,0x19,0xe7,0x29,0x08,0x22,0x08,0x22,
    0xe7,0x21,0x86,0x21,0x86,0x19,0x86,0x19,0x86,0x19,0x86,0x19,0x86,0x19,0x86,0x19,0x86,0x19,0x86,0x19,0x86,0x19,0x86,0x19,
    0x86,0x19,0x86,0x19,0x86,0x19,0x86,0x19,0x86,0x19,0x86,0x19,0x86,0x19,0x86,0x19,0x86,0x19,0x86,0x19,0x86,0x19,0x86,0x19,
    0x85,0x19,0x86,0x19,0x85,0x19,0x85,0x19,0x86,0x19,0x85,0x19,0x85,0x19,0x85,0x19,0x85,0x19,0x85,0x19,0x86,0x19,0x85,0x19,
    0x65,0x19,0x85,0x19,0x65,0x19,0x65,0x19,0x85,0x19,0x65,0x19,0x85,0x19,0x65,0x19,0x85,0x19,0x65,0x19,0x65,0x19,0x65,0x19,
    0x65,0x19,0x65,0x19,0x65,0x19,0x65,0x19,0x65,0x19,0x65,0x19,0x65,0x19,0x65,0x19,0x65,0x19,0x65,0x19,0x65,0x19,0x65,0x19,
    0x65,0x19,0x65,0x19,0x65,0x19,0x65,0x19,0x65,0x19,0x65,0x19,0x65,0x19,0x65,0x19,0x65,0x19,0x65,0x19,0x65,0x19,0x65,0x19,
    0x65,0x19,0x65,0x19,0x65,0x19,0x65,0x19,0x65,0x19,0x45,0x19,0x04,0x19,0x04,0x19,0x04,0x11,0x24,0x19,0x45,0x21,0xc3,0x18,
    0xe3,0x18,0x24,0x21,0x00,0x00,0x00,0x00,0x00,0x00,0x00,0x00,0x00,0x00,0x00,0x00,0x00,0x00,0x00,0x00,0x00,0x00,0x00,0x00,
    0x00,0x00,0x00,0x00,0x00,0x00,0x00,0x00,0x00,0x00,0x00,0x00,0x00,0x00,0x00,0x00,0x00,0x00,0x00,0x00,0x00,0x00,0x00,0x00,
    0x00,0x00,0x00,0x00,0x00,0x00,0x00,0x00,0x00,0x00,0x00,0x00,0x00,0x00,0x00,0x00,0x00,0x00,0x00,0x00,0x00,0x00,0x00,0x00,
    0x00,0x00,0x00,0x00,0x65,0x29,0x45,0x21,0x45,0x21,0xe7,0x29,0x07,0x22,0x08,0x22,0xe7,0x21,0x86,0x21,0x86,0x21,0x86,0x19,
    0x86,0x19,0x86,0x19,0x86,0x19,0x86,0x19,0x86,0x19,0x86,0x19,0x86,0x19,0x86,0x19,0x86,0x19,0x86,0x19,0x86,0x19,0x86,0x19,
    0x86,0x19,0x86,0x19,0x86,0x19,0x86,0x19,0x86,0x19,0x86,0x19,0x86,0x19,0x86,0x19,0x86,0x19,0x85,0x19,0x86,0x19,0x86,0x19,
    0x86,0x19,0x86,0x19,0x85,0x19,0x85,0x19,0x85,0x19,0x65,0x19,0x85,0x19,0x85,0x19,0x86,0x19,0x85,0x19,0x85,0x19,0x85,0x19,
    0x65,0x19,0x65,0x19,0x85,0x19,0x65,0x19,0x85,0x19,0x65,0x19,0x65,0x19,0x65,0x19,0x85,0x19,0x65,0x19,0x65,0x19,0x65,0x19,
    0x65,0x19,0x65,0x19,0x65,0x19,0x65,0x19,0x65,0x19,0x65,0x19,0x65,0x19,0x65,0x19,0x65,0x19,0x65,0x19,0x65,0x19,0x65,0x19,
    0x65,0x19,0x65,0x19,0x65,0x19,0x65,0x19,0x65,0x19,0x65,0x19,0x65,0x19,0x65,0x19,0x65,0x19,0x65,0x19,0x65,0x19,0x65,0x19,
    0x65,0x19,0x45,0x19,0x04,0x19,0x04,0x19,0x04,0x19,0x24,0x19,0x45,0x21,0xc3,0x18,0xe3,0x18,0x45,0x29,0x00,0x00,0x00,0x00,
    0x00,0x00,0x00,0x00,0x00,0x00,0x00,0x00,0x00,0x00,0x00,0x00,0x00,0x00,0x00,0x00,0x00,0x00,0x00,0x00,0x00,0x00,0x00,0x00,
    0x00,0x00,0x00,0x00,0x00,0x00,0x00,0x00,0x00,0x00,0x00,0x00,0x00,0x00,0x00,0x00,0x00,0x00,0x00,0x00,0x00,0x00,0x00,0x00,
    0x00,0x00,0x00,0x00,0x00,0x00,0x00,0x00,0x00,0x00,0x00,0x00,0x00,0x00,0x00,0x00,0x00,0x00,0x00,0x00,0x86,0x29,0x45,0x21,
    0x45,0x19,0xe7,0x29,0x07,0x22,0x08,0x22,0xe7,0x21,0xa6,0x21,0x86,0x21,0x86,0x19,0x86,0x19,0x86,0x19,0x86,0x19,0x86,0x19,
    0x86,0x19,0x86,0x19,0x86,0x19,0x86,0x19,0x86,0x19,0x86,0x19,0x86,0x19,0x86,0x19,0x86,0x19,0x86,0x19,0x86,0x19,0x86,0x19,
    0x86,0x19,0x86,0x19,0x86,0x19,0x86,0x19,0x85,0x19,0x86,0x19,0x86,0x19,0x85,0x19,0x85,0x19,0x86,0x19,0x86,0x19,0x85,0x19,
    0x85,0x19,0x85,0x19,0x86,0x19,0x85,0x19,0x85,0x19,0x85,0x19,0x85,0x19,0x85,0x19,0x65,0x19,0x65,0x19,0x85,0x19,0x85,0x19,
    0x85,0x19,0x65,0x19,0x65,0x19,0x65,0x19,0x65,0x19,0x85,0x19,0x65,0x19,0x65,0x19,0x65,0x19,0x65,0x19,0x65,0x19,0x65,0x19,
    0x65,0x19,0x65,0x19,0x65,0x19,0x65,0x19,0x65,0x19,0x65,0x19,0x65,0x19,0x65,0x19,0x65,0x19,0x65,0x19,0x65,0x19,0x65,0x19,
    0x65,0x19,0x65,0x19,0x65,0x19,0x65,0x19,0x65,0x19,0x65,0x19,0x65,0x19,0x65,0x19,0x65,0x19,0x45,0x19,0x04,0x19,0x04,0x11,
    0x04,0x19,0x24,0x19,0x45,0x21,0xc3,0x18,0xe3,0x18,0x65,0x29,0x00,0x00,0x00,0x00,0x00,0x00,0x00,0x00,0x00,0x00,0x00,0x00,
    0x00,0x00,0x00,0x00,0x00,0x00,0x00,0x00,0x00,0x00,0x00,0x00,0x00,0x00,0x00,0x00,0x00,0x00,0x00,0x00,0x00,0x00,0x00,0x00,
    0x00,0x00,0x00,0x00,0x00,0x00,0x00,0x00,0x00,0x00,0x00,0x00,0x00,0x00,0x00,0x00,0x00,0x00,0x00,0x00,0x00,0x00,0x00,0x00,
    0x00,0x00,0x00,0x00,0x00,0x00,0x00,0x00,0x00,0x00,0x00,0x00,0x65,0x29,0x45,0x21,0x45,0x21,0xe7,0x29,0x07,0x22,0x08,0x22,
    0xe7,0x21,0x86,0x21,0x86,0x21,0x86,0x19,0x86,0x19,0x86,0x19,0x86,0x19,0x86,0x19,0x86,0x19,0x86,0x19,0x86,0x19,0x86,0x19,
    0x86,0x19,0x86,0x19,0x86,0x19,0x86,0x19,0x86,0x19,0x86,0x19,0x86,0x19,0x86,0x19,0x86,0x19,0x86,0x19,0x86,0x19,0x86,0x19,
    0x86,0x19,0x86,0x19,0x86,0x19,0x86,0x19,0x86,0x19,0x86,0x19,0x86,0x19,0x85,0x19,0x85,0x19,0x86,0x19,0x85,0x19,0x85,0x19,
    0x85,0x19,0x86,0x19,0x85,0x19,0x85,0x19,0x65,0x19,0x65,0x19,0x85,0x19,0x85,0x19,0x85,0x19,0x65,0x19,0x65,0x19,0x85,0x19,
    0x65,0x19,0x65,0x19,0x65,0x19,0x65,0x19,0x65,0x19,0x65,0x19,0x65,0x19,0x65,0x19,0x65,0x19,0x65,0x19,0x65,0x19,0x65,0x19,
    0x65,0x19,0x65,0x19,0x65,0x19,0x65,0x19,0x65,0x19,0x65,0x19,0x65,0x19,0x65,0x19,0x65,0x19,0x65,0x19,0x65,0x19,0x65,0x19,
    0x65,0x19,0x65,0x19,0x65,0x19,0x65,0x19,0x65,0x19,0x45,0x19,0x04,0x19,0x04,0x19,0x04,0x19,0x24,0x19,0x45,0x21,0xc3,0x18,
    0xe3,0x18,0x45,0x29,0x00,0x00,0x00,0x00,0x00,0x00,0x00,0x00,0x00,0x00,0x00,0x00,0x00,0x00,0x00,0x00,0x00,0x00,0x00,0x00,
    0x00,0x00,0x00,0x00,0x00,0x00,0x00,0x00,0x00,0x00,0x00,0x00,0x00,0x00,0x00,0x00,0x00,0x00,0x00,0x00,0x00,0x00,0x00,0x00,
    0x00,0x00,0x00,0x00,0x00,0x00,0x00,0x00,0x00,0x00,0x00,0x00,0x00,0x00,0x00,0x00,0x00,0x00,0x00,0x00,0x00,0x00,0x00,0x00,
    0x00,0x00,0x00,0x00,0x85,0x29,0x45,0x21,0x45,0x19,0xe7,0x29,0x07,0x22,0x08,0x22,0xe7,0x21,0xa6,0x21,0x86,0x21,0x86,0x19,
    0x86,0x21,0x86,0x19,0x86,0x19,0x86,0x19,0x86,0x19,0x86,0x19,0x86,0x19,0x86,0x19,0x86,0x19,0x86,0x19,0x86,0x19,0x86,0x19,
    0x86,0x19,0x86,0x19,0x86,0x19,0x86,0x19,0x86,0x19,0x86,0x19,0x86,0x19,0x86,0x19,0x86,0x19,0x86,0x19,0x86,0x19,0x86,0x19,
    0x85,0x19,0x86,0x19,0x86,0x19,0x85,0x19,0x86,0x19,0x86,0x19,0x86,0x19,0x86,0x19,0x85,0x19,0x85,0x19,0x86,0x19,0x65,0x19,
    0x85,0x19,0x65,0x19,0x85,0x19,0x85,0x19,0x65,0x19,0x85,0x19,0x65,0x19,0x65,0x19,0x65,0x19,0x65,0x19,0x65,0x19,0x65,0x19,
    0x65,0x19,0x65,0x19,0x65,0x19,0x65,0x19,0x65,0x19,0x65,0x19,0x65,0x19,0x65,0x19,0x65,0x19,0x65,0x19,0x65,0x19,0x65,0x19,
    0x65,0x19,0x65,0x19,0x65,0x19,0x65,0x19,0x65,0x19,0x65,0x19,0x65,0x19,0x65,0x19,0x65,0x19,0x65,0x19,0x65,0x19,0x65,0x19,
    0x65,0x19,0x45,0x19,0x04,0x19,0x04,0x19,0x04,0x19,0x24,0x19,0x45,0x21,0xc3,0x18,0xe3,0x18,0x45,0x29,0x00,0x00,0x00,0x00,
    0x00,0x00,0x00,0x00,0x00,0x00,0x00,0x00,0x00,0x00,0x00,0x00,0x00,0x00,0x00,0x00,0x00,0x00,0x00,0x00,0x00,0x00,0x00,0x00,
    0x00,0x00,0x00,0x00,0x00,0x00,0x00,0x00,0x00,0x00,0x00,0x00,0x00,0x00,0x00,0x00,0x00,0x00,0x00,0x00,0x00,0x00,0x00,0x00,
    0x00,0x00,0x00,0x00,0x00,0x00,0x00,0x00,0x00,0x00,0x00,0x00,0x00,0x00,0x00,0x00,0x00,0x00,0x00,0x00,0x65,0x21,0x45,0x21,
    0x45,0x19,0xe7,0x29,0x08,0x22,0x08,0x22,0xe7,0x21,0xa6,0x21,0x86,0x21,0x86,0x19,0x86,0x19,0x86,0x19,0x86,0x19,0x86,0x19,
    0x86,0x19,0x86,0x19,0x86,0x19,0x86,0x19,0x86,0x19,0x86,0x19,0x86,0x19,0x86,0x19,0x86,0x19,0x86,0x19,0x86,0x19,0x86,0x19,
    0x86,0x19,0x86,0x19,0x86,0x19,0x86,0x19,0x86,0x19,0x86,0x19,0x86,0x19,0x86,0x19,0x86,0x19,0x86,0x19,0x86,0x19,0x85,0x19,
    0x86,0x19,0x85,0x19,0x86,0x19,0x85,0x19,0x85,0x19,0x85,0x19,0x86,0x19,0x85,0x19,0x85,0x19,0x85,0x19,0x85,0x19,0x85,0x19,
    0x65,0x19,0x65,0x19,0x65,0x19,0x65,0x19,0x85,0x19,0x65,0x19,0x65,0x19,0x65,0x19,0x65,0x19,0x65,0x19,0x65,0x19,0x65,0x19,
    0x65,0x19,0x65,0x19,0x65,0x19,0x65,0x19,0x65,0x19,0x65,0x19,0x65,0x19,0x65,0x19,0x65,0x19,0x65,0x19,0x65,0x19,0x65,0x19,
    0x65,0x19,0x65,0x19,0x65,0x19,0x65,0x19,0x65,0x19,0x65,0x19,0x65,0x19,0x65,0x19,0x65,0x19,0x45,0x19,0x24,0x19,0x03,0x19,
    0x04,0x19,0x24,0x19,0x45,0x21,0xc3,0x10,0xe3,0x18,0x45,0x29,0x00,0x00,0x00,0x00,0x00,0x00,0x00,0x00,0x00,0x00,0x00,0x00,
    0x00,0x00,0x00,0x00,0x00,0x00,0x00,0x00,0x00,0x00,0x00,0x00,0x00,0x00,0x00,0x00,0x00,0x00,0x00,0x00,0x00,0x00,0x00,0x00,
    0x00,0x00,0x00,0x00,0x00,0x00,0x00,0x00,0x00,0x00,0x00,0x00,0x00,0x00,0x00,0x00,0x00,0x00,0x00,0x00,0x00,0x00,0x00,0x00,
    0x00,0x00,0x00,0x00,0x00,0x00,0x00,0x00,0x00,0x00,0x00,0x00,0x65,0x29,0x45,0x21,0x45,0x19,0xe7,0x29,0x08,0x2a,0x08,0x22,
    0x07,0x22,0xa6,0x21,0x86,0x21,0x86,0x19,0x86,0x19,0x86,0x19,0x86,0x19,0x86,0x19,0x86,0x19,0x86,0x19,0x86,0x19,0x86,0x19,
    0x86,0x19,0x86,0x19,0x86,0x19,0x86,0x19,0x86,0x19,0x86,0x19,0x86,0x19,0x86,0x19,0x86,0x19,0x86,0x19,0x86,0x19,0x86,0x19,
    0x86,0x19,0x86,0x19,0x86,0x19,0x86,0x19,0x86,0x19,0x86,0x19,0x86,0x19,0x86,0x19,0x86,0x19,0x85,0x19,0x86,0x19,0x86,0x19,
    0x86,0x19,0x86,0x19,0x86,0x19,0x85,0x19,0x85,0x19,0x85,0x19,0x85,0x19,0x86,0x19,0x85,0x19,0x85,0x19,0x65,0x19,0x85,0x19,
    0x65,0x19,0x65,0x19,0x85,0x19,0x85,0x19,0x65,0x19,0x65,0x19,0x65,0x19,0x65,0x19,0x65,0x19,0x65,0x19,0x65,0x19,0x65,0x19,
    0x65,0x19,0x65,0x19,0x65,0x19,0x65,0x19,0x65,0x19,0x65,0x19,0x65,0x19,0x65,0x19,0x65,0x19,0x65,0x19,0x65,0x19,0x65,0x19,
    0x65,0x19,0x65,0x19,0x65,0x19,0x65,0x19,0x65,0x19,0x45,0x19,0x24,0x19,0x04,0x19,0x04,0x19,0x24,0x19,0x65,0x21,0xe3,0x18,
    0xe3,0x18,0x45,0x21,0x00,0x00,0x00,0x00,0x00,0x00,0x00,0x00,0x00,0x00,0x00,0x00,0x00,0x00,0x00,0x00,0x00,0x00,0x00,0x00,
    0x00,0x00,0x00,0x00,0x00,0x00,0x00,0x00,0x00,0x00,0x00,0x00,0x00,0x00,0x00,0x00,0x00,0x00,0x00,0x00,0x00,0x00,0x00,0x00,
    0x00,0x00,0x00,0x00,0x00,0x00,0x00,0x00,0x00,0x00,0x00,0x00,0x00,0x00,0x00,0x00,0x00,0x00,0x00,0x00,0x00,0x00,0x00,0x00,
    0x00,0x00,0x00,0x00,0x65,0x29,0x45,0x21,0x45,0x19,0xe7,0x29,0x08,0x22,0x08,0x22,0x07,0x22,0xa6,0x21,0x86,0x21,0x86,0x21,
    0x86,0x19,0x86,0x19,0x86,0x19,0x86,0x19,0x86,0x19,0x86,0x19,0x86,0x19,0x86,0x19,0x86,0x19,0x86,0x19,0x86,0x19,0x86,0x19,
    0x86,0x19,0x86,0x19,0x86,0x19,0x86,0x19,0x86,0x19,0x86,0x19,0x86,0x19,0x86,0x19,0x86,0x19,0x86,0x19,0x86,0x19,0x86,0x19,
    0x85,0x19,0x86,0x19,0x86,0x19,0x86,0x19,0x86,0x19,0x86,0x19,0x86,0x19,0x86,0x19,0x85,0x19,0x86,0x19,0x86,0x19,0x86,0x19,
    0x85,0x19,0x85,0x19,0x86,0x19,0x85,0x19,0x85,0x19,0x65,0x19,0x85,0x19,0x85,0x19,0x65,0x19,0x85,0x19,0x85,0x19,0x65,0x19,
    0x65,0x19,0x65,0x19,0x65,0x19,0x65,0x19,0x65,0x19,0x65,0x19,0x65,0x19,0x65,0x19,0x65,0x19,0x65,0x19,0x65,0x19,0x65,0x19,
    0x65,0x19,0x65,0x19,0x65,0x19,0x65,0x19,0x65,0x19,0x65,0x19,0x65,0x19,0x65,0x19,0x65,0x19,0x65,0x19,0x65,0x19,0x65,0x19,
    0x65,0x19,0x45,0x19,0x24,0x19,0x04,0x19,0x04,0x19,0x24,0x19,0x45,0x21,0xe3,0x18,0xe3,0x18,0x45,0x29,0x00,0x00,0x00,0x00,
    0x00,0x00,0x00,0x00,0x00,0x00,0x00,0x00,0x00,0x00,0x00,0x00,0x00,0x00,0x00,0x00,0x00,0x00,0x00,0x00,0x00,0x00,0x00,0x00,
    0x00,0x00,0x00,0x00,0x00,0x00,0x00,0x00,0x00,0x00,0x00,0x00,0x00,0x00,0x00,0x00,0x00,0x00,0x00,0x00,0x00,0x00,0x00,0x00,
    0x00,0x00,0x00,0x00,0x00,0x00,0x00,0x00,0x00,0x00,0x00,0x00,0x00,0x00,0x00,0x00,0x00,0x00,0x00,0x00,0x65,0x29,0x45,0x21,
    0x45,0x19,0xe7,0x29,0x08,0x22,0x08,0x22,0x07,0x22,0xa6,0x21,0xa6,0x21,0x86,0x19,0x86,0x19,0x86,0x19,0x86,0x19,0x86,0x21,
    0x86,0x19,0x86,0x21,0x86,0x19,0x86,0x19,0x86,0x19,0x86,0x19,0x86,0x19,0x86,0x19,0x86,0x19,0x86,0x19,0x86,0x19,0x86,0x19,
    0x86,0x19,0x86,0x19,0x86,0x19,0x86,0x19,0x86,0x19,0x86,0x19,0x86,0x19,0x86,0x19,0x86,0x19,0x86,0x19,0x85,0x19,0x86,0x19,
    0x86,0x19,0x86,0x19,0x86,0x19,0x86,0x19,0x86,0x19,0x85,0x19,0x86,0x19,0x86,0x19,0x85,0x19,0x85,0x19,0x85,0x19,0x65,0x19,
    0x85,0x19,0x85,0x19,0x65,0x19,0x86,0x19,0x65,0x19,0x65,0x19,0x65,0x19,0x85,0x19,0x85,0x19,0x65,0x19,0x65,0x19,0x65,0x19,
    0x65,0x19,0x65,0x19,0x65,0x19,0x65,0x19,0x65,0x19,0x65,0x19,0x65,0x19,0x65,0x19,0x65,0x19,0x65,0x19,0x65,0x19,0x65,0x19,
    0x65,0x19,0x65,0x19,0x65,0x19,0x65,0x19,0x65,0x19,0x65,0x19,0x65,0x19,0x65,0x19,0x65,0x19,0x65,0x19,0x04,0x19,0x04,0x19,
    0x04,0x11,0x24,0x19,0x45,0x21,0xe3,0x18,0xe3,0x18,0x45,0x29,0x00,0x00,0x00,0x00,0x00,0x00,0x00,0x00,0x00,0x00,0x00,0x00,
    0x00,0x00,0x00,0x00,0x00,0x00,0x00,0x00,0x00,0x00,0x00,0x00,0x00,0x00,0x00,0x00,0x00,0x00,0x00,0x00,0x00,0x00,0x00,0x00,
    0x00,0x00,0x00,0x00,0x00,0x00,0x00,0x00,0x00,0x00,0x00,0x00,0x00,0x00,0x00,0x00,0x00,0x00,0x00,0x00,0x00,0x00,0x00,0x00,
    0x00,0x00,0x00,0x00,0x00,0x00,0x00,0x00,0x00,0x00,0x00,0x00,0x45,0x21,0x45,0x21,0x45,0x19,0xe7,0x29,0x08,0x22,0x28,0x22,
    0xe7,0x21,0xa6,0x21,0xa6,0x21,0x86,0x21,0x86,0x19,0x86,0x19,0x86,0x19,0x86,0x21,0x86,0x19,0x86,0x19,0x86,0x19,0x86,0x19,
    0x86,0x19,0x86,0x19,0x86,0x19,0x86,0x19,0x86,0x19,0x86,0x19,0x86,0x19,0x86,0x19,0x86,0x19,0x86,0x19,0x86,0x19,0x86,0x19,
    0x86,0x19,0x86,0x19,0x86,0x19,0x86,0x19,0x86,0x19,0x86,0x19,0x86,0x19,0x86,0x19,0x86,0x19,0x85,0x19,0x86,0x19,0x86,0x19,
    0x86,0x19,0x85,0x19,0x86,0x19,0x86,0x19,0x86,0x19,0x86,0x19,0x86,0x19,0x85,0x19,0x85,0x19,0x85,0x19,0x85,0x19,0x85,0x19,
    0x86,0x19,0x85,0x19,0x85,0x19,0x65,0x19,0x85,0x19,0x65,0x19,0x65,0x19,0x65,0x19,0x65,0x19,0x65,0x19,0x65,0x19,0x65,0x19,
    0x65,0x19,0x65,0x19,0x65,0x19,0x65,0x19,0x65,0x19,0x65,0x19,0x65,0x19,0x65,0x19,0x65,0x19,0x65,0x19,0x65,0x19,0x65,0x19,
    0x65,0x19,0x65,0x19,0x65,0x19,0x65,0x19,0x65,0x19,0x45,0x19,0x04,0x19,0x04,0x19,0x04,0x19,0x24,0x19,0x45,0x21,0xe3,0x18,
    0xe3,0x18,0x45,0x29,0x00,0x00,0x00,0x00,0x00,0x00,0x00,0x00,0x00,0x00,0x00,0x00,0x00,0x00,0x00,0x00,0x00,0x00,0x00,0x00,
    0x00,0x00,0x00,0x00,0x00,0x00,0x00,0x00,0x00,0x00,0x00,0x00,0x00,0x00,0x00,0x00,0x00,0x00,0x00,0x00,0x00,0x00,0x00,0x00,
    0x00,0x00,0x00,0x00,0x00,0x00,0x00,0x00,0x00,0x00,0x00,0x00,0x00,0x00,0x00,0x00,0x00,0x00,0x00,0x00,0x00,0x00,0x00,0x00,
    0x00,0x00,0x00,0x00,0x86,0x29,0x45,0x21,0x45,0x19,0xe7,0x29,0x08,0x22,0x28,0x22,0x07,0x22,0xa6,0x21,0x86,0x21,0x86,0x21,
    0x86,0x21,0x86,0x21,0x86,0x19,0x86,0x19,0x86,0x19,0x86,0x19,0x86,0x19,0x86,0x19,0x86,0x19,0x86,0x19,0x86,0x19,0x86,0x19,
    0x86,0x19,0x86,0x19,0x86,0x19,0x86,0x19,0x86,0x19,0x86,0x19,0x86,0x19,0x86,0x19,0x86,0x19,0x86,0x19,0x86,0x19,0x86,0x19,
    0x86,0x19,0x86,0x19,0x86,0x19,0x86,0x19,0x86,0x19,0x86,0x19,0x86,0x19,0x86,0x19,0x86,0x19,0x86,0x19,0x86,0x19,0x86,0x19,
    0x86,0x19,0x86,0x19,0x85,0x19,0x85,0x19,0x85,0x19,0x85,0x19,0x85,0x19,0x85,0x19,0x86,0x19,0x85,0x19,0x65,0x19,0x86,0x19,
    0x65,0x19,0x85,0x19,0x65,0x19,0x85,0x19,0x65,0x19,0x65,0x19,0x85,0x19,0x65,0x19,0x65,0x19,0x65,0x19,0x65,0x19,0x65,0x19,
    0x65,0x19,0x65,0x19,0x65,0x19,0x65,0x19,0x65,0x19,0x65,0x19,0x65,0x19,0x65,0x19,0x65,0x19,0x65,0x19,0x65,0x19,0x65,0x19,
    0x65,0x19,0x45,0x19,0x04,0x19,0x04,0x19,0x04,0x19,0x24,0x19,0x65,0x21,0xe3,0x18,0xe3,0x18,0x65,0x29,0x00,0x00,0x00,0x00,
    0x00,0x00,0x00,0x00,0x00,0x00,0x00,0x00,0x00,0x00,0x00,0x00,0x00,0x00,0x00,0x00,0x00,0x00,0x00,0x00,0x00,0x00,0x00,0x00,
    0x00,0x00,0x00,0x00,0x00,0x00,0x00,0x00,0x00,0x00,0x00,0x00,0x00,0x00,0x00,0x00,0x00,0x00,0x00,0x00,0x00,0x00,0x00,0x00,
    0x00,0x00,0x00,0x00,0x00,0x00,0x00,0x00,0x00,0x00,0x00,0x00,0x00,0x00,0x00,0x00,0x00,0x00,0x00,0x00,0x45,0x21,0x45,0x21,
    0x45,0x21,0xe7,0x29,0x08,0x22,0x28,0x22,0x07,0x22,0xa6,0x21,0xa6,0x21,0x86,0x19,0x86,0x19,0x86,0x19,0x86,0x21,0x86,0x19,
    0x86,0x19,0x86,0x19,0x86,0x19,0x86,0x19,0x86,0x19,0x86,0x19,0x86,0x19,0x86,0x19,0x86,0x19,0x86,0x19,0x86,0x19,0x86,0x19,
    0x86,0x19,0x86,0x19,0x86,0x19,0x86,0x19,0x86,0x19,0x86,0x19,0x86,0x19,0x86,0x19,0x86,0x19,0x86,0x19,0x86,0x19,0x86,0x19,
    0x86,0x19,0x86,0x19,0x86,0x19,0x86,0x19,0x86,0x19,0x86,0x19,0x86,0x19,0x86,0x19,0x86,0x19,0x86,0x19,0x85,0x19,0x85,0x19,
    0x86,0x19,0x86,0x19,0x85,0x19,0x85,0x19,0x65,0x19,0x85,0x19,0x85,0x19,0x85,0x19,0x65,0x19,0x65,0x19,0x65,0x19,0x65,0x19,
    0x65,0x19,0x65,0x19,0x65,0x19,0x65,0x19,0x65,0x19,0x65,0x19,0x65,0x19,0x65,0x19,0x65,0x19,0x65,0x19,0x65,0x19,0x65,0x19,
    0x65,0x19,0x65,0x19,0x65,0x19,0x65,0x19,0x65,0x19,0x65,0x19,0x65,0x19,0x65,0x19,0x65,0x19,0x65,0x19,0x24,0x19,0x03,0x19,
    0x24,0x19,0x24,0x19,0x45,0x21,0xc3,0x18,0xe3,0x18,0x24,0x21,0x00,0x00,0x00,0x00,0x00,0x00,0x00,0x00,0x00,0x00,0x00,0x00,
    0x00,0x00,0x00,0x00,0x00,0x00,0x00,0x00,0x00,0x00,0x00,0x00,0x00,0x00,0x00,0x00,0x00,0x00,0x00,0x00,0x00,0x00,0x00,0x00,
    0x00,0x00,0x00,0x00,0x00,0x00,0x00,0x00,0x00,0x00,0x00,0x00,0x00,0x00,0x00,0x00,0x00,0x00,0x00,0x00,0x00,0x00,0x00,0x00,
    0x00,0x00,0x00,0x00,0x00,0x00,0x00,0x00,0x00,0x00,0x00,0x00,0x65,0x21,0x45,0x21,0x45,0x21,0xe7,0x29,0x08,0x2a,0x28,0x22,
    0x08,0x22,0xa6,0x21,0x86,0x21,0x86,0x19,0x86,0x19,0x86,0x21,0x86,0x19,0x86,0x19,0x86,0x19,0x86,0x19,0x86,0x19,0x86,0x19,
    0x86,0x19,0x86,0x19,0x86,0x19,0x86,0x19,0x86,0x19,0x86,0x19,0x86,0x19,0x86,0x19,0x86,0x19,0x86,0x19,0x86,0x19,0x86,0x19,
    0x86,0x19,0x86,0x19,0x86,0x19,0x86,0x19,0x86,0x19,0x86,0x19,0x86,0x19,0x86,0x19,0x86,0x19,0x86,0x19,0x86,0x19,0x86,0x19,
    0x86,0x19,0x86,0x19,0x86,0x19,0x86,0x19,0x86,0x19,0x86,0x19,0x85,0x19,0x85,0x19,0x85,0x19,0x86,0x19,0x65,0x19,0x85,0x19,
    0x65,0x19,0x65,0x19,0x85,0x19,0x65,0x19,0x65,0x19,0x85,0x19,0x85,0x19,0x65,0x19,0x65,0x19,0x65,0x19,0x65,0x19,0x65,0x19,
    0x65,0x19,0x65,0x19,0x65,0x19,0x65,0x19,0x65,0x19,0x65,0x19,0x65,0x19,0x65,0x19,0x65,0x19,0x65,0x19,0x65,0x19,0x65,0x19,
    0x65,0x19,0x65,0x19,0x65,0x19,0x65,0x19,0x65,0x19,0x45,0x19,0x04,0x19,0x04,0x19,0x04,0x19,0x24,0x19,0x65,0x21,0xc3,0x18,
    0xe3,0x18,0x45,0x29,0x00,0x00,0x00,0x00,0x00,0x00,0x00,0x00,0x00,0x00,0x00,0x00,0x00,0x00,0x00,0x00,0x00,0x00,0x00,0x00,
    0x00,0x00,0x00,0x00,0x00,0x00,0x00,0x00,0x00,0x00,0x00,0x00,0x00,0x00,0x00,0x00,0x00,0x00,0x00,0x00,0x00,0x00,0x00,0x00,
    0x00,0x00,0x00,0x00,0x00,0x00,0x00,0x00,0x00,0x00,0x00,0x00,0x00,0x00,0x00,0x00,0x00,0x00,0x00,0x00,0x00,0x00,0x00,0x00,
    0x00,0x00,0x00,0x00,0x65,0x29,0x45,0x21,0x45,0x19,0xe7,0x29,0x08,0x2a,0x28,0x22,0x08,0x22,0xa6,0x21,0x86,0x21,0x86,0x19,
    0x86,0x21,0x86,0x21,0x86,0x19,0x86,0x21,0xa6,0x21,0xa6,0x21,0x86,0x21,0x86,0x21,0x86,0x19,0x86,0x19,0x86,0x19,0x86,0x19,
    0x86,0x19,0x86,0x21,0x86,0x19,0x86,0x19,0x86,0x19,0x86,0x19,0x86,0x19,0x86,0x19,0x86,0x19,0x86,0x19,0x86,0x19,0x86,0x19,
    0x86,0x19,0x86,0x19,0x86,0x19,0x86,0x19,0x86,0x19,0x86,0x19,0x86,0x19,0x86,0x19,0x86,0x19,0x86,0x19,0x86,0x19,0x86,0x19,
    0x86,0x19,0x86,0x19,0x86,0x19,0x85,0x19,0x85,0x19,0x85,0x19,0x86,0x19,0x85,0x19,0x85,0x19,0x85,0x19,0x85,0x19,0x85,0x19,
    0x85,0x19,0x65,0x19,0x85,0x19,0x85,0x19,0x85,0x19,0x65,0x19,0x85,0x19,0x65,0x19,0x65,0x19,0x65,0x19,0x65,0x19,0x65,0x19,
    0x65,0x19,0x65,0x19,0x65,0x19,0x65,0x19,0x65,0x19,0x65,0x19,0x65,0x19,0x65,0x19,0x65,0x19,0x65,0x19,0x65,0x19,0x65,0x19,
    0x65,0x19,0x45,0x19,0x04,0x19,0x04,0x19,0x04,0x11,0x44,0x19,0x45,0x21,0xc3,0x18,0xe3,0x18,0x24,0x21,0x00,0x00,0x00,0x00,
    0x00,0x00,0x00,0x00,0x00,0x00,0x00,0x00,0x00,0x00,0x00,0x00,0x00,0x00,0x00,0x00,0x00,0x00,0x00,0x00,0x00,0x00,0x00,0x00,
    0x00,0x00,0x00,0x00,0x00,0x00,0x00,0x00,0x00,0x00,0x00,0x00,0x00,0x00,0x00,0x00,0x00,0x00,0x00,0x00,0x00,0x00,0x00,0x00,
    0x00,0x00,0x00,0x00,0x00,0x00,0x00,0x00,0x00,0x00,0x00,0x00,0x00,0x00,0x00,0x00,0x00,0x00,0x00,0x00,0x45,0x21,0x45,0x21,
    0x45,0x19,0x07,0x2a,0x28,0x2a,0x28,0x22,0x08,0x22,0xa6,0x21,0xa6,0x21,0x86,0x19,0x86,0x21,0x86,0x21,0xa6,0x21,0x86,0x21,
    0x86,0x21,0x86,0x19,0x86,0x21,0x86,0x19,0x86,0x19,0x86,0x19,0x86,0x21,0x86,0x19,0x86,0x19,0x86,0x19,0x86,0x19,0x86,0x21,
    0x86,0x19,0x86,0x19,0x86,0x19,0x86,0x19,0x86,0x19,0x86,0x19,0x86,0x19,0x86,0x19,0x86,0x19,0x86,0x19,0x86,0x19,0x86,0x19,
    0x86,0x19,0x86,0x19,0x86,0x19,0x86,0x19,0x86,0x19,0x86,0x19,0x86,0x19,0x86,0x19,0x85,0x19,0x85,0x19,0x85,0x19,0x86,0x19,
    0x86,0x19,0x86,0x19,0x85,0x19,0x86,0x19,0x86,0x19,0x86,0x19,0x86,0x19,0x85,0x19,0x85,0x19,0x85,0x19,0x85,0x19,0x65,0x19,
    0x85,0x19,0x86,0x19,0x85,0x19,0x85,0x19,0x65,0x19,0x65,0x19,0x65,0x19,0x65,0x19,0x65,0x19,0x65,0x19,0x65,0x19,0x65,0x19,
    0x65,0x19,0x65,0x19,0x65,0x19,0x65,0x19,0x65,0x19,0x65,0x19,0x65,0x19,0x65,0x19,0x65,0x19,0x45,0x19,0x04,0x19,0x04,0x19,
    0x24,0x19,0x24,0x19,0x45,0x21,0xe3,0x18,0xe3,0x18,0x45,0x29,0x00,0x00,0x00,0x00,0x00,0x00,0x00,0x00,0x00,0x00,0x00,0x00,
    0x00,0x00,0x00,0x00,0x00,0x00,0x00,0x00,0x00,0x00,0x00,0x00,0x00,0x00,0x00,0x00,0x00,0x00,0x00,0x00,0x00,0x00,0x00,0x00,
    0x00,0x00,0x00,0x00,0x00,0x00,0x00,0x00,0x00,0x00,0x00,0x00,0x00,0x00,0x00,0x00,0x00,0x00,0x00,0x00,0x00,0x00,0x00,0x00,
    0x00,0x00,0x00,0x00,0x00,0x00,0x00,0x00,0x00,0x00,0x00,0x00,0x65,0x29,0x45,0x21,0x45,0x21,0xe7,0x29,0x08,0x2a,0x28,0x22,
    0x08,0x22,0x86,0x21,0xa6,0x21,0x86,0x21,0x86,0x21,0xa6,0x21,0x86,0x21,0x86,0x21,0x86,0x21,0x86,0x21,0x86,0x21,0x86,0x19,
    0x86,0x19,0x86,0x21,0x86,0x21,0x86,0x21,0x86,0x19,0x86,0x19,0x86,0x19,0x86,0x21,0x86,0x19,0x86,0x19,0x86,0x19,0x86,0x21,
    0x86,0x21,0x86,0x19,0x86,0x19,0x86,0x21,0x86,0x19,0x86,0x19,0x86,0x19,0x86,0x19,0x86,0x19,0x86,0x19,0x86,0x19,0x86,0x19,
    0x86,0x19,0x86,0x19,0x86,0x19,0x86,0x19,0x86,0x19,0x86,0x19,0x86,0x19,0x86,0x19,0x86,0x19,0x86,0x19,0x86,0x19,0x86,0x19,
    0x85,0x19,0x65,0x19,0x85,0x19,0x85,0x19,0x65,0x19,0x86,0x19,0x85,0x19,0x85,0x19,0x65,0x19,0x65,0x19,0x65,0x19,0x65,0x19,
    0x65,0x19,0x65,0x19,0x65,0x19,0x65,0x19,0x65,0x19,0x65,0x19,0x65,0x19,0x65,0x19,0x65,0x19,0x65,0x19,0x65,0x19,0x65,0x19,
    0x65,0x19,0x65,0x19,0x65,0x19,0x65,0x19,0x65,0x19,0x65,0x19,0x04,0x19,0x04,0x11,0x04,0x11,0x24,0x19,0x45,0x21,0xc3,0x10,
    0xe3,0x18,0x65,0x29,0x00,0x00,0x00,0x00,0x00,0x00,0x00,0x00,0x00,0x00,0x00,0x00,0x00,0x00,0x00,0x00,0x00,0x00,0x00,0x00,
    0x00,0x00,0x00,0x00,0x00,0x00,0x00,0x00,0x00,0x00,0x00,0x00,0x00,0x00,0x00,0x00,0x00,0x00,0x00,0x00,0x00,0x00,0x00,0x00,
    0x00,0x00,0x00,0x00,0x00,0x00,0x00,0x00,0x00,0x00,0x00,0x00,0x00,0x00,0x00,0x00,0x00,0x00,0x00,0x00,0x00,0x00,0x00,0x00,
    0x00,0x00,0x00,0x00,0x65,0x29,0x45,0x21,0x45,0x21,0x07,0x2a,0x28,0x2a,0x28,0x22,0x08,0x22,0xa6,0x21,0x69,0x3a,0x48,0x3a,
    0x28,0x32,0x28,0x32,0x28,0x32,0x28,0x32,0x28,0x32,0x28,0x32,0x28,0x32,0x28,0x32,0x28,0x3a,0x28,0x32,0x28,0x3a,0x28,0x3a,
    0x28,0x32,0x28,0x32,0x28,0x32,0x28,0x3a,0x28,0x32,0x08,0x32,0x08,0x32,0x08,0x32,0x08,0x32,0x07,0x32,0x07,0x2a,0x08,0x32,
    0x08,0x32,0x08,0x32,0x08,0x32,0x07,0x2a,0xe7,0x29,0x07,0x32,0xe7,0x29,0xe7,0x31,0xe7,0x31,0x08,0x32,0x08,0x32,0x08,0x32,
    0x07,0x2a,0xe7,0x31,0x07,0x32,0x07,0x32,0xe7,0x29,0xe7,0x29,0xe7,0x29,0xc7,0x29,0xc7,0x29,0xe7,0x29,0xe7,0x29,0xc7,0x29,
    0xc7,0x29,0xc7,0x29,0xc7,0x29,0xc7,0x29,0xc7,0x29,0xe7,0x29,0xe7,0x29,0xe7,0x29,0xc7,0x29,0xc7,0x29,0xc7,0x29,0xc7,0x29,
    0xc6,0x29,0xc6,0x21,0xa6,0x21,0xa6,0x21,0xc6,0x21,0xa6,0x21,0xa6,0x21,0xa6,0x21,0xa6,0x21,0xa6,0x21,0xa6,0x21,0xa6,0x21,
    0xc6,0x29,0x86,0x21,0x24,0x19,0x03,0x19,0x24,0x19,0x24,0x19,0x45,0x21,0xc3,0x10,0xe3,0x18,0x24,0x21,0x00,0x00,0x00,0x00,
    0x00,0x00,0x00,0x00,0x00,0x00,0x00,0x00,0x00,0x00,0x00,0x00,0x00,0x00,0x00,0x00,0x00,0x00,0x00,0x00,0x00,0x00,0x00,0x00,
    0x00,0x00,0x00,0x00,0x00,0x00,0x00,0x00,0x00,0x00,0x00,0x00,0x00,0x00,0x00,0x00,0x00,0x00,0x00,0x00,0x00,0x00,0x00,0x00,
    0x00,0x00,0x00,0x00,0x00,0x00,0x00,0x00,0x00,0x00,0x00,0x00,0x00,0x00,0x00,0x00,0x00,0x00,0x00,0x00,0x86,0x29,0x45,0x21,
    0x45,0x21,0x08,0x2a,0x28,0x2a,0x28,0x2a,0x28,0x2a,0xe7,0x29,0xaa,0x4a,0xaa,0x42,0xaa,0x42,0x8a,0x42,0xaa,0x42,0x8a,0x42,
    0x89,0x42,0x8a,0x42,0x69,0x42,0x69,0x3a,0x69,0x3a,0x8a,0x42,0x69,0x42,0x69,0x42,0x8a,0x42,0x6a,0x42,0x49,0x3a,0x49,0x3a,
    0x49,0x3a,0x69,0x3a,0x69,0x42,0x69,0x42,0x69,0x3a,0x69,0x42,0x49,0x3a,0x49,0x3a,0x69,0x3a,0x49,0x3a,0x49,0x3a,0x49,0x3a,
    0x49,0x3a,0x49,0x3a,0x28,0x3a,0x28,0x32,0x28,0x32,0x28,0x3a,0x28,0x3a,0x48,0x3a,0x28,0x3a,0x28,0x3a,0x28,0x3a,0x28,0x32,
    0x28,0x32,0x08,0x32,0x08,0x32,0x08,0x32,0x07,0x32,0x08,0x32,0x08,0x32,0x08,0x32,0x08,0x32,0xe7,0x31,0x08,0x32,0xe7,0x31,
    0xe7,0x31,0xe7,0x31,0xe7,0x29,0xe7,0x29,0xe7,0x29,0xe7,0x29,0xe7,0x29,0xe7,0x29,0xe7,0x29,0xe7,0x29,0xe7,0x29,0xe7,0x29,
    0xc7,0x29,0xc7,0x29,0xc7,0x29,0xe7,0x29,0xe7,0x29,0xc7,0x29,0xc7,0x29,0xc7,0x29,0xc7,0x29,0x86,0x21,0x24,0x19,0x04,0x19,
    0x24,0x19,0x45,0x19,0x45,0x21,0xc3,0x18,0xe3,0x18,0x24,0x21,0x00,0x00,0x00,0x00,0x00,0x00,0x00,0x00,0x00,0x00,0x00,0x00,
    0x00,0x00,0x00,0x00,0x00,0x00,0x00,0x00,0x00,0x00,0x00,0x00,0x00,0x00,0x00,0x00,0x00,0x00,0x00,0x00,0x00,0x00,0x00,0x00,
    0x00,0x00,0x00,0x00,0x00,0x00,0x00,0x00,0x00,0x00,0x00,0x00,0x00,0x00,0x00,0x00,0x00,0x00,0x00,0x00,0x00,0x00,0x00,0x00,
    0x00,0x00,0x00,0x00,0x00,0x00,0x00,0x00,0x00,0x00,0x00,0x00,0x86,0x29,0x45,0x21,0x45,0x19,0x08,0x2a,0x08,0x22,0x28,0x2a,
    0x49,0x2a,0x08,0x2a,0x49,0x3a,0xe7,0x29,0xe7,0x29,0xe7,0x29,0xe7,0x29,0xe7,0x31,0xe7,0x29,0xe7,0x29,0xe7,0x29,0xe7,0x29,
    0xc7,0x29,0xc7,0x29,0xe7,0x29,0xc7,0x29,0xc7,0x29,0xc7,0x21,0xc7,0x29,0xc7,0x29,0xc7,0x21,0xc7,0x29,0xc6,0x21,0xa6,0x21,
    0xa6,0x21,0xc6,0x21,0xc7,0x29,0xa6,0x21,0xa6,0x21,0xa6,0x21,0xa6,0x29,0xc6,0x21,0xc7,0x29,0xc7,0x29,0xc7,0x29,0xa6,0x21,
    0xa6,0x21,0xa6,0x21,0xa6,0x21,0xa6,0x21,0xa6,0x21,0xa6,0x21,0xa6,0x21,0xa6,0x21,0xa6,0x21,0xa6,0x21,0xa6,0x21,0xa6,0x21,
    0xa6,0x21,0xa6,0x21,0xa6,0x21,0xa6,0x21,0xa6,0x21,0x86,0x21,0x86,0x21,0x86,0x21,0x86,0x21,0x86,0x21,0x86,0x21,0x86,0x21,
    0x86,0x21,0x86,0x21,0x86,0x21,0x86,0x21,0x86,0x21,0x86,0x21,0x85,0x21,0x86,0x21,0x85,0x21,0x65,0x19,0x65,0x19,0x65,0x19,
    0x85,0x19,0x65,0x19,0x85,0x19,0x85,0x19,0x65,0x19,0x65,0x19,0x45,0x19,0x45,0x19,0x45,0x19,0x45,0x19,0x65,0x21,0xc3,0x10,
    0xe3,0x18,0x65,0x29,0x00,0x00,0x00,0x00,0x00,0x00,0x00,0x00,0x00,0x00,0x00,0x00,0x00,0x00,0x00,0x00,0x00,0x00,0x00,0x00,
    0x00,0x00,0x00,0x00,0x00,0x00,0x00,0x00,0x00,0x00,0x00,0x00,0x00,0x00,0x00,0x00,0x00,0x00,0x00,0x00,0x00,0x00,0x00,0x00,
    0x00,0x00,0x00,0x00,0x00,0x00,0x00,0x00,0x00,0x00,0x00,0x00,0x00,0x00,0x00,0x00,0x00,0x00,0x00,0x00,0x00,0x00,0x00,0x00,
    0x00,0x00,0x00,0x00,0x86,0x29,0x45,0x21,0x45,0x19,0x08,0x2a,0x28,0x2a,0x48,0x2a,0xaa,0x3a,0x6d,0x5b,0x91,0x7c,0x10,0x6c,
    0xae,0x63,0xae,0x63,0x8e,0x5b,0x6d,0x5b,0x6d,0x5b,0x6d,0x5b,0x6d,0x5b,0x6d,0x5b,0x8d,0x5b,0x6d,0x5b,0x6d,0x5b,0x6d,0x5b,
    0x8e,0x5b,0x6d,0x5b,0x4d,0x53,0x4d,0x5b,0x4d,0x53,0x4c,0x53,0x2c,0x53,0x2c,0x53,0x2c,0x53,0x2c,0x4b,0x0c,0x4b,0x0c,0x4b,
    0x2c,0x53,0x0c,0x4b,0x0c,0x4b,0x0c,0x4b,0x0c,0x4b,0xeb,0x4a,0x0b,0x4b,0xeb,0x4a,0xeb,0x4a,0xcb,0x42,0xeb,0x4a,0xeb,0x4a,
    0xeb,0x4a,0xeb,0x42,0xcb,0x42,0xcb,0x42,0xcb,0x42,0xca,0x42,0xaa,0x42,0xaa,0x42,0xaa,0x42,0xaa,0x42,0xaa,0x3a,0xaa,0x3a,
    0xaa,0x42,0xaa,0x3a,0xaa,0x42,0xaa,0x42,0xaa,0x3a,0xaa,0x3a,0x8a,0x3a,0x8a,0x3a,0x8a,0x3a,0x89,0x3a,0x89,0x3a,0x8a,0x3a,
    0x8a,0x3a,0x89,0x3a,0x89,0x3a,0x69,0x3a,0x69,0x3a,0x69,0x3a,0x69,0x3a,0x69,0x32,0x69,0x32,0x69,0x32,0x69,0x32,0x49,0x32,
    0x08,0x2a,0xe7,0x21,0xa6,0x19,0x86,0x19,0x65,0x19,0x45,0x19,0x45,0x21,0xc3,0x10,0x03,0x19,0x24,0x21,0x00,0x00,0x00,0x00,
    0x00,0x00,0x00,0x00,0x00,0x00,0x00,0x00,0x00,0x00,0x00,0x00,0x00,0x00,0x00,0x00,0x00,0x00,0x00,0x00,0x00,0x00,0x00,0x00,
    0x00,0x00,0x00,0x00,0x00,0x00,0x00,0x00,0x00,0x00,0x00,0x00,0x00,0x00,0x00,0x00,0x00,0x00,0x00,0x00,0x00,0x00,0x00,0x00,
    0x00,0x00,0x00,0x00,0x00,0x00,0x00,0x00,0x00,0x00,0x00,0x00,0x00,0x00,0x00,0x00,0x00,0x00,0x00,0x00,0x65,0x29,0x45,0x21,
    0x45,0x19,0xe7,0x29,0x28,0x2a,0x48,0x2a,0x8a,0x32,0x4d,0x53,0x10,0x6c,0xef,0x6b,0x8e,0x5b,0x4d,0x53,0x4d,0x53,0x4d,0x53,
    0x4d,0x53,0x4d,0x53,0x4d,0x53,0x2c,0x53,0x4d,0x53,0x4c,0x53,0x2c,0x53,0x0c,0x4b,0x2c,0x53,0x2c,0x53,0x0c,0x4b,0x0c,0x4b,
    0x0c,0x4b,0x0c,0x4b,0x0b,0x4b,0x0b,0x4b,0x0c,0x4b,0x0c,0x4b,0x0c,0x4b,0x0b,0x4b,0xeb,0x4a,0xeb,0x4a,0xeb,0x4a,0xeb,0x4a,
    0xeb,0x4a,0xeb,0x42,0xcb,0x42,0xcb,0x42,0xcb,0x42,0xcb,0x42,0xcb,0x42,0xcb,0x42,0xca,0x42,0xca,0x42,0xca,0x42,0xca,0x42,
    0xcb,0x42,0xaa,0x42,0xaa,0x42,0xaa,0x3a,0xaa,0x3a,0xaa,0x3a,0xaa,0x3a,0xaa,0x3a,0xaa,0x3a,0x8a,0x3a,0xaa,0x3a,0xaa,0x3a,
    0x8a,0x3a,0x8a,0x3a,0x8a,0x3a,0x8a,0x3a,0x8a,0x3a,0x8a,0x3a,0x8a,0x3a,0x69,0x32,0x69,0x32,0x69,0x32,0x69,0x32,0x69,0x32,
    0x69,0x32,0x69,0x32,0x69,0x32,0x69,0x32,0x69,0x32,0x49,0x32,0x69,0x32,0x49,0x32,0x28,0x2a,0xe7,0x21,0xc7,0x19,0xa6,0x19,
    0x65,0x19,0x45,0x19,0x45,0x21,0xc3,0x10,0x04,0x19,0x45,0x29,0x00,0x00,0x00,0x00,0x00,0x00,0x00,0x00,0x00,0x00,0x00,0x00,
    0x00,0x00,0x00,0x00,0x00,0x00,0x00,0x00,0x00,0x00,0x00,0x00,0x00,0x00,0x00,0x00,0x00,0x00,0x00,0x00,0x00,0x00,0x00,0x00,
    0x00,0x00,0x00,0x00,0x00,0x00,0x00,0x00,0x00,0x00,0x00,0x00,0x00,0x00,0x00,0x00,0x00,0x00,0x00,0x00,0x00,0x00,0x00,0x00,
    0x00,0x00,0x00,0x00,0x00,0x00,0x00,0x00,0x00,0x00,0x00,0x00,0xa6,0x31,0x45,0x21,0x24,0x19,0xc7,0x29,0x08,0x2a,0x28,0x22,
    0x49,0x2a,0x89,0x32,0xeb,0x42,0xeb,0x42,0xaa,0x3a,0x8a,0x32,0x8a,0x3a,0xaa,0x3a,0x8a,0x3a,0x8a,0x32,0x8a,0x32,0x89,0x32,
    0x8a,0x32,0x8a,0x32,0x8a,0x32,0x8a,0x32,0x8a,0x32,0x89,0x32,0x8a,0x32,0x89,0x32,0x89,0x32,0x89,0x32,0x89,0x32,0x69,0x32,
    0x69,0x32,0x69,0x32,0x69,0x32,0x69,0x32,0x69,0x32,0x69,0x32,0x69,0x32,0x69,0x32,0x69,0x32,0x69,0x32,0x69,0x32,0x69,0x32,
    0x49,0x32,0x69,0x32,0x69,0x32,0x69,0x32,0x69,0x32,0x69,0x32,0x49,0x32,0x49,0x32,0x49,0x32,0x49,0x32,0x49,0x32,0x49,0x2a,
    0x49,0x32,0x49,0x2a,0x49,0x2a,0x49,0x2a,0x49,0x2a,0x48,0x2a,0x28,0x2a,0x48,0x2a,0x28,0x2a,0x48,0x2a,0x48,0x2a,0x49,0x2a,
    0x48,0x2a,0x49,0x2a,0x48,0x2a,0x28,0x2a,0x48,0x2a,0x28,0x2a,0x28,0x2a,0x28,0x2a,0x28,0x2a,0x28,0x2a,0x28,0x2a,0x28,0x2a,
    0x28,0x2a,0x28,0x2a,0x28,0x2a,0x28,0x2a,0x08,0x2a,0xe7,0x21,0xc7,0x19,0xa6,0x19,0x65,0x19,0x45,0x19,0x24,0x19,0xc3,0x10,
    0x04,0x19,0x45,0x29,0x00,0x00,0x00,0x00,0x00,0x00,0x00,0x00,0x00,0x00,0x00,0x00,0x00,0x00,0x00,0x00,0x00,0x00,0x00,0x00,
    0x00,0x00,0x00,0x00,0x00,0x00,0x00,0x00,0x00,0x00,0x00,0x00,0x00,0x00,0x00,0x00,0x00,0x00,0x00,0x00,0x00,0x00,0x00,0x00,
    0x00,0x00,0x00,0x00,0x00,0x00,0x00,0x00,0x00,0x00,0x00,0x00,0x00,0x00,0x00,0x00,0x00,0x00,0x00,0x00,0x00,0x00,0x00,0x00,
    0x00,0x00,0x00,0x00,0x86,0x29,0x45,0x21,0x24,0x19,0x86,0x21,0xe7,0x29,0x08,0x22,0x28,0x22,0x48,0x2a,0x49,0x2a,0x49,0x2a,
    0x48,0x2a,0x28,0x2a,0x28,0x2a,0x28,0x2a,0x28,0x2a,0x28,0x2a,0x28,0x2a,0x28,0x2a,0x28,0x2a,0x28,0x2a,0x28,0x2a,0x28,0x2a,
    0x28,0x2a,0x28,0x2a,0x28,0x2a,0x28,0x2a,0x28,0x2a,0x28,0x2a,0x28,0x2a,0x28,0x2a,0x28,0x22,0x28,0x2a,0x28,0x22,0x28,0x2a,
    0x28,0x22,0x28,0x22,0x28,0x22,0x28,0x22,0x28,0x22,0x28,0x2a,0x28,0x2a,0x28,0x22,0x28,0x22,0x28,0x22,0x28,0x22,0x28,0x22,
    0x08,0x22,0x08,0x22,0x28,0x22,0x08,0x22,0x08,0x22,0x08,0x22,0x08,0x22,0x08,0x22,0x08,0x22,0x08,0x22,0x08,0x22,0x08,0x22,
    0x08,0x22,0x08,0x22,0x08,0x22,0x08,0x22,0x08,0x22,0x08,0x22,0x08,0x22,0x08,0x22,0x08,0x22,0x08,0x22,0x08,0x22,0x08,0x22,
    0x08,0x22,0x08,0x22,0x08,0x22,0x08,0x22,0x07,0x22,0x07,0x22,0xe7,0x21,0x07,0x22,0xe7,0x21,0x07,0x22,0x08,0x22,0x08,0x22,
    0xe7,0x21,0xc7,0x21,0xa6,0x19,0x86,0x19,0x65,0x19,0x45,0x19,0xc3,0x10,0xa2,0x10,0x04,0x19,0x65,0x29,0x00,0x00,0x00,0x00,
    0x00,0x00,0x00,0x00,0x00,0x00,0x00,0x00,0x00,0x00,0x00,0x00,0x00,0x00,0x00,0x00,0x00,0x00,0x00,0x00,0x00,0x00,0x00,0x00,
    0x00,0x00,0x00,0x00,0x00,0x00,0x00,0x00,0x00,0x00,0x00,0x00,0x00,0x00,0x00,0x00,0x00,0x00,0x00,0x00,0x00,0x00,0x00,0x00,
    0x00,0x00,0x00,0x00,0x00,0x00,0x00,0x00,0x00,0x00,0x00,0x00,0x00,0x00,0x00,0x00,0x00,0x00,0x00,0x00,0x65,0x29,0x45,0x21,
    0x24,0x19,0x44,0x19,0x86,0x21,0xe7,0x21,0x08,0x22,0x28,0x22,0x28,0x22,0x28,0x22,0x08,0x22,0x08,0x22,0x28,0x22,0x08,0x22,
    0x28,0x22,0x08,0x22,0x08,0x22,0x08,0x22,0x08,0x22,0x08,0x22,0x08,0x22,0x08,0x22,0x08,0x22,0x08,0x22,0x08,0x22,0x08,0x22,
    0x08,0x22,0x08,0x22,0x08,0x22,0x08,0x22,0x08,0x22,0x08,0x22,0x08,0x22,0x08,0x22,0x08,0x22,0x08,0x22,0x08,0x22,0x08,0x22,
    0x07,0x22,0x08,0x22,0x08,0x22,0x07,0x22,0x07,0x22,0x07,0x22,0x07,0x22,0x08,0x22,0x07,0x22,0x07,0x22,0x07,0x22,0xe7,0x21,
    0x07,0x22,0xe7,0x21,0x07,0x22,0xe7,0x21,0xe7,0x21,0xe7,0x21,0xe7,0x21,0xe7,0x21,0xe7,0x21,0xe7,0x21,0xe7,0x21,0xe7,0x21,
    0xe7,0x21,0xe7,0x21,0xe7,0x21,0xe7,0x21,0xe7,0x21,0xe7,0x21,0xe7,0x21,0xe7,0x21,0xe7,0x21,0xe7,0x21,0xe7,0x21,0xe7,0x21,
    0xe7,0x21,0xe7,0x21,0xe7,0x21,0xe7,0x21,0xe7,0x21,0xe7,0x21,0xe7,0x21,0xe7,0x21,0xc7,0x21,0xc6,0x19,0xa6,0x19,0x65,0x19,
    0x24,0x19,0xe3,0x18,0xa2,0x10,0xc3,0x10,0x03,0x19,0x45,0x29,0x00,0x00,0x00,0x00,0x00,0x00,0x00,0x00,0x00,0x00,0x00,0x00,
    0x00,0x00,0x00,0x00,0x00,0x00,0x00,0x00,0x00,0x00,0x00,0x00,0x00,0x00,0x00,0x00,0x00,0x00,0x00,0x00,0x00,0x00,0x00,0x00,
    0x00,0x00,0x00,0x00,0x00,0x00,0x00,0x00,0x00,0x00,0x00,0x00,0x00,0x00,0x00,0x00,0x00,0x00,0x00,0x00,0x00,0x00,0x00,0x00,
    0x00,0x00,0x00,0x00,0x00,0x00,0x00,0x00,0x00,0x00,0x00,0x00,0x86,0x29,0x45,0x21,0x24,0x19,0x24,0x19,0x24,0x19,0x86,0x19,
    0xe7,0x29,0x08,0x22,0x07,0x22,0x07,0x22,0x07,0x22,0xe7,0x21,0xe7,0x21,0xe7,0x21,0xe7,0x21,0xe7,0x21,0xe7,0x21,0xe7,0x21,
    0xe7,0x21,0xe7,0x21,0xe7,0x21,0xe7,0x21,0xe7,0x21,0xe7,0x21,0xe7,0x21,0xe7,0x21,0xe7,0x21,0xe7,0x21,0xe7,0x21,0xe7,0x21,
    0xe7,0x21,0xe7,0x21,0xe7,0x21,0xe7,0x21,0xe7,0x21,0xe7,0x21,0xe7,0x21,0xe7,0x21,0xe7,0x21,0xe7,0x21,0xe7,0x21,0xe7,0x21,
    0xe7,0x21,0xe7,0x21,0xe7,0x21,0xe7,0x21,0xe7,0x21,0xe7,0x21,0xe7,0x21,0xe7,0x21,0xe7,0x21,0xe7,0x21,0xe7,0x21,0xe7,0x21,
    0xe7,0x21,0xe7,0x21,0xe7,0x21,0xe7,0x21,0xe7,0x21,0xe7,0x21,0xe7,0x21,0xe7,0x21,0xe7,0x21,0xe7,0x21,0xe7,0x21,0xc7,0x21,
    0xe7,0x21,0xe7,0x21,0xe7,0x21,0xc7,0x21,0xc7,0x21,0xc7,0x21,0xc7,0x21,0xc7,0x21,0xc7,0x21,0xc7,0x21,0xc7,0x21,0xc7,0x21,
    0xc7,0x21,0xc7,0x21,0xc7,0x21,0xc7,0x21,0xc6,0x21,0xa6,0x21,0x85,0x19,0x45,0x19,0xe3,0x10,0x82,0x08,0xa2,0x10,0xc3,0x10,
    0x04,0x19,0x45,0x29,0x00,0x00,0x00,0x00,0x00,0x00,0x00,0x00,0x00,0x00,0x00,0x00,0x00,0x00,0x00,0x00,0x00,0x00,0x00,0x00,
    0x00,0x00,0x00,0x00,0x00,0x00,0x00,0x00,0x00,0x00,0x00,0x00,0x00,0x00,0x00,0x00,0x00,0x00,0x00,0x00,0x00,0x00,0x00,0x00,
    0x00,0x00,0x00,0x00,0x00,0x00,0x00,0x00,0x00,0x00,0x00,0x00,0x00,0x00,0x00,0x00,0x00,0x00,0x00,0x00,0x00,0x00,0x00,0x00,
    0x00,0x00,0x00,0x00,0x65,0x21,0x45,0x21,0x24,0x19,0x24,0x19,0x24,0x19,0x45,0x19,0xa6,0x21,0xc7,0x21,0xc7,0x21,0xa6,0x21,
    0xc7,0x21,0xc7,0x21,0xc7,0x21,0xc6,0x21,0xc6,0x21,0xc7,0x21,0xc7,0x21,0xc7,0x21,0xc7,0x21,0xc7,0x21,0xc7,0x21,0xc7,0x21,
    0xc7,0x21,0xc7,0x21,0xc7,0x21,0xc6,0x21,0xc6,0x21,0xc6,0x21,0xa6,0x21,0xa6,0x21,0xa6,0x21,0xa6,0x21,0xa6,0x21,0xa6,0x21,
    0xa6,0x21,0xa6,0x21,0xa6,0x21,0xa6,0x21,0xa6,0x21,0xa6,0x21,0xa6,0x21,0xa6,0x21,0xa6,0x21,0xa6,0x21,0xa6,0x21,0xa6,0x21,
    0xa6,0x21,0xa6,0x21,0xa6,0x21,0xa6,0x21,0xa6,0x21,0xa6,0x21,0xa6,0x21,0xa6,0x21,0xa6,0x21,0xa6,0x21,0xa6,0x21,0xa6,0x21,
    0xa6,0x19,0xa6,0x21,0xa6,0x21,0xa6,0x21,0xa6,0x19,0xa6,0x21,0xa6,0x21,0xa6,0x21,0xa6,0x21,0xa6,0x21,0xa6,0x21,0xa6,0x21,
    0xa6,0x19,0xa6,0x21,0xa6,0x21,0xa6,0x21,0xa6,0x21,0xa6,0x19,0xa6,0x21,0xa6,0x21,0x86,0x21,0xa6,0x21,0x86,0x21,0xa6,0x21,
    0x86,0x19,0x65,0x19,0x24,0x11,0xc3,0x10,0xa2,0x08,0xa2,0x08,0xc3,0x10,0xc3,0x10,0x04,0x19,0x45,0x29,0x00,0x00,0x00,0x00,
    0x00,0x00,0x00,0x00,0x00,0x00,0x00,0x00,0x00,0x00,0x00,0x00,0x00,0x00,0x00,0x00,0x00,0x00,0x00,0x00,0x00,0x00,0x00,0x00,
    0x00,0x00,0x00,0x00,0x00,0x00,0x00,0x00,0x00,0x00,0x00,0x00,0x00,0x00,0x00,0x00,0x00,0x00,0x00,0x00,0x00,0x00,0x00,0x00,
    0x00,0x00,0x00,0x00,0x00,0x00,0x00,0x00,0x00,0x00,0x00,0x00,0x00,0x00,0x00,0x00,0x00,0x00,0x00,0x00,0x65,0x29,0x45,0x21,
    0x24,0x19,0x86,0x21,0xe7,0x39,0xe7,0x31,0xe7,0x31,0xe7,0x31,0xc7,0x31,0x86,0x21,0x86,0x21,0x86,0x21,0x86,0x21,0x86,0x21,
    0x86,0x29,0xa6,0x29,0x86,0x21,0x86,0x21,0x86,0x21,0x65,0x21,0x65,0x21,0x86,0x21,0x86,0x21,0x86,0x21,0x86,0x21,0x86,0x21,
    0x86,0x21,0x86,0x21,0x86,0x29,0x85,0x21,0x65,0x21,0x65,0x21,0x65,0x21,0x65,0x21,0x65,0x21,0x65,0x21,0x65,0x21,0x65,0x21,
    0x65,0x21,0x65,0x19,0x45,0x21,0x65,0x21,0x65,0x21,0x65,0x21,0x65,0x21,0x45,0x21,0x65,0x21,0x45,0x19,0x45,0x19,0x45,0x21,
    0x45,0x21,0x45,0x19,0x45,0x19,0x45,0x19,0x45,0x19,0x45,0x19,0x45,0x19,0x45,0x19,0x45,0x19,0x45,0x19,0x45,0x19,0x45,0x19,
    0x45,0x19,0x45,0x19,0x45,0x19,0x24,0x19,0x24,0x19,0x44,0x19,0x45,0x19,0x45,0x19,0x44,0x19,0x24,0x19,0x24,0x19,0x24,0x19,
    0x44,0x19,0x24,0x19,0x45,0x19,0x45,0x19,0x24,0x19,0x45,0x19,0x45,0x19,0x24,0x19,0x24,0x19,0x24,0x19,0x04,0x19,0xe3,0x18,
    0x04,0x19,0x04,0x19,0xe3,0x10,0xc3,0x10,0x04,0x19,0x45,0x21,0x00,0x00,0x00,0x00,0x00,0x00,0x00,0x00,0x00,0x00,0x00,0x00,
    0x00,0x00,0x00,0x00,0x00,0x00,0x00,0x00,0x00,0x00,0x00,0x00,0x00,0x00,0x00,0x00,0x00,0x00,0x00,0x00,0x00,0x00,0x00,0x00,
    0x00,0x00,0x00,0x00,0x00,0x00,0x00,0x00,0x00,0x00,0x00,0x00,0x00,0x00,0x00,0x00,0x00,0x00,0x00,0x00,0x00,0x00,0x00,0x00,
    0x00,0x00,0x00,0x00,0x00,0x00,0x00,0x00,0x00,0x00,0x00,0x00,0x86,0x29,0x45,0x21,0x86,0x29,0x0c,0x5b,0x4d,0x63,0xcb,0x52,
    0xcb,0x52,0xeb,0x5a,0xeb,0x5a,0xeb,0x5a,0xcb,0x52,0xeb,0x52,0xcb,0x52,0xcb,0x52,0xcb,0x52,0xcb,0x52,0xcb,0x52,0xaa,0x52,
    0xab,0x52,0xcb,0x52,0xaa,0x4a,0x8a,0x4a,0x69,0x4a,0x8a,0x4a,0x8a,0x4a,0x69,0x4a,0x69,0x4a,0x8a,0x4a,0x8a,0x4a,0x8a,0x4a,
    0x8a,0x4a,0x8a,0x4a,0x8a,0x4a,0x8a,0x4a,0x69,0x4a,0x69,0x42,0x69,0x4a,0x49,0x42,0x49,0x42,0x49,0x42,0x49,0x42,0x49,0x42,
    0x49,0x42,0x49,0x42,0x28,0x42,0x49,0x42,0x28,0x42,0x28,0x42,0x08,0x3a,0x08,0x3a,0x08,0x3a,0x28,0x3a,0x28,0x3a,0x08,0x3a,
    0x08,0x3a,0x08,0x3a,0x08,0x3a,0x08,0x3a,0x08,0x3a,0x08,0x3a,0x08,0x3a,0xe7,0x39,0xe7,0x39,0xe7,0x31,0xe7,0x31,0xe7,0x31,
    0xe7,0x31,0xe7,0x31,0xe7,0x31,0xe7,0x31,0xc7,0x31,0xc7,0x31,0xe7,0x31,0xe7,0x31,0xe7,0x31,0xe7,0x31,0xe7,0x31,0xc7,0x31,
    0xc7,0x31,0xa6,0x31,0xa6,0x31,0xc7,0x31,0xa6,0x31,0xa6,0x29,0xa6,0x31,0xc7,0x31,0xa6,0x29,0x65,0x21,0x04,0x19,0xc3,0x10,
    0x04,0x19,0x44,0x21,0x00,0x00,0x00,0x00,0x00,0x00,0x00,0x00,0x00,0x00,0x00,0x00,0x00,0x00,0x00,0x00,0x00,0x00,0x00,0x00,
    0x00,0x00,0x00,0x00,0x00,0x00,0x00,0x00,0x00,0x00,0x00,0x00,0x00,0x00,0x00,0x00,0x00,0x00,0x00,0x00,0x00,0x00,0x00,0x00,
    0x00,0x00,0x00,0x00,0x00,0x00,0x00,0x00,0x00,0x00,0x00,0x00,0x00,0x00,0x00,0x00,0x00,0x00,0x00,0x00,0x00,0x00,0x00,0x00,
    0x00,0x00,0x00,0x00,0x86,0x29,0x45,0x21,0x86,0x29,0x8a,0x4a,0xeb,0x52,0x8a,0x4a,0x69,0x42,0x8a,0x4a,0x8a,0x4a,0x69,0x42,
    0x69,0x42,0x49,0x42,0x69,0x42,0x69,0x42,0x69,0x42,0x49,0x42,0x29,0x42,0x28,0x42,0x28,0x3a,0x28,0x3a,0x29,0x42,0x49,0x42,
    0x28,0x42,0x28,0x42,0x28,0x42,0x28,0x3a,0x28,0x3a,0x28,0x3a,0x08,0x3a,0x08,0x3a,0x08,0x3a,0x08,0x3a,0xe7,0x39,0xe7,0x39,
    0x08,0x3a,0x07,0x3a,0x08,0x3a,0x08,0x3a,0x08,0x3a,0x08,0x3a,0x08,0x3a,0x08,0x3a,0xe7,0x39,0xe7,0x31,0xc7,0x31,0xc7,0x31,
    0xc7,0x31,0xe7,0x31,0xe7,0x31,0xe7,0x31,0xe7,0x31,0xc7,0x31,0xc7,0x31,0xc7,0x31,0xc7,0x31,0xc7,0x31,0xc7,0x31,0xc7,0x31,
    0xc7,0x31,0xc7,0x31,0xa6,0x29,0xa7,0x31,0xc7,0x31,0xc7,0x31,0xa6,0x29,0xa6,0x29,0xa6,0x29,0xa6,0x29,0xa6,0x29,0xa6,0x29,
    0xa6,0x29,0xa6,0x29,0xa6,0x29,0xa6,0x29,0x86,0x29,0x86,0x29,0xa6,0x29,0x86,0x29,0x86,0x29,0x86,0x29,0x86,0x29,0x86,0x29,
    0x86,0x29,0x86,0x29,0x86,0x29,0x86,0x29,0x65,0x21,0x45,0x21,0x04,0x19,0xc3,0x10,0x04,0x19,0x04,0x21,0x00,0x00,0x00,0x00,
    0x00,0x00,0x00,0x00,0x00,0x00,0x00,0x00,0x00,0x00,0x00,0x00,0x00,0x00,0x00,0x00,0x00,0x00,0x00,0x00,0x00,0x00,0x00,0x00,
    0x00,0x00,0x00,0x00,0x00,0x00,0x00,0x00,0x00,0x00,0x00,0x00,0x00,0x00,0x00,0x00,0x00,0x00,0x00,0x00,0x00,0x00,0x00,0x00,
    0x00,0x00,0x00,0x00,0x00,0x00,0x00,0x00,0x00,0x00,0x00,0x00,0x00,0x00,0x00,0x00,0x00,0x00,0x00,0x00,0x86,0x29,0x65,0x21,
    0x45,0x19,0x45,0x21,0x45,0x21,0x45,0x21,0x45,0x21,0x45,0x19,0x45,0x21,0x45,0x21,0x45,0x19,0x45,0x21,0x45,0x21,0x45,0x21,
    0x45,0x21,0x45,0x21,0x45,0x21,0x45,0x21,0x45,0x21,0x45,0x21,0x45,0x21,0x45,0x21,0x45,0x21,0x45,0x21,0x45,0x21,0x45,0x21,
    0x45,0x21,0x45,0x21,0x45,0x21,0x45,0x21,0x45,0x19,0x24,0x19,0x45,0x19,0x24,0x19,0x25,0x19,0x24,0x19,0x24,0x19,0x24,0x19,
    0x24,0x19,0x24,0x19,0x24,0x19,0x24,0x19,0x24,0x19,0x24,0x19,0x24,0x19,0x24,0x19,0x24,0x19,0x24,0x19,0x24,0x19,0x24,0x19,
    0x24,0x19,0x24,0x19,0x24,0x19,0x24,0x19,0x24,0x19,0x24,0x19,0x24,0x19,0x24,0x19,0x24,0x19,0x24,0x19,0x24,0x19,0x24,0x19,
    0x24,0x19,0x24,0x19,0x24,0x19,0x24,0x19,0x24,0x19,0x24,0x19,0x24,0x19,0x24,0x19,0x24,0x19,0x24,0x19,0x24,0x19,0x24,0x19,
    0x24,0x19,0x24,0x19,0x24,0x19,0x24,0x19,0x24,0x19,0x24,0x19,0x24,0x19,0x24,0x19,0x24,0x19,0x04,0x19,0x04,0x19,0x04,0x19,
    0x04,0x19,0x04,0x19,0xe3,0x10,0xe3,0x18,0x04,0x21,0x45,0x21,0x00,0x00,0x00,0x00,0x00,0x00,0x00,0x00,0x00,0x00,0x00,0x00,
    0x00,0x00,0x00,0x00,0x00,0x00,0x00,0x00,0x00,0x00,0x00,0x00,0x00,0x00,0x00,0x00,0x00,0x00,0x00,0x00,0x00,0x00,0x00,0x00,
    0x00,0x00,0x00,0x00,0x00,0x00,0x00,0x00,0x00,0x00,0x00,0x00,0x00,0x00,0x00,0x00,0x00,0x00,0x00,0x00,0x00,0x00,0x00,0x00,
    0x00,0x00,0x00,0x00,0x00,0x00,0x00,0x00,0x00,0x00,0x00,0x00,0x00,0x00,0x65,0x29,0x24,0x21,0x24,0x19,0x24,0x19,0x24,0x19,
    0x24,0x19,0x24,0x19,0x04,0x19,0x04,0x19,0x04,0x19,0x04,0x19,0x04,0x19,0x04,0x19,0x04,0x19,0x04,0x19,0x04,0x19,0x04,0x19,
    0x04,0x19,0x04,0x19,0x04,0x19,0x04,0x19,0x04,0x19,0x04,0x19,0x04,0x19,0x04,0x19,0x04,0x19,0x04,0x19,0x04,0x19,0x04,0x19,
    0x04,0x19,0x04,0x19,0x04,0x19,0x04,0x19,0x04,0x19,0x04,0x19,0x04,0x19,0x04,0x19,0x04,0x19,0x04,0x19,0x04,0x19,0x04,0x19,
    0x04,0x19,0x04,0x19,0x04,0x19,0x04,0x19,0x04,0x19,0x04,0x19,0x04,0x19,0x04,0x19,0x04,0x19,0x04,0x19,0x04,0x19,0x04,0x19,
    0x04,0x19,0x04,0x19,0x04,0x19,0x04,0x19,0x04,0x19,0x04,0x19,0x04,0x19,0x04,0x19,0x04,0x19,0x04,0x19,0x04,0x19,0x04,0x19,
    0x04,0x19,0x04,0x19,0x04,0x19,0x04,0x19,0x04,0x19,0x04,0x19,0x04,0x19,0x04,0x19,0x04,0x19,0x04,0x19,0x04,0x19,0x04,0x19,
    0x04,0x19,0x04,0x19,0x04,0x19,0x04,0x19,0x04,0x19,0x04,0x19,0x04,0x19,0x04,0x19,0x04,0x19,0x04,0x19,0x04,0x19,0x24,0x21,
    0x65,0x29,0x00,0x00,0x00,0x00,0x00,0x00,0x00,0x00,0x00,0x00,0x00,0x00,0x00,0x00,0x00,0x00,0x00,0x00,0x00,0x00,0x00,0x00,
    0x00,0x00,0x00,0x00,0x00,0x00,0x00,0x00,0x00,0x00,0x00,0x00,0x00,0x00,0x00,0x00,0x00,0x00,0x00,0x00,0x00,0x00,0x00,0x00,
    0x00,0x00,0x00,0x00,0x00,0x00,0x00,0x00,0x00,0x00,0x00,0x00,0x00,0x00,0x00,0x00,0x00,0x00,0x00,0x00,0x00,0x00,0x00,0x00,
    0x00,0x00,0x00,0x00,0x00,0x00,0x65,0x29,0x07,0x3a,0x45,0x21,0x45,0x21,0x45,0x21,0x45,0x21,0x45,0x21,0x45,0x21,0x45,0x21,
    0x45,0x21,0x45,0x21,0x45,0x21,0x45,0x21,0x45,0x21,0x45,0x21,0x45,0x21,0x45,0x21,0x45,0x21,0x45,0x21,0x45,0x21,0x45,0x21,
    0x45,0x21,0x45,0x21,0x45,0x21,0x45,0x21,0x45,0x21,0x45,0x21,0x45,0x21,0x45,0x21,0x45,0x21,0x45,0x21,0x45,0x21,0x45,0x21,
    0x45,0x21,0x45,0x21,0x45,0x21,0x45,0x21,0x45,0x21,0x45,0x21,0x45,0x21,0x45,0x21,0x45,0x21,0x45,0x21,0x45,0x21,0x45,0x21,
    0x45,0x21,0x45,0x21,0x45,0x21,0x65,0x29,0x45,0x21,0x45,0x21,0x45,0x21,0x45,0x21,0x45,0x21,0x45,0x21,0x45,0x21,0x45,0x21,
    0x45,0x21,0x45,0x21,0x45,0x21,0x45,0x21,0x45,0x21,0x45,0x21,0x45,0x21,0x45,0x21,0x24,0x21,0x45,0x21,0x45,0x21,0x24,0x21,
    0x45,0x21,0x45,0x21,0x45,0x21,0x45,0x21,0x45,0x21,0x24,0x21,0x45,0x21,0x24,0x21,0x45,0x21,0x45,0x21,0x45,0x21,0x45,0x21,
    0x24,0x21,0x45,0x21,0x45,0x21,0x45,0x21,0x24,0x21,0x24,0x21,0x45,0x29,0x65,0x29,0x00,0x00,0x00,0x00,0x00,0x00,0x00,0x00,
    0x00,0x00,0x00,0x00,0x00,0x00,0x00,0x00,0x00,0x00,0x00,0x00,0x00,0x00,0x00,0x00,0x00,0x00,0x00,0x00,0x00,0x00,0x00,0x00,
    0x00,0x00,0x00,0x00,0x00,0x00,0x00,0x00,0x00,0x00,0x00,0x00,0x00,0x00,0x00,0x00,0x00,0x00,0x00,0x00,0x00,0x00,0x00,0x00,
    0x00,0x00,0x00,0x00,0x00,0x00,0x00,0x00,0x00,0x00,0x00,0x00,0x00,0x00,0x00,0x00,0x00,0x00,0x00,0x00,0x00,0x00,0x00,0x00,
    0x00,0x00,0x00,0x00,0x00,0x00,0x00,0x00,0xa2,0x10,0x00,0x00,0x82,0x10,0x00,0x00,0x00,0x00,0x00,0x00,0x00,0x00,0x04,0x21,
    0x20,0x00,0x04,0x21,0xa6,0x31,0xc7,0x31,0x04,0x21,0x20,0x00,0x65,0x29,0x65,0x29,0x86,0x31,0x86,0x31,0x20,0x00,0xa6,0x31,
    0x86,0x31,0x86,0x29,0x20,0x00,0x45,0x29,0x45,0x21,0x00,0x00,0x24,0x21,0x00,0x00,0x45,0x29,0x25,0x21,0x24,0x21,0x00,0x00,
    0x04,0x21,0x00,0x00,0xe4,0x18,0x00,0x00,0xe4,0x18,0xe3,0x18,0x00,0x00,0xa2,0x10,0x00,0x00,0x00,0x00,0x00,0x00,0xe3,0x18,
    0x04,0x19,0x00,0x00,0x00,0x00,0x04,0x19,0x86,0x31,0x86,0x29,0x65,0x29,0x66,0x29,0x04,0x19,0x86,0x29,0xa6,0x31,0xa7,0x31,
    0x24,0x21,0xa6,0x31,0x65,0x21,0x04,0x19,0x00,0x00,0x00,0x00,0xe3,0x18,0xe3,0x18,0x00,0x00,0x04,0x19,0xe3,0x18,0x00,0x00,
    0x00,0x00,0xc3,0x18,0x66,0x29,0x04,0x21,0x20,0x00,0x86,0x31,0xe3,0x18,0x00,0x00,0xe4,0x18,0x00,0x00,0xa2,0x10,0x00,0x00,
    0x00,0x00,0x00,0x00,0x00,0x00,0x00,0x00,0x00,0x00,0x00,0x00,0x00,0x00,0x00,0x00,0x00,0x00,0x00,0x00,0x00,0x00,0x00,0x00,
    0x00,0x00,0x00,0x00,0x00,0x00,0x00,0x00,0x00,0x00,0x00,0x00,0x00,0x00,0x00,0x00,0x00,0x00,0x00,0x00,0x00,0x00,0x00,0x00,
    0x00,0x00,0x00,0x00,0x00,0x00,0x00,0x00,0x00,0x00,0x00,0x00,0x00,0x00,0x00,0x00,0x00,0x00,0x00,0x00,0x00,0x00,0x00,0x00,
    0x00,0x00,0x00,0x00,0x00,0x00,0x00,0x00,0x00,0x00,0x00,0x00,0x00,0x00,0x00,0x00,0x00,0x00,0x00,0x00,0x00,0x00,0x00,0x00,
    0x00,0x00,0x00,0x00,0x00,0x00,0x00,0x00,0x00,0x00,0x00,0x00,0x00,0x00,0x00,0x00,0x00,0x00,0x00,0x00,0x00,0x00,0x00,0x00,
    0x00,0x00,0x00,0x00,0x00,0x00,0x00,0x00,0x00,0x00,0x00,0x00,0x00,0x00,0x00,0x00,0x00,0x00,0x00,0x00,0x00,0x00,0x00,0x00,
    0x00,0x00,0x00,0x00,0x00,0x00,0x00,0x00,0x00,0x00,0x00,0x00,0x00,0x00,0x00,0x00,0x00,0x00,0x00,0x00,0x00,0x00,0x00,0x00,
    0x00,0x00,0x00,0x00,0x00,0x00,0x00,0x00,0x00,0x00,0x00,0x00,0x00,0x00,0x00,0x00,0x00,0x00,0x00,0x00,0x00,0x00,0x00,0x00,
    0x00,0x00,0x00,0x00,0x00,0x00,0x00,0x00,0x00,0x00,0x00,0x00,0x00,0x00,0x00,0x00,0x00,0x00,0x00,0x00,0x00,0x00,0x00,0x00,
    0x00,0x00,0x00,0x00,0x00,0x00,0x00,0x00,0x00,0x00,0x00,0x00,0x00,0x00,0x00,0x00,0x00,0x00,0x00,0x00,0x00,0x00,0x00,0x00,
    0x00,0x00,0x00,0x00,0x00,0x00,0x00,0x00,0x00,0x00,0x00,0x00,0x00,0x00,0x00,0x00,0x00,0x00,0x00,0x00,0x00,0x00,0x00,0x00,
    0x00,0x00,0x00,0x00,0x00,0x00,0x00,0x00,0x00,0x00,0x00,0x00,0x00,0x00,0x00,0x00,0x00,0x00,0x00,0x00,0x00,0x00,0x00,0x00,
    0x00,0x00,0x00,0x00,0x00,0x00,0x00,0x00,0x00,0x00,0x00,0x00,0x00,0x00,0x00,0x00,0x00,0x00,0x00,0x00,0x00,0x00,0x00,0x00,
    0x00,0x00,0x00,0x00,0x00,0x00,0x00,0x00,0x00,0x00,0x00,0x00,0x00,0x00,0x00,0x00,0x00,0x00,0x00,0x00,0x00,0x00,0x00,0x00,
    0x00,0x00,0x00,0x00,0x00,0x00,0x00,0x00,0x00,0x00,0x00,0x00,0x00,0x00,0x00,0x00,0x00,0x00,0x00,0x00,0x00,0x00,0x00,0x00,
    0x00,0x00,0x00,0x00,0x00,0x00,0x00,0x00,0x00,0x00,0x00,0x00,0x00,0x00,0x00,0x00,0x00,0x00,0x00,0x00,0x00,0x00,0x00,0x00,
    0x00,0x00,0x00,0x00,0x00,0x00,0x00,0x00,0x00,0x00,0x00,0x00,0x00,0x00,0x00,0x00,0x00,0x00,0x00,0x00,0x00,0x00,0x00,0x00,
    0x00,0x00,0x00,0x00,0x00,0x00,0x00,0x00,0x00,0x00,0x00,0x00,0x00,0x00,0x00,0x00,0x00,0x00,0x00,0x00,0x00,0x00,0x00,0x00,
    0x00,0x00,0x00,0x00,0x00,0x00,0x00,0x00,0x00,0x00,0x00,0x00,0x00,0x00,0x00,0x00,0x00,0x00,0x00,0x00,0x00,0x00,0x00,0x00,
    0x00,0x00,0x00,0x00,0x00,0x00,0x00,0x00,0x00,0x00,0x00,0x00,0x00,0x00,0x00,0x00,0x00,0x00,0x00,0x00,0x00,0x00,0x00,0x00,
    0x00,0x00,0x00,0x00,0x00,0x00,0x00,0x00,0x00,0x00,0x00,0x00,0x00,0x00,0x00,0x00,0x00,0x00,0x00,0x00,0x00,0x00,0x00,0x00,
    0x00,0x00,0x00,0x00,0x00,0x00,0x00,0x00,0x00,0x00,0x00,0x00,0x00,0x00,0x00,0x00,0x00,0x00,0x00,0x00,0x00,0x00,0x00,0x00,
    0x00,0x00,0x00,0x00,0x00,0x00,0x00,0x00,0x00,0x00,0x00,0x00,0x00,0x00,0x00,0x00,0x00,0x00,0x00,0x00,0x00,0x00,0x00,0x00,
    0x00,0x00,0x00,0x00,0x00,0x00,0x00,0x00,0x00,0x00,0x00,0x00,0x00,0x00,0x00,0x00,0x00,0x00,0x00,0x00,0x00,0x00,0x00,0x00,
    0x00,0x00,0x00,0x00,0x00,0x00,0x00,0x00,0x00,0x00,0x00,0x00,0x00,0x00,0x00,0x00,0x00,0x00,0x00,0x00,0x00,0x00,0x00,0x00,
    0x00,0x00,0x00,0x00,0x00,0x00,0x00,0x00,0x00,0x00,0x00,0x00,0x00,0x00,0x00,0x00,0x00,0x00,0x00,0x00,0x00,0x00,0x00,0x00,
    0x00,0x00,0x00,0x00,0x00,0x00,0x00,0x00,0x00,0x00,0x00,0x00,0x00,0x00,0x00,0x00,0x00,0x00,0x00,0x00,0x00,0x00,0x00,0x00,
    0x00,0x00,0x00,0x00,0x00,0x00,0x00,0x00,0x00,0x00,0x00,0x00,0x00,0x00,0x00,0x00,0x00,0x00,0x00,0x00,0x00,0x00,0x00,0x00,
    0x00,0x00,0x00,0x00,0x00,0x00,0x00,0x00,0x00,0x00,0x00,0x00,0x00,0x00,0x00,0x00,0x00,0x00,0x00,0x00,0x00,0x00,0x00,0x00,
    0x00,0x00,0x00,0x00,0x00,0x00,0x00,0x00,0x00,0x00,0x00,0x00,0x00,0x00,0x00,0x00,0x00,0x00,0x00,0x00,0x00,0x00,0x00,0x00,
    0x00,0x00,0x00,0x00,0x00,0x00,0x00,0x00,0x00,0x00,0x00,0x00,0x00,0x00,0x00,0x00,0x00,0x00,0x00,0x00,0x00,0x00,0x00,0x00,
    0x00,0x00,0x00,0x00,0x00,0x00,0x00,0x00,0x00,0x00,0x00,0x00,0x00,0x00,0x00,0x00,0x00,0x00,0x00,0x00,0x00,0x00,0x00,0x00,
    0x00,0x00,0x00,0x00,0x00,0x00,0x00,0x00,0x00,0x00,0x00,0x00,0x00,0x00,0x00,0x00,0x00,0x00,0x00,0x00,0x00,0x00,0x00,0x00,
    0x00,0x00,0x00,0x00,0x00,0x00,0x00,0x00,0x00,0x00,0x00,0x00,0x00,0x00,0x00,0x00,0x00,0x00,0x00,0x00,0x00,0x00,0x00,0x00,
    0x00,0x00,0x00,0x00,0x00,0x00,0x00,0x00,0x00,0x00,0x00,0x00,0x00,0x00,0x00,0x00,0x00,0x00,0x00,0x00,0x00,0x00,0x00,0x00,
    0x00,0x00,0x00,0x00,0x00,0x00,0x00,0x00,0x00,0x00,0x00,0x00,0x00,0x00,0x00,0x00,0x00,0x00,0x00,0x00,0x00,0x00,0x00,0x00,
    0x00,0x00,0x00,0x00,0x00,0x00,0x00,0x00,0x00,0x00,0x00,0x00,0x00,0x00,0x00,0x00,0x00,0x00,0x00,0x00,0x00,0x00,0x00,0x00,
    0x00,0x00,0x00,0x00,0x00,0x00,0x00,0x00,0x00,0x00,0x00,0x00,0x00,0x00,0x00,0x00,0x00,0x00,0x00,0x00,0x00,0x00,0x00,0x00,
    0x00,0x00,0x00,0x00,0x00,0x00,0x00,0x00,0x00,0x00,0x00,0x00,0x00,0x00,0x00,0x00,0x00,0x00,0x00,0x00,0x00,0x00,0x00,0x00,
    0x00,0x00,0x00,0x00,0x00,0x00,0x00,0x00,0x00,0x00,0x00,0x00,0x00,0x00,0x00,0x00,0x00,0x00,0x00,0x00,0x00,0x00,0x00,0x00,
    0x00,0x00,0x00,0x00,0x00,0x00,0x00,0x00,0x00,0x00,0x00,0x00,0x00,0x00,0x00,0x00,0x00,0x00,0x00,0x00,0x00,0x00,0x00,0x00,
    0x00,0x00,0x00,0x00,0x00,0x00,0x00,0x00,0x00,0x00,0x00,0x00,0x00,0x00,0x00,0x00,0x00,0x00,0x00,0x00,0x00,0x00,0x00,0x00,
    0x00,0x00,0x00,0x00,0x00,0x00,0x00,0x00,0x00,0x00,0x00,0x00,0x00,0x00,0x00,0x00,0x00,0x00,0x00,0x00,0x00,0x00,0x00,0x00,
    0x00,0x00,0x00,0x00,0x00,0x00,0x00,0x00,0x00,0x00,0x00,0x00,0x00,0x00,0x00,0x00,0x00,0x00,0x00,0x00,0x00,0x00,0x00,0x00,
    0x00,0x00,0x00,0x00,0x00,0x00,0x00,0x00,0x00,0x00,0x00,0x00,0x00,0x00,0x00,0x00,0x00,0x00,0x00,0x00,0x00,0x00,0x00,0x00,
    0x00,0x00,0x00,0x00,0x00,0x00,0x00,0x00,0x00,0x00,0x00,0x00,0x00,0x00,0x00,0x00,0x00,0x00,0x00,0x00,0x00,0x00,0x00,0x00,
    0x00,0x00,0x00,0x00,0x00,0x00,0x00,0x00,0x00,0x00,0x00,0x00,0x00,0x00,0x00,0x00,0x00,0x00,0x00,0x00,0x00,0x00,0x00,0x00,
    0x00,0x00,0x00,0x00,0x00,0x00,0x00,0x00,0x00,0x00,0x00,0x00,0x00,0x00,0x00,0x00,0x00,0x00,0x00,0x00,0x00,0x00,0x00,0x00,
    0x00,0x00,0x00,0x00,0x00,0x00,0x00,0x00,0x00,0x00,0x00,0x00,0x00,0x00,0x00,0x00,0x00,0x00,0x00,0x00,0x00,0x00,0x00,0x00,
    0x00,0x00,0x00,0x00,0x00,0x00,0x00,0x00,0x00,0x00,0x00,0x00,0x00,0x00,0x00,0x00,0x00,0x00,0x00,0x00,0x00,0x00,0x00,0x00,
    0x00,0x00,0x00,0x00,0x00,0x00,0x00,0x00,0x00,0x00,0x00,0x00,0x00,0x00,0x00,0x00,0x00,0x00,0x00,0x00,0x00,0x00,0x00,0x00,
    0x00,0x00,0x00,0x00,0x00,0x00,0x00,0x00,0x00,0x00,0x00,0x00,0x00,0x00,0x00,0x00,0x00,0x00,0x00,0x00,0x00,0x00,0x00,0x00,
    0x00,0x00,0x00,0x00,0x00,0x00,0x00,0x00,0x00,0x00,0x00,0x00,0x00,0x00,0x00,0x00,0x00,0x00,0x00,0x00,0x00,0x00,0x00,0x00,
    0x00,0x00,0x00,0x00,0x00,0x00,0x00,0x00,0x00,0x00,0x00,0x00,0x00,0x00,0x00,0x00,0x00,0x00,0x00,0x00,0x00,0x00,0x00,0x00,
    0x00,0x00,0x00,0x00,0x00,0x00,0x00,0x00,0x00,0x00,0x00,0x00,0x00,0x00,0x00,0x00,0x00,0x00,0x00,0x00,0x00,0x00,0x00,0x00,
    0x00,0x00,0x00,0x00,0x00,0x00,0x00,0x00,0x00,0x00,0x00,0x00,0x00,0x00,0x00,0x00,0x00,0x00,0x00,0x00,0x00,0x00,0x00,0x00,
    0x00,0x00,0x00,0x00,0x00,0x00,0x00,0x00,0x00,0x00,0x00,0x00,0x00,0x00,0x00,0x00,0x00,0x00,0x00,0x00,0x00,0x00,0x00,0x00,
    0x00,0x00,0x00,0x00,0x00,0x00,0x00,0x00,0x00,0x00,0x00,0x00,0x00,0x00,0x00,0x00,0x00,0x00,0x00,0x00,0x00,0x00,0x00,0x00,
    0x00,0x00,0x00,0x00,0x00,0x00,0x00,0x00,0x00,0x00,0x00,0x00,0x00,0x00,0x00,0x00,0x00,0x00,0x00,0x00,0x00,0x00,0x00,0x00,
    0x00,0x00,0x00,0x00,0x00,0x00,0x00,0x00,0x00,0x00,0x00,0x00,0x00,0x00,0x00,0x00,0x00,0x00,0x00,0x00,0x00,0x00,0x00,0x00,
    0x00,0x00,0x00,0x00,0x00,0x00,0x00,0x00,0x00,0x00,0x00,0x00,0x00,0x00,0x00,0x00,0x00,0x00,0x00,0x00,0x00,0x00,0x00,0x00,
    0x00,0x00,0x00,0x00,0x00,0x00,0x00,0x00,0x00,0x00,0x00,0x00,0x00,0x00,0x00,0x00,0x00,0x00,0x00,0x00,0x00,0x00,0x00,0x00,
    0x00,0x00,0x00,0x00,0x00,0x00,0x00,0x00,0x00,0x00,0x00,0x00,0x00,0x00,0x00,0x00,0x00,0x00,0x00,0x00,0x00,0x00,0x00,0x00,
    0x00,0x00,0x00,0x00,0x00,0x00,0x00,0x00,0x00,0x00,0x00,0x00,0x00,0x00,0x00,0x00,0x00,0x00,0x00,0x00,0x00,0x00,0x00,0x00,
    0x00,0x00,0x00,0x00,0x00,0x00,0x00,0x00,0x00,0x00,0x00,0x00,0x00,0x00,0x00,0x00,0x00,0x00,0x00,0x00,0x00,0x00,0x00,0x00,
    0x00,0x00,0x00,0x00,0x00,0x00,0x00,0x00,0x00,0x00,0x00,0x00,0x00,0x00,0x00,0x00,0x00,0x00,0x00,0x00,0x00,0x00,0x00,0x00,
    0x00,0x00,0x00,0x00,0x00,0x00,0x00,0x00,0x00,0x00,0x00,0x00,0x00,0x00,0x00,0x00,0x00,0x00,0x00,0x00,0x00,0x00,0x00,0x00,
    0x00,0x00,0x00,0x00,0x00,0x00,0x00,0x00,0x00,0x00,0x00,0x00,0x00,0x00,0x00,0x00,0x00,0x00,0x00,0x00,0x00,0x00,0x00,0x00,
    0x00,0x00,0x00,0x00,0x00,0x00,0x00,0x00,0x00,0x00,0x00,0x00,0x00,0x00,0x00,0x00,0x00,0x00,0x00,0x00,0x00,0x00,0x00,0x00,
    0x00,0x00,0x00,0x00,0x00,0x00,0x00,0x00,0x00,0x00,0x00,0x00,0x00,0x00,0x00,0x00,0x00,0x00,0x00,0x00,0x00,0x00,0x00,0x00,
    0x00,0x00,0x00,0x00,0x00,0x00,0x00,0x00,0x00,0x00,0x00,0x00,0x00,0x00,0x00,0x00,0x00,0x00,0x00,0x00,0x00,0x00,0x00,0x00,
    0x00,0x00,0x00,0x00,0x00,0x00,0x00,0x00,0x00,0x00,0x00,0x00,0x00,0x00,0x00,0x00,0x00,0x00,0x00,0x00,0x00,0x00,0x00,0x00,
    0x00,0x00,0x00,0x00,0x00,0x00,0x00,0x00,0x00,0x00,0x00,0x0b,0x0b,0x00,0x00,0x00,0x0b,0x00,0x00,0x00,0x00,0x00,0x0b,0x00,
    0x0b,0x00,0x0b,0x15,0x0b,0x0b,0x0b,0x0b,0x0b,0x0b,0x0b,0x00,0x0b,0x0b,0x00,0x00,0x00,0x0b,0x0b,0x0b,0x0b,0x00,0x0b,0x00,
    0x0b,0x00,0x0b,0x00,0x00,0x0b,0x0b,0x0b,0x00,0x00,0x00,0x0b,0x15,0x00,0x00,0x0b,0x0b,0x00,0x0b,0x00,0x0b,0x0b,0x00,0x0b,
    0x15,0x00,0x15,0x00,0x00,0x00,0x00,0x0b,0x0b,0x00,0x0b,0x0b,0x00,0x00,0x00,0x00,0x00,0x00,0x00,0x00,0x00,0x00,0x00,0x00,
    0x00,0x00,0x00,0x00,0x00,0x00,0x00,0x00,0x00,0x00,0x00,0x00,0x00,0x00,0x00,0x00,0x00,0x00,0x00,0x00,0x00,0x00,0x00,0x00,
    0x00,0x00,0x00,0x00,0x00,0x00,0x00,0x00,0x00,0x00,0x00,0x00,0x00,0x00,0x00,0x00,0x0b,0x35,0x6a,0x9f,0xaa,0xaa,0xaa,0xb5,
    0xb5,0xb5,0xaa,0xb5,0xaa,0xbf,0xb5,0xb5,0xb5,0xaa,0xaa,0xaa,0xaa,0xaa,0xb5,0x9f,0xb5,0xbf,0xb5,0xaa,0xaa,0xb5,0xb5,0xaa,
    0xaa,0xb5,0xb5,0xaa,0x9f,0xaa,0xbf,0xb5,0xaa,0xb5,0xaa,0xaa,0xaa,0xbf,0xb5,0xb5,0xaa,0xb5,0xb5,0xb5,0xaa,0x9f,0xb5,0xaa,
    0xaa,0xaa,0xaa,0xaa,0xb5,0xb5,0xaa,0x9f,0x9f,0xaa,0xb5,0xaa,0xaa,0xaa,0xaa,0xb5,0xaa,0xaa,0xb5,0xb5,0x95,0x6a,0x35,0x15,
    0x00,0x00,0x00,0x00,0x00,0x00,0x00,0x00,0x00,0x00,0x00,0x00,0x00,0x00,0x00,0x00,0x00,0x00,0x00,0x00,0x00,0x00,0x00,0x00,
    0x00,0x00,0x00,0x00,0x00,0x00,0x00,0x00,0x00,0x00,0x00,0x00,0x00,0x00,0x00,0x00,0x00,0x00,0x00,0x00,0x00,0x00,0x0b,0x20,
    0x9f,0xf4,0xf4,0xff,0xff,0xff,0xff,0xff,0xff,0xff,0xff,0xff,0xff,0xff,0xff,0xff,0xff,0xff,0xf4,0xff,0xff,0xff,0xff,0xff,
    0xff,0xff,0xff,0xff,0xff,0xff,0xff,0xff,0xff,0xff,0xff,0xff,0xff,0xff,0xff,0xff,0xff,0xff,0xff,0xff,0xff,0xff,0xff,0xff,
    0xff,0xff,0xff,0xff,0xff,0xff,0xff,0xff,0xff,0xff,0xff,0xff,0xff,0xff,0xff,0xff,0xff,0xff,0xff,0xff,0xff,0xff,0xff,0xf4,
    0xff,0xff,0xff,0xff,0xff,0xf4,0xea,0x95,0x2a,0x00,0x00,0x00,0x00,0x00,0x00,0x00,0x00,0x00,0x00,0x00,0x00,0x00,0x00,0x00,
    0x00,0x00,0x00,0x00,0x00,0x00,0x00,0x00,0x00,0x00,0x00,0x00,0x00,0x00,0x00,0x00,0x00,0x00,0x00,0x00,0x00,0x00,0x00,0x00,
    0x00,0x00,0x00,0x00,0x20,0x6a,0xaa,0xd5,0xf4,0xff,0xff,0xff,0xff,0xff,0xff,0xff,0xff,0xff,0xff,0xff,0xff,0xff,0xff,0xff,
    0xff,0xff,0xff,0xff,0xff,0xff,0xff,0xff,0xff,0xff,0xff,0xff,0xff,0xff,0xff,0xff,0xff,0xff,0xff,0xff,0xff,0xff,0xff,0xff,
    0xff,0xff,0xff,0xff,0xff,0xff,0xff,0xff,0xff,0xff,0xff,0xff,0xff,0xff,0xff,0xff,0xff,0xff,0xff,0xff,0xff,0xff,0xff,0xff,
    0xff,0xff,0xff,0xff,0xff,0xff,0xff,0xff,0xff,0xff,0xff,0xff,0xff,0xff,0xff,0xf4,0xca,0x9f,0x80,0x20,0x00,0x00,0x00,0x00,
    0x00,0x00,0x00,0x00,0x00,0x00,0x00,0x00,0x00,0x00,0x00,0x00,0x00,0x00,0x00,0x00,0x00,0x00,0x00,0x00,0x00,0x00,0x00,0x00,
    0x00,0x00,0x00,0x00,0x00,0x00,0x00,0x00,0x00,0x00,0x0b,0x4a,0xca,0xff,0xff,0xff,0xff,0xff,0xff,0xff,0xff,0xff,0xff,0xff,
    0xff,0xff,0xff,0xff,0xff,0xff,0xff,0xff,0xff,0xff,0xff,0xff,0xff,0xff,0xff,0xff,0xff,0xff,0xff,0xff,0xff,0xff,0xff,0xff,
    0xff,0xff,0xff,0xff,0xff,0xff,0xff,0xff,0xff,0xff,0xff,0xff,0xff,0xff,0xff,0xff,0xff,0xff,0xff,0xff,0xff,0xff,0xff,0xff,
    0xff,0xff,0xff,0xff,0xff,0xff,0xff,0xff,0xff,0xff,0xff,0xff,0xff,0xff,0xff,0xff,0xff,0xff,0xff,0xff,0xff,0xff,0xff,0xff,
    0xff,0xf4,0xf4,0xd5,0x2a,0x00,0x00,0x00,0x00,0x00,0x00,0x00,0x00,0x00,0x00,0x00,0x00,0x00,0x00,0x00,0x00,0x00,0x00,0x00,
    0x00,0x00,0x00,0x00,0x00,0x00,0x00,0x00,0x00,0x00,0x00,0x00,0x00,0x00,0x00,0x00,0x00,0x00,0x15,0xb5,0xff,0xff,0xff,0xff,
    0xff,0xff,0xff,0xff,0xff,0xff,0xff,0xff,0xff,0xff,0xff,0xff,0xff,0xff,0xff,0xff,0xff,0xff,0xff,0xff,0xff,0xff,0xff,0xff,
    0xff,0xff,0xff,0xff,0xff,0xff,0xff,0xff,0xff,0xff,0xff,0xff,0xff,0xff,0xff,0xff,0xff,0xff,0xff,0xff,0xff,0xff,0xff,0xff,
    0xff,0xff,0xff,0xff,0xff,0xff,0xff,0xff,0xff,0xff,0xff,0xff,0xff,0xff,0xff,0xff,0xff,0xff,0xff,0xff,0xff,0xff,0xff,0xff,
    0xff,0xff,0xff,0xff,0xff,0xff,0xff,0xff,0xff,0xff,0xff,0xff,0xbf,0x0b,0x00,0x00,0x00,0x00,0x00,0x00,0x00,0x00,0x00,0x00,
    0x00,0x00,0x00,0x00,0x00,0x00,0x00,0x00,0x00,0x00,0x00,0x00,0x00,0x00,0x00,0x00,0x00,0x00,0x00,0x00,0x00,0x00,0x00,0x00,
    0x00,0x00,0x2a,0xf4,0xff,0xff,0xff,0xff,0xff,0xff,0xff,0xff,0xff,0xff,0xff,0xff,0xff,0xff,0xff,0xff,0xff,0xff,0xff,0xff,
    0xff,0xff,0xff,0xff,0xff,0xff,0xff,0xff,0xff,0xff,0xff,0xff,0xff,0xff,0xff,0xff,0xff,0xff,0xff,0xff,0xff,0xff,0xff,0xff,
    0xff,0xff,0xff,0xff,0xff,0xff,0xff,0xff,0xff,0xff,0xff,0xff,0xff,0xff,0xff,0xff,0xff,0xff,0xff,0xff,0xff,0xff,0xff,0xff,
    0xff,0xff,0xff,0xff,0xff,0xff,0xff,0xff,0xff,0xff,0xff,0xff,0xff,0xff,0xff,0xff,0xff,0xff,0xff,0xff,0xea,0x20,0x00,0x00,
    0x00,0x00,0x00,0x00,0x00,0x00,0x00,0x00,0x00,0x00,0x00,0x00,0x00,0x00,0x00,0x00,0x00,0x00,0x00,0x00,0x00,0x00,0x00,0x00,
    0x00,0x00,0x00,0x00,0x00,0x00,0x00,0x00,0x00,0x00,0x4a,0xff,0xff,0xff,0xff,0xff,0xff,0xff,0xff,0xff,0xff,0xff,0xff,0xff,
    0xff,0xff,0xff,0xff,0xff,0xff,0xff,0xff,0xff,0xff,0xff,0xff,0xff,0xff,0xff,0xff,0xff,0xff,0xff,0xff,0xff,0xff,0xff,0xff,
    0xff,0xff,0xff,0xff,0xff,0xff,0xff,0xff,0xff,0xff,0xff,0xff,0xff,0xff,0xff,0xff,0xff,0xff,0xff,0xff,0xff,0xff,0xff,0xff,
    0xff,0xff,0xff,0xff,0xff,0xff,0xff,0xff,0xff,0xff,0xff,0xff,0xff,0xff,0xff,0xff,0xff,0xff,0xff,0xff,0xff,0xff,0xff,0xff,
    0xff,0xff,0xff,0xff,0xf4,0x40,0x00,0x00,0x00,0x00,0x00,0x00,0x00,0x00,0x00,0x00,0x00,0x00,0x00,0x00,0x00,0x00,0x00,0x00,
    0x00,0x00,0x00,0x00,0x00,0x00,0x00,0x00,0x00,0x00,0x00,0x00,0x00,0x00,0x00,0x00,0x00,0x00,0x40,0xf4,0xff,0xff,0xff,0xff,
    0xff,0xff,0xff,0xff,0xff,0xff,0xff,0xff,0xff,0xff,0xff,0xff,0xff,0xff,0xff,0xff,0xff,0xff,0xff,0xff,0xff,0xff,0xff,0xff,
    0xff,0xff,0xff,0xff,0xff,0xff,0xff,0xff,0xff,0xff,0xff,0xff,0xff,0xff,0xff,0xff,0xff,0xff,0xff,0xff,0xff,0xff,0xff,0xff,
    0xff,0xff,0xff,0xff,0xff,0xff,0xff,0xff,0xff,0xff,0xff,0xff,0xff,0xff,0xff,0xff,0xff,0xff,0xff,0xff,0xff,0xff,0xff,0xff,
    0xff,0xff,0xff,0xff,0xff,0xff,0xff,0xff,0xff,0xff,0xff,0xff,0xf4,0x40,0x00,0x00,0x00,0x00,0x00,0x00,0x00,0x00,0x00,0x00,
    0x00,0x00,0x00,0x00,0x00,0x00,0x00,0x00,0x00,0x00,0x00,0x00,0x00,0x00,0x00,0x00,0x00,0x00,0x00,0x00,0x00,0x00,0x00,0x00,
    0x00,0x00,0x4a,0xea,0xff,0xff,0xff,0xff,0xff,0xff,0xff,0xff,0xff,0xff,0xff,0xff,0xff,0xff,0xff,0xff,0xff,0xff,0xff,0xff,
    0xff,0xff,0xff,0xff,0xff,0xff,0xff,0xff,0xff,0xff,0xff,0xff,0xff,0xff,0xff,0xff,0xff,0xff,0xff,0xff,0xff,0xff,0xff,0xff,
    0xff,0xff,0xff,0xff,0xff,0xff,0xff,0xff,0xff,0xff,0xff,0xff,0xff,0xff,0xff,0xff,0xff,0xff,0xff,0xff,0xff,0xff,0xff,0xff,
    0xff,0xff,0xff,0xff,0xff,0xff,0xff,0xff,0xff,0xff,0xff,0xff,0xff,0xff,0xff,0xff,0xff,0xff,0xff,0xff,0xff,0x35,0x00,0x00,
    0x00,0x00,0x00,0x00,0x00,0x00,0x00,0x00,0x00,0x00,0x00,0x00,0x00,0x00,0x00,0x00,0x00,0x00,0x00,0x00,0x00,0x00,0x00,0x00,
    0x00,0x00,0x00,0x00,0x00,0x00,0x00,0x00,0x00,0x00,0x35,0xff,0xff,0xff,0xff,0xff,0xff,0xff,0xff,0xff,0xff,0xff,0xff,0xff,
    0xff,0xff,0xff,0xff,0xff,0xff,0xff,0xff,0xff,0xff,0xff,0xff,0xff,0xff,0xff,0xff,0xff,0xff,0xff,0xff,0xff,0xff,0xff,0xff,
    0xff,0xff,0xff,0xff,0xff,0xff,0xff,0xff,0xff,0xff,0xff,0xff,0xff,0xff,0xff,0xff,0xff,0xff,0xff,0xff,0xff,0xff,0xff,0xff,
    0xff,0xff,0xff,0xff,0xff,0xff,0xff,0xff,0xff,0xff,0xff,0xff,0xff,0xff,0xff,0xff,0xff,0xff,0xff,0xff,0xff,0xff,0xff,0xff,
    0xff,0xff,0xff,0xff,0xff,0x40,0x00,0x00,0x00,0x00,0x00,0x00,0x00,0x00,0x00,0x00,0x00,0x00,0x00,0x00,0x00,0x00,0x00,0x00,
    0x00,0x00,0x00,0x00,0x00,0x00,0x00,0x00,0x00,0x00,0x00,0x00,0x00,0x00,0x00,0x00,0x00,0x00,0x35,0xff,0xff,0xff,0xff,0xff,
    0xff,0xff,0xff,0xff,0xff,0xff,0xff,0xff,0xff,0xff,0xff,0xff,0xff,0xff,0xff,0xff,0xff,0xff,0xff,0xff,0xff,0xff,0xff,0xff,
    0xff,0xff,0xff,0xff,0xff,0xff,0xff,0xff,0xff,0xff,0xff,0xff,0xff,0xff,0xff,0xff,0xff,0xff,0xff,0xff,0xff,0xff,0xff,0xff,
    0xff,0xff,0xff,0xff,0xff,0xff,0xff,0xff,0xff,0xff,0xff,0xff,0xff,0xff,0xff,0xff,0xff,0xff,0xff,0xff,0xff,0xff,0xff,0xff,
    0xff,0xff,0xff,0xff,0xff,0xff,0xff,0xff,0xff,0xff,0xff,0xff,0xf4,0x40,0x00,0x00,0x00,0x00,0x00,0x00,0x00,0x00,0x00,0x00,
    0x00,0x00,0x00,0x00,0x00,0x00,0x00,0x00,0x00,0x00,0x00,0x00,0x00,0x00,0x00,0x00,0x00,0x00,0x00,0x00,0x00,0x00,0x00,0x00,
    0x00,0x00,0x40,0xff,0xff,0xff,0xff,0xff,0xff,0xff,0xff,0xff,0xff,0xff,0xff,0xff,0xff,0xff,0xff,0xff,0xff,0xff,0xff,0xff,
    0xff,0xff,0xff,0xff,0xff,0xff,0xff,0xff,0xff,0xff,0xff,0xff,0xff,0xff,0xff,0xff,0xff,0xff,0xff,0xff,0xff,0xff,0xff,0xff,
    0xff,0xff,0xff,0xff,0xff,0xff,0xff,0xff,0xff,0xff,0xff,0xff,0xff,0xff,0xff,0xff,0xff,0xff,0xff,0xff,0xff,0xff,0xff,0xff,
    0xff,0xff,0xff,0xff,0xff,0xff,0xff,0xff,0xff,0xff,0xff,0xff,0xff,0xff,0xff,0xff,0xff,0xff,0xff,0xff,0xf4,0x4a,0x00,0x00,
    0x00,0x00,0x00,0x00,0x00,0x00,0x00,0x00,0x00,0x00,0x00,0x00,0x00,0x00,0x00,0x00,0x00,0x00,0x00,0x00,0x00,0x00,0x00,0x00,
    0x00,0x00,0x00,0x00,0x00,0x00,0x00,0x00,0x00,0x00,0x40,0xff,0xff,0xff,0xff,0xff,0xff,0xff,0xff,0xff,0xff,0xff,0xff,0xff,
    0xff,0xff,0xff,0xff,0xff,0xff,0xff,0xff,0xff,0xff,0xff,0xff,0xff,0xff,0xff,0xff,0xff,0xff,0xff,0xff,0xff,0xff,0xff,0xff,
    0xff,0xff,0xff,0xff,0xff,0xff,0xff,0xff,0xff,0xff,0xff,0xff,0xff,0xff,0xff,0xff,0xff,0xff,0xff,0xff,0xff,0xff,0xff,0xff,
    0xff,0xff,0xff,0xff,0xff,0xff,0xff,0xff,0xff,0xff,0xff,0xff,0xff,0xff,0xff,0xff,0xff,0xff,0xff,0xff,0xff,0xff,0xff,0xff,
    0xff,0xff,0xff,0xff,0xff,0x35,0x00,0x00,0x00,0x00,0x00,0x00,0x00,0x00,0x00,0x00,0x00,0x00,0x00,0x00,0x00,0x00,0x00,0x00,
    0x00,0x00,0x00,0x00,0x00,0x00,0x00,0x00,0x00,0x00,0x00,0x00,0x00,0x00,0x00,0x00,0x00,0x00,0x4a,0xea,0xff,0xff,0xff,0xff,
    0xff,0xff,0xff,0xff,0xff,0xff,0xff,0xff,0xff,0xff,0xff,0xff,0xff,0xff,0xff,0xff,0xff,0xff,0xff,0xff,0xff,0xff,0xff,0xff,
    0xff,0xff,0xff,0xff,0xff,0xff,0xff,0xff,0xff,0xff,0xff,0xff,0xff,0xff,0xff,0xff,0xff,0xff,0xff,0xff,0xff,0xff,0xff,0xff,
    0xff,0xff,0xff,0xff,0xff,0xff,0xff,0xff,0xff,0xff,0xff,0xff,0xff,0xff,0xff,0xff,0xff,0xff,0xff,0xff,0xff,0xff,0xff,0xff,
    0xff,0xff,0xff,0xff,0xff,0xff,0xff,0xff,0xff,0xff,0xff,0xff,0xf4,0x40,0x00,0x00,0x00,0x00,0x00,0x00,0x00,0x00,0x00,0x00,
    0x00,0x00,0x00,0x00,0x00,0x00,0x00,0x00,0x00,0x00,0x00,0x00,0x00,0x00,0x00,0x00,0x00,0x00,0x00,0x00,0x00,0x00,0x00,0x00,
    0x00,0x00,0x4a,0xea,0xff,0xff,0xff,0xff,0xff,0xff,0xff,0xff,0xff,0xff,0xff,0xff,0xff,0xff,0xff,0xff,0xff,0xff,0xff,0xff,
    0xff,0xff,0xff,0xff,0xff,0xff,0xff,0xff,0xff,0xff,0xff,0xff,0xff,0xff,0xff,0xff,0xff,0xff,0xff,0xff,0xff,0xff,0xff,0xff,
    0xff,0xff,0xff,0xff,0xff,0xff,0xff,0xff,0xff,0xff,0xff,0xff,0xff,0xff,0xff,0xff,0xff,0xff,0xff,0xff,0xff,0xff,0xff,0xff,
    0xff,0xff,0xff,0xff,0xff,0xff,0xff,0xff,0xff,0xff,0xff,0xff,0xff,0xff,0xff,0xff,0xff,0xff,0xff,0xff,0xf4,0x40,0x00,0x00,
    0x00,0x00,0x00,0x00,0x00,0x00,0x00,0x00,0x00,0x00,0x00,0x00,0x00,0x00,0x00,0x00,0x00,0x00,0x00,0x00,0x00,0x00,0x00,0x00,
    0x00,0x00,0x00,0x00,0x00,0x00,0x00,0x00,0x00,0x00,0x4a,0xf4,0xff,0xff,0xff,0xff,0xff,0xff,0xff,0xff,0xff,0xff,0xff,0xff,
    0xff,0xff,0xff,0xff,0xff,0xff,0xff,0xff,0xff,0xff,0xff,0xff,0xff,0xff,0xff,0xff,0xff,0xff,0xff,0xff,0xff,0xff,0xff,0xff,
    0xff,0xff,0xff,0xff,0xff,0xff,0xff,0xff,0xff,0xff,0xff,0xff,0xff,0xff,0xff,0xff,0xff,0xff,0xff,0xff,0xff,0xff,0xff,0xff,
    0xff,0xff,0xff,0xff,0xff,0xff,0xff,0xff,0xff,0xff,0xff,0xff,0xff,0xff,0xff,0xff,0xff,0xff,0xff,0xff,0xff,0xff,0xff,0xff,
    0xff,0xff,0xff,0xff,0xea,0x4a,0x00,0x00,0x00,0x00,0x00,0x00,0x00,0x00,0x00,0x00,0x00,0x00,0x00,0x00,0x00,0x00,0x00,0x00,
    0x00,0x00,0x00,0x00,0x00,0x00,0x00,0x00,0x00,0x00,0x00,0x00,0x00,0x00,0x00,0x00,0x00,0x00,0x4a,0xea,0xff,0xff,0xff,0xff,
    0xff,0xff,0xff,0xff,0xff,0xff,0xff,0xff,0xff,0xff,0xff,0xff,0xff,0xff,0xff,0xff,0xff,0xff,0xff,0xff,0xff,0xff,0xff,0xff,
    0xff,0xff,0xff,0xff,0xff,0xff,0xff,0xff,0xff,0xff,0xff,0xff,0xff,0xff,0xff,0xff,0xff,0xff,0xff,0xff,0xff,0xff,0xff,0xff,
    0xff,0xff,0xff,0xff,0xff,0xff,0xff,0xff,0xff,0xff,0xff,0xff,0xff,0xff,0xff,0xff,0xff,0xff,0xff,0xff,0xff,0xff,0xff,0xff,
    0xff,0xff,0xff,0xff,0xff,0xff,0xff,0xff,0xff,0xff,0xff,0xff,0xf4,0x4a,0x00,0x00,0x00,0x00,0x00,0x00,0x00,0x00,0x00,0x00,
    0x00,0x00,0x00,0x00,0x00,0x00,0x00,0x00,0x00,0x00,0x00,0x00,0x00,0x00,0x00,0x00,0x00,0x00,0x00,0x00,0x00,0x00,0x00,0x00,
    0x00,0x00,0x4a,0xff,0xff,0xff,0xff,0xff,0xff,0xff,0xff,0xff,0xff,0xff,0xff,0xff,0xff,0xff,0xff,0xff,0xff,0xff,0xff,0xff,
    0xff,0xff,0xff,0xff,0xff,0xff,0xff,0xff,0xff,0xff,0xff,0xff,0xff,0xff,0xff,0xff,0xff,0xff,0xff,0xff,0xff,0xff,0xff,0xff,
    0xff,0xff,0xff,0xff,0xff,0xff,0xff,0xff,0xff,0xff,0xff,0xff,0xff,0xff,0xff,0xff,0xff,0xff,0xff,0xff,0xff,0xff,0xff,0xff,
    0xff,0xff,0xff,0xff,0xff,0xff,0xff,0xff,0xff,0xff,0xff,0xff,0xff,0xff,0xff,0xff,0xff,0xff,0xff,0xff,0xf4,0x55,0x00,0x00,
    0x00,0x00,0x00,0x00,0x00,0x00,0x00,0x00,0x00,0x00,0x00,0x00,0x00,0x00,0x00,0x00,0x00,0x00,0x00,0x00,0x00,0x00,0x00,0x00,
    0x00,0x00,0x00,0x00,0x00,0x00,0x00,0x00,0x00,0x00,0x4a,0xea,0xff,0xff,0xff,0xff,0xff,0xff,0xff,0xff,0xff,0xff,0xff,0xff,
    0xff,0xff,0xff,0xff,0xff,0xff,0xff,0xff,0xff,0xff,0xff,0xff,0xff,0xff,0xff,0xff,0xff,0xff,0xff,0xff,0xff,0xff,0xff,0xff,
    0xff,0xff,0xff,0xff,0xff,0xff,0xff,0xff,0xff,0xff,0xff,0xff,0xff,0xff,0xff,0xff,0xff,0xff,0xff,0xff,0xff,0xff,0xff,0xff,
    0xff,0xff,0xff,0xff,0xff,0xff,0xff,0xff,0xff,0xff,0xff,0xff,0xff,0xff,0xff,0xff,0xff,0xff,0xff,0xff,0xff,0xff,0xff,0xff,
    0xff,0xff,0xff,0xff,0xff,0x40,0x00,0x00,0x00,0x00,0x00,0x00,0x00,0x00,0x00,0x00,0x00,0x00,0x00,0x00,0x00,0x00,0x00,0x00,
    0x00,0x00,0x00,0x00,0x00,0x00,0x00,0x00,0x00,0x00,0x00,0x00,0x00,0x00,0x00,0x00,0x00,0x00,0x35,0xff,0xff,0xff,0xff,0xff,
    0xff,0xff,0xff,0xff,0xff,0xff,0xff,0xff,0xff,0xff,0xff,0xff,0xff,0xff,0xff,0xff,0xff,0xff,0xff,0xff,0xff,0xff,0xff,0xff,
    0xff,0xff,0xff,0xff,0xff,0xff,0xff,0xff,0xff,0xff,0xff,0xff,0xff,0xff,0xff,0xff,0xff,0xff,0xff,0xff,0xff,0xff,0xff,0xff,
    0xff,0xff,0xff,0xff,0xff,0xff,0xff,0xff,0xff,0xff,0xff,0xff,0xff,0xff,0xff,0xff,0xff,0xff,0xff,0xff,0xff,0xff,0xff,0xff,
    0xff,0xff,0xff,0xff,0xff,0xff,0xff,0xff,0xff,0xff,0xff,0xff,0xf4,0x4a,0x00,0x00,0x00,0x00,0x00,0x00,0x00,0x00,0x00,0x00,
    0x00,0x00,0x00,0x00,0x00,0x00,0x00,0x00,0x00,0x00,0x00,0x00,0x00,0x00,0x00,0x00,0x00,0x00,0x00,0x00,0x00,0x00,0x00,0x00,
    0x00,0x00,0x40,0xf4,0xff,0xff,0xff,0xff,0xff,0xff,0xff,0xff,0xff,0xff,0xff,0xff,0xff,0xff,0xff,0xff,0xff,0xff,0xff,0xff,
    0xff,0xff,0xff,0xff,0xff,0xff,0xff,0xff,0xff,0xff,0xff,0xff,0xff,0xff,0xff,0xff,0xff,0xff,0xff,0xff,0xff,0xff,0xff,0xff,
    0xff,0xff,0xff,0xff,0xff,0xff,0xff,0xff,0xff,0xff,0xff,0xff,0xff,0xff,0xff,0xff,0xff,0xff,0xff,0xff,0xff,0xff,0xff,0xff,
    0xff,0xff,0xff,0xff,0xff,0xff,0xff,0xff,0xff,0xff,0xff,0xff,0xff,0xff,0xff,0xff,0xff,0xff,0xff,0xff,0xff,0x35,0x00,0x00,
    0x00,0x00,0x00,0x00,0x00,0x00,0x00,0x00,0x00,0x00,0x00,0x00,0x00,0x00,0x00,0x00,0x00,0x00,0x00,0x00,0x00,0x00,0x00,0x00,
    0x00,0x00,0x00,0x00,0x00,0x00,0x00,0x00,0x00,0x00,0x40,0xf4,0xff,0xff,0xff,0xff,0xff,0xff,0xff,0xff,0xff,0xff,0xff,0xff,
    0xff,0xff,0xff,0xff,0xff,0xff,0xff,0xff,0xff,0xff,0xff,0xff,0xff,0xff,0xff,0xff,0xff,0xff,0xff,0xff,0xff,0xff,0xff,0xff,
    0xff,0xff,0xff,0xff,0xff,0xff,0xff,0xff,0xff,0xff,0xff,0xff,0xff,0xff,0xff,0xff,0xff,0xff,0xff,0xff,0xff,0xff,0xff,0xff,
    0xff,0xff,0xff,0xff,0xff,0xff,0xff,0xff,0xff,0xff,0xff,0xff,0xff,0xff,0xff,0xff,0xff,0xff,0xff,0xff,0xff,0xff,0xff,0xff,
    0xff,0xff,0xff,0xff,0xff,0x4a,0x00,0x00,0x00,0x00,0x00,0x00,0x00,0x00,0x00,0x00,0x00,0x00,0x00,0x00,0x00,0x00,0x00,0x00,
    0x00,0x00,0x00,0x00,0x00,0x00,0x00,0x00,0x00,0x00,0x00,0x00,0x00,0x00,0x00,0x00,0x00,0x00,0x4a,0xff,0xff,0xff,0xff,0xff,
    0xff,0xff,0xff,0xff,0xff,0xff,0xff,0xff,0xff,0xff,0xff,0xff,0xff,0xff,0xff,0xff,0xff,0xff,0xff,0xff,0xff,0xff,0xff,0xff,
    0xff,0xff,0xff,0xff,0xff,0xff,0xff,0xff,0xff,0xff,0xff,0xff,0xff,0xff,0xff,0xff,0xff,0xff,0xff,0xff,0xff,0xff,0xff,0xff,
    0xff,0xff,0xff,0xff,0xff,0xff,0xff,0xff,0xff,0xff,0xff,0xff,0xff,0xff,0xff,0xff,0xff,0xff,0xff,0xff,0xff,0xff,0xff,0xff,
    0xff,0xff,0xff,0xff,0xff,0xff,0xff,0xff,0xff,0xff,0xff,0xff,0xf4,0x4a,0x00,0x00,0x00,0x00,0x00,0x00,0x00,0x00,0x00,0x00,
    0x00,0x00,0x00,0x00,0x00,0x00,0x00,0x00,0x00,0x00,0x00,0x00,0x00,0x00,0x00,0x00,0x00,0x00,0x00,0x00,0x00,0x00,0x00,0x00,
    0x00,0x00,0x4a,0xea,0xff,0xff,0xff,0xff,0xff,0xff,0xff,0xff,0xff,0xff,0xff,0xff,0xff,0xff,0xff,0xff,0xff,0xff,0xff,0xff,
    0xff,0xff,0xff,0xff,0xff,0xff,0xff,0xff,0xff,0xff,0xff,0xff,0xff,0xff,0xff,0xff,0xff,0xff,0xff,0xff,0xff,0xff,0xff,0xff,
    0xff,0xff,0xff,0xff,0xff,0xff,0xff,0xff,0xff,0xff,0xff,0xff,0xff,0xff,0xff,0xff,0xff,0xff,0xff,0xff,0xff,0xff,0xff,0xff,
    0xff,0xff,0xff,0xff,0xff,0xff,0xff,0xff,0xff,0xff,0xff,0xff,0xff,0xff,0xff,0xff,0xff,0xff,0xff,0xff,0xf4,0x40,0x00,0x00,
    0x00,0x00,0x00,0x00,0x00,0x00,0x00,0x00,0x00,0x00,0x00,0x00,0x00,0x00,0x00,0x00,0x00,0x00,0x00,0x00,0x00,0x00,0x00,0x00,
    0x00,0x00,0x00,0x00,0x00,0x00,0x00,0x00,0x00,0x00,0x4a,0xea,0xff,0xff,0xff,0xff,0xff,0xff,0xff,0xff,0xff,0xff,0xff,0xff,
    0xff,0xff,0xff,0xff,0xff,0xff,0xff,0xff,0xff,0xff,0xff,0xff,0xff,0xff,0xff,0xff,0xff,0xff,0xff,0xff,0xff,0xff,0xff,0xff,
    0xff,0xff,0xff,0xff,0xff,0xff,0xff,0xff,0xff,0xff,0xff,0xff,0xff,0xff,0xff,0xff,0xff,0xff,0xff,0xff,0xff,0xff,0xff,0xff,
    0xff,0xff,0xff,0xff,0xff,0xff,0xff,0xff,0xff,0xff,0xff,0xff,0xff,0xff,0xff,0xff,0xff,0xff,0xff,0xff,0xff,0xff,0xff,0xff,
    0xff,0xff,0xff,0xff,0xea,0x4a,0x00,0x00,0x00,0x00,0x00,0x00,0x00,0x00,0x00,0x00,0x00,0x00,0x00,0x00,0x00,0x00,0x00,0x00,
    0x00,0x00,0x00,0x00,0x00,0x00,0x00,0x00,0x00,0x00,0x00,0x00,0x00,0x00,0x00,0x00,0x00,0x00,0x4a,0xff,0xff,0xff,0xff,0xff,
    0xff,0xff,0xff,0xff,0xff,0xff,0xff,0xff,0xff,0xff,0xff,0xff,0xff,0xff,0xff,0xff,0xff,0xff,0xff,0xff,0xff,0xff,0xff,0xff,
    0xff,0xff,0xff,0xff,0xff,0xff,0xff,0xff,0xff,0xff,0xff,0xff,0xff,0xff,0xff,0xff,0xff,0xff,0xff,0xff,0xff,0xff,0xff,0xff,
    0xff,0xff,0xff,0xff,0xff,0xff,0xff,0xff,0xff,0xff,0xff,0xff,0xff,0xff,0xff,0xff,0xff,0xff,0xff,0xff,0xff,0xff,0xff,0xff,
    0xff,0xff,0xff,0xff,0xff,0xff,0xff,0xff,0xff,0xff,0xff,0xff,0xf4,0x40,0x00,0x00,0x00,0x00,0x00,0x00,0x00,0x00,0x00,0x00,
    0x00,0x00,0x00,0x00,0x00,0x00,0x00,0x00,0x00,0x00,0x00,0x00,0x00,0x00,0x00,0x00,0x00,0x00,0x00,0x00,0x00,0x00,0x00,0x00,
    0x00,0x00,0x40,0xf4,0xff,0xff,0xff,0xff,0xff,0xff,0xff,0xff,0xff,0xff,0xff,0xff,0xff,0xff,0xff,0xff,0xff,0xff,0xff,0xff,
    0xff,0xff,0xff,0xff,0xff,0xff,0xff,0xff,0xff,0xff,0xff,0xff,0xff,0xff,0xff,0xff,0xff,0xff,0xff,0xff,0xff,0xff,0xff,0xff,
    0xff,0xff,0xff,0xff,0xff,0xff,0xff,0xff,0xff,0xff,0xff,0xff,0xff,0xff,0xff,0xff,0xff,0xff,0xff,0xff,0xff,0xff,0xff,0xff,
    0xff,0xff,0xff,0xff,0xff,0xff,0xff,0xff,0xff,0xff,0xff,0xff,0xff,0xff,0xff,0xff,0xff,0xff,0xff,0xff,0xf4,0x35,0x00,0x00,
    0x00,0x00,0x00,0x00,0x00,0x00,0x00,0x00,0x00,0x00,0x00,0x00,0x00,0x00,0x00,0x00,0x00,0x00,0x00,0x00,0x00,0x00,0x00,0x00,
    0x00,0x00,0x00,0x00,0x00,0x00,0x00,0x00,0x00,0x00,0x4a,0xf4,0xff,0xff,0xff,0xff,0xff,0xff,0xff,0xff,0xff,0xff,0xff,0xff,
    0xff,0xff,0xff,0xff,0xff,0xff,0xff,0xff,0xff,0xff,0xff,0xff,0xff,0xff,0xff,0xff,0xff,0xff,0xff,0xff,0xff,0xff,0xff,0xff,
    0xff,0xff,0xff,0xff,0xff,0xff,0xff,0xff,0xff,0xff,0xff,0xff,0xff,0xff,0xff,0xff,0xff,0xff,0xff,0xff,0xff,0xff,0xff,0xff,
    0xff,0xff,0xff,0xff,0xff,0xff,0xff,0xff,0xff,0xff,0xff,0xff,0xff,0xff,0xff,0xff,0xff,0xff,0xff,0xff,0xff,0xff,0xff,0xff,
    0xff,0xff,0xff,0xff,0xf4,0x40,0x00,0x00,0x00,0x00,0x00,0x00,0x00,0x00,0x00,0x00,0x00,0x00,0x00,0x00,0x00,0x00,0x00,0x00,
    0x00,0x00,0x00,0x00,0x00,0x00,0x00,0x00,0x00,0x00,0x00,0x00,0x00,0x00,0x00,0x00,0x00,0x00,0x4a,0xff,0xff,0xff,0xff,0xff,
    0xff,0xff,0xff,0xff,0xff,0xff,0xff,0xff,0xff,0xff,0xff,0xff,0xff,0xff,0xff,0xff,0xff,0xff,0xff,0xff,0xff,0xff,0xff,0xff,
    0xff,0xff,0xff,0xff,0xff,0xff,0xff,0xff,0xff,0xff,0xff,0xff,0xff,0xff,0xff,0xff,0xff,0xff,0xff,0xff,0xff,0xff,0xff,0xff,
    0xff,0xff,0xff,0xff,0xff,0xff,0xff,0xff,0xff,0xff,0xff,0xff,0xff,0xff,0xff,0xff,0xff,0xff,0xff,0xff,0xff,0xff,0xff,0xff,
    0xff,0xff,0xff,0xff,0xff,0xff,0xff,0xff,0xff,0xff,0xff,0xff,0xff,0x4a,0x00,0x00,0x00,0x00,0x00,0x00,0x00,0x00,0x00,0x00,
    0x00,0x00,0x00,0x00,0x00,0x00,0x00,0x00,0x00,0x00,0x00,0x00,0x00,0x00,0x00,0x00,0x00,0x00,0x00,0x00,0x00,0x00,0x00,0x00,
    0x00,0x00,0x4a,0xea,0xff,0xff,0xff,0xff,0xff,0xff,0xff,0xff,0xff,0xff,0xff,0xff,0xff,0xff,0xff,0xff,0xff,0xff,0xff,0xff,
    0xff,0xff,0xff,0xff,0xff,0xff,0xff,0xff,0xff,0xff,0xff,0xff,0xff,0xff,0xff,0xff,0xff,0xff,0xff,0xff,0xff,0xff,0xff,0xff,
    0xff,0xff,0xff,0xff,0xff,0xff,0xff,0xff,0xff,0xff,0xff,0xff,0xff,0xff,0xff,0xff,0xff,0xff,0xff,0xff,0xff,0xff,0xff,0xff,
    0xff,0xff,0xff,0xff,0xff,0xff,0xff,0xff,0xff,0xff,0xff,0xff,0xff,0xff,0xff,0xff,0xff,0xff,0xff,0xff,0xff,0x40,0x00,0x00,
    0x00,0x00,0x00,0x00,0x00,0x00,0x00,0x00,0x00,0x00,0x00,0x00,0x00,0x00,0x00,0x00,0x00,0x00,0x00,0x00,0x00,0x00,0x00,0x00,
    0x00,0x00,0x00,0x00,0x00,0x00,0x00,0x00,0x00,0x00,0x4a,0xea,0xff,0xff,0xff,0xff,0xff,0xff,0xff,0xff,0xff,0xff,0xff,0xff,
    0xff,0xff,0xff,0xff,0xff,0xff,0xff,0xff,0xff,0xff,0xff,0xff,0xff,0xff,0xff,0xff,0xff,0xff,0xff,0xff,0xff,0xff,0xff,0xff,
    0xff,0xff,0xff,0xff,0xff,0xff,0xff,0xff,0xff,0xff,0xff,0xff,0xff,0xff,0xff,0xff,0xff,0xff,0xff,0xff,0xff,0xff,0xff,0xff,
    0xff,0xff,0xff,0xff,0xff,0xff,0xff,0xff,0xff,0xff,0xff,0xff,0xff,0xff,0xff,0xff,0xff,0xff,0xff,0xff,0xff,0xff,0xff,0xff,
    0xff,0xff,0xff,0xff,0xf4,0x55,0x00,0x00,0x00,0x00,0x00,0x00,0x00,0x00,0x00,0x00,0x00,0x00,0x00,0x00,0x00,0x00,0x00,0x00,
    0x00,0x00,0x00,0x00,0x00,0x00,0x00,0x00,0x00,0x00,0x00,0x00,0x00,0x00,0x00,0x00,0x00,0x00,0x40,0xf4,0xff,0xff,0xff,0xff,
    0xff,0xff,0xff,0xff,0xff,0xff,0xff,0xff,0xff,0xff,0xff,0xff,0xff,0xff,0xff,0xff,0xff,0xff,0xff,0xff,0xff,0xff,0xff,0xff,
    0xff,0xff,0xff,0xff,0xff,0xff,0xff,0xff,0xff,0xff,0xff,0xff,0xff,0xff,0xff,0xff,0xff,0xff,0xff,0xff,0xff,0xff,0xff,0xff,
    0xff,0xff,0xff,0xff,0xff,0xff,0xff,0xff,0xff,0xff,0xff,0xff,0xff,0xff,0xff,0xff,0xff,0xff,0xff,0xff,0xff,0xff,0xff,0xff,
    0xff,0xff,0xff,0xff,0xff,0xff,0xff,0xff,0xff,0xff,0xff,0xff,0xea,0x35,0x00,0x00,0x00,0x00,0x00,0x00,0x00,0x00,0x00,0x00,
    0x00,0x00,0x00,0x00,0x00,0x00,0x00,0x00,0x00,0x00,0x00,0x00,0x00,0x00,0x00,0x00,0x00,0x00,0x00,0x00,0x00,0x00,0x00,0x00,
    0x00,0x00,0x40,0xff,0xff,0xff,0xff,0xff,0xff,0xff,0xff,0xff,0xff,0xff,0xff,0xff,0xff,0xff,0xff,0xff,0xff,0xff,0xff,0xff,
    0xff,0xff,0xff,0xff,0xff,0xff,0xff,0xff,0xff,0xff,0xff,0xff,0xff,0xff,0xff,0xff,0xff,0xff,0xff,0xff,0xff,0xff,0xff,0xff,
    0xff,0xff,0xff,0xff,0xff,0xff,0xff,0xff,0xff,0xff,0xff,0xff,0xff,0xff,0xff,0xff,0xff,0xff,0xff,0xff,0xff,0xff,0xff,0xff,
    0xff,0xff,0xff,0xff,0xff,0xff,0xff,0xff,0xff,0xff,0xff,0xff,0xff,0xff,0xff,0xff,0xff,0xff,0xff,0xff,0xea,0x35,0x00,0x00,
    0x00,0x00,0x00,0x00,0x00,0x00,0x00,0x00,0x00,0x00,0x00,0x00,0x00,0x00,0x00,0x00,0x00,0x00,0x00,0x00,0x00,0x00,0x00,0x00,
    0x00,0x00,0x00,0x00,0x00,0x00,0x00,0x00,0x00,0x00,0x35,0xf4,0xff,0xff,0xff,0xff,0xff,0xff,0xff,0xff,0xff,0xff,0xff,0xff,
    0xff,0xff,0xff,0xff,0xff,0xff,0xff,0xff,0xff,0xff,0xff,0xff,0xff,0xff,0xff,0xff,0xff,0xff,0xff,0xff,0xff,0xff,0xff,0xff,
    0xff,0xff,0xff,0xff,0xff,0xff,0xff,0xff,0xff,0xff,0xff,0xff,0xff,0xff,0xff,0xff,0xff,0xff,0xff,0xff,0xff,0xff,0xff,0xff,
    0xff,0xff,0xff,0xff,0xff,0xff,0xff,0xff,0xff,0xff,0xff,0xff,0xff,0xff,0xff,0xff,0xff,0xff,0xff,0xff,0xff,0xff,0xff,0xff,
    0xff,0xff,0xff,0xff,0xf4,0x4a,0x00,0x00,0x00,0x00,0x00,0x00,0x00,0x00,0x00,0x00,0x00,0x00,0x00,0x00,0x00,0x00,0x00,0x00,
    0x00,0x00,0x00,0x00,0x00,0x00,0x00,0x00,0x00,0x00,0x00,0x00,0x00,0x00,0x00,0x00,0x00,0x00,0x4a,0xea,0xff,0xff,0xff,0xff,
    0xff,0xff,0xff,0xff,0xff,0xff,0xff,0xff,0xff,0xff,0xff,0xff,0xff,0xff,0xff,0xff,0xff,0xff,0xff,0xff,0xff,0xff,0xff,0xff,
    0xff,0xff,0xff,0xff,0xff,0xff,0xff,0xff,0xff,0xff,0xff,0xff,0xff,0xff,0xff,0xff,0xff,0xff,0xff,0xff,0xff,0xff,0xff,0xff,
    0xff,0xff,0xff,0xff,0xff,0xff,0xff,0xff,0xff,0xff,0xff,0xff,0xff,0xff,0xff,0xff,0xff,0xff,0xff,0xff,0xff,0xff,0xff,0xff,
    0xff,0xff,0xff,0xff,0xff,0xff,0xff,0xff,0xff,0xff,0xff,0xff,0xf4,0x4a,0x00,0x00,0x00,0x00,0x00,0x00,0x00,0x00,0x00,0x00,
    0x00,0x00,0x00,0x00,0x00,0x00,0x00,0x00,0x00,0x00,0x00,0x00,0x00,0x00,0x00,0x00,0x00,0x00,0x00,0x00,0x00,0x00,0x00,0x00,
    0x00,0x00,0x55,0xf4,0xff,0xff,0xff,0xff,0xff,0xff,0xff,0xff,0xff,0xff,0xff,0xff,0xff,0xff,0xff,0xff,0xff,0xff,0xff,0xff,
    0xff,0xff,0xff,0xff,0xff,0xff,0xff,0xff,0xff,0xff,0xff,0xff,0xff,0xff,0xff,0xff,0xff,0xff,0xff,0xff,0xff,0xff,0xff,0xff,
    0xff,0xff,0xff,0xff,0xff,0xff,0xff,0xff,0xff,0xff,0xff,0xff,0xff,0xff,0xff,0xff,0xff,0xff,0xff,0xff,0xff,0xff,0xff,0xff,
    0xff,0xff,0xff,0xff,0xff,0xff,0xff,0xff,0xff,0xff,0xff,0xff,0xff,0xff,0xff,0xff,0xff,0xff,0xff,0xff,0xff,0x40,0x00,0x00,
    0x00,0x00,0x00,0x00,0x00,0x00,0x00,0x00,0x00,0x00,0x00,0x00,0x00,0x00,0x00,0x00,0x00,0x00,0x00,0x00,0x00,0x00,0x00,0x00,
    0x00,0x00,0x00,0x00,0x00,0x00,0x00,0x00,0x00,0x00,0x35,0xf4,0xff,0xff,0xff,0xff,0xff,0xff,0xff,0xff,0xff,0xff,0xff,0xff,
    0xff,0xff,0xff,0xff,0xff,0xff,0xff,0xff,0xff,0xff,0xff,0xff,0xff,0xff,0xff,0xff,0xff,0xff,0xff,0xff,0xff,0xff,0xff,0xff,
    0xff,0xff,0xff,0xff,0xff,0xff,0xff,0xff,0xff,0xff,0xff,0xff,0xff,0xff,0xff,0xff,0xff,0xff,0xff,0xff,0xff,0xff,0xff,0xff,
    0xff,0xff,0xff,0xff,0xff,0xff,0xff,0xff,0xff,0xff,0xff,0xff,0xff,0xff,0xff,0xff,0xff,0xff,0xff,0xff,0xff,0xff,0xff,0xff,
    0xff,0xff,0xff,0xff,0xf4,0x40,0x00,0x00,0x00,0x00,0x00,0x00,0x00,0x00,0x00,0x00,0x00,0x00,0x00,0x00,0x00,0x00,0x00,0x00,
    0x00,0x00,0x00,0x00,0x00,0x00,0x00,0x00,0x00,0x00,0x00,0x00,0x00,0x00,0x00,0x00,0x00,0x00,0x4a,0xf4,0xff,0xff,0xff,0xff,
    0xff,0xff,0xff,0xff,0xff,0xff,0xff,0xff,0xff,0xff,0xff,0xff,0xff,0xff,0xff,0xff,0xff,0xff,0xff,0xff,0xff,0xff,0xff,0xff,
    0xff,0xff,0xff,0xff,0xff,0xff,0xff,0xff,0xff,0xff,0xff,0xff,0xff,0xff,0xff,0xff,0xff,0xff,0xff,0xff,0xff,0xff,0xff,0xff,
    0xff,0xff,0xff,0xff,0xff,0xff,0xff,0xff,0xff,0xff,0xff,0xff,0xff,0xff,0xff,0xff,0xff,0xff,0xff,0xff,0xff,0xff,0xff,0xff,
    0xff,0xff,0xff,0xff,0xff,0xff,0xff,0xff,0xff,0xff,0xff,0xff,0xff,0x35,0x00,0x00,0x00,0x00,0x00,0x00,0x00,0x00,0x00,0x00,
    0x00,0x00,0x00,0x00,0x00,0x00,0x00,0x00,0x00,0x00,0x00,0x00,0x00,0x00,0x00,0x00,0x00,0x00,0x00,0x00,0x00,0x00,0x00,0x00,
    0x00,0x00,0x40,0xea,0xff,0xff,0xff,0xff,0xff,0xff,0xff,0xff,0xff,0xff,0xff,0xff,0xff,0xff,0xff,0xff,0xff,0xff,0xff,0xff,
    0xff,0xff,0xff,0xff,0xff,0xff,0xff,0xff,0xff,0xff,0xff,0xff,0xff,0xff,0xff,0xff,0xff,0xff,0xff,0xff,0xff,0xff,0xff,0xff,
    0xff,0xff,0xff,0xff,0xff,0xff,0xff,0xff,0xff,0xff,0xff,0xff,0xff,0xff,0xff,0xff,0xff,0xff,0xff,0xff,0xff,0xff,0xff,0xff,
    0xff,0xff,0xff,0xff,0xff,0xff,0xff,0xff,0xff,0xff,0xff,0xff,0xff,0xff,0xff,0xff,0xff,0xff,0xff,0xff,0xf4,0x40,0x00,0x00,
    0x00,0x00,0x00,0x00,0x00,0x00,0x00,0x00,0x00,0x00,0x00,0x00,0x00,0x00,0x00,0x00,0x00,0x00,0x00,0x00,0x00,0x00,0x00,0x00,
    0x00,0x00,0x00,0x00,0x00,0x00,0x00,0x00,0x00,0x00,0x4a,0xf4,0xff,0xff,0xff,0xff,0xff,0xff,0xff,0xff,0xff,0xff,0xff,0xff,
    0xff,0xff,0xff,0xff,0xff,0xff,0xff,0xff,0xff,0xff,0xff,0xff,0xff,0xff,0xff,0xff,0xff,0xff,0xff,0xff,0xff,0xff,0xff,0xff,
    0xff,0xff,0xff,0xff,0xff,0xff,0xff,0xff,0xff,0xff,0xff,0xff,0xff,0xff,0xff,0xff,0xff,0xff,0xff,0xff,0xff,0xff,0xff,0xff,
    0xff,0xff,0xff,0xff,0xff,0xff,0xff,0xff,0xff,0xff,0xff,0xff,0xff,0xff,0xff,0xff,0xff,0xff,0xff,0xff,0xff,0xff,0xff,0xff,
    0xff,0xff,0xff,0xff,0xff,0x40,0x00,0x00,0x00,0x00,0x00,0x00,0x00,0x00,0x00,0x00,0x00,0x00,0x00,0x00,0x00,0x00,0x00,0x00,
    0x00,0x00,0x00,0x00,0x00,0x00,0x00,0x00,0x00,0x00,0x00,0x00,0x00,0x00,0x00,0x00,0x00,0x00,0x4a,0xff,0xff,0xff,0xff,0xff,
    0xff,0xff,0xff,0xff,0xff,0xff,0xff,0xff,0xff,0xff,0xff,0xff,0xff,0xff,0xff,0xff,0xff,0xff,0xff,0xff,0xff,0xff,0xff,0xff,
    0xff,0xff,0xff,0xff,0xff,0xff,0xff,0xff,0xff,0xff,0xff,0xff,0xff,0xff,0xff,0xff,0xff,0xff,0xff,0xff,0xff,0xff,0xff,0xff,
    0xff,0xff,0xff,0xff,0xff,0xff,0xff,0xff,0xff,0xff,0xff,0xff,0xff,0xff,0xff,0xff,0xff,0xff,0xff,0xff,0xff,0xff,0xff,0xff,
    0xff,0xff,0xff,0xff,0xff,0xff,0xff,0xff,0xff,0xff,0xff,0xff,0xf4,0x4a,0x00,0x00,0x00,0x00,0x00,0x00,0x00,0x00,0x00,0x00,
    0x00,0x00,0x00,0x00,0x00,0x00,0x00,0x00,0x00,0x00,0x00,0x00,0x00,0x00,0x00,0x00,0x00,0x00,0x00,0x00,0x00,0x00,0x00,0x00,
    0x00,0x00,0x35,0xf4,0xff,0xff,0xff,0xff,0xff,0xff,0xff,0xff,0xff,0xff,0xff,0xff,0xff,0xff,0xff,0xff,0xff,0xff,0xff,0xff,
    0xff,0xff,0xff,0xff,0xff,0xff,0xff,0xff,0xff,0xff,0xff,0xff,0xff,0xff,0xff,0xff,0xff,0xff,0xff,0xff,0xff,0xff,0xff,0xff,
    0xff,0xff,0xff,0xff,0xff,0xff,0xff,0xff,0xff,0xff,0xff,0xff,0xff,0xff,0xff,0xff,0xff,0xff,0xff,0xff,0xff,0xff,0xff,0xff,
    0xff,0xff,0xff,0xff,0xff,0xff,0xff,0xff,0xff,0xff,0xff,0xff,0xff,0xff,0xff,0xff,0xff,0xff,0xff,0xff,0xf4,0x40,0x00,0x00,
    0x00,0x00,0x00,0x00,0x00,0x00,0x00,0x00,0x00,0x00,0x00,0x00,0x00,0x00,0x00,0x00,0x00,0x00,0x00,0x00,0x00,0x00,0x00,0x00,
    0x00,0x00,0x00,0x00,0x00,0x00,0x00,0x00,0x00,0x00,0x35,0xff,0xff,0xff,0xff,0xff,0xff,0xff,0xff,0xff,0xff,0xff,0xff,0xff,
    0xff,0xff,0xff,0xff,0xff,0xff,0xff,0xff,0xff,0xff,0xff,0xff,0xff,0xff,0xff,0xff,0xff,0xff,0xff,0xff,0xff,0xff,0xff,0xff,
    0xff,0xff,0xff,0xff,0xff,0xff,0xff,0xff,0xff,0xff,0xff,0xff,0xff,0xff,0xff,0xff,0xff,0xff,0xff,0xff,0xff,0xff,0xff,0xff,
    0xff,0xff,0xff,0xff,0xff,0xff,0xff,0xff,0xff,0xff,0xff,0xff,0xff,0xff,0xff,0xff,0xff,0xff,0xff,0xff,0xff,0xff,0xff,0xff,
    0xff,0xff,0xff,0xff,0xf4,0x4a,0x00,0x00,0x00,0x00,0x00,0x00,0x00,0x00,0x00,0x00,0x00,0x00,0x00,0x00,0x00,0x00,0x00,0x00,
    0x00,0x00,0x00,0x00,0x00,0x00,0x00,0x00,0x00,0x00,0x00,0x00,0x00,0x00,0x00,0x00,0x00,0x00,0x4a,0xf4,0xff,0xff,0xff,0xff,
    0xff,0xff,0xff,0xff,0xff,0xff,0xff,0xff,0xff,0xff,0xff,0xff,0xff,0xff,0xff,0xff,0xff,0xff,0xff,0xff,0xff,0xff,0xff,0xff,
    0xff,0xff,0xff,0xff,0xff,0xff,0xff,0xff,0xff,0xff,0xff,0xff,0xff,0xff,0xff,0xff,0xff,0xff,0xff,0xff,0xff,0xff,0xff,0xff,
    0xff,0xff,0xff,0xff,0xff,0xff,0xff,0xff,0xff,0xff,0xff,0xff,0xff,0xff,0xff,0xff,0xff,0xff,0xff,0xff,0xff,0xff,0xff,0xff,
    0xff,0xff,0xff,0xff,0xff,0xff,0xff,0xff,0xff,0xff,0xff,0xff,0xf4,0x40,0x00,0x00,0x00,0x00,0x00,0x00,0x00,0x00,0x00,0x00,
    0x00,0x00,0x00,0x00,0x00,0x00,0x00,0x00,0x00,0x00,0x00,0x00,0x00,0x00,0x00,0x00,0x00,0x00,0x00,0x00,0x00,0x00,0x00,0x00,
    0x00,0x00,0x4a,0xff,0xff,0xff,0xff,0xff,0xff,0xff,0xff,0xff,0xff,0xff,0xff,0xff,0xff,0xff,0xff,0xff,0xff,0xff,0xff,0xff,
    0xff,0xff,0xff,0xff,0xff,0xff,0xff,0xff,0xff,0xff,0xff,0xff,0xff,0xff,0xff,0xff,0xff,0xff,0xff,0xff,0xff,0xff,0xff,0xff,
    0xff,0xff,0xff,0xff,0xff,0xff,0xff,0xff,0xff,0xff,0xff,0xff,0xff,0xff,0xff,0xff,0xff,0xff,0xff,0xff,0xff,0xff,0xff,0xff,
    0xff,0xff,0xff,0xff,0xff,0xff,0xff,0xff,0xff,0xff,0xff,0xff,0xff,0xff,0xff,0xff,0xff,0xff,0xff,0xff,0xff,0x40,0x00,0x00,
    0x00,0x00,0x00,0x00,0x00,0x00,0x00,0x00,0x00,0x00,0x00,0x00,0x00,0x00,0x00,0x00,0x00,0x00,0x00,0x00,0x00,0x00,0x00,0x00,
    0x00,0x00,0x00,0x00,0x00,0x00,0x00,0x00,0x00,0x00,0x40,0xff,0xff,0xff,0xff,0xff,0xff,0xff,0xff,0xff,0xff,0xff,0xff,0xff,
    0xff,0xff,0xff,0xff,0xff,0xff,0xff,0xff,0xff,0xff,0xff,0xff,0xff,0xff,0xff,0xff,0xff,0xff,0xff,0xff,0xff,0xff,0xff,0xff,
    0xff,0xff,0xff,0xff,0xff,0xff,0xff,0xff,0xff,0xff,0xff,0xff,0xff,0xff,0xff,0xff,0xff,0xff,0xff,0xff,0xff,0xff,0xff,0xff,
    0xff,0xff,0xff,0xff,0xff,0xff,0xff,0xff,0xff,0xff,0xff,0xff,0xff,0xff,0xff,0xff,0xff,0xff,0xff,0xff,0xff,0xff,0xff,0xff,
    0xff,0xff,0xff,0xff,0xf4,0x4a,0x00,0x00,0x00,0x00,0x00,0x00,0x00,0x00,0x00,0x00,0x00,0x00,0x00,0x00,0x00,0x00,0x00,0x00,
    0x00,0x00,0x00,0x00,0x00,0x00,0x00,0x00,0x00,0x00,0x00,0x00,0x00,0x00,0x00,0x00,0x00,0x00,0x4a,0xf4,0xff,0xff,0xff,0xff,
    0xff,0xff,0xff,0xff,0xff,0xff,0xff,0xff,0xff,0xff,0xff,0xff,0xff,0xff,0xff,0xff,0xff,0xff,0xff,0xff,0xff,0xff,0xff,0xff,
    0xff,0xff,0xff,0xff,0xff,0xff,0xff,0xff,0xff,0xff,0xff,0xff,0xff,0xff,0xff,0xff,0xff,0xff,0xff,0xff,0xff,0xff,0xff,0xff,
    0xff,0xff,0xff,0xff,0xff,0xff,0xff,0xff,0xff,0xff,0xff,0xff,0xff,0xff,0xff,0xff,0xff,0xff,0xff,0xff,0xff,0xff,0xff,0xff,
    0xff,0xff,0xff,0xff,0xff,0xff,0xff,0xff,0xff,0xff,0xff,0xff,0xf4,0x40,0x00,0x00,0x00,0x00,0x00,0x00,0x00,0x00,0x00,0x00,
    0x00,0x00,0x00,0x00,0x00,0x00,0x00,0x00,0x00,0x00,0x00,0x00,0x00,0x00,0x00,0x00,0x00,0x00,0x00,0x00,0x00,0x00,0x00,0x00,
    0x00,0x00,0x35,0xf4,0xff,0xff,0xff,0xff,0xff,0xff,0xff,0xff,0xff,0xff,0xff,0xff,0xff,0xff,0xff,0xff,0xff,0xff,0xff,0xff,
    0xff,0xff,0xff,0xff,0xff,0xff,0xff,0xff,0xff,0xff,0xff,0xff,0xff,0xff,0xff,0xff,0xff,0xff,0xff,0xff,0xff,0xff,0xff,0xff,
    0xff,0xff,0xff,0xff,0xff,0xff,0xff,0xff,0xff,0xff,0xff,0xff,0xff,0xff,0xff,0xff,0xff,0xff,0xff,0xff,0xff,0xff,0xff,0xff,
    0xff,0xff,0xff,0xff,0xff,0xff,0xff,0xff,0xff,0xff,0xff,0xff,0xff,0xff,0xff,0xff,0xff,0xff,0xff,0xff,0xff,0x40,0x00,0x00,
    0x00,0x00,0x00,0x00,0x00,0x00,0x00,0x00,0x00,0x00,0x00,0x00,0x00,0x00,0x00,0x00,0x00,0x00,0x00,0x00,0x00,0x00,0x00,0x00,
    0x00,0x00,0x00,0x00,0x00,0x00,0x00,0x00,0x00,0x00,0x4a,0xff,0xff,0xff,0xff,0xff,0xff,0xff,0xff,0xff,0xff,0xff,0xff,0xff,
    0xff,0xff,0xff,0xff,0xff,0xff,0xff,0xff,0xff,0xff,0xff,0xff,0xff,0xff,0xff,0xff,0xff,0xff,0xff,0xff,0xff,0xff,0xff,0xff,
    0xff,0xff,0xff,0xff,0xff,0xff,0xff,0xff,0xff,0xff,0xff,0xff,0xff,0xff,0xff,0xff,0xff,0xff,0xff,0xff,0xff,0xff,0xff,0xff,
    0xff,0xff,0xff,0xff,0xff,0xff,0xff,0xff,0xff,0xff,0xff,0xff,0xff,0xff,0xff,0xff,0xff,0xff,0xff,0xff,0xff,0xff,0xff,0xff,
    0xff,0xff,0xff,0xff,0xff,0x35,0x00,0x00,0x00,0x00,0x00,0x00,0x00,0x00,0x00,0x00,0x00,0x00,0x00,0x00,0x00,0x00,0x00,0x00,
    0x00,0x00,0x00,0x00,0x00,0x00,0x00,0x00,0x00,0x00,0x00,0x00,0x00,0x00,0x00,0x00,0x00,0x00,0x40,0xea,0xff,0xff,0xff,0xff,
    0xff,0xff,0xff,0xff,0xff,0xff,0xff,0xff,0xff,0xff,0xff,0xff,0xff,0xff,0xff,0xff,0xff,0xff,0xff,0xff,0xff,0xff,0xff,0xff,
    0xff,0xff,0xff,0xff,0xff,0xff,0xff,0xff,0xff,0xff,0xff,0xff,0xff,0xff,0xff,0xff,0xff,0xff,0xff,0xff,0xff,0xff,0xff,0xff,
    0xff,0xff,0xff,0xff,0xff,0xff,0xff,0xff,0xff,0xff,0xff,0xff,0xff,0xff,0xff,0xff,0xff,0xff,0xff,0xff,0xff,0xff,0xff,0xff,
    0xff,0xff,0xff,0xff,0xff,0xff,0xff,0xff,0xff,0xff,0xff,0xff,0xf4,0x4a,0x00,0x00,0x00,0x00,0x00,0x00,0x00,0x00,0x00,0x00,
    0x00,0x00,0x00,0x00,0x00,0x00,0x00,0x00,0x00,0x00,0x00,0x00,0x00,0x00,0x00,0x00,0x00,0x00,0x00,0x00,0x00,0x00,0x00,0x00,
    0x00,0x00,0x40,0xea,0xff,0xff,0xff,0xff,0xff,0xff,0xff,0xff,0xff,0xff,0xff,0xff,0xff,0xff,0xff,0xff,0xff,0xff,0xff,0xff,
    0xff,0xff,0xff,0xff,0xff,0xff,0xff,0xff,0xff,0xff,0xff,0xff,0xff,0xff,0xff,0xff,0xff,0xff,0xff,0xff,0xff,0xff,0xff,0xff,
    0xff,0xff,0xff,0xff,0xff,0xff,0xff,0xff,0xff,0xff,0xff,0xff,0xff,0xff,0xff,0xff,0xff,0xff,0xff,0xff,0xff,0xff,0xff,0xff,
    0xff,0xff,0xff,0xff,0xff,0xff,0xff,0xff,0xff,0xff,0xff,0xff,0xff,0xff,0xff,0xff,0xff,0xff,0xff,0xff,0xf4,0x40,0x00,0x00,
    0x00,0x00,0x00,0x00,0x00,0x00,0x00,0x00,0x00,0x00,0x00,0x00,0x00,0x00,0x00,0x00,0x00,0x00,0x00,0x00,0x00,0x00,0x00,0x00,
    0x00,0x00,0x00,0x00,0x00,0x00,0x00,0x00,0x00,0x00,0x4a,0xff,0xff,0xff,0xff,0xff,0xff,0xff,0xff,0xff,0xff,0xff,0xff,0xff,
    0xff,0xff,0xff,0xff,0xff,0xff,0xff,0xff,0xff,0xff,0xff,0xff,0xff,0xff,0xff,0xff,0xff,0xff,0xff,0xff,0xff,0xff,0xff,0xff,
    0xff,0xff,0xff,0xff,0xff,0xff,0xff,0xff,0xff,0xff,0xff,0xff,0xff,0xff,0xff,0xff,0xff,0xff,0xff,0xff,0xff,0xff,0xff,0xff,
    0xff,0xff,0xff,0xff,0xff,0xff,0xff,0xff,0xff,0xff,0xff,0xff,0xff,0xff,0xff,0xff,0xff,0xff,0xff,0xff,0xff,0xff,0xff,0xff,
    0xff,0xff,0xff,0xff,0xf4,0x40,0x00,0x00,0x00,0x00,0x00,0x00,0x00,0x00,0x00,0x00,0x00,0x00,0x00,0x00,0x00,0x00,0x00,0x00,
    0x00,0x00,0x00,0x00,0x00,0x00,0x00,0x00,0x00,0x00,0x00,0x00,0x00,0x00,0x00,0x00,0x00,0x00,0x4a,0xff,0xff,0xff,0xff,0xff,
    0xff,0xff,0xff,0xff,0xff,0xff,0xff,0xff,0xff,0xff,0xff,0xff,0xff,0xff,0xff,0xff,0xff,0xff,0xff,0xff,0xff,0xff,0xff,0xff,
    0xff,0xff,0xff,0xff,0xff,0xff,0xff,0xff,0xff,0xff,0xff,0xff,0xff,0xff,0xff,0xff,0xff,0xff,0xff,0xff,0xff,0xff,0xff,0xff,
    0xff,0xff,0xff,0xff,0xff,0xff,0xff,0xff,0xff,0xff,0xff,0xff,0xff,0xff,0xff,0xff,0xff,0xff,0xff,0xff,0xff,0xff,0xff,0xff,
    0xff,0xff,0xff,0xff,0xff,0xff,0xff,0xff,0xff,0xff,0xff,0xff,0xea,0x4a,0x00,0x00,0x00,0x00,0x00,0x00,0x00,0x00,0x00,0x00,
    0x00,0x00,0x00,0x00,0x00,0x00,0x00,0x00,0x00,0x00,0x00,0x00,0x00,0x00,0x00,0x00,0x00,0x00,0x00,0x00,0x00,0x00,0x00,0x00,
    0x00,0x00,0x4a,0xff,0xff,0xff,0xff,0xff,0xff,0xff,0xff,0xff,0xff,0xff,0xff,0xff,0xff,0xff,0xff,0xff,0xff,0xff,0xff,0xff,
    0xff,0xff,0xff,0xff,0xff,0xff,0xff,0xff,0xff,0xff,0xff,0xff,0xff,0xff,0xff,0xff,0xff,0xff,0xff,0xff,0xff,0xff,0xff,0xff,
    0xff,0xff,0xff,0xff,0xff,0xff,0xff,0xff,0xff,0xff,0xff,0xff,0xff,0xff,0xff,0xff,0xff,0xff,0xff,0xff,0xff,0xff,0xff,0xff,
    0xff,0xff,0xff,0xff,0xff,0xff,0xff,0xff,0xff,0xff,0xff,0xff,0xff,0xff,0xff,0xff,0xff,0xff,0xff,0xff,0xff,0x4a,0x00,0x00,
    0x00,0x00,0x00,0x00,0x00,0x00,0x00,0x00,0x00,0x00,0x00,0x00,0x00,0x00,0x00,0x00,0x00,0x00,0x00,0x00,0x00,0x00,0x00,0x00,
    0x00,0x00,0x00,0x00,0x00,0x00,0x00,0x00,0x00,0x00,0x40,0xf4,0xff,0xff,0xff,0xff,0xff,0xff,0xff,0xff,0xff,0xff,0xff,0xff,
    0xff,0xff,0xff,0xff,0xff,0xff,0xff,0xff,0xff,0xff,0xff,0xff,0xff,0xff,0xff,0xff,0xff,0xff,0xff,0xff,0xff,0xff,0xff,0xff,
    0xff,0xff,0xff,0xff,0xff,0xff,0xff,0xff,0xff,0xff,0xff,0xff,0xff,0xff,0xff,0xff,0xff,0xff,0xff,0xff,0xff,0xff,0xff,0xff,
    0xff,0xff,0xff,0xff,0xff,0xff,0xff,0xff,0xff,0xff,0xff,0xff,0xff,0xff,0xff,0xff,0xff,0xff,0xff,0xff,0xff,0xff,0xff,0xff,
    0xff,0xff,0xff,0xff,0xf4,0x35,0x00,0x00,0x00,0x00,0x00,0x00,0x00,0x00,0x00,0x00,0x00,0x00,0x00,0x00,0x00,0x00,0x00,0x00,
    0x00,0x00,0x00,0x00,0x00,0x00,0x00,0x00,0x00,0x00,0x00,0x00,0x00,0x00,0x00,0x00,0x00,0x00,0x4a,0xf4,0xff,0xff,0xff,0xff,
    0xff,0xff,0xff,0xff,0xff,0xff,0xff,0xff,0xff,0xff,0xff,0xff,0xff,0xff,0xff,0xff,0xff,0xff,0xff,0xff,0xff,0xff,0xff,0xff,
    0xff,0xff,0xff,0xff,0xff,0xff,0xff,0xff,0xff,0xff,0xff,0xff,0xff,0xff,0xff,0xff,0xff,0xff,0xff,0xff,0xff,0xff,0xff,0xff,
    0xff,0xff,0xff,0xff,0xff,0xff,0xff,0xff,0xff,0xff,0xff,0xff,0xff,0xff,0xff,0xff,0xff,0xff,0xff,0xff,0xff,0xff,0xff,0xff,
    0xff,0xff,0xff,0xff,0xff,0xff,0xff,0xff,0xff,0xff,0xff,0xff,0xf4,0x35,0x00,0x00,0x00,0x00,0x00,0x00,0x00,0x00,0x00,0x00,
    0x00,0x00,0x00,0x00,0x00,0x00,0x00,0x00,0x00,0x00,0x00,0x00,0x00,0x00,0x00,0x00,0x00,0x00,0x00,0x00,0x00,0x00,0x00,0x00,
    0x00,0x00,0x40,0xf4,0xff,0xff,0xff,0xff,0xff,0xff,0xff,0xff,0xff,0xff,0xff,0xff,0xff,0xff,0xff,0xff,0xff,0xff,0xff,0xff,
    0xff,0xff,0xff,0xff,0xff,0xff,0xff,0xff,0xff,0xff,0xff,0xff,0xff,0xff,0xff,0xff,0xff,0xff,0xff,0xff,0xff,0xff,0xff,0xff,
    0xff,0xff,0xff,0xff,0xff,0xff,0xff,0xff,0xff,0xff,0xff,0xff,0xff,0xff,0xff,0xff,0xff,0xff,0xff,0xff,0xff,0xff,0xff,0xff,
    0xff,0xff,0xff,0xff,0xff,0xff,0xff,0xff,0xff,0xff,0xff,0xff,0xff,0xff,0xff,0xff,0xff,0xff,0xff,0xff,0xf4,0x35,0x00,0x00,
    0x00,0x00,0x00,0x00,0x00,0x00,0x00,0x00,0x00,0x00,0x00,0x00,0x00,0x00,0x00,0x00,0x00,0x00,0x00,0x00,0x00,0x00,0x00,0x00,
    0x00,0x00,0x00,0x00,0x00,0x00,0x00,0x00,0x00,0x00,0x4a,0xf4,0xff,0xff,0xff,0xff,0xff,0xff,0xff,0xff,0xff,0xff,0xff,0xff,
    0xff,0xff,0xff,0xff,0xff,0xff,0xff,0xff,0xff,0xff,0xff,0xff,0xff,0xff,0xff,0xff,0xff,0xff,0xff,0xff,0xff,0xff,0xff,0xff,
    0xff,0xff,0xff,0xff,0xff,0xff,0xff,0xff,0xff,0xff,0xff,0xff,0xff,0xff,0xff,0xff,0xff,0xff,0xff,0xff,0xff,0xff,0xff,0xff,
    0xff,0xff,0xff,0xff,0xff,0xff,0xff,0xff,0xff,0xff,0xff,0xff,0xff,0xff,0xff,0xff,0xff,0xff,0xff,0xff,0xff,0xff,0xff,0xff,
    0xff,0xff,0xff,0xff,0xf4,0x40,0x00,0x00,0x00,0x00,0x00,0x00,0x00,0x00,0x00,0x00,0x00,0x00,0x00,0x00,0x00,0x00,0x00,0x00,
    0x00,0x00,0x00,0x00,0x00,0x00,0x00,0x00,0x00,0x00,0x00,0x00,0x00,0x00,0x00,0x00,0x00,0x00,0x40,0xff,0xff,0xff,0xff,0xff,
    0xff,0xff,0xff,0xff,0xff,0xff,0xff,0xff,0xff,0xff,0xff,0xff,0xff,0xff,0xff,0xff,0xff,0xff,0xff,0xff,0xff,0xff,0xff,0xff,
    0xff,0xff,0xff,0xff,0xff,0xff,0xff,0xff,0xff,0xff,0xff,0xff,0xff,0xff,0xff,0xff,0xff,0xff,0xff,0xff,0xff,0xff,0xff,0xff,
    0xff,0xff,0xff,0xff,0xff,0xff,0xff,0xff,0xff,0xff,0xff,0xff,0xff,0xff,0xff,0xff,0xff,0xff,0xff,0xff,0xff,0xff,0xff,0xff,
    0xff,0xff,0xff,0xff,0xff,0xff,0xff,0xff,0xff,0xff,0xff,0xff,0xf4,0x4a,0x00,0x00,0x00,0x00,0x00,0x00,0x00,0x00,0x00,0x00,
    0x00,0x00,0x00,0x00,0x00,0x00,0x00,0x00,0x00,0x00,0x00,0x00,0x00,0x00,0x00,0x00,0x00,0x00,0x00,0x00,0x00,0x00,0x00,0x00,
    0x00,0x00,0x40,0xea,0xff,0xff,0xff,0xff,0xff,0xff,0xff,0xff,0xff,0xff,0xff,0xff,0xff,0xff,0xff,0xff,0xff,0xff,0xff,0xff,
    0xff,0xff,0xff,0xff,0xff,0xff,0xff,0xff,0xff,0xff,0xff,0xff,0xff,0xff,0xff,0xff,0xff,0xff,0xff,0xff,0xff,0xff,0xff,0xff,
    0xff,0xff,0xff,0xff,0xff,0xff,0xff,0xff,0xff,0xff,0xff,0xff,0xff,0xff,0xff,0xff,0xff,0xff,0xff,0xff,0xff,0xff,0xff,0xff,
    0xff,0xff,0xff,0xff,0xff,0xff,0xff,0xff,0xff,0xff,0xff,0xff,0xff,0xff,0xff,0xff,0xff,0xff,0xff,0xff,0xff,0x4a,0x00,0x00,
    0x00,0x00,0x00,0x00,0x00,0x00,0x00,0x00,0x00,0x00,0x00,0x00,0x00,0x00,0x00,0x00,0x00,0x00,0x00,0x00,0x00,0x00,0x00,0x00,
    0x00,0x00,0x00,0x00,0x00,0x00,0x00,0x00,0x00,0x00,0x40,0xf4,0xff,0xff,0xff,0xff,0xff,0xff,0xff,0xff,0xff,0xff,0xff,0xff,
    0xff,0xff,0xff,0xff,0xff,0xff,0xff,0xff,0xff,0xff,0xff,0xff,0xff,0xff,0xff,0xff,0xff,0xff,0xff,0xff,0xff,0xff,0xff,0xff,
    0xff,0xff,0xff,0xff,0xff,0xff,0xff,0xff,0xff,0xff,0xff,0xff,0xff,0xff,0xff,0xff,0xff,0xff,0xff,0xff,0xff,0xff,0xff,0xff,
    0xff,0xff,0xff,0xff,0xff,0xff,0xff,0xff,0xff,0xff,0xff,0xff,0xff,0xff,0xff,0xff,0xff,0xff,0xff,0xff,0xff,0xff,0xff,0xff,
    0xff,0xff,0xff,0xff,0xf4,0x40,0x00,0x00,0x00,0x00,0x00,0x00,0x00,0x00,0x00,0x00,0x00,0x00,0x00,0x00,0x00,0x00,0x00,0x00,
    0x00,0x00,0x00,0x00,0x00,0x00,0x00,0x00,0x00,0x00,0x00,0x00,0x00,0x00,0x00,0x00,0x00,0x00,0x4a,0xf4,0xff,0xff,0xff,0xff,
    0xff,0xff,0xff,0xff,0xff,0xff,0xff,0xff,0xff,0xff,0xff,0xff,0xff,0xff,0xff,0xff,0xff,0xff,0xff,0xff,0xff,0xff,0xff,0xff,
    0xff,0xff,0xff,0xff,0xff,0xff,0xff,0xff,0xff,0xff,0xff,0xff,0xff,0xff,0xff,0xff,0xff,0xff,0xff,0xff,0xff,0xff,0xff,0xff,
    0xff,0xff,0xff,0xff,0xff,0xff,0xff,0xff,0xff,0xff,0xff,0xff,0xff,0xff,0xff,0xff,0xff,0xff,0xff,0xff,0xff,0xff,0xff,0xff,
    0xff,0xff,0xff,0xff,0xff,0xff,0xff,0xff,0xff,0xff,0xff,0xff,0xff,0x40,0x00,0x00,0x00,0x00,0x00,0x00,0x00,0x00,0x00,0x00,
    0x00,0x00,0x00,0x00,0x00,0x00,0x00,0x00,0x00,0x00,0x00,0x00,0x00,0x00,0x00,0x00,0x00,0x00,0x00,0x00,0x00,0x00,0x00,0x00,
    0x00,0x00,0x35,0xff,0xff,0xff,0xff,0xff,0xff,0xff,0xff,0xff,0xff,0xff,0xff,0xff,0xff,0xff,0xff,0xff,0xff,0xff,0xff,0xff,
    0xff,0xff,0xff,0xff,0xff,0xff,0xff,0xff,0xff,0xff,0xff,0xff,0xff,0xff,0xff,0xff,0xff,0xff,0xff,0xff,0xff,0xff,0xff,0xff,
    0xff,0xff,0xff,0xff,0xff,0xff,0xff,0xff,0xff,0xff,0xff,0xff,0xff,0xff,0xff,0xff,0xff,0xff,0xff,0xff,0xff,0xff,0xff,0xff,
    0xff,0xff,0xff,0xff,0xff,0xff,0xff,0xff,0xff,0xff,0xff,0xff,0xff,0xff,0xff,0xff,0xff,0xff,0xff,0xff,0xff,0x35,0x00,0x00,
    0x00,0x00,0x00,0x00,0x00,0x00,0x00,0x00,0x00,0x00,0x00,0x00,0x00,0x00,0x00,0x00,0x00,0x00,0x00,0x00,0x00,0x00,0x00,0x00,
    0x00,0x00,0x00,0x00,0x00,0x00,0x00,0x00,0x00,0x00,0x40,0xf4,0xff,0xff,0xff,0xff,0xff,0xff,0xff,0xff,0xff,0xff,0xff,0xff,
    0xff,0xff,0xff,0xff,0xff,0xff,0xff,0xff,0xff,0xff,0xff,0xff,0xff,0xff,0xff,0xff,0xff,0xff,0xff,0xff,0xff,0xff,0xff,0xff,
    0xff,0xff,0xff,0xff,0xff,0xff,0xff,0xff,0xff,0xff,0xff,0xff,0xff,0xff,0xff,0xff,0xff,0xff,0xff,0xff,0xff,0xff,0xff,0xff,
    0xff,0xff,0xff,0xff,0xff,0xff,0xff,0xff,0xff,0xff,0xff,0xff,0xff,0xff,0xff,0xff,0xff,0xff,0xff,0xff,0xff,0xff,0xff,0xff,
    0xff,0xff,0xff,0xff,0xf4,0x4a,0x00,0x00,0x00,0x00,0x00,0x00,0x00,0x00,0x00,0x00,0x00,0x00,0x00,0x00,0x00,0x00,0x00,0x00,
    0x00,0x00,0x00,0x00,0x00,0x00,0x00,0x00,0x00,0x00,0x00,0x00,0x00,0x00,0x00,0x00,0x00,0x00,0x40,0xf4,0xff,0xff,0xff,0xff,
    0xff,0xff,0xff,0xff,0xff,0xff,0xff,0xff,0xff,0xff,0xff,0xff,0xff,0xff,0xff,0xff,0xff,0xff,0xff,0xff,0xff,0xff,0xff,0xff,
    0xff,0xff,0xff,0xff,0xff,0xff,0xff,0xff,0xff,0xff,0xff,0xff,0xff,0xff,0xff,0xff,0xff,0xff,0xff,0xff,0xff,0xff,0xff,0xff,
    0xff,0xff,0xff,0xff,0xff,0xff,0xff,0xff,0xff,0xff,0xff,0xff,0xff,0xff,0xff,0xff,0xff,0xff,0xff,0xff,0xff,0xff,0xff,0xff,
    0xff,0xff,0xff,0xff,0xff,0xff,0xff,0xff,0xff,0xff,0xff,0xff,0xf4,0x40,0x00,0x00,0x00,0x00,0x00,0x00,0x00,0x00,0x00,0x00,
    0x00,0x00,0x00,0x00,0x00,0x00,0x00,0x00,0x00,0x00,0x00,0x00,0x00,0x00,0x00,0x00,0x00,0x00,0x00,0x00,0x00,0x00,0x00,0x00,
    0x00,0x00,0x40,0xf4,0xff,0xff,0xff,0xff,0xff,0xff,0xff,0xff,0xff,0xff,0xff,0xff,0xff,0xff,0xff,0xff,0xff,0xff,0xff,0xff,
    0xff,0xff,0xff,0xff,0xff,0xff,0xff,0xff,0xff,0xff,0xff,0xff,0xff,0xff,0xff,0xff,0xff,0xff,0xff,0xff,0xff,0xff,0xff,0xff,
    0xff,0xff,0xff,0xff,0xff,0xff,0xff,0xff,0xff,0xff,0xff,0xff,0xff,0xff,0xff,0xff,0xff,0xff,0xff,0xff,0xff,0xff,0xff,0xff,
    0xff,0xff,0xff,0xff,0xff,0xff,0xff,0xff,0xff,0xff,0xff,0xff,0xff,0xff,0xff,0xff,0xff,0xff,0xff,0xff,0xf4,0x4a,0x00,0x00,
    0x00,0x00,0x00,0x00,0x00,0x00,0x00,0x00,0x00,0x00,0x00,0x00,0x00,0x00,0x00,0x00,0x00,0x00,0x00,0x00,0x00,0x00,0x00,0x00,
    0x00,0x00,0x00,0x00,0x00,0x00,0x00,0x00,0x00,0x00,0x4a,0xff,0xff,0xff,0xff,0xff,0xff,0xff,0xff,0xff,0xff,0xff,0xff,0xff,
    0xff,0xff,0xff,0xff,0xff,0xff,0xff,0xff,0xff,0xff,0xff,0xff,0xff,0xff,0xff,0xff,0xff,0xff,0xff,0xff,0xff,0xff,0xff,0xff,
    0xff,0xff,0xff,0xff,0xff,0xff,0xff,0xff,0xff,0xff,0xff,0xff,0xff,0xff,0xff,0xff,0xff,0xff,0xff,0xff,0xff,0xff,0xff,0xff,
    0xff,0xff,0xff,0xff,0xff,0xff,0xff,0xff,0xff,0xff,0xff,0xff,0xff,0xff,0xff,0xff,0xff,0xff,0xff,0xff,0xff,0xff,0xff,0xff,
    0xff,0xff,0xff,0xff,0xff,0x40,0x00,0x00,0x00,0x00,0x00,0x00,0x00,0x00,0x00,0x00,0x00,0x00,0x00,0x00,0x00,0x00,0x00,0x00,
    0x00,0x00,0x00,0x00,0x00,0x00,0x00,0x00,0x00,0x00,0x00,0x00,0x00,0x00,0x00,0x00,0x00,0x00,0x40,0xea,0xff,0xff,0xff,0xff,
    0xff,0xff,0xff,0xff,0xff,0xff,0xff,0xff,0xff,0xff,0xff,0xff,0xff,0xff,0xff,0xff,0xff,0xff,0xff,0xff,0xff,0xff,0xff,0xff,
    0xff,0xff,0xff,0xff,0xff,0xff,0xff,0xff,0xff,0xff,0xff,0xff,0xff,0xff,0xff,0xff,0xff,0xff,0xff,0xff,0xff,0xff,0xff,0xff,
    0xff,0xff,0xff,0xff,0xff,0xff,0xff,0xff,0xff,0xff,0xff,0xff,0xff,0xff,0xff,0xff,0xff,0xff,0xff,0xff,0xff,0xff,0xff,0xff,
    0xff,0xff,0xff,0xff,0xff,0xff,0xff,0xff,0xff,0xff,0xff,0xff,0xf4,0x35,0x00,0x00,0x00,0x00,0x00,0x00,0x00,0x00,0x00,0x00,
    0x00,0x00,0x00,0x00,0x00,0x00,0x00,0x00,0x00,0x00,0x00,0x00,0x00,0x00,0x00,0x00,0x00,0x00,0x00,0x00,0x00,0x00,0x00,0x00,
    0x00,0x00,0x40,0xf4,0xff,0xff,0xff,0xff,0xff,0xff,0xff,0xff,0xff,0xff,0xff,0xff,0xff,0xff,0xff,0xff,0xff,0xff,0xff,0xff,
    0xff,0xff,0xff,0xff,0xff,0xff,0xff,0xff,0xff,0xff,0xff,0xff,0xff,0xff,0xff,0xff,0xff,0xff,0xff,0xff,0xff,0xff,0xff,0xff,
    0xff,0xff,0xff,0xff,0xff,0xff,0xff,0xff,0xff,0xff,0xff,0xff,0xff,0xff,0xff,0xff,0xff,0xff,0xff,0xff,0xff,0xff,0xff,0xff,
    0xff,0xff,0xff,0xff,0xff,0xff,0xff,0xff,0xff,0xff,0xff,0xff,0xff,0xff,0xff,0xff,0xff,0xff,0xff,0xff,0xf4,0x4a,0x00,0x00,
    0x00,0x00,0x00,0x00,0x00,0x00,0x00,0x00,0x00,0x00,0x00,0x00,0x00,0x00,0x00,0x00,0x00,0x00,0x00,0x00,0x00,0x00,0x00,0x00,
    0x00,0x00,0x00,0x00,0x00,0x00,0x00,0x00,0x00,0x00,0x40,0xff,0xff,0xff,0xff,0xff,0xff,0xff,0xff,0xff,0xff,0xff,0xff,0xff,
    0xff,0xff,0xff,0xff,0xff,0xff,0xff,0xff,0xff,0xff,0xff,0xff,0xff,0xff,0xff,0xff,0xff,0xff,0xff,0xff,0xff,0xff,0xff,0xff,
    0xff,0xff,0xff,0xff,0xff,0xff,0xff,0xff,0xff,0xff,0xff,0xff,0xff,0xff,0xff,0xff,0xff,0xff,0xff,0xff,0xff,0xff,0xff,0xff,
    0xff,0xff,0xff,0xff,0xff,0xff,0xff,0xff,0xff,0xff,0xff,0xff,0xff,0xff,0xff,0xff,0xff,0xff,0xff,0xff,0xff,0xff,0xff,0xff,
    0xff,0xff,0xff,0xff,0xf4,0x40,0x00,0x00,0x00,0x00,0x00,0x00,0x00,0x00,0x00,0x00,0x00,0x00,0x00,0x00,0x00,0x00,0x00,0x00,
    0x00,0x00,0x00,0x00,0x00,0x00,0x00,0x00,0x00,0x00,0x00,0x00,0x00,0x00,0x00,0x00,0x00,0x00,0x40,0xff,0xff,0xff,0xff,0xff,
    0xff,0xff,0xff,0xff,0xff,0xff,0xff,0xff,0xff,0xff,0xff,0xff,0xff,0xff,0xff,0xff,0xff,0xff,0xff,0xff,0xff,0xff,0xff,0xff,
    0xff,0xff,0xff,0xff,0xff,0xff,0xff,0xff,0xff,0xff,0xff,0xff,0xff,0xff,0xff,0xff,0xff,0xff,0xff,0xff,0xff,0xff,0xff,0xff,
    0xff,0xff,0xff,0xff,0xff,0xff,0xff,0xff,0xff,0xff,0xff,0xff,0xff,0xff,0xff,0xff,0xff,0xff,0xff,0xff,0xff,0xff,0xff,0xff,
    0xff,0xff,0xff,0xff,0xff,0xff,0xff,0xff,0xff,0xff,0xff,0xff,0xf4,0x35,0x00,0x00,0x00,0x00,0x00,0x00,0x00,0x00,0x00,0x00,
    0x00,0x00,0x00,0x00,0x00,0x00,0x00,0x00,0x00,0x00,0x00,0x00,0x00,0x00,0x00,0x00,0x00,0x00,0x00,0x00,0x00,0x00,0x00,0x00,
    0x00,0x00,0x40,0xea,0xff,0xff,0xff,0xff,0xff,0xff,0xff,0xff,0xff,0xff,0xff,0xff,0xff,0xff,0xff,0xff,0xff,0xff,0xff,0xff,
    0xff,0xff,0xff,0xff,0xff,0xff,0xff,0xff,0xff,0xff,0xff,0xff,0xff,0xff,0xff,0xff,0xff,0xff,0xff,0xff,0xff,0xff,0xff,0xff,
    0xff,0xff,0xff,0xff,0xff,0xff,0xff,0xff,0xff,0xff,0xff,0xff,0xff,0xff,0xff,0xff,0xff,0xff,0xff,0xff,0xff,0xff,0xff,0xff,
    0xff,0xff,0xff,0xff,0xff,0xff,0xff,0xff,0xff,0xff,0xff,0xff,0xff,0xff,0xff,0xff,0xff,0xff,0xff,0xff,0xf4,0x4a,0x00,0x00,
    0x00,0x00,0x00,0x00,0x00,0x00,0x00,0x00,0x00,0x00,0x00,0x00,0x00,0x00,0x00,0x00,0x00,0x00,0x00,0x00,0x00,0x00,0x00,0x00,
    0x00,0x00,0x00,0x00,0x00,0x00,0x00,0x00,0x00,0x00,0x40,0xf4,0xff,0xff,0xff,0xff,0xff,0xff,0xff,0xff,0xff,0xff,0xff,0xff,
    0xff,0xff,0xff,0xff,0xff,0xff,0xff,0xff,0xff,0xff,0xff,0xff,0xff,0xff,0xff,0xff,0xff,0xff,0xff,0xff,0xff,0xff,0xff,0xff,
    0xff,0xff,0xff,0xff,0xff,0xff,0xff,0xff,0xff,0xff,0xff,0xff,0xff,0xff,0xff,0xff,0xff,0xff,0xff,0xff,0xff,0xff,0xff,0xff,
    0xff,0xff,0xff,0xff,0xff,0xff,0xff,0xff,0xff,0xff,0xff,0xff,0xff,0xff,0xff,0xff,0xff,0xff,0xff,0xff,0xff,0xff,0xff,0xff,
    0xff,0xff,0xff,0xff,0xff,0x40,0x00,0x00,0x00,0x00,0x00,0x00,0x00,0x00,0x00,0x00,0x00,0x00,0x00,0x00,0x00,0x00,0x00,0x00,
    0x00,0x00,0x00,0x00,0x00,0x00,0x00,0x00,0x00,0x00,0x00,0x00,0x00,0x00,0x00,0x00,0x00,0x00,0x35,0xff,0xff,0xff,0xff,0xff,
    0xff,0xff,0xff,0xff,0xff,0xff,0xff,0xff,0xff,0xff,0xff,0xff,0xff,0xff,0xff,0xff,0xff,0xff,0xff,0xff,0xff,0xff,0xff,0xff,
    0xff,0xff,0xff,0xff,0xff,0xff,0xff,0xff,0xff,0xff,0xff,0xff,0xff,0xff,0xff,0xff,0xff,0xff,0xff,0xff,0xff,0xff,0xff,0xff,
    0xff,0xff,0xff,0xff,0xff,0xff,0xff,0xff,0xff,0xff,0xff,0xff,0xff,0xff,0xff,0xff,0xff,0xff,0xff,0xff,0xff,0xff,0xff,0xff,
    0xff,0xff,0xff,0xff,0xff,0xff,0xff,0xff,0xff,0xff,0xff,0xff,0xff,0x40,0x00,0x00,0x00,0x00,0x00,0x00,0x00,0x00,0x00,0x00,
    0x00,0x00,0x00,0x00,0x00,0x00,0x00,0x00,0x00,0x00,0x00,0x00,0x00,0x00,0x00,0x00,0x00,0x00,0x00,0x00,0x00,0x00,0x00,0x00,
    0x00,0x00,0x40,0xff,0xff,0xff,0xff,0xff,0xff,0xff,0xff,0xff,0xff,0xff,0xff,0xff,0xff,0xff,0xff,0xff,0xff,0xff,0xff,0xff,
    0xff,0xff,0xff,0xff,0xff,0xff,0xff,0xff,0xff,0xff,0xff,0xff,0xff,0xff,0xff,0xff,0xff,0xff,0xff,0xff,0xff,0xff,0xff,0xff,
    0xff,0xff,0xff,0xff,0xff,0xff,0xff,0xff,0xff,0xff,0xff,0xff,0xff,0xff,0xff,0xff,0xff,0xff,0xff,0xff,0xff,0xff,0xff,0xff,
    0xff,0xff,0xff,0xff,0xff,0xff,0xff,0xff,0xff,0xff,0xff,0xff,0xff,0xff,0xff,0xff,0xff,0xff,0xff,0xff,0xf4,0x35,0x00,0x00,
    0x00,0x00,0x00,0x00,0x00,0x00,0x00,0x00,0x00,0x00,0x00,0x00,0x00,0x00,0x00,0x00,0x00,0x00,0x00,0x00,0x00,0x00,0x00,0x00,
    0x00,0x00,0x00,0x00,0x00,0x00,0x00,0x00,0x00,0x00,0x40,0xea,0xff,0xff,0xff,0xff,0xff,0xff,0xff,0xff,0xff,0xff,0xff,0xff,
    0xff,0xff,0xff,0xff,0xff,0xff,0xff,0xff,0xff,0xff,0xff,0xff,0xff,0xff,0xff,0xff,0xff,0xff,0xff,0xff,0xff,0xff,0xff,0xff,
    0xff,0xff,0xff,0xff,0xff,0xff,0xff,0xff,0xff,0xff,0xff,0xff,0xff,0xff,0xff,0xff,0xff,0xff,0xff,0xff,0xff,0xff,0xff,0xff,
    0xff,0xff,0xff,0xff,0xff,0xff,0xff,0xff,0xff,0xff,0xff,0xff,0xff,0xff,0xff,0xff,0xff,0xff,0xff,0xff,0xff,0xff,0xff,0xff,
    0xff,0xff,0xff,0xff,0xff,0x4a,0x00,0x00,0x00,0x00,0x00,0x00,0x00,0x00,0x00,0x00,0x00,0x00,0x00,0x00,0x00,0x00,0x00,0x00,
    0x00,0x00,0x00,0x00,0x00,0x00,0x00,0x00,0x00,0x00,0x00,0x00,0x00,0x00,0x00,0x00,0x00,0x00,0x35,0xf4,0xff,0xff,0xff,0xff,
    0xff,0xff,0xff,0xff,0xff,0xff,0xff,0xff,0xff,0xff,0xff,0xff,0xff,0xff,0xff,0xff,0xff,0xff,0xff,0xff,0xff,0xff,0xff,0xff,
    0xff,0xff,0xff,0xff,0xff,0xff,0xff,0xff,0xff,0xff,0xff,0xff,0xff,0xff,0xff,0xff,0xff,0xff,0xff,0xff,0xff,0xff,0xff,0xff,
    0xff,0xff,0xff,0xff,0xff,0xff,0xff,0xff,0xff,0xff,0xff,0xff,0xff,0xff,0xff,0xff,0xff,0xff,0xff,0xff,0xff,0xff,0xff,0xff,
    0xff,0xff,0xff,0xff,0xff,0xff,0xff,0xff,0xff,0xff,0xff,0xff,0xf4,0x4a,0x00,0x00,0x00,0x00,0x00,0x00,0x00,0x00,0x00,0x00,
    0x00,0x00,0x00,0x00,0x00,0x00,0x00,0x00,0x00,0x00,0x00,0x00,0x00,0x00,0x00,0x00,0x00,0x00,0x00,0x00,0x00,0x00,0x00,0x00,
    0x00,0x00,0x40,0xff,0xff,0xff,0xff,0xff,0xff,0xff,0xff,0xff,0xff,0xff,0xff,0xff,0xff,0xff,0xff,0xff,0xff,0xff,0xff,0xff,
    0xff,0xff,0xff,0xff,0xff,0xff,0xff,0xff,0xff,0xff,0xff,0xff,0xff,0xff,0xff,0xff,0xff,0xff,0xff,0xff,0xff,0xff,0xff,0xff,
    0xff,0xff,0xff,0xff,0xff,0xff,0xff,0xff,0xff,0xff,0xff,0xff,0xff,0xff,0xff,0xff,0xff,0xff,0xff,0xff,0xff,0xff,0xff,0xff,
    0xff,0xff,0xff,0xff,0xff,0xff,0xff,0xff,0xff,0xff,0xff,0xff,0xff,0xff,0xff,0xff,0xff,0xff,0xff,0xff,0xf4,0x40,0x00,0x00,
    0x00,0x00,0x00,0x00,0x00,0x00,0x00,0x00,0x00,0x00,0x00,0x00,0x00,0x00,0x00,0x00,0x00,0x00,0x00,0x00,0x00,0x00,0x00,0x00,
    0x00,0x00,0x00,0x00,0x00,0x00,0x00,0x00,0x00,0x00,0x40,0xf4,0xff,0xff,0xff,0xff,0xff,0xff,0xff,0xff,0xff,0xff,0xff,0xff,
    0xff,0xff,0xff,0xff,0xff,0xff,0xff,0xff,0xff,0xff,0xff,0xff,0xff,0xff,0xff,0xff,0xff,0xff,0xff,0xff,0xff,0xff,0xff,0xff,
    0xff,0xff,0xff,0xff,0xff,0xff,0xff,0xff,0xff,0xff,0xff,0xff,0xff,0xff,0xff,0xff,0xff,0xff,0xff,0xff,0xff,0xff,0xff,0xff,
    0xff,0xff,0xff,0xff,0xff,0xff,0xff,0xff,0xff,0xff,0xff,0xff,0xff,0xff,0xff,0xff,0xff,0xff,0xff,0xff,0xff,0xff,0xff,0xff,
    0xff,0xff,0xff,0xff,0xff,0x40,0x00,0x00,0x00,0x00,0x00,0x00,0x00,0x00,0x00,0x00,0x00,0x00,0x00,0x00,0x00,0x00,0x00,0x00,
    0x00,0x00,0x00,0x00,0x00,0x00,0x00,0x00,0x00,0x00,0x00,0x00,0x00,0x00,0x00,0x00,0x00,0x00,0x35,0xf4,0xff,0xff,0xff,0xff,
    0xff,0xff,0xff,0xff,0xff,0xff,0xff,0xff,0xff,0xff,0xff,0xff,0xff,0xff,0xff,0xff,0xff,0xff,0xff,0xff,0xff,0xff,0xff,0xff,
    0xff,0xff,0xff,0xff,0xff,0xff,0xff,0xff,0xff,0xff,0xff,0xff,0xff,0xff,0xff,0xff,0xff,0xff,0xff,0xff,0xff,0xff,0xff,0xff,
    0xff,0xff,0xff,0xff,0xff,0xff,0xff,0xff,0xff,0xff,0xff,0xff,0xff,0xff,0xff,0xff,0xff,0xff,0xff,0xff,0xff,0xff,0xff,0xff,
    0xff,0xff,0xff,0xff,0xff,0xff,0xff,0xff,0xff,0xff,0xff,0xff,0xff,0x40,0x00,0x00,0x00,0x00,0x00,0x00,0x00,0x00,0x00,0x00,
    0x00,0x00,0x00,0x00,0x00,0x00,0x00,0x00,0x00,0x00,0x00,0x00,0x00,0x00,0x00,0x00,0x00,0x00,0x00,0x00,0x00,0x00,0x00,0x00,
    0x00,0x00,0x2a,0xf4,0xff,0xff,0xff,0xff,0xff,0xff,0xff,0xff,0xff,0xff,0xff,0xff,0xff,0xff,0xff,0xff,0xff,0xff,0xff,0xff,
    0xff,0xff,0xff,0xff,0xff,0xff,0xff,0xff,0xff,0xff,0xff,0xff,0xff,0xff,0xff,0xff,0xff,0xff,0xff,0xff,0xff,0xff,0xff,0xff,
    0xff,0xff,0xff,0xff,0xff,0xff,0xff,0xff,0xff,0xff,0xff,0xff,0xff,0xff,0xff,0xff,0xff,0xff,0xff,0xff,0xff,0xff,0xff,0xff,
    0xff,0xff,0xff,0xff,0xff,0xff,0xff,0xff,0xff,0xff,0xff,0xff,0xff,0xff,0xff,0xff,0xff,0xff,0xff,0xff,0xea,0x40,0x00,0x00,
    0x00,0x00,0x00,0x00,0x00,0x00,0x00,0x00,0x00,0x00,0x00,0x00,0x00,0x00,0x00,0x00,0x00,0x00,0x00,0x00,0x00,0x00,0x00,0x00,
    0x00,0x00,0x00,0x00,0x00,0x00,0x00,0x00,0x00,0x00,0x15,0xb5,0xff,0xff,0xff,0xff,0xff,0xff,0xff,0xff,0xff,0xff,0xff,0xff,
    0xff,0xff,0xff,0xff,0xff,0xff,0xff,0xff,0xff,0xff,0xff,0xff,0xff,0xff,0xff,0xff,0xff,0xff,0xff,0xff,0xff,0xff,0xff,0xff,
    0xff,0xff,0xff,0xff,0xff,0xff,0xff,0xff,0xff,0xff,0xff,0xff,0xff,0xff,0xff,0xff,0xff,0xff,0xff,0xff,0xff,0xff,0xff,0xff,
    0xff,0xff,0xff,0xff,0xff,0xff,0xff,0xff,0xff,0xff,0xff,0xff,0xff,0xff,0xff,0xff,0xff,0xff,0xff,0xff,0xff,0xff,0xff,0xff,
    0xff,0xff,0xff,0xff,0xca,0x15,0x00,0x00,0x00,0x00,0x00,0x00,0x00,0x00,0x00,0x00,0x00,0x00,0x00,0x00,0x00,0x00,0x00,0x00,
    0x00,0x00,0x00,0x00,0x00,0x00,0x00,0x00,0x00,0x00,0x00,0x00,0x00,0x00,0x00,0x00,0x00,0x00,0x00,0x40,0xd5,0xff,0xff,0xff,
    0xff,0xff,0xff,0xff,0xff,0xff,0xff,0xff,0xff,0xff,0xff,0xff,0xff,0xff,0xff,0xff,0xff,0xff,0xff,0xff,0xff,0xff,0xff,0xff,
    0xff,0xff,0xff,0xf4,0xff,0xff,0xff,0xff,0xff,0xff,0xff,0xff,0xff,0xff,0xff,0xff,0xff,0xff,0xff,0xff,0xff,0xff,0xff,0xff,
    0xff,0xff,0xff,0xff,0xff,0xff,0xff,0xff,0xff,0xff,0xff,0xff,0xff,0xff,0xff,0xff,0xff,0xff,0xff,0xff,0xff,0xff,0xff,0xff,
    0xff,0xff,0xff,0xff,0xff,0xff,0xff,0xff,0xff,0xff,0xff,0xd5,0x40,0x00,0x00,0x00,0x00,0x00,0x00,0x00,0x00,0x00,0x00,0x00,
    0x00,0x00,0x00,0x00,0x00,0x00,0x00,0x00,0x00,0x00,0x00,0x00,0x00,0x00,0x00,0x00,0x00,0x00,0x00,0x00,0x00,0x00,0x00,0x00,
    0x00,0x00,0x00,0x0b,0x15,0x80,0xaa,0xb5,0xca,0xb5,0xaa,0xb5,0xb5,0xb5,0xaa,0xb5,0xb5,0xbf,0xbf,0xb5,0xaa,0xaa,0xb5,0xb5,
    0xb5,0xbf,0xb5,0xbf,0xb5,0xb5,0xb5,0xb5,0xb5,0xb5,0xaa,0xbf,0xca,0xbf,0xb5,0xca,0xb5,0xbf,0xb5,0xb5,0xb5,0xb5,0xaa,0xaa,
    0xb5,0xb5,0xbf,0xaa,0xbf,0xca,0xb5,0xb5,0xb5,0xb5,0xbf,0xb5,0xaa,0xb5,0xbf,0xbf,0xbf,0xb5,0xb5,0xaa,0xbf,0xb5,0xaa,0xbf,
    0xaa,0xb5,0xbf,0xb5,0xb5,0xbf,0xb5,0xca,0xb5,0xb5,0xb5,0xb5,0xbf,0xaa,0xaa,0xb5,0xb5,0xb5,0x75,0x35,0x00,0x00,0x00,0x00,
    0x00,0x00,0x00,0x00,0x00,0x00,0x00,0x00,0x00,0x00,0x00,0x00,0x00,0x00,0x00,0x00,0x00,0x00,0x00,0x00,0x00,0x00,0x00,0x00,
    0x00,0x00,0x00,0x00,0x00,0x00,0x00,0x00,0x00,0x00,0x00,0x00,0x00,0x00,0x00,0x00,0x0b,0x00,0x0b,0x00,0x00,0x00,0x00,0x0b,
    0x00,0x15,0x0b,0x0b,0x15,0x00,0x0b,0x0b,0x0b,0x0b,0x00,0x0b,0x0b,0x0b,0x00,0x0b,0x0b,0x00,0x0b,0x00,0x0b,0x0b,0x0b,0x00,
    0x0b,0x00,0x0b,0x00,0x0b,0x0b,0x00,0x0b,0x00,0x00,0x00,0x0b,0x0b,0x00,0x00,0x15,0x0b,0x0b,0x0b,0x0b,0x15,0x0b,0x0b,0x0b,
    0x15,0x0b,0x0b,0x0b,0x00,0x00,0x0b,0x0b,0x00,0x0b,0x0b,0x00,0x00,0x15,0x0b,0x15,0x00,0x0b,0x15,0x00,0x0b,0x00,0x0b,0x00,
    0x00,0x00,0x00,0x00,0x00,0x00,0x00,0x00,0x00,0x00,0x00,0x00,0x00,0x00,0x00,0x00,0x00,0x00,0x00,0x00,0x00,0x00,0x00,0x00,
    0x00,0x00,0x00,0x00,0x00,0x00,0x00,0x00,0x00,0x00,0x00,0x00,0x00,0x00,0x00,0x00,0x00,0x00,0x00,0x00,0x00,0x00,0x00,0x00,
    0x00,0x00,0x00,0x00,0x00,0x00,0x00,0x00,0x00,0x00,0x00,0x00,0x00,0x00,0x00,0x00,0x00,0x00,0x00,0x00,0x00,0x00,0x00,0x00,
    0x00,0x00,0x00,0x00,0x00,0x00,0x00,0x00,0x00,0x00,0x00,0x00,0x00,0x00,0x00,0x00,0x00,0x00,0x00,0x00,0x00,0x00,0x00,0x00,
    0x00,0x00,0x00,0x00,0x00,0x00,0x00,0x00,0x00,0x00,0x00,0x00,0x00,0x00,0x00,0x00,0x00,0x00,0x00,0x00,0x00,0x00,0x00,0x00,
    0x00,0x00,0x00,0x00,0x00,0x00,0x00,0x00,0x00,0x00,0x00,0x00,0x00,0x00,0x00,0x00,0x00,0x00,0x00,0x00,0x00,0x00,0x00,0x00,
    0x00,0x00,0x00,0x00,0x00,0x00,0x00,0x00,0x00,0x00,0x00,0x00,0x00,0x00,0x00,0x00,0x00,0x00,0x00,0x00,0x00,0x00,0x00,0x00,
    0x00,0x00,0x00,0x00,0x00,0x00,0x00,0x00,0x00,0x00,0x00,0x00,0x00,0x00,0x00,0x00,0x00,0x00,0x00,0x00,0x00,0x00,0x00,0x00,
    0x00,0x00,0x00,0x00,0x00,0x00,0x00,0x00,0x00,0x00,0x00,0x00,0x00,0x00,0x00,0x00,0x00,0x00,0x00,0x00,0x00,0x00,0x00,0x00,
    0x00,0x00,0x00,0x00,0x00,0x00,0x00,0x00,0x00,0x00,0x00,0x00,0x00,0x00,0x00,0x00,0x00,0x00,0x00,0x00,0x00,0x00,0x00,0x00,
    0x00,0x00,0x00,0x00,0x00,0x00,0x00,0x00,0x00,0x00,0x00,0x00,0x00,0x00,0x00,0x00,0x00,0x00,0x00,0x00,0x00,0x00,0x00,0x00,
    0x00,0x00,0x00,0x00,0x00,0x00,0x00,0x00,0x00,0x00,0x00,0x00,0x00,0x00,0x00,0x00,0x00,0x00,0x00,0x00,0x00,0x00,0x00,0x00,
    0x00,0x00,0x00,0x00,0x00,0x00,0x00,0x00,0x00,0x00,0x00,0x00,0x00,0x00,0x00,0x00,0x00,0x00,0x00,0x00,0x00,0x00,0x00,0x00,
    0x00,0x00,0x00,0x00,0x00,0x00,0x00,0x00,0x00,0x00,0x00,0x00,0x00,0x00,0x00,0x00,0x00,0x00,0x00,0x00,0x00,0x00,0x00,0x00,
    0x00,0x00,0x00,0x00,0x00,0x00,0x00,0x00,0x00,0x00,0x00,0x00,0x00,0x00,0x00,0x00,0x00,0x00,0x00,0x00,0x00,0x00,0x00,0x00,
    0x00,0x00,0x00,0x00,0x00,0x00,0x00,0x00,0x00,0x00,0x00,0x00,0x00,0x00,0x00,0x00,0x00,0x00,0x00,0x00,0x00,0x00,0x00,0x00,
    0x00,0x00,0x00,0x00,0x00,0x00,0x00,0x00,0x00,0x00,0x00,0x00,0x00,0x00,0x00,0x00,0x00,0x00,0x00,0x00,0x00,0x00,0x00,0x00,
};
static const lv_image_dsc_t image = [] {
    lv_image_dsc_t d{};
    d.header.magic=LV_IMAGE_HEADER_MAGIC;
    d.header.cf=LV_COLOR_FORMAT_RGB565A8;
    d.header.w=128;d.header.h=96;d.header.stride=256;
    d.data_size=sizeof(pixels);d.data=pixels;return d;
}();
}
